Year,State,District,Pop_2024_Est,Total_Violence,Crime_Rate,Police_Vacancy_Rate,Spousal_Violence_Percent,Sought_Help_Percent
2021,Andhra Pradesh,Anantapur,4693320,405.0,8.629285878653064,0.17109684062212108,30.0,4.4
2021,Andhra Pradesh,Chittoor,4800173,352.0,7.3330690373034475,0.17109684062212108,30.0,4.4
2021,Andhra Pradesh,Cuddapah,4427452,341.0,7.701946853404623,0.17109684062212108,30.0,4.4
2021,Andhra Pradesh,East Godavari,5927440,523.0,8.82337062880434,0.17109684062212108,30.0,4.4
2021,Andhra Pradesh,Guntakal Railway,4427452,3.0,0.06775906322643362,0.17109684062212108,30.0,4.4
2021,Andhra Pradesh,Guntur,5620984,634.0,11.279163932863,0.17109684062212108,30.0,4.4
2021,Andhra Pradesh,Guntur Urban,5620984,290.0,5.159239022918407,0.17109684062212108,30.0,4.4
2021,Andhra Pradesh,Krishna,5195007,406.0,7.815196399157884,0.17109684062212108,30.0,4.4
2021,Andhra Pradesh,Kurnool,4661482,364.0,7.8086754384120765,0.17109684062212108,30.0,4.4
2021,Andhra Pradesh,Nellore,4427452,387.0,8.740919156209937,0.17109684062212108,30.0,4.4
2021,Andhra Pradesh,Prakasham,4427452,436.0,9.847650522241686,0.17109684062212108,30.0,4.4
2021,Andhra Pradesh,Rajahmundry,4427452,284.0,6.414524652102383,0.17109684062212108,30.0,4.4
2021,Andhra Pradesh,Srikakulam,3108581,248.0,7.977916612113373,0.17109684062212108,30.0,4.4
2021,Andhra Pradesh,Tirupathi Urban,4427452,152.0,3.4331258701393037,0.17109684062212108,30.0,4.4
2021,Andhra Pradesh,Vijayawada City,4427452,813.0,18.362706134363513,0.17109684062212108,30.0,4.4
2021,Andhra Pradesh,Vijayawada Railway,4427452,0.0,0.0,0.17109684062212108,30.0,4.4
2021,Andhra Pradesh,Visakha Rural,4427452,207.0,4.67537536262392,0.17109684062212108,30.0,4.4
2021,Andhra Pradesh,Visakhapatnam,4934177,1217.0,24.66470092175453,0.17109684062212108,30.0,4.4
2021,Andhra Pradesh,Vizianagaram,2696145,262.0,9.717578245977126,0.17109684062212108,30.0,4.4
2021,Andhra Pradesh,West Godavari,4527510,452.0,9.98341251593039,0.17109684062212108,30.0,4.4
2021,Andhra Pradesh,Total Districts ,4427452,7776.0,175.63149188291595,0.17109684062212108,30.0,4.4
2021,Arunachal Pradesh,Anjaw,24342,0.0,0.0,0.1744683609958506,15.0,4.5
2021,Arunachal Pradesh,Changlang,170459,1.0,0.5866513355117653,0.1744683609958506,15.0,4.5
2021,Arunachal Pradesh,Crime Branch,113202,0.0,0.0,0.1744683609958506,15.0,4.5
2021,Arunachal Pradesh,Dibang Valley,9204,0.0,0.0,0.1744683609958506,15.0,4.5
2021,Arunachal Pradesh,Kameng East,113202,5.0,4.41688309393827,0.1744683609958506,15.0,4.5
2021,Arunachal Pradesh,Kameng West,113202,3.0,2.650129856362962,0.1744683609958506,15.0,4.5
2021,Arunachal Pradesh,Kurung Kumey,105887,5.0,4.722014978231511,0.1744683609958506,15.0,4.5
2021,Arunachal Pradesh,Lohit,167584,6.0,3.5802940614855836,0.1744683609958506,15.0,4.5
2021,Arunachal Pradesh,Longding,113202,0.0,0.0,0.1744683609958506,15.0,4.5
2021,Arunachal Pradesh,Lower Dibang Valley,62191,3.0,4.823849109999839,0.1744683609958506,15.0,4.5
2021,Arunachal Pradesh,Papum Pare City,203058,91.0,44.814781983472706,0.1744683609958506,15.0,4.5
2021,Arunachal Pradesh,Papum Pare Rural,203058,0.0,0.0,0.1744683609958506,15.0,4.5
2021,Arunachal Pradesh,Siang East,113202,3.0,2.650129856362962,0.1744683609958506,15.0,4.5
2021,Arunachal Pradesh,Siang Upper,113202,1.0,0.8833766187876539,0.1744683609958506,15.0,4.5
2021,Arunachal Pradesh,Siang West,113202,3.0,2.650129856362962,0.1744683609958506,15.0,4.5
2021,Arunachal Pradesh,Subansiri Lower,113202,1.0,0.8833766187876539,0.1744683609958506,15.0,4.5
2021,Arunachal Pradesh,Subansiri Upper,113202,7.0,6.183636331513577,0.1744683609958506,15.0,4.5
2021,Arunachal Pradesh,Tawang,57473,0.0,0.0,0.1744683609958506,15.0,4.5
2021,Arunachal Pradesh,Tirap,128771,2.0,1.5531447297916456,0.1744683609958506,15.0,4.5
2021,Arunachal Pradesh,Namsai,113202,5.0,4.41688309393827,0.1744683609958506,15.0,4.5
2021,Arunachal Pradesh,Siang,113202,0.0,0.0,0.1744683609958506,15.0,4.5
2021,Arunachal Pradesh,Kamle,113202,0.0,0.0,0.1744683609958506,15.0,4.5
2021,Arunachal Pradesh,Kra Dadi,113202,0.0,0.0,0.1744683609958506,15.0,4.5
2021,Arunachal Pradesh,Lower Siang,113202,3.0,2.650129856362962,0.1744683609958506,15.0,4.5
2021,Arunachal Pradesh,Leparada,113202,0.0,0.0,0.1744683609958506,15.0,4.5
2021,Arunachal Pradesh,Shiyomi,113202,0.0,0.0,0.1744683609958506,15.0,4.5
2021,Arunachal Pradesh,Pakkessang,113202,2.0,1.7667532375753079,0.1744683609958506,15.0,4.5
2021,Arunachal Pradesh,Total Districts ,113202,141.0,124.5561032490592,0.1744683609958506,15.0,4.5
2021,Assam,BIEO,1324826,0.0,0.0,0.15185629065054335,32.0,5.9
2021,Assam,Barpeta,1947665,951.0,48.82769880857334,0.15185629065054335,32.0,5.9
2021,Assam,Baksa,1092586,185.0,16.932305557640312,0.15185629065054335,32.0,5.9
2021,Assam,Bongaigaon,849624,385.0,45.3141625001177,0.15185629065054335,32.0,5.9
2021,Assam,CID,1324826,1.0,0.07548161041525453,0.15185629065054335,32.0,5.9
2021,Assam,Cachar,1997109,653.0,32.697263894960166,0.15185629065054335,32.0,5.9
2021,Assam,Chirang,554486,180.0,32.46249679883712,0.15185629065054335,32.0,5.9
2021,Assam,Darrang,1067775,572.0,53.56933810962047,0.15185629065054335,32.0,5.9
2021,Assam,Dhemaji,789052,210.0,26.61421553966025,0.15185629065054335,32.0,5.9
2021,Assam,Dhubri,2241646,1246.0,55.58415557139709,0.15185629065054335,32.0,5.9
2021,Assam,Dibrugarh,1525285,431.0,28.257014262908243,0.15185629065054335,32.0,5.9
2021,Assam,GRP,1324826,0.0,0.0,0.15185629065054335,32.0,5.9
2021,Assam,Goalpara,1159410,211.0,18.1989115153397,0.15185629065054335,32.0,5.9
2021,Assam,Golaghat,1226921,401.0,32.68344090613821,0.15185629065054335,32.0,5.9
2021,Assam,Guwahati City,1324826,1001.0,75.55709202566979,0.15185629065054335,32.0,5.9
2021,Assam,Hailakandi,758190,535.0,70.56278769173954,0.15185629065054335,32.0,5.9
2021,Assam,Hamren,1324826,25.0,1.8870402603813634,0.15185629065054335,32.0,5.9
2021,Assam,Jorhat,1256094,573.0,45.617605051851214,0.15185629065054335,32.0,5.9
2021,Assam,Kamrup,1745173,641.0,36.729882939972136,0.15185629065054335,32.0,5.9
2021,Assam,Karbi Anglong,1099759,101.0,9.183830275542187,0.15185629065054335,32.0,5.9
2021,Assam,Karimganj,1412988,532.0,37.650708993990044,0.15185629065054335,32.0,5.9
2021,Assam,Kokrajhar,1020213,273.0,26.759117948898908,0.15185629065054335,32.0,5.9
2021,Assam,Lakhimpur,1198457,486.0,40.55214329759015,0.15185629065054335,32.0,5.9
2021,Assam,Morigaon,1101036,1004.0,91.18684584336934,0.15185629065054335,32.0,5.9
2021,Assam,Dima Hasao,246217,6.0,2.4368747893118674,0.15185629065054335,32.0,5.9
2021,Assam,Nagaon,3247333,1066.0,32.82693829059107,0.15185629065054335,32.0,5.9
2021,Assam,Nalbari,887384,303.0,34.14530800645493,0.15185629065054335,32.0,5.9
2021,Assam,RPO,1324826,8.0,0.6038528833220362,0.15185629065054335,32.0,5.9
2021,Assam,SOU,1324826,0.0,0.0,0.15185629065054335,32.0,5.9
2021,Assam,STF,1324826,0.0,0.0,0.15185629065054335,32.0,5.9
2021,Assam,Sibsagar,1324826,369.0,27.85271424322892,0.15185629065054335,32.0,5.9
2021,Assam,Sonitpur,2212726,625.0,28.24570235989454,0.15185629065054335,32.0,5.9
2021,Assam,Tinsukia,1527118,372.0,24.359610717704854,0.15185629065054335,32.0,5.9
2021,Assam,Udalguri,956418,168.0,17.56554142644743,0.15185629065054335,32.0,5.9
2021,Assam,Sadia,1324826,53.0,4.0005253520084905,0.15185629065054335,32.0,5.9
2021,Assam,Majuli,1324826,36.0,2.717337974949163,0.15185629065054335,32.0,5.9
2021,Assam,Biswanath,1324826,198.0,14.945358862220397,0.15185629065054335,32.0,5.9
2021,Assam,Hojai,1324826,665.0,50.19527092614426,0.15185629065054335,32.0,5.9
2021,Assam,South Salmara,1324826,399.0,30.117162555686555,0.15185629065054335,32.0,5.9
2021,Assam,Charaideo,1324826,59.0,4.453415014500018,0.15185629065054335,32.0,5.9
2021,Assam,Total Districts ,1324826,14924.0,1126.4875538372587,0.15185629065054335,32.0,5.9
2021,Bihar,Araria,3233304,102.0,3.1546677949243254,0.33493574660633485,40.0,3.5
2021,Bihar,Arwal,805969,22.0,2.729633521884837,0.33493574660633485,40.0,3.5
2021,Bihar,Aurangabad,2921083,90.0,3.081049049273848,0.33493574660633485,40.0,3.5
2021,Bihar,Aurangabad,4256474,90.0,2.114426165882841,0.33493574660633485,40.0,3.5
2021,Bihar,Bagaha,3064997,54.0,1.7618288044001347,0.33493574660633485,40.0,3.5
2021,Bihar,Banka,2339977,28.0,1.1965929579649714,0.33493574660633485,40.0,3.5
2021,Bihar,Begusarai,3416122,68.0,1.9905612270287771,0.33493574660633485,40.0,3.5
2021,Bihar,Bettiah,3064997,130.0,4.241439714296621,0.33493574660633485,40.0,3.5
2021,Bihar,Kaimur(Bhabhua),1870341,29.0,1.5505193972649909,0.33493574660633485,40.0,3.5
2021,Bihar,Bhagalpur,3493430,116.0,3.320518802437719,0.33493574660633485,40.0,3.5
2021,Bihar,Bhojpur,3137668,130.0,4.143204443554895,0.33493574660633485,40.0,3.5
2021,Bihar,Buxar,1962304,71.0,3.6181957535631586,0.33493574660633485,40.0,3.5
2021,Bihar,Darbhanga,4527992,85.0,1.8772117971939881,0.33493574660633485,40.0,3.5
2021,Bihar,Gaya,5050130,196.0,3.8810882096104455,0.33493574660633485,40.0,3.5
2021,Bihar,Gopalganj,2946313,98.0,3.326191073385618,0.33493574660633485,40.0,3.5
2021,Bihar,Jamalpur Railway,3064997,0.0,0.0,0.33493574660633485,40.0,3.5
2021,Bihar,Jamui,2024465,45.0,2.222809482999212,0.33493574660633485,40.0,3.5
2021,Bihar,Jehanabad,1294109,34.0,2.6272902823487048,0.33493574660633485,40.0,3.5
2021,Bihar,Katihar,3531683,118.0,3.3411832262408603,0.33493574660633485,40.0,3.5
2021,Bihar,Katihar Railway,3064997,1.0,0.032626459340743236,0.33493574660633485,40.0,3.5
2021,Bihar,Khagaria,1916918,40.0,2.0866828941039732,0.33493574660633485,40.0,3.5
2021,Bihar,Kishanganj,1943959,75.0,3.858106060878856,0.33493574660633485,40.0,3.5
2021,Bihar,Lakhisarai,1151048,34.0,2.9538299010988247,0.33493574660633485,40.0,3.5
2021,Bihar,Madhepura,2302026,45.0,1.9547998154668973,0.33493574660633485,40.0,3.5
2021,Bihar,Madhubani,5160485,201.0,3.8949827390254987,0.33493574660633485,40.0,3.5
2021,Bihar,Motihari,3064997,242.0,7.8956031604598635,0.33493574660633485,40.0,3.5
2021,Bihar,Munger,1572929,51.0,3.242358682432583,0.33493574660633485,40.0,3.5
2021,Bihar,Muzaffarpur,5521221,236.0,4.274416836420785,0.33493574660633485,40.0,3.5
2021,Bihar,Muzaffarpur Railway,3064997,0.0,0.0,0.33493574660633485,40.0,3.5
2021,Bihar,Nalanda,3309300,156.0,4.713987852415919,0.33493574660633485,40.0,3.5
2021,Bihar,Naugachia,3064997,17.0,0.554649808792635,0.33493574660633485,40.0,3.5
2021,Bihar,Nawadah,3064997,73.0,2.3817315318742565,0.33493574660633485,40.0,3.5
2021,Bihar,Patna,6714234,323.0,4.810675350308017,0.33493574660633485,40.0,3.5
2021,Bihar,Patna Railway,3064997,0.0,0.0,0.33493574660633485,40.0,3.5
2021,Bihar,Purnea,3064997,161.0,5.252859953859661,0.33493574660633485,40.0,3.5
2021,Bihar,Rohtas,3403905,79.0,2.320863831393649,0.33493574660633485,40.0,3.5
2021,Bihar,Saharsa,2185760,32.0,1.4640216675206792,0.33493574660633485,40.0,3.5
2021,Bihar,Samastipur,4900800,94.0,1.9180541952334313,0.33493574660633485,40.0,3.5
2021,Bihar,Saran,4544641,195.0,4.2907679616497765,0.33493574660633485,40.0,3.5
2021,Bihar,Sheikhpura,731793,26.0,3.5529172867190586,0.33493574660633485,40.0,3.5
2021,Bihar,Sheohar,754682,23.0,3.0476412581723165,0.33493574660633485,40.0,3.5
2021,Bihar,Sitamarhi,3937110,117.0,2.9717229135076235,0.33493574660633485,40.0,3.5
2021,Bihar,Siwan,3830033,74.0,1.9320982351849185,0.33493574660633485,40.0,3.5
2021,Bihar,Supaul,2563437,36.0,1.404364530901286,0.33493574660633485,40.0,3.5
2021,Bihar,Vaishali,4019274,108.0,2.6870524378283243,0.33493574660633485,40.0,3.5
2021,Bihar,Economic Offences Unit,3064997,0.0,0.0,0.33493574660633485,40.0,3.5
2021,Bihar,Anti Terrorist Squad,3064997,0.0,0.0,0.33493574660633485,40.0,3.5
2021,Bihar,Total Districts ,3064997,3855.0,125.77500075856517,0.33493574660633485,40.0,3.5
2021,Chhattisgarh,Balod,1885744,39.0,2.068149229163662,0.2034342762063228,29.6,6.8
2021,Chhattisgarh,Balodbazar,1885744,61.0,3.2347975122816246,0.2034342762063228,29.6,6.8
2021,Chhattisgarh,Balrampur,2470964,105.0,4.249353693538231,0.2034342762063228,29.6,6.8
2021,Chhattisgarh,Bemetra,1885744,55.0,2.9166207077949076,0.2034342762063228,29.6,6.8
2021,Chhattisgarh,Bilaspur,439249,222.0,50.54080942699927,0.2034342762063228,29.6,6.8
2021,Chhattisgarh,Bilaspur,3063173,222.0,7.247386941579859,0.2034342762063228,29.6,6.8
2021,Chhattisgarh,Bizapur,1885744,9.0,0.4772652067300758,0.2034342762063228,29.6,6.8
2021,Chhattisgarh,Dantewara,1885744,13.0,0.6893830763878872,0.2034342762063228,29.6,6.8
2021,Chhattisgarh,Dhamtari,919748,38.0,4.131566472555526,0.2034342762063228,29.6,6.8
2021,Chhattisgarh,Durg,3845452,202.0,5.252958559878007,0.2034342762063228,29.6,6.8
2021,Chhattisgarh,Gariyaband,1885744,26.0,1.3787661527757744,0.2034342762063228,29.6,6.8
2021,Chhattisgarh,GRP Raipur,1885744,1.0,0.05302946741445287,0.2034342762063228,29.6,6.8
2021,Chhattisgarh,Jagdalpur,1885744,59.0,3.128738577452719,0.2034342762063228,29.6,6.8
2021,Chhattisgarh,Janjgir,1885744,111.0,5.886270883004268,0.2034342762063228,29.6,6.8
2021,Chhattisgarh,Jashpur,979419,77.0,7.861803783671748,0.2034342762063228,29.6,6.8
2021,Chhattisgarh,Kabirdham,1885744,51.0,2.704502838137096,0.2034342762063228,29.6,6.8
2021,Chhattisgarh,Kanker,1885744,44.0,2.333296566235926,0.2034342762063228,29.6,6.8
2021,Chhattisgarh,Kondagaon,1885744,14.0,0.7424125438023401,0.2034342762063228,29.6,6.8
2021,Chhattisgarh,Korba,1387636,89.0,6.4137857478474185,0.2034342762063228,29.6,6.8
2021,Chhattisgarh,Koriya,757754,80.0,10.55751602762902,0.2034342762063228,29.6,6.8
2021,Chhattisgarh,Mahasamund,1187667,43.0,3.6205434688342777,0.2034342762063228,29.6,6.8
2021,Chhattisgarh,Mungali,1885744,46.0,2.4393555010648313,0.2034342762063228,29.6,6.8
2021,Chhattisgarh,Narayanpur,160793,9.0,5.597258587127549,0.2034342762063228,29.6,6.8
2021,Chhattisgarh,Raigarh,1718081,101.0,5.878651821421691,0.2034342762063228,29.6,6.8
2021,Chhattisgarh,Raigarh,3029329,101.0,3.3340716706570994,0.2034342762063228,29.6,6.8
2021,Chhattisgarh,Raipur,4673452,249.0,5.32796742108403,0.2034342762063228,29.6,6.8
2021,Chhattisgarh,Rajnandgaon,1767702,115.0,6.505621422615351,0.2034342762063228,29.6,6.8
2021,Chhattisgarh,Sarguja,1885744,131.0,6.946860231293325,0.2034342762063228,29.6,6.8
2021,Chhattisgarh,Sukma,1885744,10.0,0.5302946741445287,0.2034342762063228,29.6,6.8
2021,Chhattisgarh,Surajpur,1885744,114.0,6.045359285247627,0.2034342762063228,29.6,6.8
2021,Chhattisgarh,Gaurela-Pendra-Marwari,1885744,15.0,0.7954420112167929,0.2034342762063228,29.6,6.8
2021,Chhattisgarh,Total Districts ,1885744,2129.0,112.89973612537015,0.2034342762063228,29.6,6.8
2021,Goa,North Goa,940709,16.0,1.7008447883458115,0.10972276454509958,8.3,8.0
2021,Goa,South Goa,736617,9.0,1.2218018318882133,0.10972276454509958,8.3,8.0
2021,Goa,CID,838663,1.0,0.11923740525097684,0.10972276454509958,8.3,8.0
2021,Goa,Total Districts ,838663,26.0,3.1001725365253985,0.10972276454509958,8.3,8.0
2021,Gujarat,Ahmedabad City,2894401,886.0,30.610824139433344,0.20521524716691156,17.0,1.5
2021,Gujarat,Ahmedabad Rural,2894401,24.0,0.8291871098717835,0.20521524716691156,17.0,1.5
2021,Gujarat,Amreli,1741318,77.0,4.421937865455937,0.20521524716691156,17.0,1.5
2021,Gujarat,Anand,2406656,58.0,2.409982980533986,0.20521524716691156,17.0,1.5
2021,Gujarat,Arvalli,2894401,21.0,0.7255387211378106,0.20521524716691156,17.0,1.5
2021,Gujarat,Banaskantha,2894401,90.0,3.1094516620191883,0.20521524716691156,17.0,1.5
2021,Gujarat,Bharuch,1783671,61.0,3.4199132014816636,0.20521524716691156,17.0,1.5
2021,Gujarat,Bhavnagar,3312419,97.0,2.928373493812226,0.20521524716691156,17.0,1.5
2021,Gujarat,Botad,2894401,7.0,0.24184624037927022,0.20521524716691156,17.0,1.5
2021,Gujarat,Chhotaudepur,2894401,20.0,0.6909892582264863,0.20521524716691156,17.0,1.5
2021,Gujarat,CID Crime,2894401,0.0,0.0,0.20521524716691156,17.0,1.5
2021,Gujarat,Dahod,2894401,16.0,0.552791406581189,0.20521524716691156,17.0,1.5
2021,Gujarat,Dang,2894401,1.0,0.03454946291132431,0.20521524716691156,17.0,1.5
2021,Gujarat,Devbhumi Dwarka,2894401,41.0,1.4165279793642969,0.20521524716691156,17.0,1.5
2021,Gujarat,Gandhinagar,1600515,47.0,2.936554796424901,0.20521524716691156,17.0,1.5
2021,Gujarat,Gir Somnath,2894401,33.0,1.1401322760737023,0.20521524716691156,17.0,1.5
2021,Gujarat,Jamnagar,2484136,44.0,1.771239577865302,0.20521524716691156,17.0,1.5
2021,Gujarat,Junagadh,3154544,94.0,2.9798284633214815,0.20521524716691156,17.0,1.5
2021,Gujarat,Kachchh East(G),2894401,78.0,2.6948581070832964,0.20521524716691156,17.0,1.5
2021,Gujarat,Kachchh West(B),2894401,78.0,2.6948581070832964,0.20521524716691156,17.0,1.5
2021,Gujarat,Kheda,2644867,41.0,1.5501724661391292,0.20521524716691156,17.0,1.5
2021,Gujarat,Mahisagar,2894401,18.0,0.6218903324038376,0.20521524716691156,17.0,1.5
2021,Gujarat,Mehsana,2894401,78.0,2.6948581070832964,0.20521524716691156,17.0,1.5
2021,Gujarat,Morbi,2894401,15.0,0.5182419436698646,0.20521524716691156,17.0,1.5
2021,Gujarat,Narmada,678841,11.0,1.620408902821132,0.20521524716691156,17.0,1.5
2021,Gujarat,Navsari,1529122,11.0,0.7193670616209825,0.20521524716691156,17.0,1.5
2021,Gujarat,Panchmahal,2894401,55.0,1.900220460122837,0.20521524716691156,17.0,1.5
2021,Gujarat,Patan,1545294,49.0,3.1709176376793025,0.20521524716691156,17.0,1.5
2021,Gujarat,Porbandar,673266,8.0,1.1882376356447526,0.20521524716691156,17.0,1.5
2021,Gujarat,Rajkot City,4375241,121.0,2.7655619427592675,0.20521524716691156,17.0,1.5
2021,Gujarat,Rajkot Rural,4375241,81.0,1.8513265897809972,0.20521524716691156,17.0,1.5
2021,Gujarat,Sabarkantha,2894401,75.0,2.5912097183493232,0.20521524716691156,17.0,1.5
2021,Gujarat,Surat City,6993520,330.0,4.71865383955433,0.20521524716691156,17.0,1.5
2021,Gujarat,Surat Rural,6993520,21.0,0.30027797160800285,0.20521524716691156,17.0,1.5
2021,Gujarat,Surendranagar,2019708,25.0,1.2378026922703678,0.20521524716691156,17.0,1.5
2021,Gujarat,Tapi,928075,4.0,0.43099964981278455,0.20521524716691156,17.0,1.5
2021,Gujarat,Vadodara City,4790469,97.0,2.024853933925885,0.20521524716691156,17.0,1.5
2021,Gujarat,Vadodara Rural,4790469,31.0,0.647118267543324,0.20521524716691156,17.0,1.5
2021,Gujarat,Valsad,1961529,24.0,1.223535313523277,0.20521524716691156,17.0,1.5
2021,Gujarat,W.Rly Ahmedabad,2894401,1.0,0.03454946291132431,0.20521524716691156,17.0,1.5
2021,Gujarat,W.Rly Vadodara,2894401,2.0,0.06909892582264862,0.20521524716691156,17.0,1.5
2021,Gujarat,Cyber Ahmedabad Range,2894401,0.0,0.0,0.20521524716691156,17.0,1.5
2021,Gujarat,Cyber Bhavnagar Range,2894401,0.0,0.0,0.20521524716691156,17.0,1.5
2021,Gujarat,Cyber Border Range,2894401,0.0,0.0,0.20521524716691156,17.0,1.5
2021,Gujarat,Cyber Gandhinagar Range,2894401,0.0,0.0,0.20521524716691156,17.0,1.5
2021,Gujarat,Cyber Junagadh Range,2894401,0.0,0.0,0.20521524716691156,17.0,1.5
2021,Gujarat,Cyber Panchmahal Range,2894401,0.0,0.0,0.20521524716691156,17.0,1.5
2021,Gujarat,Cyber Rajkot Range,2894401,0.0,0.0,0.20521524716691156,17.0,1.5
2021,Gujarat,Cyber Surat Range,2894401,0.0,0.0,0.20521524716691156,17.0,1.5
2021,Gujarat,Cyber Vadodara Range,2894401,0.0,0.0,0.20521524716691156,17.0,1.5
2021,Gujarat,Total Districts ,2894401,2871.0,99.1915080184121,0.20521524716691156,17.0,1.5
2021,Haryana,Ambala,1297602,321.0,24.737939676418502,0.1847177848775293,21.6,4.9
2021,Haryana,Bhiwani,1879611,470.0,25.005173942906275,0.1847177848775293,21.6,4.9
2021,Haryana,Faridabad,2081192,631.0,30.3191632487536,0.1847177848775293,21.6,4.9
2021,Haryana,Fatehabad,1083312,159.0,14.677212105099915,0.1847177848775293,21.6,4.9
2021,Haryana,GRP,1358470,3.0,0.2208366765552423,0.1847177848775293,21.6,4.9
2021,Haryana,Gurugram,1358470,589.0,43.3576008303459,0.1847177848775293,21.6,4.9
2021,Haryana,Hissar,1358470,416.0,30.62268581566026,0.1847177848775293,21.6,4.9
2021,Haryana,Jhajjar,1102165,406.0,36.83658980279723,0.1847177848775293,21.6,4.9
2021,Haryana,Jind,1534274,227.0,14.795271248812142,0.1847177848775293,21.6,4.9
2021,Haryana,Kaithal,1235449,216.0,17.48352218505175,0.1847177848775293,21.6,4.9
2021,Haryana,Karnal,1731122,502.0,28.998533898824004,0.1847177848775293,21.6,4.9
2021,Haryana,Kurukshetra,1109353,346.0,31.189350909944807,0.1847177848775293,21.6,4.9
2021,Haryana,Mahendergarh,1358470,160.0,11.777956082946256,0.1847177848775293,21.6,4.9
2021,Haryana,Nuh,1358470,195.0,14.35438397609075,0.1847177848775293,21.6,4.9
2021,Haryana,Palwal,1199114,348.0,29.021427487294787,0.1847177848775293,21.6,4.9
2021,Haryana,Panchkula,645486,193.0,29.89995135448329,0.1847177848775293,21.6,4.9
2021,Haryana,Panipat,1386252,530.0,38.23258686010912,0.1847177848775293,21.6,4.9
2021,Haryana,Rewari,1035381,201.0,19.413143567440393,0.1847177848775293,21.6,4.9
2021,Haryana,Rohtak,1220384,333.0,27.28649343157564,0.1847177848775293,21.6,4.9
2021,Haryana,Sirsa,1489467,302.0,20.275709364490787,0.1847177848775293,21.6,4.9
2021,Haryana,Sonipat,1667501,550.0,32.983488465674085,0.1847177848775293,21.6,4.9
2021,Haryana,Yamunanagar,1396335,426.0,30.50843816132948,0.1847177848775293,21.6,4.9
2021,Haryana,Irrigation & Power,1358470,0.0,0.0,0.1847177848775293,21.6,4.9
2021,Haryana,Charkhi Dadri,1358470,108.0,7.950120355988723,0.1847177848775293,21.6,4.9
2021,Haryana,Hansi,1358470,125.0,9.201528189801762,0.1847177848775293,21.6,4.9
2021,Haryana,Total Districts ,1358470,7757.0,571.0100333463382,0.1847177848775293,21.6,4.9
2021,Himachal Pradesh,Baddi,937776,26.0,2.772517104297828,0.07121290994273816,8.3,5.6
2021,Himachal Pradesh,Bilaspur,439249,18.0,4.097903467053994,0.07121290994273816,8.3,5.6
2021,Himachal Pradesh,Bilaspur,3063173,18.0,0.5876259682362047,0.07121290994273816,8.3,5.6
2021,Himachal Pradesh,Chamba,596942,30.0,5.025613878735287,0.07121290994273816,8.3,5.6
2021,Himachal Pradesh,CID,937776,0.0,0.0,0.07121290994273816,8.3,5.6
2021,Himachal Pradesh,GRP,937776,0.0,0.0,0.07121290994273816,8.3,5.6
2021,Himachal Pradesh,Hamirpur,522983,22.0,4.20663769185614,0.07121290994273816,8.3,5.6
2021,Himachal Pradesh,Hamirpur,1269927,22.0,1.7323830424898439,0.07121290994273816,8.3,5.6
2021,Himachal Pradesh,Kangra,1736586,65.0,3.74297616127275,0.07121290994273816,8.3,5.6
2021,Himachal Pradesh,Kinnaur,96739,1.0,1.0337092589338324,0.07121290994273816,8.3,5.6
2021,Himachal Pradesh,Kullu,503588,16.0,3.1772004098588527,0.07121290994273816,8.3,5.6
2021,Himachal Pradesh,Lahaul & Spiti,937776,1.0,0.10663527324222416,0.07121290994273816,8.3,5.6
2021,Himachal Pradesh,Mandi,1149743,65.0,5.6534373333866785,0.07121290994273816,8.3,5.6
2021,Himachal Pradesh,Shimla,936111,39.0,4.166172601326124,0.07121290994273816,8.3,5.6
2021,Himachal Pradesh,Sirmaur,609333,43.0,7.056896639440175,0.07121290994273816,8.3,5.6
2021,Himachal Pradesh,Solan,667368,18.0,2.697162584960622,0.07121290994273816,8.3,5.6
2021,Himachal Pradesh,Una,599348,22.0,3.6706554455842015,0.07121290994273816,8.3,5.6
2021,Himachal Pradesh,Cyber,937776,0.0,0.0,0.07121290994273816,8.3,5.6
2021,Himachal Pradesh,Total Districts ,937776,366.0,39.028510006654045,0.07121290994273816,8.3,5.6
2021,Jammu & Kashmir,Anantnag,1240495,25.0,2.015324527708697,0.0,26.72809498399146,
2021,Jammu & Kashmir,Awantipora,718362,10.0,1.3920558158699932,0.0,26.72809498399146,
2021,Jammu & Kashmir,Bandipora,718362,16.0,2.227289305391989,0.0,26.72809498399146,
2021,Jammu & Kashmir,Baramulla,718362,48.0,6.681867916175967,0.0,26.72809498399146,
2021,Jammu & Kashmir,Budgam,718362,34.0,4.732989773957977,0.0,26.72809498399146,
2021,Jammu & Kashmir,Crime Jammu,718362,0.0,0.0,0.0,26.72809498399146,
2021,Jammu & Kashmir,Crime Srinagar,718362,0.0,0.0,0.0,26.72809498399146,
2021,Jammu & Kashmir,Doda,471426,46.0,9.757628981006564,0.0,26.72809498399146,
2021,Jammu & Kashmir,Ganderbal,342062,18.0,5.262203927942887,0.0,26.72809498399146,
2021,Jammu & Kashmir,Handwara,718362,7.0,0.9744390711089952,0.0,26.72809498399146,
2021,Jammu & Kashmir,Jammu,1759451,169.0,9.605268916269905,0.0,26.72809498399146,
2021,Jammu & Kashmir,Kathua,708900,35.0,4.937226689236845,0.0,26.72809498399146,
2021,Jammu & Kashmir,Kishtwar,265300,9.0,3.392385978137957,0.0,26.72809498399146,
2021,Jammu & Kashmir,Kulgam,488155,38.0,7.784412737757475,0.0,26.72809498399146,
2021,Jammu & Kashmir,Kupwara,1000907,49.0,4.8955597273273135,0.0,26.72809498399146,
2021,Jammu & Kashmir,Poonch,718362,34.0,4.732989773957977,0.0,26.72809498399146,
2021,Jammu & Kashmir,Pulwama,644506,12.0,1.8618911228134416,0.0,26.72809498399146,
2021,Jammu & Kashmir,Railways Jammu,718362,0.0,0.0,0.0,26.72809498399146,
2021,Jammu & Kashmir,Railways Kashmir,718362,0.0,0.0,0.0,26.72809498399146,
2021,Jammu & Kashmir,Railways Katra,718362,0.0,0.0,0.0,26.72809498399146,
2021,Jammu & Kashmir,Rajouri,738777,87.0,11.776219346298005,0.0,26.72809498399146,
2021,Jammu & Kashmir,Ramban,326269,30.0,9.194866812354222,0.0,26.72809498399146,
2021,Jammu & Kashmir,Reasi,361867,12.0,3.3161354862421826,0.0,26.72809498399146,
2021,Jammu & Kashmir,Samba,366732,29.0,7.90768190395166,0.0,26.72809498399146,
2021,Jammu & Kashmir,Shopian,718362,9.0,1.252850234282994,0.0,26.72809498399146,
2021,Jammu & Kashmir,Sopore,718362,16.0,2.227289305391989,0.0,26.72809498399146,
2021,Jammu & Kashmir,Srinagar,1422353,58.0,4.0777500381410245,0.0,26.72809498399146,
2021,Jammu & Kashmir,Udhampur,638232,39.0,6.110630617079683,0.0,26.72809498399146,
2021,Jammu & Kashmir,Cyber Crime Jammu,718362,0.0,0.0,0.0,26.72809498399146,
2021,Jammu & Kashmir,Cyber Crime Kashmir,718362,0.0,0.0,0.0,26.72809498399146,
2021,Jammu & Kashmir,Anti Narcotic Task Force Jammu,718362,0.0,0.0,0.0,26.72809498399146,
2021,Jammu & Kashmir,Total Districts ,718362,830.0,115.54063271720942,0.0,26.72809498399146,
2021,Jharkhand,Bokaro,2371679,166.0,6.99926086118737,0.22653050907436428,31.5,2.9
2021,Jharkhand,Chaibasa,1648218,46.0,2.7908929522672365,0.22653050907436428,31.5,2.9
2021,Jharkhand,Chatra,1199318,53.0,4.4191782329624,0.22653050907436428,31.5,2.9
2021,Jharkhand,Deoghar,1715883,81.0,4.720601579478321,0.22653050907436428,31.5,2.9
2021,Jharkhand,Dhanbad,3087160,143.0,4.632089039764703,0.22653050907436428,31.5,2.9
2021,Jharkhand,Dhanbad Railway,1648218,0.0,0.0,0.22653050907436428,31.5,2.9
2021,Jharkhand,Dumka,1519658,56.0,3.685039660239343,0.22653050907436428,31.5,2.9
2021,Jharkhand,Garhwa,1521201,129.0,8.480141677529794,0.22653050907436428,31.5,2.9
2021,Jharkhand,Giridih,2812295,163.0,5.795978017953308,0.22653050907436428,31.5,2.9
2021,Jharkhand,Godda,1510583,105.0,6.950958669599751,0.22653050907436428,31.5,2.9
2021,Jharkhand,Gumla,1178994,55.0,4.664994054253032,0.22653050907436428,31.5,2.9
2021,Jharkhand,Hazaribagh,1994669,165.0,8.272049147001333,0.22653050907436428,31.5,2.9
2021,Jharkhand,Jamshedpur,1648218,202.0,12.255660355608299,0.22653050907436428,31.5,2.9
2021,Jharkhand,Jamshedpur Railway,1648218,0.0,0.0,0.22653050907436428,31.5,2.9
2021,Jharkhand,Jamtara,909698,40.0,4.3970636409006065,0.22653050907436428,31.5,2.9
2021,Jharkhand,Khunti,611667,26.0,4.250678882463824,0.22653050907436428,31.5,2.9
2021,Jharkhand,Koderma,1648218,62.0,3.761638326968884,0.22653050907436428,31.5,2.9
2021,Jharkhand,Latehar,836024,57.0,6.817986086523832,0.22653050907436428,31.5,2.9
2021,Jharkhand,Lohardagga,1648218,49.0,2.9729077100237955,0.22653050907436428,31.5,2.9
2021,Jharkhand,Pakur,1035485,48.0,4.635508964398325,0.22653050907436428,31.5,2.9
2021,Jharkhand,Palamu,2230849,95.0,4.258468412698484,0.22653050907436428,31.5,2.9
2021,Jharkhand,Ramgarh,1091859,36.0,3.297129024901567,0.22653050907436428,31.5,2.9
2021,Jharkhand,Ranchi,3351390,362.0,10.801488337674817,0.22653050907436428,31.5,2.9
2021,Jharkhand,Sahebganj,1648218,136.0,8.251335684964003,0.22653050907436428,31.5,2.9
2021,Jharkhand,Saraikela,1648218,40.0,2.4268634367541186,0.22653050907436428,31.5,2.9
2021,Jharkhand,Simdega,689514,47.0,6.81639531612121,0.22653050907436428,31.5,2.9
2021,Jharkhand,Total Districts ,1648218,2362.0,143.30628594033072,0.22653050907436428,31.5,2.9
2021,Karnataka,Bagalkot,2173214,45.0,2.070665843308574,0.1785958402499756,44.4,3.8
2021,Karnataka,Bengaluru City,1785149,575.0,32.21019645979131,0.1785958402499756,44.4,3.8
2021,Karnataka,Bengaluru District,1785149,122.0,6.834163422773113,0.1785958402499756,44.4,3.8
2021,Karnataka,Belagavi District,1785149,148.0,8.290624480085416,0.1785958402499756,44.4,3.8
2021,Karnataka,Ballari,1785149,118.0,6.610092490878913,0.1785958402499756,44.4,3.8
2021,Karnataka,Bidar,1958794,76.0,3.8799383702420975,0.1785958402499756,44.4,3.8
2021,Karnataka,Vijayapura,1785149,114.0,6.386021558984712,0.1785958402499756,44.4,3.8
2021,Karnataka,Chikkaballapura,1443369,73.0,5.057611740310343,0.1785958402499756,44.4,3.8
2021,Karnataka,Chamarajnagar,1785149,30.0,1.6805319892065032,0.1785958402499756,44.4,3.8
2021,Karnataka,Chikkamagaluru,1785149,84.0,4.7054895697782095,0.1785958402499756,44.4,3.8
2021,Karnataka,Chitradurga,1908374,80.0,4.192050405214072,0.1785958402499756,44.4,3.8
2021,Karnataka,Dakshina Kannada,2403096,36.0,1.4980674929341151,0.1785958402499756,44.4,3.8
2021,Karnataka,Davanagere,2237321,91.0,4.067364495304876,0.1785958402499756,44.4,3.8
2021,Karnataka,Dharwad,2124076,31.0,1.459458136149554,0.1785958402499756,44.4,3.8
2021,Karnataka,Gadag,1224255,25.0,2.0420582313325246,0.1785958402499756,44.4,3.8
2021,Karnataka,Kalaburgi,1785149,99.0,5.5457555643814604,0.1785958402499756,44.4,3.8
2021,Karnataka,Hassan,2042884,74.0,3.622330000137061,0.1785958402499756,44.4,3.8
2021,Karnataka,Haveri,1837318,57.0,3.102348096518948,0.1785958402499756,44.4,3.8
2021,Karnataka,Hubballi Dharwad City,1785149,76.0,4.257347705989808,0.1785958402499756,44.4,3.8
2021,Karnataka,K.G.F.,1785149,18.0,1.0083191935239018,0.1785958402499756,44.4,3.8
2021,Karnataka,Kodagu,637696,36.0,5.6453231633881975,0.1785958402499756,44.4,3.8
2021,Karnataka,Kolar,1766861,33.0,1.8677190792031744,0.1785958402499756,44.4,3.8
2021,Karnataka,Koppal,1598407,68.0,4.254235623342491,0.1785958402499756,44.4,3.8
2021,Karnataka,Mandya,2076634,92.0,4.430246254274946,0.1785958402499756,44.4,3.8
2021,Karnataka,Mangaluru City,1785149,32.0,1.7925674551536033,0.1785958402499756,44.4,3.8
2021,Karnataka,Mysuru City,1785149,42.0,2.3527447848891048,0.1785958402499756,44.4,3.8
2021,Karnataka,Mysuru District,1785149,110.0,6.161950627090512,0.1785958402499756,44.4,3.8
2021,Karnataka,Raichur,2218133,124.0,5.590286966561519,0.1785958402499756,44.4,3.8
2021,Karnataka,K.Railways,1785149,1.0,0.0560177329735501,0.1785958402499756,44.4,3.8
2021,Karnataka,Ramanagara,1245031,66.0,5.301072824692719,0.1785958402499756,44.4,3.8
2021,Karnataka,Shimoga,2015665,89.0,4.415416252204607,0.1785958402499756,44.4,3.8
2021,Karnataka,Tumakuru,1785149,74.0,4.145312240042708,0.1785958402499756,44.4,3.8
2021,Karnataka,Udupi,1353965,34.0,2.5111431979408625,0.1785958402499756,44.4,3.8
2021,Karnataka,Uttara Kannada,1652744,24.0,1.452130517490912,0.1785958402499756,44.4,3.8
2021,Karnataka,Yadgiri,1785149,64.0,3.5851349103072065,0.1785958402499756,44.4,3.8
2021,Karnataka,Belagavi City,1785149,95.0,5.32168463248726,0.1785958402499756,44.4,3.8
2021,Karnataka,Kalaburgi City,1785149,111.0,6.217968360064061,0.1785958402499756,44.4,3.8
2021,Karnataka,Total Districts ,1785149,3067.0,171.80638702987818,0.1785958402499756,44.4,3.8
2021,Kerala,Alapuzha,2966482,283.0,9.539919675898927,0.07236620666442276,9.9,7.0
2021,Kerala,Ernakulam Commr.,2966482,243.0,8.191521135135828,0.07236620666442276,9.9,7.0
2021,Kerala,Ernakulam Rural,3774746,337.0,8.927753019673377,0.07236620666442276,9.9,7.0
2021,Kerala,Idukki,1275320,143.0,11.212872063482108,0.07236620666442276,9.9,7.0
2021,Kerala,Kannur City,2901453,216.0,7.444545887870664,0.07236620666442276,9.9,7.0
2021,Kerala,Kasargod,2966482,247.0,8.326360989212137,0.07236620666442276,9.9,7.0
2021,Kerala,Kollam Commr.,2966482,291.0,9.809599384051547,0.07236620666442276,9.9,7.0
2021,Kerala,Kollam Rural,3030681,259.0,8.545934065643992,0.07236620666442276,9.9,7.0
2021,Kerala,Kottayam,2270733,196.0,8.63157403358299,0.07236620666442276,9.9,7.0
2021,Kerala,Kozhikode Commr.,2966482,352.0,11.865907158715272,0.07236620666442276,9.9,7.0
2021,Kerala,Kozhikode Rural,3549236,420.0,11.833532625049447,0.07236620666442276,9.9,7.0
2021,Kerala,Malappuram,4729858,718.0,15.18015974263921,0.07236620666442276,9.9,7.0
2021,Kerala,Palakkad,3231424,403.0,12.471282010655365,0.07236620666442276,9.9,7.0
2021,Kerala,Pathanamthitta,1377023,131.0,9.513276103594494,0.07236620666442276,9.9,7.0
2021,Kerala,Railways,2966482,2.0,0.06741992703815497,0.07236620666442276,9.9,7.0
2021,Kerala,Thrissur Commr.,2966482,340.0,11.461387596486343,0.07236620666442276,9.9,7.0
2021,Kerala,Thrissur Rural,3589379,310.0,8.636591454956415,0.07236620666442276,9.9,7.0
2021,Kerala,Trivandrum Commr.,2966482,169.0,5.696983834724094,0.07236620666442276,9.9,7.0
2021,Kerala,Trivandrum Rural,2966482,358.0,12.068166939829737,0.07236620666442276,9.9,7.0
2021,Kerala,Wayanadu,2966482,197.0,6.6408628132582646,0.07236620666442276,9.9,7.0
2021,Kerala,Crime Branch,2966482,2.0,0.06741992703815497,0.07236620666442276,9.9,7.0
2021,Kerala,Kannur Rural,2901453,162.0,5.583409415902997,0.07236620666442276,9.9,7.0
2021,Kerala,Total Districts ,2966482,5779.0,194.80987917674875,0.07236620666442276,9.9,7.0
2021,Madhya Pradesh,Agar,1697834,88.0,5.183074434838741,0.14248064569263713,28.1,4.4
2021,Madhya Pradesh,Alirajpur,838348,61.0,7.27621465071784,0.14248064569263713,28.1,4.4
2021,Madhya Pradesh,Anuppur,861622,144.0,16.712665182643896,0.14248064569263713,28.1,4.4
2021,Madhya Pradesh,Ashok Nagar,1697834,137.0,8.06910451787395,0.14248064569263713,28.1,4.4
2021,Madhya Pradesh,Balaghat,1956952,399.0,20.38884959876379,0.14248064569263713,28.1,4.4
2021,Madhya Pradesh,Barwani,1593763,102.0,6.399947796504248,0.14248064569263713,28.1,4.4
2021,Madhya Pradesh,Betul,1811666,66.0,3.6430556184197305,0.14248064569263713,28.1,4.4
2021,Madhya Pradesh,Bhind,1958455,272.0,13.88849884219959,0.14248064569263713,28.1,4.4
2021,Madhya Pradesh,Bhopal,2726720,897.0,32.89666705785706,0.14248064569263713,28.1,4.4
2021,Madhya Pradesh,Bhopal Railway,1697834,2.0,0.11779714624633503,0.14248064569263713,28.1,4.4
2021,Madhya Pradesh,Burhanpur,871524,112.0,12.851051720893516,0.14248064569263713,28.1,4.4
2021,Madhya Pradesh,Chhatarpur,2026731,235.0,11.59502667102837,0.14248064569263713,28.1,4.4
2021,Madhya Pradesh,Chhindwara,2404560,137.0,5.697508068004126,0.14248064569263713,28.1,4.4
2021,Madhya Pradesh,Damoh,1453851,215.0,14.788310493991474,0.14248064569263713,28.1,4.4
2021,Madhya Pradesh,Datia,904767,106.0,11.715723495662418,0.14248064569263713,28.1,4.4
2021,Madhya Pradesh,Dewas,1798272,289.0,16.070983699907465,0.14248064569263713,28.1,4.4
2021,Madhya Pradesh,Dhar,2513661,285.0,11.338044390234005,0.14248064569263713,28.1,4.4
2021,Madhya Pradesh,Dindori,810202,110.0,13.57686107908892,0.14248064569263713,28.1,4.4
2021,Madhya Pradesh,Guna,1427746,206.0,14.428336692941182,0.14248064569263713,28.1,4.4
2021,Madhya Pradesh,Gwalior,2336841,844.0,36.117134199545454,0.14248064569263713,28.1,4.4
2021,Madhya Pradesh,Harda,656034,115.0,17.529579259611545,0.14248064569263713,28.1,4.4
2021,Madhya Pradesh,Hoshangabad,1427552,285.0,19.96424648629262,0.14248064569263713,28.1,4.4
2021,Madhya Pradesh,Indore,3768201,907.0,24.06984128500576,0.14248064569263713,28.1,4.4
2021,Madhya Pradesh,Indore Railway,1697834,4.0,0.23559429249267005,0.14248064569263713,28.1,4.4
2021,Madhya Pradesh,Jabalpur,2832782,381.0,13.44967597224213,0.14248064569263713,28.1,4.4
2021,Madhya Pradesh,Jabalpur Railway,1697834,1.0,0.058898573123167514,0.14248064569263713,28.1,4.4
2021,Madhya Pradesh,Jhabua,1178805,46.0,3.9022569466536026,0.14248064569263713,28.1,4.4
2021,Madhya Pradesh,Katni,1485848,110.0,7.403179867658065,0.14248064569263713,28.1,4.4
2021,Madhya Pradesh,Khandwa,1506570,120.0,7.965112805910114,0.14248064569263713,28.1,4.4
2021,Madhya Pradesh,Khargone,2154002,114.0,5.292474194545781,0.14248064569263713,28.1,4.4
2021,Madhya Pradesh,Mandla,1213140,85.0,7.006610943501986,0.14248064569263713,28.1,4.4
2021,Madhya Pradesh,Mandsaur,1541472,180.0,11.677150152581428,0.14248064569263713,28.1,4.4
2021,Madhya Pradesh,Morena,2260865,363.0,16.055801651137948,0.14248064569263713,28.1,4.4
2021,Madhya Pradesh,Narsinghpur,1697834,141.0,8.30469881036662,0.14248064569263713,28.1,4.4
2021,Madhya Pradesh,Neemuch,949977,112.0,11.78975912048397,0.14248064569263713,28.1,4.4
2021,Madhya Pradesh,Panna,1168998,146.0,12.489328467627832,0.14248064569263713,28.1,4.4
2021,Madhya Pradesh,Raisen,1531336,210.0,13.71351551847537,0.14248064569263713,28.1,4.4
2021,Madhya Pradesh,Rajgarh,1777686,343.0,19.294746091266962,0.14248064569263713,28.1,4.4
2021,Madhya Pradesh,Ratlam,1673329,156.0,9.322733305883062,0.14248064569263713,28.1,4.4
2021,Madhya Pradesh,Rewa,2719871,250.0,9.191612396323208,0.14248064569263713,28.1,4.4
2021,Madhya Pradesh,Sagar,2735226,364.0,13.307858290320434,0.14248064569263713,28.1,4.4
2021,Madhya Pradesh,Satna,2563275,179.0,6.983253845178531,0.14248064569263713,28.1,4.4
2021,Madhya Pradesh,Seoni,1586000,179.0,11.28625472887768,0.14248064569263713,28.1,4.4
2021,Madhya Pradesh,Shahdol,1225972,231.0,18.842192154470084,0.14248064569263713,28.1,4.4
2021,Madhya Pradesh,Shajapur,1739583,145.0,8.335330938506527,0.14248064569263713,28.1,4.4
2021,Madhya Pradesh,Sheopur,791040,52.0,6.573624595469256,0.14248064569263713,28.1,4.4
2021,Madhya Pradesh,Shivpuri,1984957,272.0,13.703067623127351,0.14248064569263713,28.1,4.4
2021,Madhya Pradesh,Sidhi,1296087,121.0,9.335793044757025,0.14248064569263713,28.1,4.4
2021,Madhya Pradesh,Sehore,1508031,222.0,14.721182787356494,0.14248064569263713,28.1,4.4
2021,Madhya Pradesh,Singrauli,1355013,155.0,11.439004644235885,0.14248064569263713,28.1,4.4
2021,Madhya Pradesh,Tikamgarh,1661940,131.0,7.882354356956328,0.14248064569263713,28.1,4.4
2021,Madhya Pradesh,Ujjain,2284893,252.0,11.02896284421196,0.14248064569263713,28.1,4.4
2021,Madhya Pradesh,Umaria,741471,61.0,8.226889520965756,0.14248064569263713,28.1,4.4
2021,Madhya Pradesh,Vidisha,1677706,230.0,13.709195770891922,0.14248064569263713,28.1,4.4
2021,Madhya Pradesh,Cyber Crime Cell,1697834,0.0,0.0,0.14248064569263713,28.1,4.4
2021,Madhya Pradesh,Niwari,1697834,63.0,3.7106101067595536,0.14248064569263713,28.1,4.4
2021,Madhya Pradesh,Total Districts ,1697834,11433.0,673.3873865171741,0.14248064569263713,28.1,4.4
2021,Maharashtra,Ahmednagar,3417201,670.0,19.606689802560634,0.10646792653713069,25.2,3.7
2021,Maharashtra,Akola,2085991,313.0,15.00485860197863,0.10646792653713069,25.2,3.7
2021,Maharashtra,Amravati Commr.,3417201,158.0,4.623667147469522,0.10646792653713069,25.2,3.7
2021,Maharashtra,Amravati Rural,3321711,267.0,8.038026185902385,0.10646792653713069,25.2,3.7
2021,Maharashtra,Aurangabad Commr.,3417201,342.0,10.00819091414289,0.10646792653713069,25.2,3.7
2021,Maharashtra,Aurangabad Rural,2921083,266.0,9.106211634520484,0.10646792653713069,25.2,3.7
2021,Maharashtra,Aurangabad Rural,4256474,266.0,6.249304001387063,0.10646792653713069,25.2,3.7
2021,Maharashtra,Beed,3417201,541.0,15.831670422664633,0.10646792653713069,25.2,3.7
2021,Maharashtra,Bhandara,1380384,51.0,3.6946241045969814,0.10646792653713069,25.2,3.7
2021,Maharashtra,Buldhana,3417201,272.0,7.959730785517152,0.10646792653713069,25.2,3.7
2021,Maharashtra,Chandrapur,2534953,178.0,7.02182644017463,0.10646792653713069,25.2,3.7
2021,Maharashtra,Dhule,2358491,376.0,15.942397066598941,0.10646792653713069,25.2,3.7
2021,Maharashtra,Gadchiroli,1233883,46.0,3.728068220406635,0.10646792653713069,25.2,3.7
2021,Maharashtra,Gondia,3417201,71.0,2.0777238447489625,0.10646792653713069,25.2,3.7
2021,Maharashtra,Hingoli,1353946,150.0,11.078728398326078,0.10646792653713069,25.2,3.7
2021,Maharashtra,Jalgaon,4864404,523.0,10.751574088007493,0.10646792653713069,25.2,3.7
2021,Maharashtra,Jalna,2252902,481.0,21.350240711757547,0.10646792653713069,25.2,3.7
2021,Maharashtra,Kolhapur,4457401,330.0,7.403417372589991,0.10646792653713069,25.2,3.7
2021,Maharashtra,Latur,2822325,319.0,11.302737990840885,0.10646792653713069,25.2,3.7
2021,Maharashtra,Mumbai Commr.,3417201,1206.0,35.29204164460914,0.10646792653713069,25.2,3.7
2021,Maharashtra,Mumbai Railway,3417201,5.0,0.14631858061612413,0.10646792653713069,25.2,3.7
2021,Maharashtra,Nagpur Commr.,3417201,292.0,8.545005107981648,0.10646792653713069,25.2,3.7
2021,Maharashtra,Nagpur Railway,3417201,1.0,0.029263716123224825,0.10646792653713069,25.2,3.7
2021,Maharashtra,Nagpur Rural,5351605,59.0,1.1024729964188313,0.10646792653713069,25.2,3.7
2021,Maharashtra,Nanded,3865485,342.0,8.847531422318285,0.10646792653713069,25.2,3.7
2021,Maharashtra,Nandurbar,1895539,108.0,5.697587862871722,0.10646792653713069,25.2,3.7
2021,Maharashtra,Nasik Commr.,3417201,87.0,2.54594330272056,0.10646792653713069,25.2,3.7
2021,Maharashtra,Nasik Rural,3417201,572.0,16.7388456224846,0.10646792653713069,25.2,3.7
2021,Maharashtra,Navi Mumbai,3417201,284.0,8.31089537899585,0.10646792653713069,25.2,3.7
2021,Maharashtra,Osmanabad,1906212,179.0,9.390351125688014,0.10646792653713069,25.2,3.7
2021,Maharashtra,Palghar,3417201,54.0,1.5802406706541405,0.10646792653713069,25.2,3.7
2021,Maharashtra,Parbhani,2111498,260.0,12.313532856768038,0.10646792653713069,25.2,3.7
2021,Maharashtra,Pune Commr.,3417201,411.0,12.027387326645403,0.10646792653713069,25.2,3.7
2021,Maharashtra,Pune Railway,3417201,0.0,0.0,0.10646792653713069,25.2,3.7
2021,Maharashtra,Pune Rural,10843819,415.0,3.8270649851311607,0.10646792653713069,25.2,3.7
2021,Maharashtra,Raigad,3417201,73.0,2.136251276995412,0.10646792653713069,25.2,3.7
2021,Maharashtra,Ratnagiri,1857329,32.0,1.7229042350601322,0.10646792653713069,25.2,3.7
2021,Maharashtra,Sangli,3245464,204.0,6.285695974443099,0.10646792653713069,25.2,3.7
2021,Maharashtra,Satara,3454302,218.0,6.310971073171946,0.10646792653713069,25.2,3.7
2021,Maharashtra,Sindhudurg,977098,12.0,1.2281265543476703,0.10646792653713069,25.2,3.7
2021,Maharashtra,Solapur Commr.,3417201,151.0,4.418821134606949,0.10646792653713069,25.2,3.7
2021,Maharashtra,Solapur Rural,4965419,272.0,5.477886156233744,0.10646792653713069,25.2,3.7
2021,Maharashtra,Thane Commr.,3417201,674.0,19.723744667053534,0.10646792653713069,25.2,3.7
2021,Maharashtra,Thane Rural,12719170,79.0,0.6211097107751528,0.10646792653713069,25.2,3.7
2021,Maharashtra,Wardha,1495890,55.0,3.676740936833591,0.10646792653713069,25.2,3.7
2021,Maharashtra,Washim,1376734,247.0,17.94101111761604,0.10646792653713069,25.2,3.7
2021,Maharashtra,Yavatmal,3188200,360.0,11.291637914810865,0.10646792653713069,25.2,3.7
2021,Maharashtra,Pimpri Chinchwad City,3417201,326.0,9.539971456171294,0.10646792653713069,25.2,3.7
2021,Maharashtra,Aurangabad Railway,3417201,1.0,0.029263716123224825,0.10646792653713069,25.2,3.7
2021,Maharashtra,Mira Bhayandar Vasai Virar Commr.,3417201,425.0,12.437079352370551,0.10646792653713069,25.2,3.7
2021,Maharashtra,Total Districts ,3417201,12758.0,373.34649030010235,0.10646792653713069,25.2,3.7
2021,Manipur,Bishnupur,273008,9.0,3.2966066928441657,0.19931662870159453,39.6,4.4
2021,Manipur,Chandel,165809,1.0,0.6031035709762438,0.19931662870159453,39.6,4.4
2021,Manipur,Churachandpur,315264,0.0,0.0,0.19931662870159453,39.6,4.4
2021,Manipur,CID,364906,0.0,0.0,0.19931662870159453,39.6,4.4
2021,Manipur,Imphal East,524529,7.0,1.334530597926902,0.19931662870159453,39.6,4.4
2021,Manipur,Imphal West,595690,11.0,1.8465980627507597,0.19931662870159453,39.6,4.4
2021,Manipur,Senapati,551020,1.0,0.1814816159123081,0.19931662870159453,39.6,4.4
2021,Manipur,Tamenglong,161748,0.0,0.0,0.19931662870159453,39.6,4.4
2021,Manipur,Thoubal,485493,10.0,2.059761932715817,0.19931662870159453,39.6,4.4
2021,Manipur,Ukhrul,211597,1.0,0.4725964923888335,0.19931662870159453,39.6,4.4
2021,Manipur,Kakching,364906,4.0,1.096172712972656,0.19931662870159453,39.6,4.4
2021,Manipur,Kamjong,364906,0.0,0.0,0.19931662870159453,39.6,4.4
2021,Manipur,Kangpokpi,364906,0.0,0.0,0.19931662870159453,39.6,4.4
2021,Manipur,Jiribam,364906,1.0,0.274043178243164,0.19931662870159453,39.6,4.4
2021,Manipur,Noney,364906,0.0,0.0,0.19931662870159453,39.6,4.4
2021,Manipur,Pherzawl,364906,0.0,0.0,0.19931662870159453,39.6,4.4
2021,Manipur,Tengnoupal,364906,1.0,0.274043178243164,0.19931662870159453,39.6,4.4
2021,Manipur,Narcotic,364906,0.0,0.0,0.19931662870159453,39.6,4.4
2021,Manipur,Total Districts ,364906,46.0,12.605986199185542,0.19931662870159453,39.6,4.4
2021,Meghalaya,Garo Hills East,297666,6.0,2.0156820060067324,0.17523364485981308,12.7,5.0
2021,Meghalaya,Garo Hills North,297666,4.0,1.3437880040044883,0.17523364485981308,12.7,5.0
2021,Meghalaya,Garo Hills South,297666,4.0,1.3437880040044883,0.17523364485981308,12.7,5.0
2021,Meghalaya,Garo Hills South West,297666,0.0,0.0,0.17523364485981308,12.7,5.0
2021,Meghalaya,Garo Hills West,297666,18.0,6.047046018020197,0.17523364485981308,12.7,5.0
2021,Meghalaya,Jaintia Hills West,297666,6.0,2.0156820060067324,0.17523364485981308,12.7,5.0
2021,Meghalaya,Jaintia Hills East,297666,15.0,5.03920501501683,0.17523364485981308,12.7,5.0
2021,Meghalaya,Khasi Hills East,297666,28.0,9.406516028031419,0.17523364485981308,12.7,5.0
2021,Meghalaya,Khasi Hills South West,297666,2.0,0.6718940020022441,0.17523364485981308,12.7,5.0
2021,Meghalaya,Khasi Hills West,297666,10.0,3.3594700100112207,0.17523364485981308,12.7,5.0
2021,Meghalaya,Ri-Bhoi,297666,6.0,2.0156820060067324,0.17523364485981308,12.7,5.0
2021,Meghalaya,Cyber Cell,297666,0.0,0.0,0.17523364485981308,12.7,5.0
2021,Meghalaya,Total Districts ,297666,99.0,33.25875309911108,0.17523364485981308,12.7,5.0
2021,Mizoram,Aizawl,460355,20.0,4.344473286919877,0.16501650165016502,16.8,4.4
2021,Mizoram,Champhai,144606,2.0,1.383068475720233,0.16501650165016502,16.8,4.4
2021,Mizoram,Kolasib,96548,4.0,4.143016944939305,0.16501650165016502,16.8,4.4
2021,Mizoram,Lawngtlai,135578,2.0,1.4751655873371785,0.16501650165016502,16.8,4.4
2021,Mizoram,Lunglei,185642,3.0,1.6160136176080844,0.16501650165016502,16.8,4.4
2021,Mizoram,Mamit,99318,2.0,2.013733663585654,0.16501650165016502,16.8,4.4
2021,Mizoram,Saiha,65060,0.0,0.0,0.16501650165016502,16.8,4.4
2021,Mizoram,Serchhip,74677,0.0,0.0,0.16501650165016502,16.8,4.4
2021,Mizoram,Spl Narcotic,157723,0.0,0.0,0.16501650165016502,16.8,4.4
2021,Mizoram,Saitual,157723,0.0,0.0,0.16501650165016502,16.8,4.4
2021,Mizoram,Khawzawl,157723,2.0,1.2680458778998625,0.16501650165016502,16.8,4.4
2021,Mizoram,Hnahthial,157723,0.0,0.0,0.16501650165016502,16.8,4.4
2021,Mizoram,Cyber,157723,0.0,0.0,0.16501650165016502,16.8,4.4
2021,Mizoram,Total Districts ,157723,35.0,22.19080286324759,0.16501650165016502,16.8,4.4
2021,Nagaland,Dimapur,435632,3.0,0.688654644286921,0.15313935681470137,15.6,3.8
2021,Nagaland,Kiphire,85104,0.0,0.0,0.15313935681470137,15.6,3.8
2021,Nagaland,Kohima,308186,1.0,0.32447937284626815,0.15313935681470137,15.6,3.8
2021,Nagaland,Longleng,58056,0.0,0.0,0.15313935681470137,15.6,3.8
2021,Nagaland,Mokokchung,223815,0.0,0.0,0.15313935681470137,15.6,3.8
2021,Nagaland,Mon,287799,2.0,0.6949294472878641,0.15313935681470137,15.6,3.8
2021,Nagaland,Peren,109501,0.0,0.0,0.15313935681470137,15.6,3.8
2021,Nagaland,Phek,187930,0.0,0.0,0.15313935681470137,15.6,3.8
2021,Nagaland,Tuensang,226085,0.0,0.0,0.15313935681470137,15.6,3.8
2021,Nagaland,Wokha,191294,0.0,0.0,0.15313935681470137,15.6,3.8
2021,Nagaland,Zunheboto,161870,0.0,0.0,0.15313935681470137,15.6,3.8
2021,Nagaland,Total Districts ,206842,6.0,2.9007648349948267,0.15313935681470137,15.6,3.8
2021,Odisha,Angul,1638572,507.0,30.941575957602108,0.07449344457687723,30.4,5.4
2021,Odisha,Balasore,1638572,217.0,13.243238624851395,0.07449344457687723,30.4,5.4
2021,Odisha,Baragarh,1638572,116.0,7.079334933100284,0.07449344457687723,30.4,5.4
2021,Odisha,Berhampur,1638572,168.0,10.252829903110758,0.07449344457687723,30.4,5.4
2021,Odisha,Bhadrak,1732287,184.0,10.621796503697135,0.07449344457687723,30.4,5.4
2021,Odisha,Bolangir,1638572,164.0,10.008714905417644,0.07449344457687723,30.4,5.4
2021,Odisha,Boudh,1638572,51.0,3.1124662205871942,0.07449344457687723,30.4,5.4
2021,Odisha,Cuttack,3018140,170.0,5.632608162643217,0.07449344457687723,30.4,5.4
2021,Odisha,DCP BBSR,1638572,214.0,13.06015237658156,0.07449344457687723,30.4,5.4
2021,Odisha,DCP CTC,1638572,175.0,10.680031149073706,0.07449344457687723,30.4,5.4
2021,Odisha,Deogarh,1638572,90.0,5.4925874480950485,0.07449344457687723,30.4,5.4
2021,Odisha,Dhenkanal,1371732,183.0,13.340798348365423,0.07449344457687723,30.4,5.4
2021,Odisha,Gajapati,664489,58.0,8.728511683413872,0.07449344457687723,30.4,5.4
2021,Odisha,Ganjam,4058385,746.0,18.381696167317788,0.07449344457687723,30.4,5.4
2021,Odisha,Jagatsinghpur,1638572,166.0,10.1307724042642,0.07449344457687723,30.4,5.4
2021,Odisha,Jajpur,1638572,328.0,20.01742981083529,0.07449344457687723,30.4,5.4
2021,Odisha,Jharsuguda,666430,110.0,16.505859580150954,0.07449344457687723,30.4,5.4
2021,Odisha,Kalahandi,1813399,272.0,14.999456821140852,0.07449344457687723,30.4,5.4
2021,Odisha,Kandhamal,843076,144.0,17.080310671872997,0.07449344457687723,30.4,5.4
2021,Odisha,Kendrapara,1656415,220.0,13.281695710314143,0.07449344457687723,30.4,5.4
2021,Odisha,Keonjhar,1638572,203.0,12.3888361329255,0.07449344457687723,30.4,5.4
2021,Odisha,Khurda,1638572,127.0,7.750651176756347,0.07449344457687723,30.4,5.4
2021,Odisha,Koraput,1586594,185.0,11.66019788301229,0.07449344457687723,30.4,5.4
2021,Odisha,Malkangiri,705170,164.0,23.25680332402116,0.07449344457687723,30.4,5.4
2021,Odisha,Mayurbhanj,2897698,512.0,17.669198101389448,0.07449344457687723,30.4,5.4
2021,Odisha,Nayagarh,1107207,82.0,7.406022541403731,0.07449344457687723,30.4,5.4
2021,Odisha,Nabarangpur,1638572,186.0,11.351347392729767,0.07449344457687723,30.4,5.4
2021,Odisha,Nuapada,701939,53.0,7.550513648621888,0.07449344457687723,30.4,5.4
2021,Odisha,Puri,1953539,208.0,10.647343103976935,0.07449344457687723,30.4,5.4
2021,Odisha,Rayagada,1113097,122.0,10.960410458387724,0.07449344457687723,30.4,5.4
2021,Odisha,Rourkela,1638572,137.0,8.36093867098913,0.07449344457687723,30.4,5.4
2021,Odisha,Sambalpur,1197263,224.0,18.70933955196143,0.07449344457687723,30.4,5.4
2021,Odisha,Sonepur,1638572,50.0,3.051437471163916,0.07449344457687723,30.4,5.4
2021,Odisha,SRP(Cuttack),1638572,0.0,0.0,0.07449344457687723,30.4,5.4
2021,Odisha,SRP(Rourkela),1638572,2.0,0.12205749884655663,0.07449344457687723,30.4,5.4
2021,Odisha,Sundargarh,2407452,112.0,4.652221518850635,0.07449344457687723,30.4,5.4
2021,Odisha,CID CB,1638572,0.0,0.0,0.07449344457687723,30.4,5.4
2021,Odisha,Total Districts ,1638572,6650.0,405.84118366480084,0.07449344457687723,30.4,5.4
2021,Punjab,Amritsar Rural,2864254,69.0,2.409004229373512,0.0587406015037594,11.0,5.5
2021,Punjab,Barnala,684856,26.0,3.796418517177334,0.0587406015037594,11.0,5.5
2021,Punjab,Batala,1683506,72.0,4.276789034312916,0.0587406015037594,11.0,5.5
2021,Punjab,Bathinda,1596803,88.0,5.511011690233548,0.0587406015037594,11.0,5.5
2021,Punjab,CP Amritsar,1683506,121.0,7.187381571553651,0.0587406015037594,11.0,5.5
2021,Punjab,CP Jalandhar,1683506,155.0,9.206976393312527,0.0587406015037594,11.0,5.5
2021,Punjab,CP Ludhiana,1683506,201.0,11.93936938745689,0.0587406015037594,11.0,5.5
2021,Punjab,Faridkot,710134,42.0,5.914376723266313,0.0587406015037594,11.0,5.5
2021,Punjab,Fatehgarh Sahib,690187,37.0,5.360865968208616,0.0587406015037594,11.0,5.5
2021,Punjab,Fazilka,1683506,97.0,5.761785226782679,0.0587406015037594,11.0,5.5
2021,Punjab,Ferozepur,1683506,63.0,3.742190405023802,0.0587406015037594,11.0,5.5
2021,Punjab,GRP,1683506,2.0,0.118799695397581,0.0587406015037594,11.0,5.5
2021,Punjab,Gurdaspur,2643071,78.0,2.9511125505141558,0.0587406015037594,11.0,5.5
2021,Punjab,Hoshiarpur,1824618,118.0,6.4671070876205325,0.0587406015037594,11.0,5.5
2021,Punjab,Jalandhar Rural,2522628,72.0,2.85416636935767,0.0587406015037594,11.0,5.5
2021,Punjab,Kapurthala,937443,64.0,6.827081753237263,0.0587406015037594,11.0,5.5
2021,Punjab,Khanna,1683506,50.0,2.969992384939525,0.0587406015037594,11.0,5.5
2021,Punjab,Ludhiana Rural,4023549,42.0,1.0438545671992563,0.0587406015037594,11.0,5.5
2021,Punjab,Mansa,885213,38.0,4.2927521398804585,0.0587406015037594,11.0,5.5
2021,Punjab,Moga,1145107,24.0,2.0958740100270106,0.0587406015037594,11.0,5.5
2021,Punjab,Muktsar,1037180,34.0,3.278119516380956,0.0587406015037594,11.0,5.5
2021,Punjab,Pathankot,1683506,50.0,2.969992384939525,0.0587406015037594,11.0,5.5
2021,Punjab,Patiala,2180038,159.0,7.293450848104483,0.0587406015037594,11.0,5.5
2021,Punjab,Ropar,1683506,53.0,3.1481919280358968,0.0587406015037594,11.0,5.5
2021,Punjab,Sangrur,1903444,63.0,3.3097900437312573,0.0587406015037594,11.0,5.5
2021,Punjab,SAS Nagar,1683506,155.0,9.206976393312527,0.0587406015037594,11.0,5.5
2021,Punjab,SBS Nagar,1683506,88.0,5.2271865974935645,0.0587406015037594,11.0,5.5
2021,Punjab,Tarn Taran,1287571,43.0,3.3396216596987665,0.0587406015037594,11.0,5.5
2021,Punjab,Bureau of Investigation,1683506,0.0,0.0,0.0587406015037594,11.0,5.5
2021,Punjab,Intelligence Wing,1683506,0.0,0.0,0.0587406015037594,11.0,5.5
2021,Punjab,NRI Wing,1683506,100.0,5.93998476987905,0.0587406015037594,11.0,5.5
2021,Punjab,Special Task Force,1683506,0.0,0.0,0.0587406015037594,11.0,5.5
2021,Punjab,Malerkotla,1683506,37.0,2.1977943648552487,0.0587406015037594,11.0,5.5
2021,Punjab,Total Districts ,1683506,2241.0,133.1150586929895,0.0587406015037594,11.0,5.5
2021,Rajasthan,Ajmer,2970509,1195.0,40.228795805701985,0.1282991202346041,24.3,2.7
2021,Rajasthan,Alwar,4225305,954.0,22.578251747506986,0.1282991202346041,24.3,2.7
2021,Rajasthan,Banswara,2067107,335.0,16.20622444798455,0.1282991202346041,24.3,2.7
2021,Rajasthan,Baran,1406168,437.0,31.07736771139722,0.1282991202346041,24.3,2.7
2021,Rajasthan,Barmer,2994313,653.0,21.80800737932207,0.1282991202346041,24.3,2.7
2021,Rajasthan,Bharatpur,2930731,1210.0,41.28662780719213,0.1282991202346041,24.3,2.7
2021,Rajasthan,Bhilwara,2769801,1007.0,36.35640249967416,0.1282991202346041,24.3,2.7
2021,Rajasthan,Bikaner,2718527,633.0,23.284668498786292,0.1282991202346041,24.3,2.7
2021,Rajasthan,Bundi,1277541,403.0,31.544975855960786,0.1282991202346041,24.3,2.7
2021,Rajasthan,Chittorgarh,2485185,601.0,24.18331029681895,0.1282991202346041,24.3,2.7
2021,Rajasthan,Churu,2345479,605.0,25.79430470279205,0.1282991202346041,24.3,2.7
2021,Rajasthan,Dausa,1879570,472.0,25.11212670983257,0.1282991202346041,24.3,2.7
2021,Rajasthan,Dholpur,2485185,419.0,16.85991183754932,0.1282991202346041,24.3,2.7
2021,Rajasthan,Dungarpur,1596834,181.0,11.334928990740428,0.1282991202346041,24.3,2.7
2021,Rajasthan,GRP Ajmer,2485185,3.0,0.1207153592187302,0.1282991202346041,24.3,2.7
2021,Rajasthan,GRP Jodhpur,2485185,2.0,0.08047690614582013,0.1282991202346041,24.3,2.7
2021,Rajasthan,Ganganagar,2264543,858.0,37.88843930099804,0.1282991202346041,24.3,2.7
2021,Rajasthan,Hanumangarh,2040895,761.0,37.287562564463144,0.1282991202346041,24.3,2.7
2021,Rajasthan,Jaipur East,2485185,355.0,14.284650840883074,0.1282991202346041,24.3,2.7
2021,Rajasthan,Jaipur North,2485185,380.0,15.290612167705826,0.1282991202346041,24.3,2.7
2021,Rajasthan,Jaipur Rural,7620104,552.0,7.2439956200072855,0.1282991202346041,24.3,2.7
2021,Rajasthan,Jaipur South,2485185,373.0,15.008942996195456,0.1282991202346041,24.3,2.7
2021,Rajasthan,Jaipur West,2485185,525.0,21.125187863277784,0.1282991202346041,24.3,2.7
2021,Rajasthan,Jaisalmer,770406,96.0,12.460962142039392,0.1282991202346041,24.3,2.7
2021,Rajasthan,Jalore,2485185,297.0,11.95082056265429,0.1282991202346041,24.3,2.7
2021,Rajasthan,Jhalawar,1622798,563.0,34.69316575445619,0.1282991202346041,24.3,2.7
2021,Rajasthan,Jhunjhunu,2485185,710.0,28.56930168176615,0.1282991202346041,24.3,2.7
2021,Rajasthan,Jodhpur East,2485185,248.0,9.979136362081697,0.1282991202346041,24.3,2.7
2021,Rajasthan,Jodhpur West,2485185,233.0,9.375559565988045,0.1282991202346041,24.3,2.7
2021,Rajasthan,Jodhpur Rural,4240239,334.0,7.876914485244817,0.1282991202346041,24.3,2.7
2021,Rajasthan,Karauli,1676985,442.0,26.356824897062285,0.1282991202346041,24.3,2.7
2021,Rajasthan,Kota City,2243666,519.0,23.131785212237475,0.1282991202346041,24.3,2.7
2021,Rajasthan,Kota Rural,2243666,294.0,13.103554628897529,0.1282991202346041,24.3,2.7
2021,Rajasthan,Nagaur,3803904,816.0,21.4516454673935,0.1282991202346041,24.3,2.7
2021,Rajasthan,Pali,2343208,832.0,35.50687775050273,0.1282991202346041,24.3,2.7
2021,Rajasthan,Pratapgarh,998025,419.0,41.982916259612736,0.1282991202346041,24.3,2.7
2021,Rajasthan,Pratapgarh,3690512,419.0,11.353438222122024,0.1282991202346041,24.3,2.7
2021,Rajasthan,Rajsamand,1330086,356.0,26.76518661199351,0.1282991202346041,24.3,2.7
2021,Rajasthan,Sawai Madhopur,1535883,374.0,24.35081318043106,0.1282991202346041,24.3,2.7
2021,Rajasthan,Sikar,3078932,773.0,25.106108221941895,0.1282991202346041,24.3,2.7
2021,Rajasthan,Sirohi,1191797,319.0,26.766303321790538,0.1282991202346041,24.3,2.7
2021,Rajasthan,Tonk,1634524,328.0,20.067004216518082,0.1282991202346041,24.3,2.7
2021,Rajasthan,Udaipur,3528682,772.0,21.87785694488764,0.1282991202346041,24.3,2.7
2021,Rajasthan,Jaipur Metro,2485185,0.0,0.0,0.1282991202346041,24.3,2.7
2021,Rajasthan,SCRB,2485185,0.0,0.0,0.1282991202346041,24.3,2.7
2021,Rajasthan,SOG,2485185,0.0,0.0,0.1282991202346041,24.3,2.7
2021,Rajasthan,SSB,2485185,0.0,0.0,0.1282991202346041,24.3,2.7
2021,Rajasthan,Jaipur Crime,2485185,0.0,0.0,0.1282991202346041,24.3,2.7
2021,Rajasthan,Bhiwadi,2485185,661.0,26.597617481193552,0.1282991202346041,24.3,2.7
2021,Rajasthan,Total Districts ,2485185,22300.0,897.3175035258945,0.1282991202346041,24.3,2.7
2021,Sikkim,East,1965747,8.0,0.40696997121196166,0.08117977528089888,7.6,9.8
2021,Sikkim,East,326120,8.0,2.4530847540782537,0.08117977528089888,7.6,9.8
2021,Sikkim,North,1021174,0.0,0.0,0.08117977528089888,7.6,9.8
2021,Sikkim,North,50265,0.0,0.0,0.08117977528089888,7.6,9.8
2021,Sikkim,South,3141718,2.0,0.06365943728877002,0.08117977528089888,7.6,9.8
2021,Sikkim,South,168877,2.0,1.1842938943728276,0.08117977528089888,7.6,9.8
2021,Sikkim,West,2924729,2.0,0.06838240397657355,0.08117977528089888,7.6,9.8
2021,Sikkim,West,156900,2.0,1.2746972594008923,0.08117977528089888,7.6,9.8
2021,Sikkim,CID,1219441,0.0,0.0,0.08117977528089888,7.6,9.8
2021,Sikkim,Total Districts ,1219441,12.0,0.9840574492738887,0.08117977528089888,7.6,9.8
2021,Tamil Nadu,Ariyalur,868128,18.0,2.0734269600796194,0.10120225232080353,38.1,5.3
2021,Tamil Nadu,Chennai,5343741,141.0,2.6386009351875397,0.10120225232080353,38.1,5.3
2021,Tamil Nadu,Coimbatore,3976751,24.0,0.6035077378493147,0.10120225232080353,38.1,5.3
2021,Tamil Nadu,Coimbatore City,3976751,35.0,0.8801154510302506,0.10120225232080353,38.1,5.3
2021,Tamil Nadu,Cuddalore,2996801,68.0,2.2690862689915012,0.10120225232080353,38.1,5.3
2021,Tamil Nadu,Dharmapuri,1732869,22.0,1.2695708677343758,0.10120225232080353,38.1,5.3
2021,Tamil Nadu,Dindigul,2483741,39.0,1.5702120309645815,0.10120225232080353,38.1,5.3
2021,Tamil Nadu,Erode,2589505,12.0,0.46340902991112204,0.10120225232080353,38.1,5.3
2021,Tamil Nadu,Kanchipuram,2769939,8.0,0.2888150244463867,0.10120225232080353,38.1,5.3
2021,Tamil Nadu,Kanyakumari,2769939,13.0,0.4693244147253784,0.10120225232080353,38.1,5.3
2021,Tamil Nadu,Karur,1224166,18.0,1.4703888198169204,0.10120225232080353,38.1,5.3
2021,Tamil Nadu,Krishnagiri,2161780,12.0,0.5550981135915772,0.10120225232080353,38.1,5.3
2021,Tamil Nadu,Madurai,3493989,67.0,1.9175790192814002,0.10120225232080353,38.1,5.3
2021,Tamil Nadu,Madurai City,3493989,99.0,2.8334376553560987,0.10120225232080353,38.1,5.3
2021,Tamil Nadu,Nagapattinam,1858917,24.0,1.2910743190793348,0.10120225232080353,38.1,5.3
2021,Tamil Nadu,Namakkal,1985591,18.0,0.9065311033339696,0.10120225232080353,38.1,5.3
2021,Tamil Nadu,Nilgiris,2769939,7.0,0.2527131463905884,0.10120225232080353,38.1,5.3
2021,Tamil Nadu,Perambalur,650006,9.0,1.384602603668274,0.10120225232080353,38.1,5.3
2021,Tamil Nadu,Pudukottai,2769939,30.0,1.0830563416739503,0.10120225232080353,38.1,5.3
2021,Tamil Nadu,Ramnathapuram,2769939,16.0,0.5776300488927734,0.10120225232080353,38.1,5.3
2021,Tamil Nadu,Railway Chennai,2769939,1.0,0.036101878055798335,0.10120225232080353,38.1,5.3
2021,Tamil Nadu,Railway Trichy,2769939,0.0,0.0,0.10120225232080353,38.1,5.3
2021,Tamil Nadu,Salem,4004364,25.0,0.6243188681148867,0.10120225232080353,38.1,5.3
2021,Tamil Nadu,Salem City,4004364,13.0,0.3246458114197411,0.10120225232080353,38.1,5.3
2021,Tamil Nadu,Sivagangai,2769939,38.0,1.371871366120337,0.10120225232080353,38.1,5.3
2021,Tamil Nadu,Thanjavur,2766773,45.0,1.6264435137974818,0.10120225232080353,38.1,5.3
2021,Tamil Nadu,Theni,1432783,64.0,4.4668313345426345,0.10120225232080353,38.1,5.3
2021,Tamil Nadu,Thirunelveli,2769939,15.0,0.5415281708369751,0.10120225232080353,38.1,5.3
2021,Tamil Nadu,Thirunelveli City,2769939,8.0,0.2888150244463867,0.10120225232080353,38.1,5.3
2021,Tamil Nadu,Thiruvallur,4287319,48.0,1.1195807916322533,0.10120225232080353,38.1,5.3
2021,Tamil Nadu,Thiruvannamalai,2769939,34.0,1.2274638538971434,0.10120225232080353,38.1,5.3
2021,Tamil Nadu,Thiruvarur,1453918,22.0,1.5131527362616048,0.10120225232080353,38.1,5.3
2021,Tamil Nadu,Thoothukudi,2769939,47.0,1.6967882686225222,0.10120225232080353,38.1,5.3
2021,Tamil Nadu,Tiruppur,2850909,11.0,0.38584184903832425,0.10120225232080353,38.1,5.3
2021,Tamil Nadu,Tiruppur City,2850909,7.0,0.24553572211529723,0.10120225232080353,38.1,5.3
2021,Tamil Nadu,Trichy,2769939,81.0,2.9242521225196656,0.10120225232080353,38.1,5.3
2021,Tamil Nadu,Trichy City,2769939,28.0,1.0108525855623536,0.10120225232080353,38.1,5.3
2021,Tamil Nadu,Vellore,4526780,23.0,0.5080874263825501,0.10120225232080353,38.1,5.3
2021,Tamil Nadu,Villupuram,2769939,40.0,1.4440751222319337,0.10120225232080353,38.1,5.3
2021,Tamil Nadu,Virudhunagar,2233631,33.0,1.477415025131725,0.10120225232080353,38.1,5.3
2021,Tamil Nadu,Cyber Cell,2769939,0.0,0.0,0.10120225232080353,38.1,5.3
2021,Tamil Nadu,Other Units,2769939,0.0,0.0,0.10120225232080353,38.1,5.3
2021,Tamil Nadu,Chengalpattu,2769939,16.0,0.5776300488927734,0.10120225232080353,38.1,5.3
2021,Tamil Nadu,Kallakurichi,2769939,23.0,0.8303431952833619,0.10120225232080353,38.1,5.3
2021,Tamil Nadu,Ranipet,2769939,5.0,0.1805093902789917,0.10120225232080353,38.1,5.3
2021,Tamil Nadu,Tiruppattur,2769939,8.0,0.2888150244463867,0.10120225232080353,38.1,5.3
2021,Tamil Nadu,Tenkasi,2769939,14.0,0.5054262927811768,0.10120225232080353,38.1,5.3
2021,Tamil Nadu,Total Districts ,2769939,1329.0,47.979395936155996,0.10120225232080353,38.1,5.3
2021,Telangana,Cyberabad Commissionerate,3550945,1385.0,39.00370183148429,0.26160648489314664,36.9,7.6
2021,Telangana,Hyderabad Commissionerate,3550945,1811.0,51.0005083153921,0.26160648489314664,36.9,7.6
2021,Telangana,Karimnagar Commissionerate,3550945,282.0,7.941547954136152,0.26160648489314664,36.9,7.6
2021,Telangana,Khammam Commissionerate,3550945,344.0,9.68756204334339,0.26160648489314664,36.9,7.6
2021,Telangana,Nizamabad Commissionerate,3550945,275.0,7.7444173311611415,0.26160648489314664,36.9,7.6
2021,Telangana,Rachakonda Commissionerate,3550945,1646.0,46.35385791669541,0.26160648489314664,36.9,7.6
2021,Telangana,Ramagundam Commissionerate,3550945,618.0,17.403817856936673,0.26160648489314664,36.9,7.6
2021,Telangana,Siddipet Commissionerate,3550945,359.0,10.109984806861272,0.26160648489314664,36.9,7.6
2021,Telangana,Warangal Commissionerate,3550945,571.0,16.080226531247316,0.26160648489314664,36.9,7.6
2021,Telangana,Adilabad,3152424,136.0,4.314140483640526,0.26160648489314664,36.9,7.6
2021,Telangana,Bhadradri Kothagudem,3550945,403.0,11.349091579847055,0.26160648489314664,36.9,7.6
2021,Telangana,Jagityal,3550945,347.0,9.772046596046968,0.26160648489314664,36.9,7.6
2021,Telangana,Jayashankar Bhupalpalli,3550945,71.0,1.9994677473179676,0.26160648489314664,36.9,7.6
2021,Telangana,Jogulamba Gadwal,3550945,47.0,1.3235913256893588,0.26160648489314664,36.9,7.6
2021,Telangana,Kamareddy ,3550945,267.0,7.519125190618271,0.26160648489314664,36.9,7.6
2021,Telangana,Kumaram Bheem Asifabad,3550945,88.0,2.4782135459715655,0.26160648489314664,36.9,7.6
2021,Telangana,Mahabubabad,3550945,136.0,3.8299663892287823,0.26160648489314664,36.9,7.6
2021,Telangana,Mahabubnagar,3550945,129.0,3.6328357662537716,0.26160648489314664,36.9,7.6
2021,Telangana,Medak,3488281,147.0,4.214110044460294,0.26160648489314664,36.9,7.6
2021,Telangana,Nagarkurnool,3550945,67.0,1.8868216770465327,0.26160648489314664,36.9,7.6
2021,Telangana,Nalgonda,4012130,317.0,7.9010400959091545,0.26160648489314664,36.9,7.6
2021,Telangana,Nirmal,3550945,76.0,2.140275335157261,0.26160648489314664,36.9,7.6
2021,Telangana,Rajanna Siricilla,3550945,200.0,5.632303513571739,0.26160648489314664,36.9,7.6
2021,Telangana,Sangareddy,3550945,156.0,4.393196740585957,0.26160648489314664,36.9,7.6
2021,Telangana,Suryapet,3550945,309.0,8.701908928468336,0.26160648489314664,36.9,7.6
2021,Telangana,Vikarabad,3550945,111.0,3.1259284500323155,0.26160648489314664,36.9,7.6
2021,Telangana,Wanaparthy,3550945,49.0,1.3799143608250761,0.26160648489314664,36.9,7.6
2021,Telangana,Railway Police Secunderabad,3550945,1.0,0.028161517567858698,0.26160648489314664,36.9,7.6
2021,Telangana,Mulug,3550945,80.0,2.2529214054286957,0.26160648489314664,36.9,7.6
2021,Telangana,Narayanpet,3550945,50.0,1.4080758783929348,0.26160648489314664,36.9,7.6
2021,Telangana,Total Districts ,3550945,10478.0,295.0763810760234,0.26160648489314664,36.9,7.6
2021,Tripura,Dhalai,434964,23.0,5.2877939323714145,0.16066838046272494,17.7,4.6
2021,Tripura,Gomati,1128375,77.0,6.823972526863853,0.16066838046272494,17.7,4.6
2021,Tripura,GRP,1128375,0.0,0.0,0.16066838046272494,17.7,4.6
2021,Tripura,Kowai,1128375,21.0,1.8610834164174144,0.16066838046272494,17.7,4.6
2021,Tripura,North,1021174,37.0,3.623280655402507,0.16066838046272494,17.7,4.6
2021,Tripura,North,50265,37.0,73.60986770118373,0.16066838046272494,17.7,4.6
2021,Tripura,Sipahijala,1128375,65.0,5.760496288911044,0.16066838046272494,17.7,4.6
2021,Tripura,South,3141718,35.0,1.1140401525534755,0.16066838046272494,17.7,4.6
2021,Tripura,South,168877,35.0,20.72514315152448,0.16066838046272494,17.7,4.6
2021,Tripura,Unakoti,1128375,74.0,6.558103467375651,0.16066838046272494,17.7,4.6
2021,Tripura,West,2924729,107.0,3.6584586127466854,0.16066838046272494,17.7,4.6
2021,Tripura,West,156900,107.0,68.19630337794774,0.16066838046272494,17.7,4.6
2021,Tripura,Total Districts ,1128375,439.0,38.905505705106904,0.16066838046272494,17.7,4.6
2021,Uttar Pradesh,Agra,5081616,793.0,15.605272023702694,0.28907303912121796,34.8,2.4
2021,Uttar Pradesh,Aligarh,4224972,889.0,21.041559565365166,0.28907303912121796,34.8,2.4
2021,Uttar Pradesh,Prayagraj,3086497,913.0,29.580459660255624,0.28907303912121796,34.8,2.4
2021,Uttar Pradesh,Ambedkar Nagar,2757571,163.0,5.9109992090865475,0.28907303912121796,34.8,2.4
2021,Uttar Pradesh,Amethi,3086497,185.0,5.9938499859225525,0.28907303912121796,34.8,2.4
2021,Uttar Pradesh,Amroha,3086497,300.0,9.719756733928463,0.28907303912121796,34.8,2.4
2021,Uttar Pradesh,Auraiya,1586476,268.0,16.89278627599787,0.28907303912121796,34.8,2.4
2021,Uttar Pradesh,Azamgarh,5305999,286.0,5.390125403340634,0.28907303912121796,34.8,2.4
2021,Uttar Pradesh,Badaun,3086497,387.0,12.538486186767717,0.28907303912121796,34.8,2.4
2021,Uttar Pradesh,Baghpat,1498505,92.0,6.139452320813077,0.28907303912121796,34.8,2.4
2021,Uttar Pradesh,Bahraich,4010890,107.0,2.6677370857839535,0.28907303912121796,34.8,2.4
2021,Uttar Pradesh,Ballia,3725740,155.0,4.1602473602559495,0.28907303912121796,34.8,2.4
2021,Uttar Pradesh,Balrampur,2470964,36.0,1.4569212663559648,0.28907303912121796,34.8,2.4
2021,Uttar Pradesh,Banda,2069321,231.0,11.163081996461642,0.28907303912121796,34.8,2.4
2021,Uttar Pradesh,Barabanki,3086497,98.0,3.1751205330832977,0.28907303912121796,34.8,2.4
2021,Uttar Pradesh,Bareilly,5115612,979.0,19.137495181417197,0.28907303912121796,34.8,2.4
2021,Uttar Pradesh,Basti,2834133,50.0,1.7642079606002963,0.28907303912121796,34.8,2.4
2021,Uttar Pradesh,Bijnor,4235119,233.0,5.501616365443333,0.28907303912121796,34.8,2.4
2021,Uttar Pradesh,Bulandshahar,3086497,966.0,31.29761668324965,0.28907303912121796,34.8,2.4
2021,Uttar Pradesh,Chandoli,3086497,138.0,4.471088097607093,0.28907303912121796,34.8,2.4
2021,Uttar Pradesh,Chitrakoot,1140489,67.0,5.874673056908046,0.28907303912121796,34.8,2.4
2021,Uttar Pradesh,Deoria,3566087,43.0,1.2058034478687705,0.28907303912121796,34.8,2.4
2021,Uttar Pradesh,Etah,2040651,129.0,6.321512105695683,0.28907303912121796,34.8,2.4
2021,Uttar Pradesh,Etawah,1819081,155.0,8.520786045261316,0.28907303912121796,34.8,2.4
2021,Uttar Pradesh,Ayodhya,3086497,77.0,2.4947375617083054,0.28907303912121796,34.8,2.4
2021,Uttar Pradesh,Fatehgarh,3086497,205.0,6.6418337681844495,0.28907303912121796,34.8,2.4
2021,Uttar Pradesh,Fatehpur,3027642,243.0,8.026047993785262,0.28907303912121796,34.8,2.4
2021,Uttar Pradesh,Firozabad,2872879,491.0,17.090869472748416,0.28907303912121796,34.8,2.4
2021,Uttar Pradesh,GRP,3086497,2.0,0.06479837822618975,0.28907303912121796,34.8,2.4
2021,Uttar Pradesh,Gautambudh Nagar,3086497,349.0,11.307317000470112,0.28907303912121796,34.8,2.4
2021,Uttar Pradesh,Ghaziabad,5383891,639.0,11.868739541718062,0.28907303912121796,34.8,2.4
2021,Uttar Pradesh,Ghazipur,4163308,278.0,6.677382504489219,0.28907303912121796,34.8,2.4
2021,Uttar Pradesh,Gonda,3949006,61.0,1.5446925124955495,0.28907303912121796,34.8,2.4
2021,Uttar Pradesh,Gorakhpur,5107029,518.0,10.142883465122285,0.28907303912121796,34.8,2.4
2021,Uttar Pradesh,Hamirpur,522983,119.0,22.754085696858215,0.28907303912121796,34.8,2.4
2021,Uttar Pradesh,Hamirpur,1269927,119.0,9.370617366195065,0.28907303912121796,34.8,2.4
2021,Uttar Pradesh,Hapur,3086497,285.0,9.233768897232041,0.28907303912121796,34.8,2.4
2021,Uttar Pradesh,Hardoi,4706771,253.0,5.37523495406936,0.28907303912121796,34.8,2.4
2021,Uttar Pradesh,Hathras,3086497,177.0,5.734656473017793,0.28907303912121796,34.8,2.4
2021,Uttar Pradesh,Jalaun,1943470,147.0,7.563790539601846,0.28907303912121796,34.8,2.4
2021,Uttar Pradesh,Jaunpur,5168334,244.0,4.721057114342843,0.28907303912121796,34.8,2.4
2021,Uttar Pradesh,Jhansi,2298393,312.0,13.574701976554922,0.28907303912121796,34.8,2.4
2021,Uttar Pradesh,Kannauj,1905108,508.0,26.665154941347154,0.28907303912121796,34.8,2.4
2021,Uttar Pradesh,Kanpur Dehat,2065611,488.0,23.624971013419273,0.28907303912121796,34.8,2.4
2021,Uttar Pradesh,Kanpur Commissionarate,3086497,534.0,17.301166986392666,0.28907303912121796,34.8,2.4
2021,Uttar Pradesh,Kasganj,3086497,164.0,5.31346701454756,0.28907303912121796,34.8,2.4
2021,Uttar Pradesh,Kaushambi,1839535,121.0,6.577749268157442,0.28907303912121796,34.8,2.4
2021,Uttar Pradesh,Khiri,3086497,371.0,12.0200991609582,0.28907303912121796,34.8,2.4
2021,Uttar Pradesh,Kushi Nagar,3086497,121.0,3.9203018826844804,0.28907303912121796,34.8,2.4
2021,Uttar Pradesh,Lalitpur,1404830,51.0,3.630332495746816,0.28907303912121796,34.8,2.4
2021,Uttar Pradesh,Lucknow Commissionarate,3086497,1249.0,40.4665872022555,0.28907303912121796,34.8,2.4
2021,Uttar Pradesh,Maharajganj,3086497,196.0,6.350241066166595,0.28907303912121796,34.8,2.4
2021,Uttar Pradesh,Mahoba,1007351,55.0,5.459864535797354,0.28907303912121796,34.8,2.4
2021,Uttar Pradesh,Mainpuri,2148808,179.0,8.330199813105684,0.28907303912121796,34.8,2.4
2021,Uttar Pradesh,Mathura,2929261,734.0,25.05751450621846,0.28907303912121796,34.8,2.4
2021,Uttar Pradesh,Mau,2536863,84.0,3.3111760469524762,0.28907303912121796,34.8,2.4
2021,Uttar Pradesh,Meerut,3960242,722.0,18.231209102878054,0.28907303912121796,34.8,2.4
2021,Uttar Pradesh,Mirzapur,2871515,135.0,4.7013510289864415,0.28907303912121796,34.8,2.4
2021,Uttar Pradesh,Moradabad,5487806,790.0,14.3955526124648,0.28907303912121796,34.8,2.4
2021,Uttar Pradesh,Muzaffarnagar,4765038,369.0,7.743904665608124,0.28907303912121796,34.8,2.4
2021,Uttar Pradesh,Pilibhit,2335658,317.0,13.572192504210804,0.28907303912121796,34.8,2.4
2021,Uttar Pradesh,Pratapgarh,998025,410.0,41.08113524210316,0.28907303912121796,34.8,2.4
2021,Uttar Pradesh,Pratapgarh,3690512,410.0,11.109569620692197,0.28907303912121796,34.8,2.4
2021,Uttar Pradesh,Raibareilly,3086497,211.0,6.836228902863019,0.28907303912121796,34.8,2.4
2021,Uttar Pradesh,Rampur,2686191,102.0,3.7971983377205865,0.28907303912121796,34.8,2.4
2021,Uttar Pradesh,Saharanpur,3986339,455.0,11.413981600661659,0.28907303912121796,34.8,2.4
2021,Uttar Pradesh,Sambhal,3086497,282.0,9.136571329892755,0.28907303912121796,34.8,2.4
2021,Uttar Pradesh,Sant Kabirnagar,3086497,83.0,2.6891326963868747,0.28907303912121796,34.8,2.4
2021,Uttar Pradesh,Shahjahanpur,3457518,354.0,10.238558410975735,0.28907303912121796,34.8,2.4
2021,Uttar Pradesh,Shamli,3086497,234.0,7.5814102524642015,0.28907303912121796,34.8,2.4
2021,Uttar Pradesh,Shrawasti,1284965,45.0,3.502040911620161,0.28907303912121796,34.8,2.4
2021,Uttar Pradesh,Sidharthnagar,3086497,32.0,1.036774051619036,0.28907303912121796,34.8,2.4
2021,Uttar Pradesh,Sitapur,5156590,318.0,6.166866087860388,0.28907303912121796,34.8,2.4
2021,Uttar Pradesh,Sonbhadra,2141942,109.0,5.088839940577289,0.28907303912121796,34.8,2.4
2021,Uttar Pradesh,Bhadohi,3086497,31.0,1.0043748625059412,0.28907303912121796,34.8,2.4
2021,Uttar Pradesh,Sultanpur,4366684,124.0,2.8396833844629015,0.28907303912121796,34.8,2.4
2021,Uttar Pradesh,Unnao,3574622,264.0,7.385396274067579,0.28907303912121796,34.8,2.4
2021,Uttar Pradesh,Varanasi Commissionarate,3086497,437.0,14.15844564242246,0.28907303912121796,34.8,2.4
2021,Uttar Pradesh,Lucknow Grameen,3086497,74.0,2.397539994369021,0.28907303912121796,34.8,2.4
2021,Uttar Pradesh,Kanpur Outer,3086497,204.0,6.609434579071355,0.28907303912121796,34.8,2.4
2021,Uttar Pradesh,Vasanasi Dehat,3086497,214.0,6.933426470202304,0.28907303912121796,34.8,2.4
2021,Uttar Pradesh,Total Districts ,3086497,23234.0,752.7627598536463,0.28907303912121796,34.8,2.4
2021,Uttarakhand,Almora,715881,23.0,3.2128244778112562,0.15313935681470137,15.0,3.6
2021,Uttarakhand,Bageshwar,298882,9.0,3.011221819982468,0.15313935681470137,15.0,3.6
2021,Uttarakhand,Chamoli,450345,6.0,1.3323118942144356,0.15313935681470137,15.0,3.6
2021,Uttarakhand,Champawat,298595,8.0,2.6792143204005425,0.15313935681470137,15.0,3.6
2021,Uttarakhand,Dehradun,1951198,204.0,10.455115267645827,0.15313935681470137,15.0,3.6
2021,Uttarakhand,Haridwar,717779,207.0,28.838960181337153,0.15313935681470137,15.0,3.6
2021,Uttarakhand,Nainital,1097795,112.0,10.202269093956522,0.15313935681470137,15.0,3.6
2021,Uttarakhand,Pauri Garhwal,717779,50.0,6.965932410951003,0.15313935681470137,15.0,3.6
2021,Uttarakhand,Pithoragarh,555954,15.0,2.698064947819424,0.15313935681470137,15.0,3.6
2021,Uttarakhand,Rudra Prayag,717779,1.0,0.13931864821902007,0.15313935681470137,15.0,3.6
2021,Uttarakhand,Tehri Garhwal,711770,8.0,1.1239585821262488,0.15313935681470137,15.0,3.6
2021,Uttarakhand,Udhamsingh Nagar,717779,457.0,63.66862223609217,0.15313935681470137,15.0,3.6
2021,Uttarakhand,Uttarkashi,379598,25.0,6.585914572784893,0.15313935681470137,15.0,3.6
2021,Uttarakhand,GRP,717779,0.0,0.0,0.15313935681470137,15.0,3.6
2021,Uttarakhand,Cyber Cell,717779,0.0,0.0,0.15313935681470137,15.0,3.6
2021,Uttarakhand,Total Districts ,717779,1125.0,156.73347924639756,0.15313935681470137,15.0,3.6
2021,West Bengal,Alipurduar,4419516,368.0,8.326703648091781,0.19189589853401418,27.0,5.9
2021,West Bengal,Asansol-Durgapur PC,4419516,576.0,13.033101362230616,0.19189589853401418,27.0,5.9
2021,West Bengal,Bankura,4136175,323.0,7.809147340235846,0.19189589853401418,27.0,5.9
2021,West Bengal,Barrackpur PC,4419516,1532.0,34.664429317599485,0.19189589853401418,27.0,5.9
2021,West Bengal,Bidhannagar PC,4419516,342.0,7.738403933824428,0.19189589853401418,27.0,5.9
2021,West Bengal,Birbhum,4027764,396.0,9.831757769323128,0.19189589853401418,27.0,5.9
2021,West Bengal,Coochbehar,4419516,687.0,15.544688603910474,0.19189589853401418,27.0,5.9
2021,West Bengal,Dakshin Dinajpur,1927717,192.0,9.959968190351592,0.19189589853401418,27.0,5.9
2021,West Bengal,Darjeeling,4419516,156.0,3.529798285604125,0.19189589853401418,27.0,5.9
2021,West Bengal,Hooghly Rural Police,4419516,628.0,14.209700790765323,0.19189589853401418,27.0,5.9
2021,West Bengal,Howrah GRP,4419516,0.0,0.0,0.19189589853401418,27.0,5.9
2021,West Bengal,Howrah PC,4419516,570.0,12.897339889707379,0.19189589853401418,27.0,5.9
2021,West Bengal,Howrah Rural,4419516,495.0,11.200321483166935,0.19189589853401418,27.0,5.9
2021,West Bengal,Jalpaiguri,4453772,330.0,7.409449787730489,0.19189589853401418,27.0,5.9
2021,West Bengal,Jhargram,4419516,103.0,2.3305719449822107,0.19189589853401418,27.0,5.9
2021,West Bengal,Kharagpur GRP,4419516,0.0,0.0,0.19189589853401418,27.0,5.9
2021,West Bengal,Kolkata,5171198,857.0,16.572562102630766,0.19189589853401418,27.0,5.9
2021,West Bengal,Malda,4419516,671.0,15.182658010515178,0.19189589853401418,27.0,5.9
2021,West Bengal,Murshidabad Police District,4419516,1554.0,35.162221383518016,0.19189589853401418,27.0,5.9
2021,West Bengal,Paschim Medinipur,6800475,948.0,13.940202706428595,0.19189589853401418,27.0,5.9
2021,West Bengal,Purab Medinipur,4419516,911.0,20.613116911444603,0.19189589853401418,27.0,5.9
2021,West Bengal,Purulia,4419516,238.0,5.385205076755011,0.19189589853401418,27.0,5.9
2021,West Bengal,Sealdah GRP,4419516,0.0,0.0,0.19189589853401418,27.0,5.9
2021,West Bengal,Siliguri GRP,4419516,0.0,0.0,0.19189589853401418,27.0,5.9
2021,West Bengal,Siliguri PC,4419516,521.0,11.788621197434288,0.19189589853401418,27.0,5.9
2021,West Bengal,Baruipur Police,4419516,1359.0,30.74997352651286,0.19189589853401418,27.0,5.9
2021,West Bengal,Chandannagar PC,4419516,524.0,11.856501933695906,0.19189589853401418,27.0,5.9
2021,West Bengal,Diamond Harbour Police,4419516,668.0,15.114777274253562,0.19189589853401418,27.0,5.9
2021,West Bengal,Kalimpong,4419516,26.0,0.5882997142673542,0.19189589853401418,27.0,5.9
2021,West Bengal,Purba Bardhaman,4419516,1071.0,24.23342284539755,0.19189589853401418,27.0,5.9
2021,West Bengal,Sundarban Police,4419516,780.0,17.648991428020626,0.19189589853401418,27.0,5.9
2021,West Bengal,Barasat,4419516,774.0,17.51322995549739,0.19189589853401418,27.0,5.9
2021,West Bengal,Basirhat,4419516,735.0,16.630780384096358,0.19189589853401418,27.0,5.9
2021,West Bengal,Bangaon,4419516,680.0,15.386300219300033,0.19189589853401418,27.0,5.9
2021,West Bengal,Islampur,4419516,205.0,4.638516977877216,0.19189589853401418,27.0,5.9
2021,West Bengal,Jangipur Police District,4419516,547.0,12.376920911701642,0.19189589853401418,27.0,5.9
2021,West Bengal,Krishnagar,4419516,771.0,17.44534921923577,0.19189589853401418,27.0,5.9
2021,West Bengal,Raiganj,4419516,233.0,5.272070516318982,0.19189589853401418,27.0,5.9
2021,West Bengal,Ranaghat,4419516,763.0,17.264333922538125,0.19189589853401418,27.0,5.9
2021,West Bengal,Total Districts ,4419516,21534.0,487.2479248858925,0.19189589853401418,27.0,5.9
2021,A&N Islands,South Andaman,273863,17.0,6.207483303695644,0.04542483660130719,26.72809498399146,
2021,A&N Islands,North & Middle Andaman,121436,3.0,2.470437102671366,0.04542483660130719,26.72809498399146,
2021,A&N Islands,Nicobar,197649,0.0,0.0,0.04542483660130719,26.72809498399146,
2021,A&N Islands,Total Districts ,197649,20.0,10.118948236520296,0.04542483660130719,26.72809498399146,
2021,Chandigarh,Chandigarh,1213767,128.0,10.545681337521946,0.03423645320197044,26.72809498399146,
2021,Chandigarh,Total Districts ,1213767,128.0,10.545681337521946,0.03423645320197044,26.72809498399146,
2021,D&N Haveli and Daman & Diu,D&N Haveli,139866,8.0,5.719760342041669,0.1311320754716981,26.72809498399146,
2021,D&N Haveli and Daman & Diu,Daman,219848,3.0,1.3645791637858884,0.1311320754716981,26.72809498399146,
2021,D&N Haveli and Daman & Diu,Diu,59885,1.0,1.6698672455539785,0.1311320754716981,26.72809498399146,
2021,D&N Haveli and Daman & Diu,Total Districts ,139866,12.0,8.579640513062502,0.1311320754716981,26.72809498399146,
2021,Delhi,Central,669668,194.0,28.96957895554215,0.06374840628984275,12.5,5.3
2021,Delhi,Crime Branch,1058850,0.0,0.0,0.06374840628984275,12.5,5.3
2021,Delhi,East,1965747,351.0,17.85580748692482,0.06374840628984275,12.5,5.3
2021,Delhi,East,326120,351.0,107.62909358518337,0.06374840628984275,12.5,5.3
2021,Delhi,EOW,1058850,0.0,0.0,0.06374840628984275,12.5,5.3
2021,Delhi,IGI Airport,1058850,1.0,0.09444208339235964,0.06374840628984275,12.5,5.3
2021,Delhi,Metro,1058850,1.0,0.09444208339235964,0.06374840628984275,12.5,5.3
2021,Delhi,New Delhi,163304,22.0,13.471807181697937,0.06374840628984275,12.5,5.3
2021,Delhi,North,1021174,304.0,29.7696572768206,0.06374840628984275,12.5,5.3
2021,Delhi,North,50265,304.0,604.7945886799961,0.06374840628984275,12.5,5.3
2021,Delhi,North-East,1058850,570.0,53.83198753364499,0.06374840628984275,12.5,5.3
2021,Delhi,North-West,1058850,387.0,36.54908627284318,0.06374840628984275,12.5,5.3
2021,Delhi,Outer,1058850,314.0,29.654814185200923,0.06374840628984275,12.5,5.3
2021,Delhi,RAILWAY,1058850,0.0,0.0,0.06374840628984275,12.5,5.3
2021,Delhi,South,3141718,469.0,14.928138044216572,0.06374840628984275,12.5,5.3
2021,Delhi,South,168877,469.0,277.71691823042806,0.06374840628984275,12.5,5.3
2021,Delhi,South-East,1058850,378.0,35.69910752231194,0.06374840628984275,12.5,5.3
2021,Delhi,South-West,1058850,290.0,27.388204183784296,0.06374840628984275,12.5,5.3
2021,Delhi,Spl Cell,1058850,0.0,0.0,0.06374840628984275,12.5,5.3
2021,Delhi,SPUWAC,1058850,62.0,5.855409170326297,0.06374840628984275,12.5,5.3
2021,Delhi,Vigilance,1058850,0.0,0.0,0.06374840628984275,12.5,5.3
2021,Delhi,West,2924729,559.0,19.11288191145231,0.06374840628984275,12.5,5.3
2021,Delhi,West,156900,559.0,356.2778840025494,0.06374840628984275,12.5,5.3
2021,Delhi,Rohini,1058850,478.0,45.143315861547904,0.06374840628984275,12.5,5.3
2021,Delhi,Shahdara,1058850,487.0,45.99329461207915,0.06374840628984275,12.5,5.3
2021,Delhi,Dwarka,1058850,935.0,88.30334797185625,0.06374840628984275,12.5,5.3
2021,Delhi,Outer North,1058850,322.0,30.410350852339803,0.06374840628984275,12.5,5.3
2021,Delhi,Total Districts ,1058850,6124.0,578.3633186948105,0.06374840628984275,12.5,5.3
2021,Ladakh,Kargil,161922,1.0,0.6175813045787478,0.0891025641025641,26.72809498399146,
2021,Ladakh,Leh,153510,9.0,5.86281024037522,0.0891025641025641,26.72809498399146,
2021,Ladakh,Total Districts ,157716,10.0,6.3405107915493675,0.0891025641025641,26.72809498399146,
2021,Lakshadweep,Lakshadweep,74143,3.0,4.046234978352643,0.15892857142857142,26.72809498399146,
2021,Lakshadweep,Total Districts ,74143,3.0,4.046234978352643,0.15892857142857142,26.72809498399146,
2021,Puducherry,Karaikal,230255,0.0,0.0,0.06747572815533981,26.72809498399146,
2021,Puducherry,Puducherry,1092832,16.0,1.4640859711282246,0.06747572815533981,26.72809498399146,
2021,Puducherry,Total Districts ,661543,16.0,2.4185880585237847,0.06747572815533981,26.72809498399146,
2022,Andhra Pradesh,Alluri Sitharama Raju,4427452,95.0,2.145703668837065,0.17109684062212108,30.0,4.4
2022,Andhra Pradesh,Anakapalli,4427452,318.0,7.182460702001964,0.17109684062212108,30.0,4.4
2022,Andhra Pradesh,Anantapuramu,4427452,357.0,8.0633285239456,0.17109684062212108,30.0,4.4
2022,Andhra Pradesh,Annamayya,4427452,375.0,8.469882903304203,0.17109684062212108,30.0,4.4
2022,Andhra Pradesh,Bapatla,4427452,472.0,10.66075928095889,0.17109684062212108,30.0,4.4
2022,Andhra Pradesh,Chittoor,4800173,371.0,7.728888104657895,0.17109684062212108,30.0,4.4
2022,Andhra Pradesh,Dr BR Ambedkar Konaseema,4427452,412.0,9.305578016430218,0.17109684062212108,30.0,4.4
2022,Andhra Pradesh,East Godavari,5927440,700.0,11.809482677175982,0.17109684062212108,30.0,4.4
2022,Andhra Pradesh,Eluru,4427452,689.0,15.561998187670921,0.17109684062212108,30.0,4.4
2022,Andhra Pradesh,Guntakal Railway,4427452,1.0,0.022586354408811207,0.17109684062212108,30.0,4.4
2022,Andhra Pradesh,Guntur,5620984,1089.0,19.373832055028085,0.17109684062212108,30.0,4.4
2022,Andhra Pradesh,Kakinada,4427452,435.0,9.825064167832874,0.17109684062212108,30.0,4.4
2022,Andhra Pradesh,Krishna,5195007,806.0,15.51489728502772,0.17109684062212108,30.0,4.4
2022,Andhra Pradesh,Kurnool,4661482,360.0,7.722865818209745,0.17109684062212108,30.0,4.4
2022,Andhra Pradesh,Nandyal,4427452,161.0,3.636403059818605,0.17109684062212108,30.0,4.4
2022,Andhra Pradesh,NTR,4427452,1258.0,28.413633846284498,0.17109684062212108,30.0,4.4
2022,Andhra Pradesh,Palnadu,4427452,412.0,9.305578016430218,0.17109684062212108,30.0,4.4
2022,Andhra Pradesh,Parvathipuram Manyam,4427452,121.0,2.732948883466156,0.17109684062212108,30.0,4.4
2022,Andhra Pradesh,Prakasam,3907065,563.0,14.409793540675674,0.17109684062212108,30.0,4.4
2022,Andhra Pradesh,Sri Potti Sriramulu Nellore,3408090,602.0,17.663852773841064,0.17109684062212108,30.0,4.4
2022,Andhra Pradesh,Sri Sathya Sai,4427452,276.0,6.233833816831893,0.17109684062212108,30.0,4.4
2022,Andhra Pradesh,Srikakulam,3108581,390.0,12.545917252920223,0.17109684062212108,30.0,4.4
2022,Andhra Pradesh,Tirupati,4427452,414.0,9.35075072524784,0.17109684062212108,30.0,4.4
2022,Andhra Pradesh,Viiayawada Railway,4427452,1.0,0.022586354408811207,0.17109684062212108,30.0,4.4
2022,Andhra Pradesh,Visakhapatnam,4934177,789.0,15.990508650176109,0.17109684062212108,30.0,4.4
2022,Andhra Pradesh,Vizianagaram,2696145,352.0,13.055677643450187,0.17109684062212108,30.0,4.4
2022,Andhra Pradesh,West Godavari,4527510,506.0,11.176121090842427,0.17109684062212108,30.0,4.4
2022,Andhra Pradesh,YSR,3314839,368.0,11.10159497942434,0.17109684062212108,30.0,4.4
2022,Andhra Pradesh,Total Districts ,4427452,12693.0,286.68859651104066,0.17109684062212108,30.0,4.4
2022,Arunachal Pradesh,Anjaw,24342,0.0,0.0,0.1744683609958506,15.0,4.5
2022,Arunachal Pradesh,Changlang,170459,2.0,1.1733026710235306,0.1744683609958506,15.0,4.5
2022,Arunachal Pradesh,Crime Branch,113202,0.0,0.0,0.1744683609958506,15.0,4.5
2022,Arunachal Pradesh,Dibang Valley,9204,0.0,0.0,0.1744683609958506,15.0,4.5
2022,Arunachal Pradesh,Kameng East,113202,8.0,7.0670129503012316,0.1744683609958506,15.0,4.5
2022,Arunachal Pradesh,Kameng West,113202,1.0,0.8833766187876539,0.1744683609958506,15.0,4.5
2022,Arunachal Pradesh,Kurung Kumey,105887,0.0,0.0,0.1744683609958506,15.0,4.5
2022,Arunachal Pradesh,Lohit,167584,2.0,1.1934313538285277,0.1744683609958506,15.0,4.5
2022,Arunachal Pradesh,Longding,113202,1.0,0.8833766187876539,0.1744683609958506,15.0,4.5
2022,Arunachal Pradesh,Lower Dibang Valley,62191,0.0,0.0,0.1744683609958506,15.0,4.5
2022,Arunachal Pradesh,Papum Pare City,203058,77.0,37.92020013986152,0.1744683609958506,15.0,4.5
2022,Arunachal Pradesh,Papum Pare Rural,203058,0.0,0.0,0.1744683609958506,15.0,4.5
2022,Arunachal Pradesh,Siang East,113202,1.0,0.8833766187876539,0.1744683609958506,15.0,4.5
2022,Arunachal Pradesh,Siang Upper,113202,1.0,0.8833766187876539,0.1744683609958506,15.0,4.5
2022,Arunachal Pradesh,Siang West,113202,8.0,7.0670129503012316,0.1744683609958506,15.0,4.5
2022,Arunachal Pradesh,Subansiri Lower,113202,3.0,2.650129856362962,0.1744683609958506,15.0,4.5
2022,Arunachal Pradesh,Subansiri Upper,113202,3.0,2.650129856362962,0.1744683609958506,15.0,4.5
2022,Arunachal Pradesh,Tawang,57473,2.0,3.4798949071738035,0.1744683609958506,15.0,4.5
2022,Arunachal Pradesh,Tirap,128771,1.0,0.7765723648958228,0.1744683609958506,15.0,4.5
2022,Arunachal Pradesh,Namsai,113202,1.0,0.8833766187876539,0.1744683609958506,15.0,4.5
2022,Arunachal Pradesh,Siang,113202,2.0,1.7667532375753079,0.1744683609958506,15.0,4.5
2022,Arunachal Pradesh,Kamle,113202,0.0,0.0,0.1744683609958506,15.0,4.5
2022,Arunachal Pradesh,Kra Dadi,113202,0.0,0.0,0.1744683609958506,15.0,4.5
2022,Arunachal Pradesh,Lower Siang,113202,3.0,2.650129856362962,0.1744683609958506,15.0,4.5
2022,Arunachal Pradesh,Leparada,113202,1.0,0.8833766187876539,0.1744683609958506,15.0,4.5
2022,Arunachal Pradesh,Shiyomi,113202,1.0,0.8833766187876539,0.1744683609958506,15.0,4.5
2022,Arunachal Pradesh,Pakkessang,113202,0.0,0.0,0.1744683609958506,15.0,4.5
2022,Arunachal Pradesh,Total Districts ,113202,118.0,104.23844101694316,0.1744683609958506,15.0,4.5
2022,Assam,BIEO,1324826,0.0,0.0,0.15185629065054335,32.0,5.9
2022,Assam,Barpeta,1947665,278.0,14.273501859919444,0.15185629065054335,32.0,5.9
2022,Assam,Baksa,1092586,38.0,3.477987087515308,0.15185629065054335,32.0,5.9
2022,Assam,Bongaigaon,849624,112.0,13.182301818216057,0.15185629065054335,32.0,5.9
2022,Assam,CID,1324826,0.0,0.0,0.15185629065054335,32.0,5.9
2022,Assam,Cachar,1997109,513.0,25.687130747495505,0.15185629065054335,32.0,5.9
2022,Assam,Chirang,554486,58.0,10.460137857403073,0.15185629065054335,32.0,5.9
2022,Assam,Darrang,1067775,293.0,27.440237877830068,0.15185629065054335,32.0,5.9
2022,Assam,Dhemaji,789052,64.0,8.110999021610743,0.15185629065054335,32.0,5.9
2022,Assam,Dhubri,2241646,340.0,15.167426078872401,0.15185629065054335,32.0,5.9
2022,Assam,Dibrugarh,1525285,142.0,9.3097355576171,0.15185629065054335,32.0,5.9
2022,Assam,GRP,1324826,2.0,0.15096322083050906,0.15185629065054335,32.0,5.9
2022,Assam,Goalpara,1159410,247.0,21.30393907245927,0.15185629065054335,32.0,5.9
2022,Assam,Golaghat,1226921,60.0,4.890290409895992,0.15185629065054335,32.0,5.9
2022,Assam,Guwahati City,1324826,391.0,29.51330967236452,0.15185629065054335,32.0,5.9
2022,Assam,Hailakandi,758190,134.0,17.6736701882114,0.15185629065054335,32.0,5.9
2022,Assam,Hamren,1324826,9.0,0.6793344937372907,0.15185629065054335,32.0,5.9
2022,Assam,Jorhat,1256094,131.0,10.429155779742599,0.15185629065054335,32.0,5.9
2022,Assam,Kamrup,1745173,519.0,29.73917199039866,0.15185629065054335,32.0,5.9
2022,Assam,Karbi Anglong,1099759,15.0,1.3639351894369585,0.15185629065054335,32.0,5.9
2022,Assam,Karimganj,1412988,308.0,21.79777889125739,0.15185629065054335,32.0,5.9
2022,Assam,Kokrajhar,1020213,137.0,13.428568347982235,0.15185629065054335,32.0,5.9
2022,Assam,Lakhimpur,1198457,166.0,13.85114359547318,0.15185629065054335,32.0,5.9
2022,Assam,Morigaon,1101036,229.0,20.79859332483225,0.15185629065054335,32.0,5.9
2022,Assam,Dima Hasao,246217,11.0,4.467603780405089,0.15185629065054335,32.0,5.9
2022,Assam,Nagaon,3247333,363.0,11.178403939478951,0.15185629065054335,32.0,5.9
2022,Assam,Nalbari,887384,148.0,16.678236253977985,0.15185629065054335,32.0,5.9
2022,Assam,RPO,1324826,0.0,0.0,0.15185629065054335,32.0,5.9
2022,Assam,SOU,1324826,0.0,0.0,0.15185629065054335,32.0,5.9
2022,Assam,STF,1324826,0.0,0.0,0.15185629065054335,32.0,5.9
2022,Assam,Sibsagar,1324826,105.0,7.925569093601726,0.15185629065054335,32.0,5.9
2022,Assam,Sonitpur,2212726,277.0,12.51849528590526,0.15185629065054335,32.0,5.9
2022,Assam,Tinsukia,1527118,224.0,14.66815269023088,0.15185629065054335,32.0,5.9
2022,Assam,Udalguri,956418,84.0,8.782770713223716,0.15185629065054335,32.0,5.9
2022,Assam,Sadia,1324826,16.0,1.2077057666440725,0.15185629065054335,32.0,5.9
2022,Assam,Majuli,1324826,27.0,2.0380034812118724,0.15185629065054335,32.0,5.9
2022,Assam,Biswanath,1324826,53.0,4.0005253520084905,0.15185629065054335,32.0,5.9
2022,Assam,Hojai,1324826,274.0,20.68196125377974,0.15185629065054335,32.0,5.9
2022,Assam,South Salmara,1324826,135.0,10.190017406059361,0.15185629065054335,32.0,5.9
2022,Assam,Charaideo,1324826,38.0,2.8683011957796722,0.15185629065054335,32.0,5.9
2022,Assam,Bajali,1324826,34.0,2.566374754118654,0.15185629065054335,32.0,5.9
2022,Assam,Tamulpur,1324826,27.0,2.0380034812118724,0.15185629065054335,32.0,5.9
2022,Assam,Total Districts ,1324826,6002.0,453.04062571235767,0.15185629065054335,32.0,5.9
2022,Bihar,Araria,3233304,95.0,2.938170985468734,0.33493574660633485,40.0,3.5
2022,Bihar,Arwal,805969,28.0,3.4740790278534286,0.33493574660633485,40.0,3.5
2022,Bihar,Aurangabad,2921083,103.0,3.5260894675022927,0.33493574660633485,40.0,3.5
2022,Bihar,Aurangabad,4256474,103.0,2.4198432787325848,0.33493574660633485,40.0,3.5
2022,Bihar,Bagaha,3064997,66.0,2.1533463164890536,0.33493574660633485,40.0,3.5
2022,Bihar,Banka,2339977,40.0,1.7094185113785305,0.33493574660633485,40.0,3.5
2022,Bihar,Begusarai,3416122,62.0,1.8149234717027087,0.33493574660633485,40.0,3.5
2022,Bihar,Bettiah,3064997,101.0,3.295272393415067,0.33493574660633485,40.0,3.5
2022,Bihar,Kaimur(Bhabhua),1870341,57.0,3.0475726084173953,0.33493574660633485,40.0,3.5
2022,Bihar,Bhagalpur,3493430,82.0,2.3472632913783875,0.33493574660633485,40.0,3.5
2022,Bihar,Bhojpur,3137668,114.0,3.6332715889635234,0.33493574660633485,40.0,3.5
2022,Bihar,Buxar,1962304,57.0,2.904748703564789,0.33493574660633485,40.0,3.5
2022,Bihar,Darbhanga,4527992,67.0,1.47968459308232,0.33493574660633485,40.0,3.5
2022,Bihar,Gaya,5050130,230.0,4.554338205155115,0.33493574660633485,40.0,3.5
2022,Bihar,Gopalganj,2946313,66.0,2.240087865749498,0.33493574660633485,40.0,3.5
2022,Bihar,Jamalpur Railway,3064997,0.0,0.0,0.33493574660633485,40.0,3.5
2022,Bihar,Jamui,2024465,33.0,1.6300602875327554,0.33493574660633485,40.0,3.5
2022,Bihar,Jehanabad,1294109,38.0,2.93638325674267,0.33493574660633485,40.0,3.5
2022,Bihar,Katihar,3531683,118.0,3.3411832262408603,0.33493574660633485,40.0,3.5
2022,Bihar,Katihar Railway,3064997,0.0,0.0,0.33493574660633485,40.0,3.5
2022,Bihar,Khagaria,1916918,39.0,2.034515821751374,0.33493574660633485,40.0,3.5
2022,Bihar,Kishanganj,1943959,64.0,3.2922505052832904,0.33493574660633485,40.0,3.5
2022,Bihar,Lakhisarai,1151048,35.0,3.0407072511311433,0.33493574660633485,40.0,3.5
2022,Bihar,Madhepura,2302026,57.0,2.4760797662580702,0.33493574660633485,40.0,3.5
2022,Bihar,Madhubani,5160485,74.0,1.4339737447158551,0.33493574660633485,40.0,3.5
2022,Bihar,Motihari,3064997,212.0,6.9168093802375665,0.33493574660633485,40.0,3.5
2022,Bihar,Munger,1572929,35.0,2.22514811539491,0.33493574660633485,40.0,3.5
2022,Bihar,Muzaffarpur,5521221,242.0,4.383088450906058,0.33493574660633485,40.0,3.5
2022,Bihar,Muzaffarpur Railway,3064997,1.0,0.032626459340743236,0.33493574660633485,40.0,3.5
2022,Bihar,Nalanda,3309300,159.0,4.804641464962379,0.33493574660633485,40.0,3.5
2022,Bihar,Naugachia,3064997,19.0,0.6199027274741215,0.33493574660633485,40.0,3.5
2022,Bihar,Nawadah,3064997,63.0,2.055466938466824,0.33493574660633485,40.0,3.5
2022,Bihar,Patna,6714234,401.0,5.972386425614598,0.33493574660633485,40.0,3.5
2022,Bihar,Patna Railway,3064997,0.0,0.0,0.33493574660633485,40.0,3.5
2022,Bihar,Purnea,3064997,142.0,4.63295722638554,0.33493574660633485,40.0,3.5
2022,Bihar,Rohtas,3403905,69.0,2.0270835995716685,0.33493574660633485,40.0,3.5
2022,Bihar,Saharsa,2185760,38.0,1.7385257301808068,0.33493574660633485,40.0,3.5
2022,Bihar,Samastipur,4900800,133.0,2.7138426379366636,0.33493574660633485,40.0,3.5
2022,Bihar,Saran,4544641,162.0,3.564637998909045,0.33493574660633485,40.0,3.5
2022,Bihar,Sheikhpura,731793,33.0,4.509471940835728,0.33493574660633485,40.0,3.5
2022,Bihar,Sheohar,754682,23.0,3.0476412581723165,0.33493574660633485,40.0,3.5
2022,Bihar,Sitamarhi,3937110,191.0,4.8512741579483425,0.33493574660633485,40.0,3.5
2022,Bihar,Siwan,3830033,79.0,2.062645413237954,0.33493574660633485,40.0,3.5
2022,Bihar,Supaul,2563437,38.0,1.482384782618024,0.33493574660633485,40.0,3.5
2022,Bihar,Vaishali,4019274,122.0,3.0353740501394033,0.33493574660633485,40.0,3.5
2022,Bihar,Economic Offences Unit,3064997,0.0,0.0,0.33493574660633485,40.0,3.5
2022,Bihar,Anti Terrorist Squad,3064997,0.0,0.0,0.33493574660633485,40.0,3.5
2022,Bihar,Total Districts ,3064997,3788.0,123.58902798273539,0.33493574660633485,40.0,3.5
2022,Chhattisgarh,Balod,1885744,44.0,2.333296566235926,0.2034342762063228,29.6,6.8
2022,Chhattisgarh,Balodbazar,1885744,52.0,2.757532305551549,0.2034342762063228,29.6,6.8
2022,Chhattisgarh,Balrampur,2470964,85.0,3.439952990007139,0.2034342762063228,29.6,6.8
2022,Chhattisgarh,Bemetra,1885744,27.0,1.4317956201902273,0.2034342762063228,29.6,6.8
2022,Chhattisgarh,Bilaspur,439249,302.0,68.75371372501702,0.2034342762063228,29.6,6.8
2022,Chhattisgarh,Bilaspur,3063173,302.0,9.859057911518548,0.2034342762063228,29.6,6.8
2022,Chhattisgarh,Bizapur,1885744,14.0,0.7424125438023401,0.2034342762063228,29.6,6.8
2022,Chhattisgarh,Dantewara,1885744,10.0,0.5302946741445287,0.2034342762063228,29.6,6.8
2022,Chhattisgarh,Dhamtari,919748,34.0,3.6966647386023133,0.2034342762063228,29.6,6.8
2022,Chhattisgarh,Durg,3845452,215.0,5.591020249375106,0.2034342762063228,29.6,6.8
2022,Chhattisgarh,Gariyaband,1885744,37.0,1.9620902943347558,0.2034342762063228,29.6,6.8
2022,Chhattisgarh,GRP Raipur,1885744,0.0,0.0,0.2034342762063228,29.6,6.8
2022,Chhattisgarh,Jagdalpur,1885744,53.0,2.8105617729660017,0.2034342762063228,29.6,6.8
2022,Chhattisgarh,Janjgir,1885744,101.0,5.355976208859739,0.2034342762063228,29.6,6.8
2022,Chhattisgarh,Jashpur,979419,77.0,7.861803783671748,0.2034342762063228,29.6,6.8
2022,Chhattisgarh,Kabirdham,1885744,60.0,3.1817680448671717,0.2034342762063228,29.6,6.8
2022,Chhattisgarh,Kanker,1885744,44.0,2.333296566235926,0.2034342762063228,29.6,6.8
2022,Chhattisgarh,Kondagaon,1885744,13.0,0.6893830763878872,0.2034342762063228,29.6,6.8
2022,Chhattisgarh,Korba,1387636,83.0,5.981395697430739,0.2034342762063228,29.6,6.8
2022,Chhattisgarh,Koriya,757754,36.0,4.7508822124330585,0.2034342762063228,29.6,6.8
2022,Chhattisgarh,Mahasamund,1187667,24.0,2.0207684477214576,0.2034342762063228,29.6,6.8
2022,Chhattisgarh,Mungali,1885744,30.0,1.5908840224335858,0.2034342762063228,29.6,6.8
2022,Chhattisgarh,Narayanpur,160793,9.0,5.597258587127549,0.2034342762063228,29.6,6.8
2022,Chhattisgarh,Raigarh,1718081,100.0,5.8204473479422685,0.2034342762063228,29.6,6.8
2022,Chhattisgarh,Raigarh,3029329,100.0,3.3010610600565338,0.2034342762063228,29.6,6.8
2022,Chhattisgarh,Raipur,4673452,300.0,6.4192378567277455,0.2034342762063228,29.6,6.8
2022,Chhattisgarh,Rajnandgaon,1767702,48.0,2.715389811178581,0.2034342762063228,29.6,6.8
2022,Chhattisgarh,Sarguja,1885744,123.0,6.522624491977702,0.2034342762063228,29.6,6.8
2022,Chhattisgarh,Sukma,1885744,11.0,0.5833241415589815,0.2034342762063228,29.6,6.8
2022,Chhattisgarh,Surajpur,1885744,95.0,5.037799404373022,0.2034342762063228,29.6,6.8
2022,Chhattisgarh,Gaurela-Pendra-Marwari,1885744,18.0,0.9545304134601515,0.2034342762063228,29.6,6.8
2022,Chhattisgarh,Khairagarh - Chhuikhadan-Gandai,1885744,19.0,1.0075598808746042,0.2034342762063228,29.6,6.8
2022,Chhattisgarh,Manendragarh-Chirmiri-Bharatpur,1885744,50.0,2.651473370722643,0.2034342762063228,29.6,6.8
2022,Chhattisgarh,Mohla-Manpur-Ambagarh Chouki,1885744,13.0,0.6893830763878872,0.2034342762063228,29.6,6.8
2022,Chhattisgarh,Sakti,1885744,70.0,3.7120627190117004,0.2034342762063228,29.6,6.8
2022,Chhattisgarh,Sarangarh-Bilaigarh,1885744,55.0,2.9166207077949076,0.2034342762063228,29.6,6.8
2022,Chhattisgarh,Total Districts ,1885744,2252.0,119.42236061734785,0.2034342762063228,29.6,6.8
2022,Goa,North Goa,940709,14.0,1.488239189802585,0.10972276454509958,8.3,8.0
2022,Goa,South Goa,736617,6.0,0.8145345545921421,0.10972276454509958,8.3,8.0
2022,Goa,CID,838663,5.0,0.5961870262548843,0.10972276454509958,8.3,8.0
2022,Goa,Total Districts ,838663,25.0,2.9809351312744212,0.10972276454509958,8.3,8.0
2022,Gujarat,Ahmedabad City,2894401,723.0,24.979261684887476,0.20521524716691156,17.0,1.5
2022,Gujarat,Ahmedabad Rural,2894401,25.0,0.8637365727831079,0.20521524716691156,17.0,1.5
2022,Gujarat,Amreli,1741318,69.0,3.9625157495644103,0.20521524716691156,17.0,1.5
2022,Gujarat,Anand,2406656,53.0,2.2022258270396766,0.20521524716691156,17.0,1.5
2022,Gujarat,Arvalli,2894401,21.0,0.7255387211378106,0.20521524716691156,17.0,1.5
2022,Gujarat,Banaskantha,2894401,87.0,3.005803273285215,0.20521524716691156,17.0,1.5
2022,Gujarat,Bharuch,1783671,42.0,2.3546943354463914,0.20521524716691156,17.0,1.5
2022,Gujarat,Bhavnagar,3312419,104.0,3.1396994160460983,0.20521524716691156,17.0,1.5
2022,Gujarat,Botad,2894401,15.0,0.5182419436698646,0.20521524716691156,17.0,1.5
2022,Gujarat,Chhotaudepur,2894401,17.0,0.5873408694925133,0.20521524716691156,17.0,1.5
2022,Gujarat,CID Crime,2894401,0.0,0.0,0.20521524716691156,17.0,1.5
2022,Gujarat,Dahod,2894401,24.0,0.8291871098717835,0.20521524716691156,17.0,1.5
2022,Gujarat,Dang,2894401,3.0,0.10364838873397293,0.20521524716691156,17.0,1.5
2022,Gujarat,Devbhumi Dwarka,2894401,46.0,1.5892752939209183,0.20521524716691156,17.0,1.5
2022,Gujarat,Gandhinagar,1600515,53.0,3.311434132138718,0.20521524716691156,17.0,1.5
2022,Gujarat,Gir Somnath,2894401,32.0,1.105582813162378,0.20521524716691156,17.0,1.5
2022,Gujarat,Jamnagar,2484136,51.0,2.053027692525691,0.20521524716691156,17.0,1.5
2022,Gujarat,Junagadh,3154544,110.0,3.487033308142159,0.20521524716691156,17.0,1.5
2022,Gujarat,Kachchh East(G),2894401,64.0,2.211165626324756,0.20521524716691156,17.0,1.5
2022,Gujarat,Kachchh West(B),2894401,60.0,2.0729677746794586,0.20521524716691156,17.0,1.5
2022,Gujarat,Kheda,2644867,73.0,2.7600631714184494,0.20521524716691156,17.0,1.5
2022,Gujarat,Mahisagar,2894401,13.0,0.44914301784721605,0.20521524716691156,17.0,1.5
2022,Gujarat,Mehsana,2894401,80.0,2.763957032905945,0.20521524716691156,17.0,1.5
2022,Gujarat,Morbi,2894401,21.0,0.7255387211378106,0.20521524716691156,17.0,1.5
2022,Gujarat,Narmada,678841,7.0,1.0311693017952657,0.20521524716691156,17.0,1.5
2022,Gujarat,Navsari,1529122,22.0,1.438734123241965,0.20521524716691156,17.0,1.5
2022,Gujarat,Panchmahal,2894401,50.0,1.7274731455662158,0.20521524716691156,17.0,1.5
2022,Gujarat,Patan,1545294,34.0,2.2002285649203324,0.20521524716691156,17.0,1.5
2022,Gujarat,Porbandar,673266,15.0,2.227945566833911,0.20521524716691156,17.0,1.5
2022,Gujarat,Rajkot City,4375241,181.0,4.1369149722266725,0.20521524716691156,17.0,1.5
2022,Gujarat,Rajkot Rural,4375241,95.0,2.1713089633233915,0.20521524716691156,17.0,1.5
2022,Gujarat,Sabarkantha,2894401,57.0,1.9693193859454858,0.20521524716691156,17.0,1.5
2022,Gujarat,Surat City,6993520,330.0,4.71865383955433,0.20521524716691156,17.0,1.5
2022,Gujarat,Surat Rural,6993520,47.0,0.6720506983607683,0.20521524716691156,17.0,1.5
2022,Gujarat,Surendranagar,2019708,21.0,1.039754261507109,0.20521524716691156,17.0,1.5
2022,Gujarat,Tapi,928075,6.0,0.6464994747191768,0.20521524716691156,17.0,1.5
2022,Gujarat,Vadodara City,4790469,89.0,1.8578556713340593,0.20521524716691156,17.0,1.5
2022,Gujarat,Vadodara Rural,4790469,40.0,0.8349913129591278,0.20521524716691156,17.0,1.5
2022,Gujarat,Valsad,1961529,18.0,0.9176514851424576,0.20521524716691156,17.0,1.5
2022,Gujarat,W.Rly Ahmedabad,2894401,0.0,0.0,0.20521524716691156,17.0,1.5
2022,Gujarat,W.Rly Vadodara,2894401,0.0,0.0,0.20521524716691156,17.0,1.5
2022,Gujarat,Cyber Ahmedabad Range,2894401,0.0,0.0,0.20521524716691156,17.0,1.5
2022,Gujarat,Cyber Bhavnagar Range,2894401,0.0,0.0,0.20521524716691156,17.0,1.5
2022,Gujarat,Cyber Border Range,2894401,0.0,0.0,0.20521524716691156,17.0,1.5
2022,Gujarat,Cyber Gandhinagar Range,2894401,0.0,0.0,0.20521524716691156,17.0,1.5
2022,Gujarat,Cyber Junagadh Range,2894401,0.0,0.0,0.20521524716691156,17.0,1.5
2022,Gujarat,Cyber Panchmahal Range,2894401,0.0,0.0,0.20521524716691156,17.0,1.5
2022,Gujarat,Cyber Rajkot Range,2894401,0.0,0.0,0.20521524716691156,17.0,1.5
2022,Gujarat,Cyber Surat Range,2894401,0.0,0.0,0.20521524716691156,17.0,1.5
2022,Gujarat,Cyber Vadodara Range,2894401,0.0,0.0,0.20521524716691156,17.0,1.5
2022,Gujarat,Total Districts ,2894401,2798.0,96.66939722588543,0.20521524716691156,17.0,1.5
2022,Haryana,Ambala,1297602,419.0,32.29033247482664,0.1847177848775293,21.6,4.9
2022,Haryana,Bhiwani,1879611,485.0,25.803211409169236,0.1847177848775293,21.6,4.9
2022,Haryana,Faridabad,2081192,596.0,28.637434700882952,0.1847177848775293,21.6,4.9
2022,Haryana,Fatehabad,1083312,171.0,15.78492622623953,0.1847177848775293,21.6,4.9
2022,Haryana,GRP,1358470,7.0,0.5152855786288987,0.1847177848775293,21.6,4.9
2022,Haryana,Gurugram,1358470,665.0,48.95212996974537,0.1847177848775293,21.6,4.9
2022,Haryana,Hissar,1358470,397.0,29.224053530810398,0.1847177848775293,21.6,4.9
2022,Haryana,Jhajjar,1102165,361.0,32.7537165487926,0.1847177848775293,21.6,4.9
2022,Haryana,Jind,1534274,265.0,17.27201269134457,0.1847177848775293,21.6,4.9
2022,Haryana,Kaithal,1235449,184.0,14.89337075022927,0.1847177848775293,21.6,4.9
2022,Haryana,Karnal,1731122,489.0,28.24757584965127,0.1847177848775293,21.6,4.9
2022,Haryana,Kurukshetra,1109353,393.0,35.426054646266785,0.1847177848775293,21.6,4.9
2022,Haryana,Mahendergarh,1358470,141.0,10.379323798096387,0.1847177848775293,21.6,4.9
2022,Haryana,Nuh,1358470,175.0,12.882139465722467,0.1847177848775293,21.6,4.9
2022,Haryana,Palwal,1199114,304.0,25.352051598096594,0.1847177848775293,21.6,4.9
2022,Haryana,Panchkula,645486,171.0,26.49166674412768,0.1847177848775293,21.6,4.9
2022,Haryana,Panipat,1386252,498.0,35.924204257234614,0.1847177848775293,21.6,4.9
2022,Haryana,Rewari,1035381,262.0,25.30469460034519,0.1847177848775293,21.6,4.9
2022,Haryana,Rohtak,1220384,338.0,27.69620054015785,0.1847177848775293,21.6,4.9
2022,Haryana,Sirsa,1489467,356.0,23.90116733032689,0.1847177848775293,21.6,4.9
2022,Haryana,Sonipat,1667501,529.0,31.72411890607562,0.1847177848775293,21.6,4.9
2022,Haryana,Yamunanagar,1396335,462.0,33.08661603411789,0.1847177848775293,21.6,4.9
2022,Haryana,Irrigation & Power,1358470,0.0,0.0,0.1847177848775293,21.6,4.9
2022,Haryana,Charkhi Dadri,1358470,109.0,8.023732581507137,0.1847177848775293,21.6,4.9
2022,Haryana,Hansi,1358470,135.0,9.937650444985904,0.1847177848775293,21.6,4.9
2022,Haryana,Total Districts ,1358470,7912.0,582.4199283016924,0.1847177848775293,21.6,4.9
2022,Himachal Pradesh,Baddi,937776,23.0,2.4526112845711556,0.07121290994273816,8.3,5.6
2022,Himachal Pradesh,Bilaspur,439249,23.0,5.236209985680104,0.07121290994273816,8.3,5.6
2022,Himachal Pradesh,Bilaspur,3063173,23.0,0.7508554038573727,0.07121290994273816,8.3,5.6
2022,Himachal Pradesh,Chamba,596942,25.0,4.188011565612739,0.07121290994273816,8.3,5.6
2022,Himachal Pradesh,CID,937776,0.0,0.0,0.07121290994273816,8.3,5.6
2022,Himachal Pradesh,GRP,937776,0.0,0.0,0.07121290994273816,8.3,5.6
2022,Himachal Pradesh,Hamirpur,522983,15.0,2.8681620626291866,0.07121290994273816,8.3,5.6
2022,Himachal Pradesh,Hamirpur,1269927,15.0,1.1811702562430755,0.07121290994273816,8.3,5.6
2022,Himachal Pradesh,Kangra,1736586,70.0,4.030897404447577,0.07121290994273816,8.3,5.6
2022,Himachal Pradesh,Kinnaur,96739,6.0,6.202255553602994,0.07121290994273816,8.3,5.6
2022,Himachal Pradesh,Kullu,503588,17.0,3.375775435475031,0.07121290994273816,8.3,5.6
2022,Himachal Pradesh,Lahaul & Spiti,937776,1.0,0.10663527324222416,0.07121290994273816,8.3,5.6
2022,Himachal Pradesh,Mandi,1149743,53.0,4.609725825684523,0.07121290994273816,8.3,5.6
2022,Himachal Pradesh,Shimla,936111,28.0,2.9910982778751665,0.07121290994273816,8.3,5.6
2022,Himachal Pradesh,Sirmaur,609333,44.0,7.221010514775992,0.07121290994273816,8.3,5.6
2022,Himachal Pradesh,Solan,667368,10.0,1.4984236583114563,0.07121290994273816,8.3,5.6
2022,Himachal Pradesh,Una,599348,30.0,5.005439243978457,0.07121290994273816,8.3,5.6
2022,Himachal Pradesh,Cyber,937776,0.0,0.0,0.07121290994273816,8.3,5.6
2022,Himachal Pradesh,Total Districts ,937776,345.0,36.789169268567335,0.07121290994273816,8.3,5.6
2022,Jharkhand,Bokaro,2371679,137.0,5.776498421582348,0.22653050907436428,31.5,2.9
2022,Jharkhand,Chaibasa,1648218,51.0,3.0942508818615013,0.22653050907436428,31.5,2.9
2022,Jharkhand,Chatra,1199318,47.0,3.918893904702506,0.22653050907436428,31.5,2.9
2022,Jharkhand,Deoghar,1715883,92.0,5.361670929777846,0.22653050907436428,31.5,2.9
2022,Jharkhand,Dhanbad,3087160,146.0,4.72926573290662,0.22653050907436428,31.5,2.9
2022,Jharkhand,Dhanbad Railway,1648218,0.0,0.0,0.22653050907436428,31.5,2.9
2022,Jharkhand,Dumka,1519658,49.0,3.224409702709426,0.22653050907436428,31.5,2.9
2022,Jharkhand,Garhwa,1521201,116.0,7.6255537565384195,0.22653050907436428,31.5,2.9
2022,Jharkhand,Giridih,2812295,175.0,6.22267578614619,0.22653050907436428,31.5,2.9
2022,Jharkhand,Godda,1510583,95.0,6.288962605828346,0.22653050907436428,31.5,2.9
2022,Jharkhand,Gumla,1178994,67.0,5.682810938817331,0.22653050907436428,31.5,2.9
2022,Jharkhand,Hazaribagh,1994669,143.0,7.169109260734488,0.22653050907436428,31.5,2.9
2022,Jharkhand,Jamshedpur,1648218,160.0,9.707453747016475,0.22653050907436428,31.5,2.9
2022,Jharkhand,Jamshedpur Railway,1648218,0.0,0.0,0.22653050907436428,31.5,2.9
2022,Jharkhand,Jamtara,909698,38.0,4.177210458855576,0.22653050907436428,31.5,2.9
2022,Jharkhand,Khunti,611667,42.0,6.866481271672331,0.22653050907436428,31.5,2.9
2022,Jharkhand,Koderma,1648218,71.0,4.307682600238561,0.22653050907436428,31.5,2.9
2022,Jharkhand,Latehar,836024,54.0,6.459144713548893,0.22653050907436428,31.5,2.9
2022,Jharkhand,Lohardagga,1648218,41.0,2.4875350226729718,0.22653050907436428,31.5,2.9
2022,Jharkhand,Pakur,1035485,88.0,8.49843310139693,0.22653050907436428,31.5,2.9
2022,Jharkhand,Palamu,2230849,108.0,4.841206195488803,0.22653050907436428,31.5,2.9
2022,Jharkhand,Ramgarh,1091859,42.0,3.8466505290518285,0.22653050907436428,31.5,2.9
2022,Jharkhand,Ranchi,3351390,268.0,7.996681973748206,0.22653050907436428,31.5,2.9
2022,Jharkhand,Sahebganj,1648218,80.0,4.853726873508237,0.22653050907436428,31.5,2.9
2022,Jharkhand,Saraikela,1648218,36.0,2.184177093078707,0.22653050907436428,31.5,2.9
2022,Jharkhand,Simdega,689514,33.0,4.785979690042551,0.22653050907436428,31.5,2.9
2022,Jharkhand,Total Districts ,1648218,2179.0,132.20338571718062,0.22653050907436428,31.5,2.9
2022,Karnataka,Bagalkot,2173214,48.0,2.208710232862479,0.1785958402499756,44.4,3.8
2022,Karnataka,Bengaluru City,1785149,764.0,42.797547991792285,0.1785958402499756,44.4,3.8
2022,Karnataka,Bengaluru District,1785149,184.0,10.30726286713322,0.1785958402499756,44.4,3.8
2022,Karnataka,Belagavi District,1785149,152.0,8.514695411979616,0.1785958402499756,44.4,3.8
2022,Karnataka,Ballari,1785149,75.0,4.201329973016258,0.1785958402499756,44.4,3.8
2022,Karnataka,Bidar,1958794,125.0,6.3814775826350285,0.1785958402499756,44.4,3.8
2022,Karnataka,Vijayapura,1785149,130.0,7.282305286561514,0.1785958402499756,44.4,3.8
2022,Karnataka,Chikkaballapura,1443369,71.0,4.919047035096361,0.1785958402499756,44.4,3.8
2022,Karnataka,Chamarajnagar,1785149,29.0,1.624514256232953,0.1785958402499756,44.4,3.8
2022,Karnataka,Chikkamagaluru,1785149,54.0,3.024957580571706,0.1785958402499756,44.4,3.8
2022,Karnataka,Chitradurga,1908374,91.0,4.768457335931007,0.1785958402499756,44.4,3.8
2022,Karnataka,Dakshina Kannada,2403096,41.0,1.7061324225082977,0.1785958402499756,44.4,3.8
2022,Karnataka,Davanagere,2237321,85.0,3.799186616493565,0.1785958402499756,44.4,3.8
2022,Karnataka,Dharwad,2124076,45.0,2.1185682621525785,0.1785958402499756,44.4,3.8
2022,Karnataka,Gadag,1224255,33.0,2.6955168653589325,0.1785958402499756,44.4,3.8
2022,Karnataka,Kalaburgi,1785149,117.0,6.5540747579053615,0.1785958402499756,44.4,3.8
2022,Karnataka,Hassan,2042884,68.0,3.3286275676935158,0.1785958402499756,44.4,3.8
2022,Karnataka,Haveri,1837318,53.0,2.8846394581667405,0.1785958402499756,44.4,3.8
2022,Karnataka,Hubballi Dharwad City,1785149,99.0,5.5457555643814604,0.1785958402499756,44.4,3.8
2022,Karnataka,K.G.F.,1785149,19.0,1.064336926497452,0.1785958402499756,44.4,3.8
2022,Karnataka,Kodagu,637696,32.0,5.018065034122842,0.1785958402499756,44.4,3.8
2022,Karnataka,Kolar,1766861,42.0,2.3770970098949493,0.1785958402499756,44.4,3.8
2022,Karnataka,Koppal,1598407,108.0,6.756727166485131,0.1785958402499756,44.4,3.8
2022,Karnataka,Mandya,2076634,108.0,5.200723863714068,0.1785958402499756,44.4,3.8
2022,Karnataka,Mangaluru City,1785149,47.0,2.632833449756855,0.1785958402499756,44.4,3.8
2022,Karnataka,Mysuru City,1785149,61.0,3.4170817113865564,0.1785958402499756,44.4,3.8
2022,Karnataka,Mysuru District,1785149,127.0,7.114252087640863,0.1785958402499756,44.4,3.8
2022,Karnataka,Raichur,2218133,145.0,6.537029114124357,0.1785958402499756,44.4,3.8
2022,Karnataka,K.Railways,1785149,3.0,0.16805319892065032,0.1785958402499756,44.4,3.8
2022,Karnataka,Ramanagara,1245031,64.0,5.140434254247484,0.1785958402499756,44.4,3.8
2022,Karnataka,Shimoga,2015665,125.0,6.201427320512089,0.1785958402499756,44.4,3.8
2022,Karnataka,Tumakuru,1785149,88.0,4.929560501672409,0.1785958402499756,44.4,3.8
2022,Karnataka,Udupi,1353965,40.0,2.9542861152245443,0.1785958402499756,44.4,3.8
2022,Karnataka,Uttara Kannada,1652744,33.0,1.9966794615500043,0.1785958402499756,44.4,3.8
2022,Karnataka,Yadgiri,1785149,48.0,2.688851182730405,0.1785958402499756,44.4,3.8
2022,Karnataka,Belagavi City,1785149,96.0,5.37770236546081,0.1785958402499756,44.4,3.8
2022,Karnataka,Kalaburgi City,1785149,64.0,3.5851349103072065,0.1785958402499756,44.4,3.8
2022,Karnataka,Vijayanagara,1785149,66.0,3.697170376254307,0.1785958402499756,44.4,3.8
2022,Karnataka,Total Districts ,1785149,3580.0,200.54348404530938,0.1785958402499756,44.4,3.8
2022,Kerala,All Districts,2966482,402.0,13.551405334669148,0.07236620666442276,9.9,7.0
2022,Kerala,Alapuzha,2966482,236.0,7.9555513905022845,0.07236620666442276,9.9,7.0
2022,Kerala,Ernakulam Commr.,2966482,251.0,8.461200843288447,0.07236620666442276,9.9,7.0
2022,Kerala,Ernakulam Rural,3774746,392.0,10.384804699442029,0.07236620666442276,9.9,7.0
2022,Kerala,Idukki,1275320,142.0,11.134460370730483,0.07236620666442276,9.9,7.0
2022,Kerala,Kannur City,2901453,182.0,6.272719220335467,0.07236620666442276,9.9,7.0
2022,Kerala,Kasargod,2966482,162.0,5.461014090090552,0.07236620666442276,9.9,7.0
2022,Kerala,Kollam Commr.,2966482,393.0,13.248015662997448,0.07236620666442276,9.9,7.0
2022,Kerala,Kollam Rural,3030681,243.0,8.017999914870618,0.07236620666442276,9.9,7.0
2022,Kerala,Kottayam,2270733,198.0,8.719651319639958,0.07236620666442276,9.9,7.0
2022,Kerala,Kozhikode Commr.,2966482,384.0,12.944625991325752,0.07236620666442276,9.9,7.0
2022,Kerala,Kozhikode Rural,3549236,452.0,12.7351351107675,0.07236620666442276,9.9,7.0
2022,Kerala,Malappuram,4729858,706.0,14.926452337469751,0.07236620666442276,9.9,7.0
2022,Kerala,Palakkad,3231424,345.0,10.676407676615636,0.07236620666442276,9.9,7.0
2022,Kerala,Pathanamthitta,1377023,140.0,10.166859958039916,0.07236620666442276,9.9,7.0
2022,Kerala,Railways,2966482,0.0,0.0,0.07236620666442276,9.9,7.0
2022,Kerala,Thrissur Rural,3589379,297.0,8.274411813296952,0.07236620666442276,9.9,7.0
2022,Kerala,Trivandrum Commr.,2966482,156.0,5.258754308976087,0.07236620666442276,9.9,7.0
2022,Kerala,Trivandrum Rural,2966482,359.0,12.101876903348815,0.07236620666442276,9.9,7.0
2022,Kerala,Wayanadu,2966482,248.0,8.360070952731215,0.07236620666442276,9.9,7.0
2022,Kerala,Crime Branch,2966482,0.0,0.0,0.07236620666442276,9.9,7.0
2022,Kerala,Kannur Rural,2901453,137.0,4.721772160362412,0.07236620666442276,9.9,7.0
2022,Kerala,Total Districts ,2966482,5825.0,196.36053749862631,0.07236620666442276,9.9,7.0
2022,Madhya Pradesh,Agar,1697834,92.0,5.418668727331412,0.14248064569263713,28.1,4.4
2022,Madhya Pradesh,Alirajpur,838348,38.0,4.532723880775048,0.14248064569263713,28.1,4.4
2022,Madhya Pradesh,Anuppur,861622,128.0,14.855702384572353,0.14248064569263713,28.1,4.4
2022,Madhya Pradesh,Ashok Nagar,1697834,161.0,9.48267027282997,0.14248064569263713,28.1,4.4
2022,Madhya Pradesh,Balaghat,1956952,193.0,9.862275620454666,0.14248064569263713,28.1,4.4
2022,Madhya Pradesh,Barwani,1593763,111.0,6.964649072666387,0.14248064569263713,28.1,4.4
2022,Madhya Pradesh,Betul,1811666,84.0,4.636616241625112,0.14248064569263713,28.1,4.4
2022,Madhya Pradesh,Bhind,1958455,151.0,7.710159283721097,0.14248064569263713,28.1,4.4
2022,Madhya Pradesh,Bhopal Commissionarate,1697834,948.0,55.8358473207628,0.14248064569263713,28.1,4.4
2022,Madhya Pradesh,Bhopal Railway,1697834,1.0,0.058898573123167514,0.14248064569263713,28.1,4.4
2022,Madhya Pradesh,Burhanpur,871524,148.0,16.981746916895002,0.14248064569263713,28.1,4.4
2022,Madhya Pradesh,Chhatarpur,2026731,236.0,11.644367210054023,0.14248064569263713,28.1,4.4
2022,Madhya Pradesh,Chhindwara,2404560,145.0,6.030209269055462,0.14248064569263713,28.1,4.4
2022,Madhya Pradesh,Damoh,1453851,206.0,14.169264938429041,0.14248064569263713,28.1,4.4
2022,Madhya Pradesh,Datia,904767,119.0,13.152557509281396,0.14248064569263713,28.1,4.4
2022,Madhya Pradesh,Dewas,1798272,124.0,6.895508577122927,0.14248064569263713,28.1,4.4
2022,Madhya Pradesh,Dhar,2513661,366.0,14.560435953774197,0.14248064569263713,28.1,4.4
2022,Madhya Pradesh,Dindori,810202,160.0,19.748161569583882,0.14248064569263713,28.1,4.4
2022,Madhya Pradesh,Guna,1427746,133.0,9.31538242796688,0.14248064569263713,28.1,4.4
2022,Madhya Pradesh,Gwalior,2336841,788.0,33.720736669717795,0.14248064569263713,28.1,4.4
2022,Madhya Pradesh,Harda,656034,117.0,17.83444150760479,0.14248064569263713,28.1,4.4
2022,Madhya Pradesh,Narmadapuram,1697834,243.0,14.312353268929707,0.14248064569263713,28.1,4.4
2022,Madhya Pradesh,Indore Commissionarate,1697834,718.0,42.28917550243428,0.14248064569263713,28.1,4.4
2022,Madhya Pradesh,Indore Railway,1697834,1.0,0.058898573123167514,0.14248064569263713,28.1,4.4
2022,Madhya Pradesh,Jabalpur,2832782,595.0,21.004087148252143,0.14248064569263713,28.1,4.4
2022,Madhya Pradesh,Jabalpur Railway,1697834,3.0,0.17669571936950254,0.14248064569263713,28.1,4.4
2022,Madhya Pradesh,Jhabua,1178805,64.0,5.429227056213708,0.14248064569263713,28.1,4.4
2022,Madhya Pradesh,Katni,1485848,112.0,7.537783137979121,0.14248064569263713,28.1,4.4
2022,Madhya Pradesh,Khandwa,1506570,147.0,9.75726318723989,0.14248064569263713,28.1,4.4
2022,Madhya Pradesh,Khargone,2154002,160.0,7.428033957257236,0.14248064569263713,28.1,4.4
2022,Madhya Pradesh,Mandla,1213140,102.0,8.407933132202384,0.14248064569263713,28.1,4.4
2022,Madhya Pradesh,Mandsaur,1541472,154.0,9.990450686097445,0.14248064569263713,28.1,4.4
2022,Madhya Pradesh,Morena,2260865,384.0,16.984649680542624,0.14248064569263713,28.1,4.4
2022,Madhya Pradesh,Narsinghpur,1697834,177.0,10.42504744280065,0.14248064569263713,28.1,4.4
2022,Madhya Pradesh,Neemuch,949977,185.0,19.47415569008513,0.14248064569263713,28.1,4.4
2022,Madhya Pradesh,Panna,1168998,168.0,14.371282072338873,0.14248064569263713,28.1,4.4
2022,Madhya Pradesh,Raisen,1531336,217.0,14.17063270242455,0.14248064569263713,28.1,4.4
2022,Madhya Pradesh,Rajgarh,1777686,503.0,28.295210740254465,0.14248064569263713,28.1,4.4
2022,Madhya Pradesh,Ratlam,1673329,245.0,14.641472179111222,0.14248064569263713,28.1,4.4
2022,Madhya Pradesh,Rewa,2719871,328.0,12.059395463976049,0.14248064569263713,28.1,4.4
2022,Madhya Pradesh,Sagar,2735226,519.0,18.97466607878106,0.14248064569263713,28.1,4.4
2022,Madhya Pradesh,Satna,2563275,170.0,6.632140523353913,0.14248064569263713,28.1,4.4
2022,Madhya Pradesh,Seoni,1586000,217.0,13.682219419924337,0.14248064569263713,28.1,4.4
2022,Madhya Pradesh,Shahdol,1225972,246.0,20.065711125539572,0.14248064569263713,28.1,4.4
2022,Madhya Pradesh,Shajapur,1739583,175.0,10.05988216716305,0.14248064569263713,28.1,4.4
2022,Madhya Pradesh,Sheopur,791040,83.0,10.492516181229773,0.14248064569263713,28.1,4.4
2022,Madhya Pradesh,Shivpuri,1984957,249.0,12.544352346171731,0.14248064569263713,28.1,4.4
2022,Madhya Pradesh,Sidhi,1296087,161.0,12.42200562153621,0.14248064569263713,28.1,4.4
2022,Madhya Pradesh,Sehore,1508031,169.0,11.206666175960574,0.14248064569263713,28.1,4.4
2022,Madhya Pradesh,Singrauli,1355013,211.0,15.571806322153368,0.14248064569263713,28.1,4.4
2022,Madhya Pradesh,Tikamgarh,1661940,118.0,7.100135985655319,0.14248064569263713,28.1,4.4
2022,Madhya Pradesh,Ujjain,2284893,277.0,12.123105983518704,0.14248064569263713,28.1,4.4
2022,Madhya Pradesh,Umaria,741471,83.0,11.19396443016652,0.14248064569263713,28.1,4.4
2022,Madhya Pradesh,Vidisha,1677706,175.0,10.430909825678635,0.14248064569263713,28.1,4.4
2022,Madhya Pradesh,Cyber Crime Cell,1697834,0.0,0.0,0.14248064569263713,28.1,4.4
2022,Madhya Pradesh,Niwari,1697834,54.0,3.180522948651046,0.14248064569263713,28.1,4.4
2022,Madhya Pradesh,Bhopal Rural,2726720,80.0,2.9339279427297265,0.14248064569263713,28.1,4.4
2022,Madhya Pradesh,Indore Rural,3768201,132.0,3.502997849637002,0.14248064569263713,28.1,4.4
2022,Madhya Pradesh,Total Districts ,1697834,12074.0,711.1413718891247,0.14248064569263713,28.1,4.4
2022,Maharashtra,Ahmednagar,3417201,584.0,17.090010215963297,0.10646792653713069,25.2,3.7
2022,Maharashtra,Akola,2085991,281.0,13.470815550019152,0.10646792653713069,25.2,3.7
2022,Maharashtra,Amravati Commr.,3417201,177.0,5.179677753810794,0.10646792653713069,25.2,3.7
2022,Maharashtra,Amravati Rural,3321711,240.0,7.2251920772156275,0.10646792653713069,25.2,3.7
2022,Maharashtra,Aurangabad Commr.,3417201,306.0,8.954697133706798,0.10646792653713069,25.2,3.7
2022,Maharashtra,Aurangabad Rural,2921083,346.0,11.844921900541683,0.10646792653713069,25.2,3.7
2022,Maharashtra,Aurangabad Rural,4256474,346.0,8.128793926616256,0.10646792653713069,25.2,3.7
2022,Maharashtra,Beed,3417201,675.0,19.75300838317676,0.10646792653713069,25.2,3.7
2022,Maharashtra,Bhandara,1380384,75.0,5.433270742054385,0.10646792653713069,25.2,3.7
2022,Maharashtra,Buldhana,3417201,301.0,8.808378553090673,0.10646792653713069,25.2,3.7
2022,Maharashtra,Chandrapur,2534953,245.0,9.66487347102688,0.10646792653713069,25.2,3.7
2022,Maharashtra,Dhule,2358491,401.0,17.002396871558975,0.10646792653713069,25.2,3.7
2022,Maharashtra,Gadchiroli,1233883,31.0,2.512393800708819,0.10646792653713069,25.2,3.7
2022,Maharashtra,Gondia,3417201,64.0,1.8728778318863888,0.10646792653713069,25.2,3.7
2022,Maharashtra,Hingoli,1353946,206.0,15.214787000367814,0.10646792653713069,25.2,3.7
2022,Maharashtra,Jalgaon,4864404,618.0,12.704536876460097,0.10646792653713069,25.2,3.7
2022,Maharashtra,Jalna,2252902,563.0,24.989990687566525,0.10646792653713069,25.2,3.7
2022,Maharashtra,Kolhapur,4457401,296.0,6.640641037232235,0.10646792653713069,25.2,3.7
2022,Maharashtra,Latur,2822325,429.0,15.200233849751536,0.10646792653713069,25.2,3.7
2022,Maharashtra,Mumbai Commr.,3417201,1277.0,37.3697654893581,0.10646792653713069,25.2,3.7
2022,Maharashtra,Mumbai Railway,3417201,1.0,0.029263716123224825,0.10646792653713069,25.2,3.7
2022,Maharashtra,Nagpur Commr.,3417201,352.0,10.300828075375138,0.10646792653713069,25.2,3.7
2022,Maharashtra,Nagpur Railway,3417201,0.0,0.0,0.10646792653713069,25.2,3.7
2022,Maharashtra,Nagpur Rural,5351605,68.0,1.2706468433301785,0.10646792653713069,25.2,3.7
2022,Maharashtra,Nanded,3865485,401.0,10.373859942542786,0.10646792653713069,25.2,3.7
2022,Maharashtra,Nandurbar,1895539,132.0,6.963718499065437,0.10646792653713069,25.2,3.7
2022,Maharashtra,Nasik Commr.,3417201,95.0,2.7800530317063585,0.10646792653713069,25.2,3.7
2022,Maharashtra,Nasik Rural,3417201,686.0,20.07490926053223,0.10646792653713069,25.2,3.7
2022,Maharashtra,Navi Mumbai,3417201,333.0,9.744817469033867,0.10646792653713069,25.2,3.7
2022,Maharashtra,Osmanabad,1906212,179.0,9.390351125688014,0.10646792653713069,25.2,3.7
2022,Maharashtra,Palghar,3417201,65.0,1.9021415480096138,0.10646792653713069,25.2,3.7
2022,Maharashtra,Parbhani,2111498,307.0,14.539440719337646,0.10646792653713069,25.2,3.7
2022,Maharashtra,Pune Commr.,3417201,780.0,22.825698576115364,0.10646792653713069,25.2,3.7
2022,Maharashtra,Pune Railway,3417201,2.0,0.05852743224644965,0.10646792653713069,25.2,3.7
2022,Maharashtra,Pune Rural,10843819,447.0,4.122163971936455,0.10646792653713069,25.2,3.7
2022,Maharashtra,Raigad,3417201,89.0,2.6044707349670095,0.10646792653713069,25.2,3.7
2022,Maharashtra,Ratnagiri,1857329,22.0,1.1844966616038408,0.10646792653713069,25.2,3.7
2022,Maharashtra,Sangli,3245464,246.0,7.579809851534326,0.10646792653713069,25.2,3.7
2022,Maharashtra,Satara,3454302,241.0,6.976807470800179,0.10646792653713069,25.2,3.7
2022,Maharashtra,Sindhudurg,977098,13.0,1.3304704338766429,0.10646792653713069,25.2,3.7
2022,Maharashtra,Solapur Commr.,3417201,156.0,4.565139715223073,0.10646792653713069,25.2,3.7
2022,Maharashtra,Solapur Rural,4965419,258.0,5.195936133486419,0.10646792653713069,25.2,3.7
2022,Maharashtra,Thane Commr.,3417201,657.0,19.22626149295871,0.10646792653713069,25.2,3.7
2022,Maharashtra,Thane Rural,12719170,96.0,0.7547662308153755,0.10646792653713069,25.2,3.7
2022,Maharashtra,Wardha,1495890,91.0,6.083335004579213,0.10646792653713069,25.2,3.7
2022,Maharashtra,Washim,1376734,263.0,19.10318187827133,0.10646792653713069,25.2,3.7
2022,Maharashtra,Yavatmal,3188200,466.0,14.616397967505176,0.10646792653713069,25.2,3.7
2022,Maharashtra,Pimpri Chinchwad City,3417201,445.0,13.022353674835047,0.10646792653713069,25.2,3.7
2022,Maharashtra,Aurangabad Railway,3417201,1.0,0.029263716123224825,0.10646792653713069,25.2,3.7
2022,Maharashtra,Mira Bhayandar Vasai Virar Commr.,3417201,466.0,13.636891713422768,0.10646792653713069,25.2,3.7
2022,Maharashtra,Total Districts ,3417201,14473.0,423.5337634514329,0.10646792653713069,25.2,3.7
2022,Manipur,Bishnupur,273008,5.0,1.8314481626912031,0.19931662870159453,39.6,4.4
2022,Manipur,Chandel,165809,0.0,0.0,0.19931662870159453,39.6,4.4
2022,Manipur,Churachandpur,315264,1.0,0.31719447827852215,0.19931662870159453,39.6,4.4
2022,Manipur,CID,364906,0.0,0.0,0.19931662870159453,39.6,4.4
2022,Manipur,Imphal East,524529,9.0,1.7158250544774456,0.19931662870159453,39.6,4.4
2022,Manipur,Imphal West,595690,25.0,4.196813778978999,0.19931662870159453,39.6,4.4
2022,Manipur,Senapati,551020,0.0,0.0,0.19931662870159453,39.6,4.4
2022,Manipur,Tamenglong,161748,0.0,0.0,0.19931662870159453,39.6,4.4
2022,Manipur,Thoubal,485493,5.0,1.0298809663579085,0.19931662870159453,39.6,4.4
2022,Manipur,Ukhrul,211597,2.0,0.945192984777667,0.19931662870159453,39.6,4.4
2022,Manipur,Kakching,364906,4.0,1.096172712972656,0.19931662870159453,39.6,4.4
2022,Manipur,Kamjong,364906,0.0,0.0,0.19931662870159453,39.6,4.4
2022,Manipur,Kangpokpi,364906,0.0,0.0,0.19931662870159453,39.6,4.4
2022,Manipur,Jiribam,364906,1.0,0.274043178243164,0.19931662870159453,39.6,4.4
2022,Manipur,Noney,364906,0.0,0.0,0.19931662870159453,39.6,4.4
2022,Manipur,Pherzawl,364906,0.0,0.0,0.19931662870159453,39.6,4.4
2022,Manipur,Tengnoupal,364906,0.0,0.0,0.19931662870159453,39.6,4.4
2022,Manipur,Narcotic,364906,0.0,0.0,0.19931662870159453,39.6,4.4
2022,Manipur,Total Districts ,364906,52.0,14.250245268644527,0.19931662870159453,39.6,4.4
2022,Meghalaya,Garo Hills East,297666,6.0,2.0156820060067324,0.17523364485981308,12.7,5.0
2022,Meghalaya,Garo Hills North,297666,3.0,1.0078410030033662,0.17523364485981308,12.7,5.0
2022,Meghalaya,Garo Hills South,297666,3.0,1.0078410030033662,0.17523364485981308,12.7,5.0
2022,Meghalaya,Garo Hills South West,297666,1.0,0.33594700100112207,0.17523364485981308,12.7,5.0
2022,Meghalaya,Garo Hills West,297666,22.0,7.390834022024686,0.17523364485981308,12.7,5.0
2022,Meghalaya,Jaintia Hills West,297666,8.0,2.6875760080089766,0.17523364485981308,12.7,5.0
2022,Meghalaya,Jaintia Hills East,297666,5.0,1.6797350050056103,0.17523364485981308,12.7,5.0
2022,Meghalaya,Khasi Hills East,297666,28.0,9.406516028031419,0.17523364485981308,12.7,5.0
2022,Meghalaya,Khasi Hills South West,297666,2.0,0.6718940020022441,0.17523364485981308,12.7,5.0
2022,Meghalaya,Khasi Hills West,297666,10.0,3.3594700100112207,0.17523364485981308,12.7,5.0
2022,Meghalaya,Ri-Bhoi,297666,11.0,3.695417011012343,0.17523364485981308,12.7,5.0
2022,Meghalaya,Cyber Cell,297666,0.0,0.0,0.17523364485981308,12.7,5.0
2022,Meghalaya,Khasi Hills Eastern West,297666,3.0,1.0078410030033662,0.17523364485981308,12.7,5.0
2022,Meghalaya,Total Districts ,297666,102.0,34.266594102114446,0.17523364485981308,12.7,5.0
2022,Mizoram,Aizawl,460355,13.0,2.8239076364979203,0.16501650165016502,16.8,4.4
2022,Mizoram,Champhai,144606,0.0,0.0,0.16501650165016502,16.8,4.4
2022,Mizoram,Kolasib,96548,2.0,2.0715084724696524,0.16501650165016502,16.8,4.4
2022,Mizoram,Lawngtlai,135578,0.0,0.0,0.16501650165016502,16.8,4.4
2022,Mizoram,Lunglei,185642,0.0,0.0,0.16501650165016502,16.8,4.4
2022,Mizoram,Mamit,99318,0.0,0.0,0.16501650165016502,16.8,4.4
2022,Mizoram,Saiha,65060,0.0,0.0,0.16501650165016502,16.8,4.4
2022,Mizoram,Serchhip,74677,0.0,0.0,0.16501650165016502,16.8,4.4
2022,Mizoram,Spl Narcotic,157723,0.0,0.0,0.16501650165016502,16.8,4.4
2022,Mizoram,Saitual,157723,0.0,0.0,0.16501650165016502,16.8,4.4
2022,Mizoram,Khawzawl,157723,0.0,0.0,0.16501650165016502,16.8,4.4
2022,Mizoram,Hnahthial,157723,2.0,1.2680458778998625,0.16501650165016502,16.8,4.4
2022,Mizoram,Cyber,157723,0.0,0.0,0.16501650165016502,16.8,4.4
2022,Mizoram,Total Districts ,157723,17.0,10.77838996214883,0.16501650165016502,16.8,4.4
2022,Nagaland #,Dimapur,435632,2.0,0.45910309619128076,0.0,26.72809498399146,
2022,Nagaland #,Kiphire,85104,0.0,0.0,0.0,26.72809498399146,
2022,Nagaland #,Kohima,308186,3.0,0.9734381185388046,0.0,26.72809498399146,
2022,Nagaland #,Longleng,58056,2.0,3.4449497037343257,0.0,26.72809498399146,
2022,Nagaland #,Mokokchung,223815,1.0,0.4467975783571253,0.0,26.72809498399146,
2022,Nagaland #,Mon,287799,0.0,0.0,0.0,26.72809498399146,
2022,Nagaland #,Peren,109501,1.0,0.9132336690989123,0.0,26.72809498399146,
2022,Nagaland #,Phek,187930,0.0,0.0,0.0,26.72809498399146,
2022,Nagaland #,Tuensang,226085,0.0,0.0,0.0,26.72809498399146,
2022,Nagaland #,Wokha,191294,0.0,0.0,0.0,26.72809498399146,
2022,Nagaland #,Zunheboto,161870,0.0,0.0,0.0,26.72809498399146,
2022,Nagaland #,Total Districts ,206842,9.0,4.3511472524922405,0.0,26.72809498399146,
2022,Nagaland #,# Clarifications are pending,206842,0.0,0.0,0.0,26.72809498399146,
2022,Odisha,Angul,1638572,607.0,37.04445089992994,0.07449344457687723,30.4,5.4
2022,Odisha,Balasore,1638572,175.0,10.680031149073706,0.07449344457687723,30.4,5.4
2022,Odisha,Baragarh,1638572,155.0,9.45945616060814,0.07449344457687723,30.4,5.4
2022,Odisha,Berhampur,1638572,336.0,20.505659806221516,0.07449344457687723,30.4,5.4
2022,Odisha,Bhadrak,1732287,138.0,7.966347377772851,0.07449344457687723,30.4,5.4
2022,Odisha,Bolangir,1638572,122.0,7.445507429639955,0.07449344457687723,30.4,5.4
2022,Odisha,Boudh,1638572,48.0,2.9293799723173595,0.07449344457687723,30.4,5.4
2022,Odisha,Cuttack,3018140,121.0,4.00909169223429,0.07449344457687723,30.4,5.4
2022,Odisha,DCP BBSR,1638572,88.0,5.370529949248492,0.07449344457687723,30.4,5.4
2022,Odisha,DCP CTC,1638572,183.0,11.168261144459931,0.07449344457687723,30.4,5.4
2022,Odisha,Deogarh,1638572,230.0,14.036612367354014,0.07449344457687723,30.4,5.4
2022,Odisha,Dhenkanal,1371732,160.0,11.6640859876419,0.07449344457687723,30.4,5.4
2022,Odisha,Gajapati,664489,49.0,7.374087456677237,0.07449344457687723,30.4,5.4
2022,Odisha,Ganjam,4058385,1052.0,25.92164124399238,0.07449344457687723,30.4,5.4
2022,Odisha,Jagatsinghpur,1638572,173.0,10.557973650227149,0.07449344457687723,30.4,5.4
2022,Odisha,Jajpur,1638572,279.0,17.02702108909465,0.07449344457687723,30.4,5.4
2022,Odisha,Jharsuguda,666430,121.0,18.15644553816605,0.07449344457687723,30.4,5.4
2022,Odisha,Kalahandi,1813399,302.0,16.65380867641374,0.07449344457687723,30.4,5.4
2022,Odisha,Kandhamal,843076,127.0,15.063885106443548,0.07449344457687723,30.4,5.4
2022,Odisha,Kendrapara,1656415,245.0,14.790979313758932,0.07449344457687723,30.4,5.4
2022,Odisha,Keonjhar,1638572,156.0,9.520484910031419,0.07449344457687723,30.4,5.4
2022,Odisha,Khurda,1638572,127.0,7.750651176756347,0.07449344457687723,30.4,5.4
2022,Odisha,Koraput,1586594,194.0,12.227450752996672,0.07449344457687723,30.4,5.4
2022,Odisha,Malkangiri,705170,180.0,25.525759745876883,0.07449344457687723,30.4,5.4
2022,Odisha,Mayurbhanj,2897698,463.0,15.978200626842412,0.07449344457687723,30.4,5.4
2022,Odisha,Nayagarh,1107207,116.0,10.4768123756443,0.07449344457687723,30.4,5.4
2022,Odisha,Nabarangpur,1638572,172.0,10.496944900803872,0.07449344457687723,30.4,5.4
2022,Odisha,Nuapada,701939,40.0,5.698500866884444,0.07449344457687723,30.4,5.4
2022,Odisha,Puri,1953539,179.0,9.162857767364766,0.07449344457687723,30.4,5.4
2022,Odisha,Rayagada,1113097,104.0,9.343300718625601,0.07449344457687723,30.4,5.4
2022,Odisha,Rourkela,1638572,156.0,9.520484910031419,0.07449344457687723,30.4,5.4
2022,Odisha,Sambalpur,1197263,220.0,18.375244202819264,0.07449344457687723,30.4,5.4
2022,Odisha,Sonepur,1638572,41.0,2.502178726354411,0.07449344457687723,30.4,5.4
2022,Odisha,SRP(Cuttack),1638572,1.0,0.061028749423278315,0.07449344457687723,30.4,5.4
2022,Odisha,SRP(Rourkela),1638572,0.0,0.0,0.07449344457687723,30.4,5.4
2022,Odisha,Sundargarh,2407452,202.0,8.390613810784181,0.07449344457687723,30.4,5.4
2022,Odisha,CID CB,1638572,0.0,0.0,0.07449344457687723,30.4,5.4
2022,Odisha,Total Districts ,1638572,7062.0,430.9850284271915,0.07449344457687723,30.4,5.4
2022,Punjab,Amritsar Rural,2864254,58.0,2.0249600768646916,0.0587406015037594,11.0,5.5
2022,Punjab,Barnala,684856,30.0,4.380482904435385,0.0587406015037594,11.0,5.5
2022,Punjab,Batala,1683506,58.0,3.445191166529849,0.0587406015037594,11.0,5.5
2022,Punjab,Bathinda,1596803,126.0,7.890766738288944,0.0587406015037594,11.0,5.5
2022,Punjab,CP Amritsar,1683506,77.0,4.573788272806869,0.0587406015037594,11.0,5.5
2022,Punjab,CP Jalandhar,1683506,152.0,9.028776850216156,0.0587406015037594,11.0,5.5
2022,Punjab,CP Ludhiana,1683506,282.0,16.750757051058923,0.0587406015037594,11.0,5.5
2022,Punjab,Faridkot,710134,20.0,2.816369868222054,0.0587406015037594,11.0,5.5
2022,Punjab,Fatehgarh Sahib,690187,57.0,8.25863135642949,0.0587406015037594,11.0,5.5
2022,Punjab,Fazilka,1683506,86.0,5.108386902095983,0.0587406015037594,11.0,5.5
2022,Punjab,Ferozepur,1683506,42.0,2.494793603349201,0.0587406015037594,11.0,5.5
2022,Punjab,GRP,1683506,0.0,0.0,0.0587406015037594,11.0,5.5
2022,Punjab,Gurdaspur,2643071,78.0,2.9511125505141558,0.0587406015037594,11.0,5.5
2022,Punjab,Hoshiarpur,1824618,128.0,7.015167010300238,0.0587406015037594,11.0,5.5
2022,Punjab,Jalandhar Rural,2522628,84.0,3.329860764250615,0.0587406015037594,11.0,5.5
2022,Punjab,Kapurthala,937443,57.0,6.0803696864769385,0.0587406015037594,11.0,5.5
2022,Punjab,Khanna,1683506,38.0,2.257194212554039,0.0587406015037594,11.0,5.5
2022,Punjab,Ludhiana Rural,4023549,48.0,1.1929766482277213,0.0587406015037594,11.0,5.5
2022,Punjab,Mansa,885213,45.0,5.083522270911069,0.0587406015037594,11.0,5.5
2022,Punjab,Moga,1145107,42.0,3.6677795175472685,0.0587406015037594,11.0,5.5
2022,Punjab,Muktsar,1037180,36.0,3.470950076168071,0.0587406015037594,11.0,5.5
2022,Punjab,Pathankot,1683506,48.0,2.851192689541944,0.0587406015037594,11.0,5.5
2022,Punjab,Patiala,2180038,185.0,8.486090609429743,0.0587406015037594,11.0,5.5
2022,Punjab,Ropar,1683506,35.0,2.0789946694576673,0.0587406015037594,11.0,5.5
2022,Punjab,Sangrur,1903444,59.0,3.0996446441292735,0.0587406015037594,11.0,5.5
2022,Punjab,SAS Nagar,1683506,182.0,10.81077228117987,0.0587406015037594,11.0,5.5
2022,Punjab,SBS Nagar,1683506,49.0,2.9105925372407344,0.0587406015037594,11.0,5.5
2022,Punjab,Tarn Taran,1287571,37.0,2.873627939740799,0.0587406015037594,11.0,5.5
2022,Punjab,Bureau of Investigation,1683506,1.0,0.0593998476987905,0.0587406015037594,11.0,5.5
2022,Punjab,Intelligence Wing,1683506,0.0,0.0,0.0587406015037594,11.0,5.5
2022,Punjab,NRI Wing,1683506,47.0,2.7917928418431535,0.0587406015037594,11.0,5.5
2022,Punjab,Special Task Force,1683506,0.0,0.0,0.0587406015037594,11.0,5.5
2022,Punjab,Malerkotla,1683506,44.0,2.6135932987467823,0.0587406015037594,11.0,5.5
2022,Punjab,Total Districts ,1683506,2231.0,132.52106021600162,0.0587406015037594,11.0,5.5
2022,Rajasthan,Ajmer,2970509,1251.0,42.11399460496501,0.1282991202346041,24.3,2.7
2022,Rajasthan,Alwar,4225305,1043.0,24.68460856671885,0.1282991202346041,24.3,2.7
2022,Rajasthan,Banswara,2067107,349.0,16.88349949954211,0.1282991202346041,24.3,2.7
2022,Rajasthan,Baran,1406168,446.0,31.71740503268457,0.1282991202346041,24.3,2.7
2022,Rajasthan,Barmer,2994313,581.0,19.403449138416725,0.1282991202346041,24.3,2.7
2022,Rajasthan,Bharatpur,2930731,1315.0,44.86935170781624,0.1282991202346041,24.3,2.7
2022,Rajasthan,Bhilwara,2769801,1188.0,42.891167993657305,0.1282991202346041,24.3,2.7
2022,Rajasthan,Bikaner,2718527,699.0,25.71245383989197,0.1282991202346041,24.3,2.7
2022,Rajasthan,Bundi,1277541,402.0,31.46670048162838,0.1282991202346041,24.3,2.7
2022,Rajasthan,Chittorgarh,2485185,638.0,25.672133060516618,0.1282991202346041,24.3,2.7
2022,Rajasthan,Churu,2345479,605.0,25.79430470279205,0.1282991202346041,24.3,2.7
2022,Rajasthan,Dausa,1879570,495.0,26.335810850354072,0.1282991202346041,24.3,2.7
2022,Rajasthan,Dholpur,2485185,506.0,20.360657254892494,0.1282991202346041,24.3,2.7
2022,Rajasthan,Dungarpur,1596834,215.0,13.464142171321503,0.1282991202346041,24.3,2.7
2022,Rajasthan,GRP Ajmer,2485185,4.0,0.16095381229164027,0.1282991202346041,24.3,2.7
2022,Rajasthan,GRP Jodhpur,2485185,0.0,0.0,0.1282991202346041,24.3,2.7
2022,Rajasthan,Ganganagar,2264543,1057.0,46.676084313700386,0.1282991202346041,24.3,2.7
2022,Rajasthan,Hanumangarh,2040895,901.0,44.14729812165741,0.1282991202346041,24.3,2.7
2022,Rajasthan,Jaipur East,2485185,446.0,17.946350070517887,0.1282991202346041,24.3,2.7
2022,Rajasthan,Jaipur North,2485185,417.0,16.779434931403497,0.1282991202346041,24.3,2.7
2022,Rajasthan,Jaipur Rural,7620104,671.0,8.805654096059582,0.1282991202346041,24.3,2.7
2022,Rajasthan,Jaipur South,2485185,484.0,19.47541128728847,0.1282991202346041,24.3,2.7
2022,Rajasthan,Jaipur West,2485185,699.0,28.126678697964135,0.1282991202346041,24.3,2.7
2022,Rajasthan,Jaisalmer,770406,96.0,12.460962142039392,0.1282991202346041,24.3,2.7
2022,Rajasthan,Jalore,2485185,312.0,12.55439735874794,0.1282991202346041,24.3,2.7
2022,Rajasthan,Jhalawar,1622798,667.0,41.10185001460441,0.1282991202346041,24.3,2.7
2022,Rajasthan,Jhunjhunu,2485185,637.0,25.631894607443712,0.1282991202346041,24.3,2.7
2022,Rajasthan,Jodhpur East,2485185,323.0,12.997020342549952,0.1282991202346041,24.3,2.7
2022,Rajasthan,Jodhpur West,2485185,313.0,12.594635811820849,0.1282991202346041,24.3,2.7
2022,Rajasthan,Jodhpur Rural,4240239,328.0,7.735413027426048,0.1282991202346041,24.3,2.7
2022,Rajasthan,Karauli,1676985,465.0,27.728333884918467,0.1282991202346041,24.3,2.7
2022,Rajasthan,Kota City,2243666,600.0,26.741948222239852,0.1282991202346041,24.3,2.7
2022,Rajasthan,Kota Rural,2243666,289.0,12.880705060378862,0.1282991202346041,24.3,2.7
2022,Rajasthan,Nagaur,3803904,774.0,20.347516656571774,0.1282991202346041,24.3,2.7
2022,Rajasthan,Pali,2343208,875.0,37.34196878808881,0.1282991202346041,24.3,2.7
2022,Rajasthan,Pratapgarh,998025,427.0,42.78449938628792,0.1282991202346041,24.3,2.7
2022,Rajasthan,Pratapgarh,3690512,427.0,11.570210312281873,0.1282991202346041,24.3,2.7
2022,Rajasthan,Rajsamand,1330086,387.0,29.095862974273842,0.1282991202346041,24.3,2.7
2022,Rajasthan,Sawai Madhopur,1535883,438.0,28.517797254087714,0.1282991202346041,24.3,2.7
2022,Rajasthan,Sikar,3078932,881.0,28.613818038202854,0.1282991202346041,24.3,2.7
2022,Rajasthan,Sirohi,1191797,349.0,29.28351053073636,0.1282991202346041,24.3,2.7
2022,Rajasthan,Tonk,1634524,441.0,26.980331888672175,0.1282991202346041,24.3,2.7
2022,Rajasthan,Udaipur,3528682,1060.0,30.039544509819812,0.1282991202346041,24.3,2.7
2022,Rajasthan,Jaipur Metro,2485185,0.0,0.0,0.1282991202346041,24.3,2.7
2022,Rajasthan,SCRB,2485185,0.0,0.0,0.1282991202346041,24.3,2.7
2022,Rajasthan,SOG,2485185,0.0,0.0,0.1282991202346041,24.3,2.7
2022,Rajasthan,SSB,2485185,0.0,0.0,0.1282991202346041,24.3,2.7
2022,Rajasthan,Jaipur Crime,2485185,0.0,0.0,0.1282991202346041,24.3,2.7
2022,Rajasthan,Bhiwadi,2485185,632.0,25.43070234207916,0.1282991202346041,24.3,2.7
2022,Rajasthan,Total Districts ,2485185,24706.0,994.1312216193161,0.1282991202346041,24.3,2.7
2022,Sikkim,Gangtok (East),1219441,5.0,0.4100239371974536,0.08117977528089888,7.6,9.8
2022,Sikkim,Mangan (North),1219441,1.0,0.08200478743949072,0.08117977528089888,7.6,9.8
2022,Sikkim,Namchi (South),1219441,6.0,0.49202872463694436,0.08117977528089888,7.6,9.8
2022,Sikkim,Soreng (West),1219441,0.0,0.0,0.08117977528089888,7.6,9.8
2022,Sikkim,Pakyong (East),1219441,2.0,0.16400957487898143,0.08117977528089888,7.6,9.8
2022,Sikkim,Gyalshing (West),1219441,1.0,0.08200478743949072,0.08117977528089888,7.6,9.8
2022,Sikkim,Total Districts ,1219441,15.0,1.2300718115923608,0.08117977528089888,7.6,9.8
2022,Tamil Nadu,Ariyalur,868128,17.0,1.9582365734085296,0.10120225232080353,38.1,5.3
2022,Tamil Nadu,Chennai,5343741,144.0,2.6947413806170624,0.10120225232080353,38.1,5.3
2022,Tamil Nadu,Coimbatore,3976751,32.0,0.8046769837990863,0.10120225232080353,38.1,5.3
2022,Tamil Nadu,Coimbatore City,3976751,42.0,1.0561385412363007,0.10120225232080353,38.1,5.3
2022,Tamil Nadu,Cuddalore,2996801,74.0,2.4692997633142806,0.10120225232080353,38.1,5.3
2022,Tamil Nadu,Dharmapuri,1732869,18.0,1.0387398008735802,0.10120225232080353,38.1,5.3
2022,Tamil Nadu,Dindigul,2483741,65.0,2.617020051607635,0.10120225232080353,38.1,5.3
2022,Tamil Nadu,Erode,2589505,14.0,0.5406438682296424,0.10120225232080353,38.1,5.3
2022,Tamil Nadu,Kanchipuram,2769939,3.0,0.10830563416739503,0.10120225232080353,38.1,5.3
2022,Tamil Nadu,Kanyakumari,2769939,7.0,0.2527131463905884,0.10120225232080353,38.1,5.3
2022,Tamil Nadu,Karur,1224166,25.0,2.042206694190167,0.10120225232080353,38.1,5.3
2022,Tamil Nadu,Krishnagiri,2161780,10.0,0.46258176132631446,0.10120225232080353,38.1,5.3
2022,Tamil Nadu,Madurai,3493989,60.0,1.71723494264006,0.10120225232080353,38.1,5.3
2022,Tamil Nadu,Madurai City,3493989,99.0,2.8334376553560987,0.10120225232080353,38.1,5.3
2022,Tamil Nadu,Nagapattinam,1858917,27.0,1.4524586089642517,0.10120225232080353,38.1,5.3
2022,Tamil Nadu,Namakkal,1985591,12.0,0.604354068889313,0.10120225232080353,38.1,5.3
2022,Tamil Nadu,Nilgiris,2769939,10.0,0.3610187805579834,0.10120225232080353,38.1,5.3
2022,Tamil Nadu,Perambalur,650006,15.0,2.3076710061137895,0.10120225232080353,38.1,5.3
2022,Tamil Nadu,Pudukottai,2769939,38.0,1.371871366120337,0.10120225232080353,38.1,5.3
2022,Tamil Nadu,Ramnathapuram,2769939,25.0,0.9025469513949586,0.10120225232080353,38.1,5.3
2022,Tamil Nadu,Railway Chennai,2769939,0.0,0.0,0.10120225232080353,38.1,5.3
2022,Tamil Nadu,Railway Trichy,2769939,0.0,0.0,0.10120225232080353,38.1,5.3
2022,Tamil Nadu,Salem,4004364,19.0,0.47448233976731385,0.10120225232080353,38.1,5.3
2022,Tamil Nadu,Salem City,4004364,14.0,0.34961856614433656,0.10120225232080353,38.1,5.3
2022,Tamil Nadu,Sivagangai,2769939,48.0,1.7328901466783204,0.10120225232080353,38.1,5.3
2022,Tamil Nadu,Thanjavur,2766773,57.0,2.060161784143477,0.10120225232080353,38.1,5.3
2022,Tamil Nadu,Theni,1432783,77.0,5.374156449371608,0.10120225232080353,38.1,5.3
2022,Tamil Nadu,Thirunelveli,2769939,34.0,1.2274638538971434,0.10120225232080353,38.1,5.3
2022,Tamil Nadu,Thirunelveli City,2769939,10.0,0.3610187805579834,0.10120225232080353,38.1,5.3
2022,Tamil Nadu,Thiruvallur,4287319,34.0,0.7930363940728461,0.10120225232080353,38.1,5.3
2022,Tamil Nadu,Thiruvannamalai,2769939,18.0,0.6498338050043702,0.10120225232080353,38.1,5.3
2022,Tamil Nadu,Thiruvarur,1453918,24.0,1.6507120759217508,0.10120225232080353,38.1,5.3
2022,Tamil Nadu,Thoothukudi,2769939,43.0,1.5523807563993288,0.10120225232080353,38.1,5.3
2022,Tamil Nadu,Tiruppur,2850909,21.0,0.7366071663458919,0.10120225232080353,38.1,5.3
2022,Tamil Nadu,Tiruppur City,2850909,3.0,0.10522959519227025,0.10120225232080353,38.1,5.3
2022,Tamil Nadu,Trichy,2769939,86.0,3.1047615127986576,0.10120225232080353,38.1,5.3
2022,Tamil Nadu,Trichy City,2769939,24.0,0.8664450733391602,0.10120225232080353,38.1,5.3
2022,Tamil Nadu,Vellore,4526780,21.0,0.463905911044937,0.10120225232080353,38.1,5.3
2022,Tamil Nadu,Villupuram,2769939,43.0,1.5523807563993288,0.10120225232080353,38.1,5.3
2022,Tamil Nadu,Virudhunagar,2233631,38.0,1.7012657865153198,0.10120225232080353,38.1,5.3
2022,Tamil Nadu,Cyber Cell,2769939,0.0,0.0,0.10120225232080353,38.1,5.3
2022,Tamil Nadu,Other Units,2769939,0.0,0.0,0.10120225232080353,38.1,5.3
2022,Tamil Nadu,Chengalpattu,2769939,11.0,0.39712065861378176,0.10120225232080353,38.1,5.3
2022,Tamil Nadu,Kallakurichi,2769939,27.0,0.9747507075065552,0.10120225232080353,38.1,5.3
2022,Tamil Nadu,Ranipet,2769939,3.0,0.10830563416739503,0.10120225232080353,38.1,5.3
2022,Tamil Nadu,Tiruppattur,2769939,9.0,0.3249169025021851,0.10120225232080353,38.1,5.3
2022,Tamil Nadu,Tenkasi,2769939,23.0,0.8303431952833619,0.10120225232080353,38.1,5.3
2022,Tamil Nadu,Avadi,2769939,31.0,1.1191582197297485,0.10120225232080353,38.1,5.3
2022,Tamil Nadu,Tambaram,2769939,39.0,1.4079732441761352,0.10120225232080353,38.1,5.3
2022,Tamil Nadu,Total Districts ,2769939,1494.0,53.936205815362726,0.10120225232080353,38.1,5.3
2022,Telangana,Cyberabad Commissionerate,3550945,1344.0,37.849079611202086,0.26160648489314664,36.9,7.6
2022,Telangana,Hyderabad Commissionerate,3550945,1692.0,47.649287724816915,0.26160648489314664,36.9,7.6
2022,Telangana,Karimnagar Commissionerate,3550945,250.0,7.040379391964674,0.26160648489314664,36.9,7.6
2022,Telangana,Khammam Commissionerate,3550945,300.0,8.44845527035761,0.26160648489314664,36.9,7.6
2022,Telangana,Nizamabad Commissionerate,3550945,370.0,10.419761500107718,0.26160648489314664,36.9,7.6
2022,Telangana,Rachakonda Commissionerate,3550945,1888.0,53.16894516811722,0.26160648489314664,36.9,7.6
2022,Telangana,Ramagundam Commissionerate,3550945,604.0,17.009556610986653,0.26160648489314664,36.9,7.6
2022,Telangana,Siddipet Commissionerate,3550945,321.0,9.039847139282642,0.26160648489314664,36.9,7.6
2022,Telangana,Warangal Commissionerate,3550945,641.0,18.051532760997425,0.26160648489314664,36.9,7.6
2022,Telangana,Adilabad,3152424,169.0,5.360953983347417,0.26160648489314664,36.9,7.6
2022,Telangana,Bhadradri Kothagudem,3550945,404.0,11.377253097414913,0.26160648489314664,36.9,7.6
2022,Telangana,Jagityal,3550945,275.0,7.7444173311611415,0.26160648489314664,36.9,7.6
2022,Telangana,Jayashankar Bhupalpalli,3550945,93.0,2.619021133810859,0.26160648489314664,36.9,7.6
2022,Telangana,Jogulamba Gadwal,3550945,54.0,1.5207219486643695,0.26160648489314664,36.9,7.6
2022,Telangana,Kamareddy ,3550945,209.0,5.885757171682467,0.26160648489314664,36.9,7.6
2022,Telangana,Kumaram Bheem Asifabad,3550945,89.0,2.5063750635394237,0.26160648489314664,36.9,7.6
2022,Telangana,Mahabubabad,3550945,223.0,6.280018417632489,0.26160648489314664,36.9,7.6
2022,Telangana,Mahabubnagar,3550945,162.0,4.562165845993109,0.26160648489314664,36.9,7.6
2022,Telangana,Medak,3488281,160.0,4.58678644294998,0.26160648489314664,36.9,7.6
2022,Telangana,Nagarkurnool,3550945,137.0,3.858127906796642,0.26160648489314664,36.9,7.6
2022,Telangana,Nalgonda,4012130,310.0,7.726569178964789,0.26160648489314664,36.9,7.6
2022,Telangana,Nirmal,3550945,124.0,3.492028178414478,0.26160648489314664,36.9,7.6
2022,Telangana,Rajanna Siricilla,3550945,192.0,5.40701137302887,0.26160648489314664,36.9,7.6
2022,Telangana,Sangareddy,3550945,223.0,6.280018417632489,0.26160648489314664,36.9,7.6
2022,Telangana,Suryapet,3550945,380.0,10.701376675786305,0.26160648489314664,36.9,7.6
2022,Telangana,Vikarabad,3550945,148.0,4.167904600043087,0.26160648489314664,36.9,7.6
2022,Telangana,Wanaparthy,3550945,70.0,1.9713062297501087,0.26160648489314664,36.9,7.6
2022,Telangana,Railway Police Secunderabad,3550945,1.0,0.028161517567858698,0.26160648489314664,36.9,7.6
2022,Telangana,Mulug,3550945,75.0,2.1121138175894023,0.26160648489314664,36.9,7.6
2022,Telangana,Narayanpet,3550945,46.0,1.2954298081214999,0.26160648489314664,36.9,7.6
2022,Telangana,Total Districts ,3550945,10954.0,308.48126343832416,0.26160648489314664,36.9,7.6
2022,Tripura,Dhalai,434964,40.0,9.196163360645938,0.16066838046272494,17.7,4.6
2022,Tripura,Gomati,1128375,82.0,7.267087626010857,0.16066838046272494,17.7,4.6
2022,Tripura,GRP,1128375,0.0,0.0,0.16066838046272494,17.7,4.6
2022,Tripura,Kowai,1128375,17.0,1.5065913370998116,0.16066838046272494,17.7,4.6
2022,Tripura,North,1021174,56.0,5.483884235203795,0.16066838046272494,17.7,4.6
2022,Tripura,North,50265,56.0,111.40952949368348,0.16066838046272494,17.7,4.6
2022,Tripura,Sipahijala,1128375,52.0,4.608397031128836,0.16066838046272494,17.7,4.6
2022,Tripura,South,3141718,44.0,1.4005076203529407,0.16066838046272494,17.7,4.6
2022,Tripura,South,168877,44.0,26.05446567620221,0.16066838046272494,17.7,4.6
2022,Tripura,Unakoti,1128375,57.0,5.05151213027584,0.16066838046272494,17.7,4.6
2022,Tripura,West,2924729,82.0,2.803678563039516,0.16066838046272494,17.7,4.6
2022,Tripura,West,156900,82.0,52.26258763543658,0.16066838046272494,17.7,4.6
2022,Tripura,Total Districts ,1128375,430.0,38.107898526642295,0.16066838046272494,17.7,4.6
2022,Uttar Pradesh,Agra,5081616,957.0,18.832591836927467,0.28907303912121796,34.8,2.4
2022,Uttar Pradesh,Aligarh,4224972,1031.0,24.402528584804823,0.28907303912121796,34.8,2.4
2022,Uttar Pradesh,Prayagraj,3086497,1101.0,35.67150721351746,0.28907303912121796,34.8,2.4
2022,Uttar Pradesh,Ambedkar Nagar,2757571,80.0,2.901103906300146,0.28907303912121796,34.8,2.4
2022,Uttar Pradesh,Amethi,3086497,179.0,5.799454851243983,0.28907303912121796,34.8,2.4
2022,Uttar Pradesh,Auraiya,1586476,298.0,18.783769814355843,0.28907303912121796,34.8,2.4
2022,Uttar Pradesh,Azamgarh,5305999,454.0,8.556352912995273,0.28907303912121796,34.8,2.4
2022,Uttar Pradesh,Badaun,3086497,651.0,21.091872112624767,0.28907303912121796,34.8,2.4
2022,Uttar Pradesh,Baghpat,1498505,120.0,8.007981288017056,0.28907303912121796,34.8,2.4
2022,Uttar Pradesh,Bahraich,4010890,121.0,3.016786797942601,0.28907303912121796,34.8,2.4
2022,Uttar Pradesh,Ballia,3725740,214.0,5.743825387708214,0.28907303912121796,34.8,2.4
2022,Uttar Pradesh,Balrampur,2470964,78.0,3.156662743771257,0.28907303912121796,34.8,2.4
2022,Uttar Pradesh,Banda,2069321,262.0,12.661157935380736,0.28907303912121796,34.8,2.4
2022,Uttar Pradesh,Barabanki,3086497,88.0,2.851128641952349,0.28907303912121796,34.8,2.4
2022,Uttar Pradesh,Bareilly,5115612,1240.0,24.239524029578476,0.28907303912121796,34.8,2.4
2022,Uttar Pradesh,Basti,2834133,67.0,2.3640386672043974,0.28907303912121796,34.8,2.4
2022,Uttar Pradesh,Bijnor,4235119,578.0,13.647786520284319,0.28907303912121796,34.8,2.4
2022,Uttar Pradesh,Bulandshahar,3086497,781.0,25.3037666973271,0.28907303912121796,34.8,2.4
2022,Uttar Pradesh,Chandoli,3086497,130.0,4.211894584702335,0.28907303912121796,34.8,2.4
2022,Uttar Pradesh,Chitrakoot,1140489,59.0,5.173219557575742,0.28907303912121796,34.8,2.4
2022,Uttar Pradesh,Deoria,3566087,55.0,1.5423067356461018,0.28907303912121796,34.8,2.4
2022,Uttar Pradesh,Etah,2040651,125.0,6.125496226449305,0.28907303912121796,34.8,2.4
2022,Uttar Pradesh,Etawah,1819081,149.0,8.19094916608991,0.28907303912121796,34.8,2.4
2022,Uttar Pradesh,Ayodhya,3086497,87.0,2.8187294528392544,0.28907303912121796,34.8,2.4
2022,Uttar Pradesh,Fatehgarh,3086497,185.0,5.9938499859225525,0.28907303912121796,34.8,2.4
2022,Uttar Pradesh,Fatehpur,3027642,250.0,8.257251022412822,0.28907303912121796,34.8,2.4
2022,Uttar Pradesh,Firozabad,2872879,568.0,19.771107658902444,0.28907303912121796,34.8,2.4
2022,Uttar Pradesh,GRP,3086497,5.0,0.1619959455654744,0.28907303912121796,34.8,2.4
2022,Uttar Pradesh,Gautambudh Nagar,3086497,354.0,11.469312946035586,0.28907303912121796,34.8,2.4
2022,Uttar Pradesh,Ghaziabad,5383891,1002.0,18.611075149924098,0.28907303912121796,34.8,2.4
2022,Uttar Pradesh,Ghazipur,4163308,301.0,7.229827819608831,0.28907303912121796,34.8,2.4
2022,Uttar Pradesh,Gonda,3949006,106.0,2.6842197758119384,0.28907303912121796,34.8,2.4
2022,Uttar Pradesh,Gorakhpur,5107029,728.0,14.25486324827997,0.28907303912121796,34.8,2.4
2022,Uttar Pradesh,Hamirpur,522983,170.0,32.50583670979745,0.28907303912121796,34.8,2.4
2022,Uttar Pradesh,Hamirpur,1269927,170.0,13.386596237421523,0.28907303912121796,34.8,2.4
2022,Uttar Pradesh,Hapur,3086497,337.0,10.918526731112975,0.28907303912121796,34.8,2.4
2022,Uttar Pradesh,Hardoi,4706771,245.0,5.205267050383373,0.28907303912121796,34.8,2.4
2022,Uttar Pradesh,Hathras,3086497,172.0,5.572660527452319,0.28907303912121796,34.8,2.4
2022,Uttar Pradesh,Jalaun,1943470,140.0,7.203610037716044,0.28907303912121796,34.8,2.4
2022,Uttar Pradesh,Jaunpur,5168334,233.0,4.508222572302796,0.28907303912121796,34.8,2.4
2022,Uttar Pradesh,Jhansi,2298393,329.0,14.314349199636442,0.28907303912121796,34.8,2.4
2022,Uttar Pradesh,Kannauj,1905108,540.0,28.344849740802097,0.28907303912121796,34.8,2.4
2022,Uttar Pradesh,Kanpur Dehat,2065611,342.0,16.55684443973236,0.28907303912121796,34.8,2.4
2022,Uttar Pradesh,Kanpur Commissionarate,3086497,1204.0,39.00862369216623,0.28907303912121796,34.8,2.4
2022,Uttar Pradesh,Kasganj,3086497,166.0,5.378265392773749,0.28907303912121796,34.8,2.4
2022,Uttar Pradesh,Kaushambi,1839535,126.0,6.849557089155684,0.28907303912121796,34.8,2.4
2022,Uttar Pradesh,Khiri,3086497,425.0,13.769655373065325,0.28907303912121796,34.8,2.4
2022,Uttar Pradesh,Kushi Nagar,3086497,146.0,4.730281610511852,0.28907303912121796,34.8,2.4
2022,Uttar Pradesh,Lalitpur,1404830,78.0,5.5522732287892484,0.28907303912121796,34.8,2.4
2022,Uttar Pradesh,Lucknow Commissionarate,3086497,1237.0,40.07779693289836,0.28907303912121796,34.8,2.4
2022,Uttar Pradesh,Maharajganj,3086497,219.0,7.0954224157677785,0.28907303912121796,34.8,2.4
2022,Uttar Pradesh,Mahoba,1007351,33.0,3.2759187214784125,0.28907303912121796,34.8,2.4
2022,Uttar Pradesh,Mainpuri,2148808,256.0,11.913581855614833,0.28907303912121796,34.8,2.4
2022,Uttar Pradesh,Mathura,2929261,511.0,17.44467290555536,0.28907303912121796,34.8,2.4
2022,Uttar Pradesh,Mau,2536863,74.0,2.916988422315277,0.28907303912121796,34.8,2.4
2022,Uttar Pradesh,Meerut,3960242,762.0,19.241248388356066,0.28907303912121796,34.8,2.4
2022,Uttar Pradesh,Mirzapur,2871515,151.0,5.258548187977427,0.28907303912121796,34.8,2.4
2022,Uttar Pradesh,Moradabad,5487806,442.0,8.05422057558157,0.28907303912121796,34.8,2.4
2022,Uttar Pradesh,Muzaffarnagar,4765038,363.0,7.617987516573845,0.28907303912121796,34.8,2.4
2022,Uttar Pradesh,Pilibhit,2335658,536.0,22.948565243712906,0.28907303912121796,34.8,2.4
2022,Uttar Pradesh,Pratapgarh,998025,630.0,63.124671225670696,0.28907303912121796,34.8,2.4
2022,Uttar Pradesh,Pratapgarh,3690512,630.0,17.07080210008801,0.28907303912121796,34.8,2.4
2022,Uttar Pradesh,Raibareilly,3086497,181.0,5.864253229470173,0.28907303912121796,34.8,2.4
2022,Uttar Pradesh,Rampur,2686191,148.0,5.509660333163204,0.28907303912121796,34.8,2.4
2022,Uttar Pradesh,Saharanpur,3986339,430.0,10.786839754471458,0.28907303912121796,34.8,2.4
2022,Uttar Pradesh,Sambhal,3086497,356.0,11.534111324261776,0.28907303912121796,34.8,2.4
2022,Uttar Pradesh,Sant Kabirnagar,3086497,102.0,3.3047172895356773,0.28907303912121796,34.8,2.4
2022,Uttar Pradesh,Shahjahanpur,3457518,387.0,11.193000296744659,0.28907303912121796,34.8,2.4
2022,Uttar Pradesh,Shamli,3086497,291.0,9.428164031910608,0.28907303912121796,34.8,2.4
2022,Uttar Pradesh,Shrawasti,1284965,75.0,5.8367348527002685,0.28907303912121796,34.8,2.4
2022,Uttar Pradesh,Sidharthnagar,3086497,56.0,1.814354590333313,0.28907303912121796,34.8,2.4
2022,Uttar Pradesh,Sitapur,5156590,355.0,6.884394532045403,0.28907303912121796,34.8,2.4
2022,Uttar Pradesh,Sonbhadra,2141942,164.0,7.656603213345646,0.28907303912121796,34.8,2.4
2022,Uttar Pradesh,Bhadohi,3086497,32.0,1.036774051619036,0.28907303912121796,34.8,2.4
2022,Uttar Pradesh,Sultanpur,4366684,105.0,2.404570607811328,0.28907303912121796,34.8,2.4
2022,Uttar Pradesh,Unnao,3574622,279.0,7.805021062366873,0.28907303912121796,34.8,2.4
2022,Uttar Pradesh,Varanasi Commissionarate,3086497,571.0,18.499936983577175,0.28907303912121796,34.8,2.4
2022,Uttar Pradesh,Lucknow Grameen,3086497,0.0,0.0,0.28907303912121796,34.8,2.4
2022,Uttar Pradesh,Kanpur Outer,3086497,0.0,0.0,0.28907303912121796,34.8,2.4
2022,Uttar Pradesh,Vasanasi Dehat,3086497,0.0,0.0,0.28907303912121796,34.8,2.4
2022,Uttar Pradesh,Total Districts ,3086497,25803.0,835.996276685187,0.28907303912121796,34.8,2.4
2022,Uttarakhand,Almora,715881,22.0,3.0731364570368536,0.15313935681470137,15.0,3.6
2022,Uttarakhand,Bageshwar,298882,15.0,5.018703033304114,0.15313935681470137,15.0,3.6
2022,Uttarakhand,Chamoli,450345,13.0,2.8866757707979436,0.15313935681470137,15.0,3.6
2022,Uttarakhand,Champawat,298595,12.0,4.018821480600814,0.15313935681470137,15.0,3.6
2022,Uttarakhand,Dehradun,1951198,554.0,28.392813030763666,0.15313935681470137,15.0,3.6
2022,Uttarakhand,Haridwar,717779,450.0,62.69339169855903,0.15313935681470137,15.0,3.6
2022,Uttarakhand,Nainital,1097795,190.0,17.30742078439053,0.15313935681470137,15.0,3.6
2022,Uttarakhand,Pauri Garhwal,717779,44.0,6.130020521636883,0.15313935681470137,15.0,3.6
2022,Uttarakhand,Pithoragarh,555954,26.0,4.676645909553668,0.15313935681470137,15.0,3.6
2022,Uttarakhand,Rudra Prayag,717779,1.0,0.13931864821902007,0.15313935681470137,15.0,3.6
2022,Uttarakhand,Tehri Garhwal,711770,30.0,4.214844682973432,0.15313935681470137,15.0,3.6
2022,Uttarakhand,Udhamsingh Nagar,717779,517.0,72.02774112923338,0.15313935681470137,15.0,3.6
2022,Uttarakhand,Uttarkashi,379598,17.0,4.478421909493727,0.15313935681470137,15.0,3.6
2022,Uttarakhand,GRP,717779,1.0,0.13931864821902007,0.15313935681470137,15.0,3.6
2022,Uttarakhand,Cyber Cell,717779,0.0,0.0,0.15313935681470137,15.0,3.6
2022,Uttarakhand,Total Districts ,717779,1892.0,263.590882430386,0.15313935681470137,15.0,3.6
2022,West Bengal,Alipurduar,4419516,357.0,8.077807615132517,0.19189589853401418,27.0,5.9
2022,West Bengal,Asansol-Durgapur PC,4419516,291.0,6.584431417376925,0.19189589853401418,27.0,5.9
2022,West Bengal,Bankura,4136175,329.0,7.9542089007355825,0.19189589853401418,27.0,5.9
2022,West Bengal,Barrackpur PC,4419516,1382.0,31.270392504518597,0.19189589853401418,27.0,5.9
2022,West Bengal,Bidhannagar PC,4419516,370.0,8.371957472266192,0.19189589853401418,27.0,5.9
2022,West Bengal,Birbhum,4027764,407.0,10.104862151804326,0.19189589853401418,27.0,5.9
2022,West Bengal,Coochbehar,4419516,657.0,14.865881241294296,0.19189589853401418,27.0,5.9
2022,West Bengal,Dakshin Dinajpur,1927717,195.0,10.115592693325835,0.19189589853401418,27.0,5.9
2022,West Bengal,Darjeeling,4419516,149.0,3.3714099009936835,0.19189589853401418,27.0,5.9
2022,West Bengal,Hooghly Rural Police,4419516,634.0,14.34546226328856,0.19189589853401418,27.0,5.9
2022,West Bengal,Howrah GRP,4419516,0.0,0.0,0.19189589853401418,27.0,5.9
2022,West Bengal,Howrah PC,4419516,582.0,13.16886283475385,0.19189589853401418,27.0,5.9
2022,West Bengal,Howrah Rural,4419516,493.0,11.155067658992524,0.19189589853401418,27.0,5.9
2022,West Bengal,Jalpaiguri,4453772,338.0,7.589072812887593,0.19189589853401418,27.0,5.9
2022,West Bengal,Jhargram,4419516,105.0,2.3758257691566222,0.19189589853401418,27.0,5.9
2022,West Bengal,Kharagpur GRP,4419516,0.0,0.0,0.19189589853401418,27.0,5.9
2022,West Bengal,Kolkata,5171198,875.0,16.920643920422307,0.19189589853401418,27.0,5.9
2022,West Bengal,Malda,4419516,905.0,20.477355438921364,0.19189589853401418,27.0,5.9
2022,West Bengal,Murshidabad Police District,4419516,1518.0,34.3476525483786,0.19189589853401418,27.0,5.9
2022,West Bengal,Paschim Medinipur,6800475,610.0,8.96996165709013,0.19189589853401418,27.0,5.9
2022,West Bengal,Purab Medinipur,4419516,918.0,20.771505296055043,0.19189589853401418,27.0,5.9
2022,West Bengal,Purulia,4419516,238.0,5.385205076755011,0.19189589853401418,27.0,5.9
2022,West Bengal,Sealdah GRP,4419516,1.0,0.02262691208720593,0.19189589853401418,27.0,5.9
2022,West Bengal,Siliguri GRP,4419516,1.0,0.02262691208720593,0.19189589853401418,27.0,5.9
2022,West Bengal,Siliguri PC,4419516,517.0,11.698113549085466,0.19189589853401418,27.0,5.9
2022,West Bengal,Baruipur Police,4419516,1422.0,32.175468988006834,0.19189589853401418,27.0,5.9
2022,West Bengal,Chandannagar PC,4419516,515.0,11.652859724911053,0.19189589853401418,27.0,5.9
2022,West Bengal,Diamond Harbour Police,4419516,722.0,16.336630526962683,0.19189589853401418,27.0,5.9
2022,West Bengal,Kalimpong,4419516,21.0,0.4751651538313245,0.19189589853401418,27.0,5.9
2022,West Bengal,Purba Bardhaman,4419516,1118.0,25.296887713496226,0.19189589853401418,27.0,5.9
2022,West Bengal,Sundarban Police,4419516,827.0,18.712456296119303,0.19189589853401418,27.0,5.9
2022,West Bengal,Barasat,4419516,795.0,17.988395109328714,0.19189589853401418,27.0,5.9
2022,West Bengal,Basirhat,4419516,664.0,15.024269625904738,0.19189589853401418,27.0,5.9
2022,West Bengal,Bangaon,4419516,657.0,14.865881241294296,0.19189589853401418,27.0,5.9
2022,West Bengal,Islampur,4419516,183.0,4.140724911958685,0.19189589853401418,27.0,5.9
2022,West Bengal,Jangipur Police District,4419516,628.0,14.209700790765323,0.19189589853401418,27.0,5.9
2022,West Bengal,Krishnagar,4419516,768.0,17.377468482974155,0.19189589853401418,27.0,5.9
2022,West Bengal,Raiganj,4419516,233.0,5.272070516318982,0.19189589853401418,27.0,5.9
2022,West Bengal,Ranaghat,4419516,747.0,16.90230332914283,0.19189589853401418,27.0,5.9
2022,West Bengal,Total Districts ,4419516,21172.0,479.0569827103239,0.19189589853401418,27.0,5.9
2022,A&N Islands,South Andaman,273863,16.0,5.842337227007664,0.04542483660130719,26.72809498399146,
2022,A&N Islands,North & Middle Andaman,121436,0.0,0.0,0.04542483660130719,26.72809498399146,
2022,A&N Islands,Nicobar,197649,2.0,1.0118948236520298,0.04542483660130719,26.72809498399146,
2022,A&N Islands,Total Districts ,197649,18.0,9.107053412868266,0.04542483660130719,26.72809498399146,
2022,Chandigarh,Chandigarh,1213767,114.0,9.392247441230484,0.03423645320197044,26.72809498399146,
2022,Chandigarh,Total Districts ,1213767,114.0,9.392247441230484,0.03423645320197044,26.72809498399146,
2022,D&N Haveli and Daman & Diu,D&N Haveli,139866,14.0,10.00958059857292,0.1311320754716981,26.72809498399146,
2022,D&N Haveli and Daman & Diu,Daman,219848,7.0,3.1840180488337397,0.1311320754716981,26.72809498399146,
2022,D&N Haveli and Daman & Diu,Diu,59885,1.0,1.6698672455539785,0.1311320754716981,26.72809498399146,
2022,D&N Haveli and Daman & Diu,Total Districts ,139866,22.0,15.72934094061459,0.1311320754716981,26.72809498399146,
2022,Delhi,Central,669668,270.0,40.31848617523907,0.06374840628984275,12.5,5.3
2022,Delhi,Crime Branch,1058850,0.0,0.0,0.06374840628984275,12.5,5.3
2022,Delhi,East,1965747,442.0,22.485090909460883,0.06374840628984275,12.5,5.3
2022,Delhi,East,326120,442.0,135.5329326628235,0.06374840628984275,12.5,5.3
2022,Delhi,EOW,1058850,0.0,0.0,0.06374840628984275,12.5,5.3
2022,Delhi,IGI Airport,1058850,4.0,0.37776833356943856,0.06374840628984275,12.5,5.3
2022,Delhi,Metro,1058850,2.0,0.18888416678471928,0.06374840628984275,12.5,5.3
2022,Delhi,New Delhi,163304,31.0,18.983001028756185,0.06374840628984275,12.5,5.3
2022,Delhi,North,1021174,337.0,33.001231915422835,0.06374840628984275,12.5,5.3
2022,Delhi,North,50265,337.0,670.4466328459166,0.06374840628984275,12.5,5.3
2022,Delhi,North-East,1058850,531.0,50.14874628134296,0.06374840628984275,12.5,5.3
2022,Delhi,North-West,1058850,319.0,30.127024602162724,0.06374840628984275,12.5,5.3
2022,Delhi,Outer,1058850,443.0,41.83784294281532,0.06374840628984275,12.5,5.3
2022,Delhi,RAILWAY,1058850,2.0,0.18888416678471928,0.06374840628984275,12.5,5.3
2022,Delhi,South,3141718,637.0,20.275530776473257,0.06374840628984275,12.5,5.3
2022,Delhi,South,168877,637.0,377.19760535774554,0.06374840628984275,12.5,5.3
2022,Delhi,South-East,1058850,485.0,45.80441044529442,0.06374840628984275,12.5,5.3
2022,Delhi,South-West,1058850,317.0,29.938140435378003,0.06374840628984275,12.5,5.3
2022,Delhi,Spl Cell,1058850,0.0,0.0,0.06374840628984275,12.5,5.3
2022,Delhi,SPUWAC,1058850,48.0,4.5332200028332625,0.06374840628984275,12.5,5.3
2022,Delhi,Vigilance,1058850,0.0,0.0,0.06374840628984275,12.5,5.3
2022,Delhi,West,2924729,474.0,16.206629742447934,0.06374840628984275,12.5,5.3
2022,Delhi,West,156900,474.0,302.1032504780115,0.06374840628984275,12.5,5.3
2022,Delhi,Rohini,1058850,537.0,50.715398781697125,0.06374840628984275,12.5,5.3
2022,Delhi,Shahdara,1058850,426.0,40.23232752514521,0.06374840628984275,12.5,5.3
2022,Delhi,Dwarka,1058850,575.0,54.30419795060679,0.06374840628984275,12.5,5.3
2022,Delhi,Outer North,1058850,364.0,34.376918354818905,0.06374840628984275,12.5,5.3
2022,Delhi,Total Districts ,1058850,6244.0,589.6963687018936,0.06374840628984275,12.5,5.3
2022,Jammu & Kashmir,Anantnag,1240495,26.0,2.0959375088170447,0.0,26.72809498399146,
2022,Jammu & Kashmir,Awantipora,718362,9.0,1.252850234282994,0.0,26.72809498399146,
2022,Jammu & Kashmir,Bandipora,718362,16.0,2.227289305391989,0.0,26.72809498399146,
2022,Jammu & Kashmir,Baramulla,718362,34.0,4.732989773957977,0.0,26.72809498399146,
2022,Jammu & Kashmir,Budgam,718362,31.0,4.315373029196978,0.0,26.72809498399146,
2022,Jammu & Kashmir,Special Crime Wing Jammu,718362,0.0,0.0,0.0,26.72809498399146,
2022,Jammu & Kashmir,Special Crime Wing Kashmir,718362,0.0,0.0,0.0,26.72809498399146,
2022,Jammu & Kashmir,Doda,471426,61.0,12.939464518291313,0.0,26.72809498399146,
2022,Jammu & Kashmir,Ganderbal,342062,33.0,9.647373867895293,0.0,26.72809498399146,
2022,Jammu & Kashmir,Handwara,718362,11.0,1.5312613974569924,0.0,26.72809498399146,
2022,Jammu & Kashmir,Jammu,1759451,121.0,6.877145200406264,0.0,26.72809498399146,
2022,Jammu & Kashmir,Kathua,708900,29.0,4.090844971081958,0.0,26.72809498399146,
2022,Jammu & Kashmir,Kishtwar,265300,10.0,3.769317753486619,0.0,26.72809498399146,
2022,Jammu & Kashmir,Kulgam,488155,14.0,2.86794153496328,0.0,26.72809498399146,
2022,Jammu & Kashmir,Kupwara,1000907,47.0,4.695740962946608,0.0,26.72809498399146,
2022,Jammu & Kashmir,Poonch,718362,47.0,6.542662334588968,0.0,26.72809498399146,
2022,Jammu & Kashmir,Pulwama,644506,8.0,1.2412607485422944,0.0,26.72809498399146,
2022,Jammu & Kashmir,Railways Jammu,718362,0.0,0.0,0.0,26.72809498399146,
2022,Jammu & Kashmir,Railways Kashmir,718362,0.0,0.0,0.0,26.72809498399146,
2022,Jammu & Kashmir,Railways Katra,718362,1.0,0.1392055815869993,0.0,26.72809498399146,
2022,Jammu & Kashmir,Rajouri,738777,92.0,12.453013561602488,0.0,26.72809498399146,
2022,Jammu & Kashmir,Ramban,326269,15.0,4.597433406177111,0.0,26.72809498399146,
2022,Jammu & Kashmir,Reasi,361867,22.0,6.079581724777335,0.0,26.72809498399146,
2022,Jammu & Kashmir,Samba,366732,23.0,6.271609785892695,0.0,26.72809498399146,
2022,Jammu & Kashmir,Shopian,718362,8.0,1.1136446526959944,0.0,26.72809498399146,
2022,Jammu & Kashmir,Sopore,718362,10.0,1.3920558158699932,0.0,26.72809498399146,
2022,Jammu & Kashmir,Srinagar,1422353,83.0,5.835400916650086,0.0,26.72809498399146,
2022,Jammu & Kashmir,Udhampur,638232,45.0,7.050727635091941,0.0,26.72809498399146,
2022,Jammu & Kashmir,Cyber Crime Jammu,718362,0.0,0.0,0.0,26.72809498399146,
2022,Jammu & Kashmir,Cyber Crime Kashmir,718362,0.0,0.0,0.0,26.72809498399146,
2022,Jammu & Kashmir,Anti Narcotic Task Force Jammu,718362,0.0,0.0,0.0,26.72809498399146,
2022,Jammu & Kashmir,Anti Narcotic Task Force Kashmir,718362,0.0,0.0,0.0,26.72809498399146,
2022,Jammu & Kashmir,EOW Jammu,718362,0.0,0.0,0.0,26.72809498399146,
2022,Jammu & Kashmir,EOW Kashmir,718362,0.0,0.0,0.0,26.72809498399146,
2022,Jammu & Kashmir,CICE Jammu,718362,0.0,0.0,0.0,26.72809498399146,
2022,Jammu & Kashmir,CICE Kashmir,718362,0.0,0.0,0.0,26.72809498399146,
2022,Jammu & Kashmir,Total Districts ,718362,796.0,110.80764294325144,0.0,26.72809498399146,
2022,Ladakh,Kargil,161922,3.0,1.8527439137362434,0.0891025641025641,26.72809498399146,
2022,Ladakh,Leh,153510,3.0,1.9542700801250734,0.0891025641025641,26.72809498399146,
2022,Ladakh,Total Districts ,157716,6.0,3.8043064749296205,0.0891025641025641,26.72809498399146,
2022,Lakshadweep,Lakshadweep,74143,7.0,9.441214949489499,0.15892857142857142,26.72809498399146,
2022,Lakshadweep,Total Districts ,74143,7.0,9.441214949489499,0.15892857142857142,26.72809498399146,
2022,Puducherry,Karaikal,230255,0.0,0.0,0.06747572815533981,26.72809498399146,
2022,Puducherry,Puducherry,1092832,19.0,1.7386020907147668,0.06747572815533981,26.72809498399146,
2022,Puducherry,Total Districts ,661543,19.0,2.872073319496994,0.06747572815533981,26.72809498399146,
2023,Andhra Pradesh,Alluri Sitharama Raju,4427452,58.0,1.3100085557110501,0.17109684062212108,30.0,4.4
2023,Andhra Pradesh,Anakapalli,4427452,267.0,6.030556627152593,0.17109684062212108,30.0,4.4
2023,Andhra Pradesh,Anantapuramu,4427452,388.0,8.76350551061875,0.17109684062212108,30.0,4.4
2023,Andhra Pradesh,Annamayya,4427452,246.0,5.556243184567557,0.17109684062212108,30.0,4.4
2023,Andhra Pradesh,Bapatla,4427452,515.0,11.631972520537772,0.17109684062212108,30.0,4.4
2023,Andhra Pradesh,Chittoor,4800173,398.0,8.291367831951057,0.17109684062212108,30.0,4.4
2023,Andhra Pradesh,Dr BR Ambedkar Konaseema,4427452,372.0,8.402123840077769,0.17109684062212108,30.0,4.4
2023,Andhra Pradesh,East Godavari,5927440,594.0,10.021189586060762,0.17109684062212108,30.0,4.4
2023,Andhra Pradesh,Eluru,4427452,621.0,14.026126087871761,0.17109684062212108,30.0,4.4
2023,Andhra Pradesh,Guntakal Railway,4427452,2.0,0.04517270881762241,0.17109684062212108,30.0,4.4
2023,Andhra Pradesh,Guntur,5620984,937.0,16.66967918784327,0.17109684062212108,30.0,4.4
2023,Andhra Pradesh,Kakinada,4427452,342.0,7.724533207813433,0.17109684062212108,30.0,4.4
2023,Andhra Pradesh,Krishna,5195007,618.0,11.896037868668897,0.17109684062212108,30.0,4.4
2023,Andhra Pradesh,Kurnool,4661482,369.0,7.915937463664989,0.17109684062212108,30.0,4.4
2023,Andhra Pradesh,Nandyal,4427452,401.0,9.057128117933296,0.17109684062212108,30.0,4.4
2023,Andhra Pradesh,NTR,4427452,1207.0,27.261729771435128,0.17109684062212108,30.0,4.4
2023,Andhra Pradesh,Palnadu,4427452,163.0,3.6815757686362267,0.17109684062212108,30.0,4.4
2023,Andhra Pradesh,Parvathipuram Manyam,4427452,115.0,2.5974307570132886,0.17109684062212108,30.0,4.4
2023,Andhra Pradesh,Prakasam,3907065,575.0,14.7169294598375,0.17109684062212108,30.0,4.4
2023,Andhra Pradesh,Sri Potti Sriramulu Nellore,3408090,528.0,15.492548612272564,0.17109684062212108,30.0,4.4
2023,Andhra Pradesh,Sri Sathya Sai,4427452,274.0,6.188661108014272,0.17109684062212108,30.0,4.4
2023,Andhra Pradesh,Srikakulam,3108581,368.0,11.838198843781134,0.17109684062212108,30.0,4.4
2023,Andhra Pradesh,Tirupati,4427452,400.0,9.034541763524484,0.17109684062212108,30.0,4.4
2023,Andhra Pradesh,Viiayawada Railway,4427452,0.0,0.0,0.17109684062212108,30.0,4.4
2023,Andhra Pradesh,Visakhapatnam,4934177,519.0,10.518471469507478,0.17109684062212108,30.0,4.4
2023,Andhra Pradesh,Vizianagaram,2696145,306.0,11.3495379514084,0.17109684062212108,30.0,4.4
2023,Andhra Pradesh,West Godavari,4527510,134.0,2.95968424144839,0.17109684062212108,30.0,4.4
2023,Andhra Pradesh,YSR,3314839,415.0,12.51946172951386,0.17109684062212108,30.0,4.4
2023,Andhra Pradesh,Total Districts ,4427452,11132.0,251.43129727888638,0.17109684062212108,30.0,4.4
2023,Arunachal Pradesh,Anjaw,24342,1.0,4.108125872976748,0.1744683609958506,15.0,4.5
2023,Arunachal Pradesh,Changlang,170459,4.0,2.346605342047061,0.1744683609958506,15.0,4.5
2023,Arunachal Pradesh,Crime Branch,113202,0.0,0.0,0.1744683609958506,15.0,4.5
2023,Arunachal Pradesh,Dibang Valley,9204,0.0,0.0,0.1744683609958506,15.0,4.5
2023,Arunachal Pradesh,Kameng East,113202,5.0,4.41688309393827,0.1744683609958506,15.0,4.5
2023,Arunachal Pradesh,Kameng West,113202,3.0,2.650129856362962,0.1744683609958506,15.0,4.5
2023,Arunachal Pradesh,Kurung Kumey,105887,1.0,0.9444029956463021,0.1744683609958506,15.0,4.5
2023,Arunachal Pradesh,Lohit,167584,1.0,0.5967156769142639,0.1744683609958506,15.0,4.5
2023,Arunachal Pradesh,Longding,113202,2.0,1.7667532375753079,0.1744683609958506,15.0,4.5
2023,Arunachal Pradesh,Lower Dibang Valley,62191,1.0,1.60794970333328,0.1744683609958506,15.0,4.5
2023,Arunachal Pradesh,Papum Pare City,203058,52.0,25.608446847698687,0.1744683609958506,15.0,4.5
2023,Arunachal Pradesh,Papum Pare Rural,203058,0.0,0.0,0.1744683609958506,15.0,4.5
2023,Arunachal Pradesh,Siang East,113202,6.0,5.300259712725924,0.1744683609958506,15.0,4.5
2023,Arunachal Pradesh,Siang Upper,113202,1.0,0.8833766187876539,0.1744683609958506,15.0,4.5
2023,Arunachal Pradesh,Siang West,113202,8.0,7.0670129503012316,0.1744683609958506,15.0,4.5
2023,Arunachal Pradesh,Subansiri Lower,113202,0.0,0.0,0.1744683609958506,15.0,4.5
2023,Arunachal Pradesh,Subansiri Upper,113202,3.0,2.650129856362962,0.1744683609958506,15.0,4.5
2023,Arunachal Pradesh,Tawang,57473,0.0,0.0,0.1744683609958506,15.0,4.5
2023,Arunachal Pradesh,Tirap,128771,0.0,0.0,0.1744683609958506,15.0,4.5
2023,Arunachal Pradesh,Namsai,113202,0.0,0.0,0.1744683609958506,15.0,4.5
2023,Arunachal Pradesh,Siang,113202,2.0,1.7667532375753079,0.1744683609958506,15.0,4.5
2023,Arunachal Pradesh,Kamle,113202,1.0,0.8833766187876539,0.1744683609958506,15.0,4.5
2023,Arunachal Pradesh,Kra Dadi,113202,0.0,0.0,0.1744683609958506,15.0,4.5
2023,Arunachal Pradesh,Lower Siang,113202,1.0,0.8833766187876539,0.1744683609958506,15.0,4.5
2023,Arunachal Pradesh,Leparada,113202,1.0,0.8833766187876539,0.1744683609958506,15.0,4.5
2023,Arunachal Pradesh,Shiyomi,113202,1.0,0.8833766187876539,0.1744683609958506,15.0,4.5
2023,Arunachal Pradesh,Pakkessang,113202,0.0,0.0,0.1744683609958506,15.0,4.5
2023,Arunachal Pradesh,Total Districts ,113202,94.0,83.03740216603947,0.1744683609958506,15.0,4.5
2023,Assam,BIEO,1324826,0.0,0.0,0.15185629065054335,32.0,5.9
2023,Assam,Barpeta,1947665,98.0,5.031666123280955,0.15185629065054335,32.0,5.9
2023,Assam,Baksa,1092586,23.0,2.1050974477066333,0.15185629065054335,32.0,5.9
2023,Assam,Bongaigaon,849624,83.0,9.769027240285114,0.15185629065054335,32.0,5.9
2023,Assam,CID,1324826,0.0,0.0,0.15185629065054335,32.0,5.9
2023,Assam,Cachar,1997109,419.0,20.98032706276923,0.15185629065054335,32.0,5.9
2023,Assam,Chirang,554486,36.0,6.492499359767424,0.15185629065054335,32.0,5.9
2023,Assam,Darrang,1067775,146.0,13.673292594413617,0.15185629065054335,32.0,5.9
2023,Assam,Dhemaji,789052,54.0,6.843655424484065,0.15185629065054335,32.0,5.9
2023,Assam,Dhubri,2241646,157.0,7.003782042302843,0.15185629065054335,32.0,5.9
2023,Assam,Dibrugarh,1525285,148.0,9.70310466568543,0.15185629065054335,32.0,5.9
2023,Assam,GRP,1324826,1.0,0.07548161041525453,0.15185629065054335,32.0,5.9
2023,Assam,Goalpara,1159410,140.0,12.075107166576103,0.15185629065054335,32.0,5.9
2023,Assam,Golaghat,1226921,45.0,3.6677178074219934,0.15185629065054335,32.0,5.9
2023,Assam,Guwahati City,1324826,305.0,23.02189117665263,0.15185629065054335,32.0,5.9
2023,Assam,Hailakandi,758190,125.0,16.4866326382569,0.15185629065054335,32.0,5.9
2023,Assam,Hamren,1324826,6.0,0.4528896624915272,0.15185629065054335,32.0,5.9
2023,Assam,Jorhat,1256094,89.0,7.085456980130467,0.15185629065054335,32.0,5.9
2023,Assam,Kamrup,1745173,374.0,21.43054012410231,0.15185629065054335,32.0,5.9
2023,Assam,Karbi Anglong,1099759,20.0,1.8185802525826114,0.15185629065054335,32.0,5.9
2023,Assam,Karimganj,1412988,393.0,27.813399689169334,0.15185629065054335,32.0,5.9
2023,Assam,Kokrajhar,1020213,78.0,7.645462271113973,0.15185629065054335,32.0,5.9
2023,Assam,Lakhimpur,1198457,150.0,12.516093610367331,0.15185629065054335,32.0,5.9
2023,Assam,Morigaon,1101036,137.0,12.442826574244622,0.15185629065054335,32.0,5.9
2023,Assam,Dima Hasao,246217,6.0,2.4368747893118674,0.15185629065054335,32.0,5.9
2023,Assam,Nagaon,3247333,211.0,6.497639755454707,0.15185629065054335,32.0,5.9
2023,Assam,Nalbari,887384,131.0,14.762492900480513,0.15185629065054335,32.0,5.9
2023,Assam,RPO,1324826,0.0,0.0,0.15185629065054335,32.0,5.9
2023,Assam,SOU,1324826,0.0,0.0,0.15185629065054335,32.0,5.9
2023,Assam,STF,1324826,0.0,0.0,0.15185629065054335,32.0,5.9
2023,Assam,Sibsagar,1324826,13.0,0.9812609353983089,0.15185629065054335,32.0,5.9
2023,Assam,Sonitpur,2212726,163.0,7.366479175460496,0.15185629065054335,32.0,5.9
2023,Assam,Tinsukia,1527118,105.0,6.875696573545725,0.15185629065054335,32.0,5.9
2023,Assam,Udalguri,956418,45.0,4.7050557392269905,0.15185629065054335,32.0,5.9
2023,Assam,Sadia,1324826,7.0,0.5283712729067818,0.15185629065054335,32.0,5.9
2023,Assam,Majuli,1324826,18.0,1.3586689874745814,0.15185629065054335,32.0,5.9
2023,Assam,Biswanath,1324826,52.0,3.9250437415932358,0.15185629065054335,32.0,5.9
2023,Assam,Hojai,1324826,99.0,7.4726794311101985,0.15185629065054335,32.0,5.9
2023,Assam,South Salmara,1324826,76.0,5.7366023915593445,0.15185629065054335,32.0,5.9
2023,Assam,Charaideo,1324826,21.0,1.585113818720345,0.15185629065054335,32.0,5.9
2023,Assam,Bajali,1324826,30.0,2.264448312457636,0.15185629065054335,32.0,5.9
2023,Assam,Tamulpur,1324826,21.0,1.585113818720345,0.15185629065054335,32.0,5.9
2023,Assam,Total Districts ,1324826,4025.0,303.8134819213995,0.15185629065054335,32.0,5.9
2023,Bihar,Araria,3233304,134.0,4.144367495292741,0.33493574660633485,40.0,3.5
2023,Bihar,Arwal,805969,52.0,6.451861051727796,0.33493574660633485,40.0,3.5
2023,Bihar,Aurangabad,2921083,71.0,2.4306053610938134,0.33493574660633485,40.0,3.5
2023,Bihar,Aurangabad,4256474,71.0,1.668047308640908,0.33493574660633485,40.0,3.5
2023,Bihar,Bagaha,3064997,51.0,1.6639494263779053,0.33493574660633485,40.0,3.5
2023,Bihar,Banka,2339977,60.0,2.564127767067796,0.33493574660633485,40.0,3.5
2023,Bihar,Begusarai,3416122,85.0,2.488201533785971,0.33493574660633485,40.0,3.5
2023,Bihar,Bettiah,3064997,118.0,3.849922202207702,0.33493574660633485,40.0,3.5
2023,Bihar,Kaimur(Bhabhua),1870341,63.0,3.368369725092911,0.33493574660633485,40.0,3.5
2023,Bihar,Bhagalpur,3493430,118.0,3.3777691266176793,0.33493574660633485,40.0,3.5
2023,Bihar,Bhojpur,3137668,93.0,2.9639847173123477,0.33493574660633485,40.0,3.5
2023,Bihar,Buxar,1962304,63.0,3.210511724992662,0.33493574660633485,40.0,3.5
2023,Bihar,Darbhanga,4527992,87.0,1.921381486539729,0.33493574660633485,40.0,3.5
2023,Bihar,Gaya,5050130,214.0,4.237514677839976,0.33493574660633485,40.0,3.5
2023,Bihar,Gopalganj,2946313,77.0,2.613435843374414,0.33493574660633485,40.0,3.5
2023,Bihar,Jamalpur Railway,3064997,0.0,0.0,0.33493574660633485,40.0,3.5
2023,Bihar,Jamui,2024465,72.0,3.5564951727987393,0.33493574660633485,40.0,3.5
2023,Bihar,Jehanabad,1294109,61.0,4.713667859507971,0.33493574660633485,40.0,3.5
2023,Bihar,Katihar,3531683,86.0,2.4350996394636777,0.33493574660633485,40.0,3.5
2023,Bihar,Katihar Railway,3064997,1.0,0.032626459340743236,0.33493574660633485,40.0,3.5
2023,Bihar,Khagaria,1916918,64.0,3.338692630566357,0.33493574660633485,40.0,3.5
2023,Bihar,Kishanganj,1943959,68.0,3.4980161618634957,0.33493574660633485,40.0,3.5
2023,Bihar,Lakhisarai,1151048,53.0,4.604499551712873,0.33493574660633485,40.0,3.5
2023,Bihar,Madhepura,2302026,63.0,2.736719741653656,0.33493574660633485,40.0,3.5
2023,Bihar,Madhubani,5160485,94.0,1.821534216260681,0.33493574660633485,40.0,3.5
2023,Bihar,Motihari,3064997,215.0,7.014688758259796,0.33493574660633485,40.0,3.5
2023,Bihar,Munger,1572929,60.0,3.814539626391274,0.33493574660633485,40.0,3.5
2023,Bihar,Muzaffarpur,5521221,197.0,3.5680513422665023,0.33493574660633485,40.0,3.5
2023,Bihar,Muzaffarpur Railway,3064997,0.0,0.0,0.33493574660633485,40.0,3.5
2023,Bihar,Nalanda,3309300,137.0,4.139848306288338,0.33493574660633485,40.0,3.5
2023,Bihar,Naugachia,3064997,37.0,1.2071789956074999,0.33493574660633485,40.0,3.5
2023,Bihar,Nawadah,3064997,70.0,2.2838521538520267,0.33493574660633485,40.0,3.5
2023,Bihar,Patna,6714234,449.0,6.687285548880185,0.33493574660633485,40.0,3.5
2023,Bihar,Patna Railway,3064997,0.0,0.0,0.33493574660633485,40.0,3.5
2023,Bihar,Purnea,3064997,150.0,4.893968901111485,0.33493574660633485,40.0,3.5
2023,Bihar,Rohtas,3403905,117.0,3.437228712317177,0.33493574660633485,40.0,3.5
2023,Bihar,Saharsa,2185760,43.0,1.9672791157309126,0.33493574660633485,40.0,3.5
2023,Bihar,Samastipur,4900800,115.0,2.3465556643813255,0.33493574660633485,40.0,3.5
2023,Bihar,Saran,4544641,152.0,3.3445986162603383,0.33493574660633485,40.0,3.5
2023,Bihar,Sheikhpura,731793,21.0,2.8696639623500086,0.33493574660633485,40.0,3.5
2023,Bihar,Sheohar,754682,17.0,2.252604408214321,0.33493574660633485,40.0,3.5
2023,Bihar,Sitamarhi,3937110,172.0,4.368686676267617,0.33493574660633485,40.0,3.5
2023,Bihar,Siwan,3830033,91.0,2.375958640565238,0.33493574660633485,40.0,3.5
2023,Bihar,Supaul,2563437,43.0,1.6774354119098696,0.33493574660633485,40.0,3.5
2023,Bihar,Vaishali,4019274,147.0,3.6573769292663303,0.33493574660633485,40.0,3.5
2023,Bihar,Economic Offences Unit,3064997,0.0,0.0,0.33493574660633485,40.0,3.5
2023,Bihar,Anti Terrorist Squad,3064997,0.0,0.0,0.33493574660633485,40.0,3.5
2023,Bihar,Total Districts ,3064997,4081.0,133.14858056957317,0.33493574660633485,40.0,3.5
2023,Chhattisgarh,Balod,1885744,23.0,1.2196777505324157,0.2034342762063228,29.6,6.8
2023,Chhattisgarh,Balodbazar,1885744,38.0,2.0151197617492085,0.2034342762063228,29.6,6.8
2023,Chhattisgarh,Balrampur,2470964,79.0,3.1971327789478114,0.2034342762063228,29.6,6.8
2023,Chhattisgarh,Bemetra,1885744,24.0,1.2727072179468688,0.2034342762063228,29.6,6.8
2023,Chhattisgarh,Bilaspur,439249,261.0,59.41960027228292,0.2034342762063228,29.6,6.8
2023,Chhattisgarh,Bilaspur,3063173,261.0,8.520576539424969,0.2034342762063228,29.6,6.8
2023,Chhattisgarh,Bizapur,1885744,14.0,0.7424125438023401,0.2034342762063228,29.6,6.8
2023,Chhattisgarh,Dantewara,1885744,13.0,0.6893830763878872,0.2034342762063228,29.6,6.8
2023,Chhattisgarh,Dhamtari,919748,30.0,3.2617630046490995,0.2034342762063228,29.6,6.8
2023,Chhattisgarh,Durg,3845452,202.0,5.252958559878007,0.2034342762063228,29.6,6.8
2023,Chhattisgarh,Gariyaband,1885744,51.0,2.704502838137096,0.2034342762063228,29.6,6.8
2023,Chhattisgarh,GRP Raipur,1885744,2.0,0.10605893482890574,0.2034342762063228,29.6,6.8
2023,Chhattisgarh,Jagdalpur,1885744,44.0,2.333296566235926,0.2034342762063228,29.6,6.8
2023,Chhattisgarh,Janjgir,1885744,129.0,6.84080129646442,0.2034342762063228,29.6,6.8
2023,Chhattisgarh,Jashpur,979419,50.0,5.105067391994642,0.2034342762063228,29.6,6.8
2023,Chhattisgarh,Kabirdham,1885744,43.0,2.280267098821473,0.2034342762063228,29.6,6.8
2023,Chhattisgarh,Kanker,1885744,35.0,1.8560313595058502,0.2034342762063228,29.6,6.8
2023,Chhattisgarh,Kondagaon,1885744,11.0,0.5833241415589815,0.2034342762063228,29.6,6.8
2023,Chhattisgarh,Korba,1387636,81.0,5.837265680625179,0.2034342762063228,29.6,6.8
2023,Chhattisgarh,Koriya,757754,26.0,3.4311927089794314,0.2034342762063228,29.6,6.8
2023,Chhattisgarh,Mahasamund,1187667,35.0,2.9469539862604583,0.2034342762063228,29.6,6.8
2023,Chhattisgarh,Mungali,1885744,32.0,1.696942957262492,0.2034342762063228,29.6,6.8
2023,Chhattisgarh,Narayanpur,160793,9.0,5.597258587127549,0.2034342762063228,29.6,6.8
2023,Chhattisgarh,Raigarh,1718081,86.0,5.005584719230351,0.2034342762063228,29.6,6.8
2023,Chhattisgarh,Raigarh,3029329,86.0,2.838912511648619,0.2034342762063228,29.6,6.8
2023,Chhattisgarh,Raipur,4673452,243.0,5.199582663949475,0.2034342762063228,29.6,6.8
2023,Chhattisgarh,Rajnandgaon,1767702,55.0,3.1113841586421245,0.2034342762063228,29.6,6.8
2023,Chhattisgarh,Sarguja,1885744,115.0,6.098388752662079,0.2034342762063228,29.6,6.8
2023,Chhattisgarh,Sukma,1885744,12.0,0.6363536089734344,0.2034342762063228,29.6,6.8
2023,Chhattisgarh,Surajpur,1885744,48.0,2.5454144358937376,0.2034342762063228,29.6,6.8
2023,Chhattisgarh,Gaurela-Pendra-Marwari,1885744,29.0,1.537854555019133,0.2034342762063228,29.6,6.8
2023,Chhattisgarh,Khairagarh - Chhuikhadan-Gandai,1885744,25.0,1.3257366853613215,0.2034342762063228,29.6,6.8
2023,Chhattisgarh,Manendragarh-Chirmiri-Bharatpur,1885744,50.0,2.651473370722643,0.2034342762063228,29.6,6.8
2023,Chhattisgarh,Mohla-Manpur-Ambagarh Chouki,1885744,10.0,0.5302946741445287,0.2034342762063228,29.6,6.8
2023,Chhattisgarh,Sakti,1885744,43.0,2.280267098821473,0.2034342762063228,29.6,6.8
2023,Chhattisgarh,Sarangarh-Bilaigarh,1885744,29.0,1.537854555019133,0.2034342762063228,29.6,6.8
2023,Chhattisgarh,Total Districts ,1885744,1977.0,104.83925707837332,0.2034342762063228,29.6,6.8
2023,Goa,North Goa,940709,24.0,2.551267182518717,0.10972276454509958,8.3,8.0
2023,Goa,South Goa,736617,10.0,1.3575575909869038,0.10972276454509958,8.3,8.0
2023,Goa,CID,838663,2.0,0.23847481050195368,0.10972276454509958,8.3,8.0
2023,Goa,Total Districts ,838663,36.0,4.292546589035167,0.10972276454509958,8.3,8.0
2023,Gujarat,Ahmedabad City,2894401,659.0,22.768096058562723,0.20521524716691156,17.0,1.5
2023,Gujarat,Ahmedabad Rural,2894401,35.0,1.209231201896351,0.20521524716691156,17.0,1.5
2023,Gujarat,Amreli,1741318,59.0,3.3882381047000028,0.20521524716691156,17.0,1.5
2023,Gujarat,Anand,2406656,34.0,1.412748643761302,0.20521524716691156,17.0,1.5
2023,Gujarat,Arvalli,2894401,18.0,0.6218903324038376,0.20521524716691156,17.0,1.5
2023,Gujarat,Banaskantha,2894401,103.0,3.558594679866404,0.20521524716691156,17.0,1.5
2023,Gujarat,Bharuch,1783671,51.0,2.859271693042046,0.20521524716691156,17.0,1.5
2023,Gujarat,Bhavnagar,3312419,78.0,2.3547745620345735,0.20521524716691156,17.0,1.5
2023,Gujarat,Botad,2894401,19.0,0.656439795315162,0.20521524716691156,17.0,1.5
2023,Gujarat,Chhotaudepur,2894401,16.0,0.552791406581189,0.20521524716691156,17.0,1.5
2023,Gujarat,CID Crime,2894401,0.0,0.0,0.20521524716691156,17.0,1.5
2023,Gujarat,Dahod,2894401,17.0,0.5873408694925133,0.20521524716691156,17.0,1.5
2023,Gujarat,Dang,2894401,2.0,0.06909892582264862,0.20521524716691156,17.0,1.5
2023,Gujarat,Devbhumi Dwarka,2894401,31.0,1.0710333502510536,0.20521524716691156,17.0,1.5
2023,Gujarat,Gandhinagar,1600515,58.0,3.6238335785668987,0.20521524716691156,17.0,1.5
2023,Gujarat,Gir Somnath,2894401,30.0,1.0364838873397293,0.20521524716691156,17.0,1.5
2023,Gujarat,Jamnagar,2484136,57.0,2.294560362234596,0.20521524716691156,17.0,1.5
2023,Gujarat,Junagadh,3154544,126.0,3.9942381529628372,0.20521524716691156,17.0,1.5
2023,Gujarat,Kachchh East(G),2894401,72.0,2.4875613296153505,0.20521524716691156,17.0,1.5
2023,Gujarat,Kachchh West(B),2894401,69.0,2.3839129408813777,0.20521524716691156,17.0,1.5
2023,Gujarat,Kheda,2644867,65.0,2.4575904950986196,0.20521524716691156,17.0,1.5
2023,Gujarat,Mahisagar,2894401,19.0,0.656439795315162,0.20521524716691156,17.0,1.5
2023,Gujarat,Mehsana,2894401,59.0,2.0384183117681345,0.20521524716691156,17.0,1.5
2023,Gujarat,Morbi,2894401,37.0,1.2783301277189996,0.20521524716691156,17.0,1.5
2023,Gujarat,Narmada,678841,8.0,1.1784792020517323,0.20521524716691156,17.0,1.5
2023,Gujarat,Navsari,1529122,12.0,0.7847640672228899,0.20521524716691156,17.0,1.5
2023,Gujarat,Panchmahal,2894401,62.0,2.1420667005021072,0.20521524716691156,17.0,1.5
2023,Gujarat,Patan,1545294,50.0,3.2356302425299,0.20521524716691156,17.0,1.5
2023,Gujarat,Porbandar,673266,11.0,1.633826749011535,0.20521524716691156,17.0,1.5
2023,Gujarat,Rajkot City,4375241,171.0,3.9083561339821054,0.20521524716691156,17.0,1.5
2023,Gujarat,Rajkot Rural,4375241,97.0,2.2170207309723056,0.20521524716691156,17.0,1.5
2023,Gujarat,Sabarkantha,2894401,54.0,1.8656709972115129,0.20521524716691156,17.0,1.5
2023,Gujarat,Surat City,6993520,391.0,5.5908898523204344,0.20521524716691156,17.0,1.5
2023,Gujarat,Surat Rural,6993520,34.0,0.48616433498438555,0.20521524716691156,17.0,1.5
2023,Gujarat,Surendranagar,2019708,20.0,0.9902421538162943,0.20521524716691156,17.0,1.5
2023,Gujarat,Tapi,928075,5.0,0.5387495622659807,0.20521524716691156,17.0,1.5
2023,Gujarat,Vadodara City,4790469,151.0,3.1520922064207073,0.20521524716691156,17.0,1.5
2023,Gujarat,Vadodara Rural,4790469,36.0,0.751492181663215,0.20521524716691156,17.0,1.5
2023,Gujarat,Valsad,1961529,11.0,0.5607870186981686,0.20521524716691156,17.0,1.5
2023,Gujarat,W Rly Ahmedabad,2894401,0.0,0.0,0.20521524716691156,17.0,1.5
2023,Gujarat,W Rly Vadodara,2894401,0.0,0.0,0.20521524716691156,17.0,1.5
2023,Gujarat,Cyber Ahmedabad Range,2894401,0.0,0.0,0.20521524716691156,17.0,1.5
2023,Gujarat,Cyber Bhavnagar Range,2894401,0.0,0.0,0.20521524716691156,17.0,1.5
2023,Gujarat,Cyber Border Range,2894401,0.0,0.0,0.20521524716691156,17.0,1.5
2023,Gujarat,Cyber Gandhinagar Range,2894401,0.0,0.0,0.20521524716691156,17.0,1.5
2023,Gujarat,Cyber Junagadh Range,2894401,0.0,0.0,0.20521524716691156,17.0,1.5
2023,Gujarat,Cyber Panchmahal Range,2894401,0.0,0.0,0.20521524716691156,17.0,1.5
2023,Gujarat,Cyber Rajkot Range,2894401,0.0,0.0,0.20521524716691156,17.0,1.5
2023,Gujarat,Cyber Surat Range,2894401,0.0,0.0,0.20521524716691156,17.0,1.5
2023,Gujarat,Cyber Vadodara Range,2894401,0.0,0.0,0.20521524716691156,17.0,1.5
2023,Gujarat,Total Districts ,2894401,2827.0,97.67133165031383,0.20521524716691156,17.0,1.5
2023,Haryana,Ambala,1297602,339.0,26.12511386388122,0.1847177848775293,21.6,4.9
2023,Haryana,Bhiwani,1879611,316.0,16.811989289273154,0.1847177848775293,21.6,4.9
2023,Haryana,Faridabad,2081192,650.0,31.23210160331195,0.1847177848775293,21.6,4.9
2023,Haryana,Fatehabad,1083312,140.0,12.923331413295525,0.1847177848775293,21.6,4.9
2023,Haryana,GRP,1358470,4.0,0.2944489020736564,0.1847177848775293,21.6,4.9
2023,Haryana,Gurugram,1358470,657.0,48.36323216559806,0.1847177848775293,21.6,4.9
2023,Haryana,Hissar,1358470,371.0,27.31013566733163,0.1847177848775293,21.6,4.9
2023,Haryana,Jhajjar,1102165,295.0,26.765502442919164,0.1847177848775293,21.6,4.9
2023,Haryana,Jind,1534274,296.0,19.292512289199973,0.1847177848775293,21.6,4.9
2023,Haryana,Kaithal,1235449,174.0,14.083948426847243,0.1847177848775293,21.6,4.9
2023,Haryana,Karnal,1731122,424.0,24.492785603787603,0.1847177848775293,21.6,4.9
2023,Haryana,Kurukshetra,1109353,329.0,29.656926154253878,0.1847177848775293,21.6,4.9
2023,Haryana,Mahendergarh,1358470,177.0,13.029363916759296,0.1847177848775293,21.6,4.9
2023,Haryana,Nuh,1358470,181.0,13.323812818832952,0.1847177848775293,21.6,4.9
2023,Haryana,Palwal,1199114,249.0,20.765331736598856,0.1847177848775293,21.6,4.9
2023,Haryana,Panchkula,645486,171.0,26.49166674412768,0.1847177848775293,21.6,4.9
2023,Haryana,Panipat,1386252,362.0,26.113578195017933,0.1847177848775293,21.6,4.9
2023,Haryana,Rewari,1035381,310.0,29.940669183614535,0.1847177848775293,21.6,4.9
2023,Haryana,Rohtak,1220384,324.0,26.549020636127644,0.1847177848775293,21.6,4.9
2023,Haryana,Sirsa,1489467,256.0,17.187356282482256,0.1847177848775293,21.6,4.9
2023,Haryana,Sonipat,1667501,456.0,27.34631043699524,0.1847177848775293,21.6,4.9
2023,Haryana,Yamunanagar,1396335,453.0,32.442071565920784,0.1847177848775293,21.6,4.9
2023,Haryana,Irrigation & Power,1358470,0.0,0.0,0.1847177848775293,21.6,4.9
2023,Haryana,Charkhi Dadri,1358470,110.0,8.097344807025552,0.1847177848775293,21.6,4.9
2023,Haryana,Hansi,1358470,132.0,9.716813768430661,0.1847177848775293,21.6,4.9
2023,Haryana,Total Districts ,1358470,7176.0,528.2413303201396,0.1847177848775293,21.6,4.9
2023,Himachal Pradesh,Baddi,937776,25.0,2.665881831055604,0.07121290994273816,8.3,5.6
2023,Himachal Pradesh,Bilaspur,439249,35.0,7.968145630382767,0.07121290994273816,8.3,5.6
2023,Himachal Pradesh,Bilaspur,3063173,35.0,1.1426060493481758,0.07121290994273816,8.3,5.6
2023,Himachal Pradesh,Chamba,596942,16.0,2.6803274019921535,0.07121290994273816,8.3,5.6
2023,Himachal Pradesh,CID,937776,0.0,0.0,0.07121290994273816,8.3,5.6
2023,Himachal Pradesh,GRP,937776,0.0,0.0,0.07121290994273816,8.3,5.6
2023,Himachal Pradesh,Hamirpur,522983,16.0,3.059372866804466,0.07121290994273816,8.3,5.6
2023,Himachal Pradesh,Hamirpur,1269927,16.0,1.2599149399926137,0.07121290994273816,8.3,5.6
2023,Himachal Pradesh,Kangra,1736586,47.0,2.706459685843373,0.07121290994273816,8.3,5.6
2023,Himachal Pradesh,Kinnaur,96739,9.0,9.303383330404492,0.07121290994273816,8.3,5.6
2023,Himachal Pradesh,Kullu,503588,13.0,2.581475333010318,0.07121290994273816,8.3,5.6
2023,Himachal Pradesh,Lahaul & Spiti,937776,0.0,0.0,0.07121290994273816,8.3,5.6
2023,Himachal Pradesh,Mandi,1149743,60.0,5.21855753851078,0.07121290994273816,8.3,5.6
2023,Himachal Pradesh,Shimla,936111,32.0,3.418398031857333,0.07121290994273816,8.3,5.6
2023,Himachal Pradesh,Sirmaur,609333,37.0,6.072213387425267,0.07121290994273816,8.3,5.6
2023,Himachal Pradesh,Solan,667368,25.0,3.746059145778641,0.07121290994273816,8.3,5.6
2023,Himachal Pradesh,Una,599348,35.0,5.839679117974867,0.07121290994273816,8.3,5.6
2023,Himachal Pradesh,Cyber,937776,0.0,0.0,0.07121290994273816,8.3,5.6
2023,Himachal Pradesh,Nurpur,937776,11.0,1.1729880056644657,0.07121290994273816,8.3,5.6
2023,Himachal Pradesh,Total Districts ,937776,361.0,38.49533364044292,0.07121290994273816,8.3,5.6
2023,Jharkhand,Bokaro,2371679,81.0,3.415301986482994,0.22653050907436428,31.5,2.9
2023,Jharkhand,Chaibasa,1648218,55.0,3.3369372255369134,0.22653050907436428,31.5,2.9
2023,Jharkhand,Chatra,1199318,76.0,6.336934824625328,0.22653050907436428,31.5,2.9
2023,Jharkhand,Deoghar,1715883,71.0,4.137811261024207,0.22653050907436428,31.5,2.9
2023,Jharkhand,Dhanbad,3087160,153.0,4.956011350237759,0.22653050907436428,31.5,2.9
2023,Jharkhand,Dhanbad Railway,1648218,0.0,0.0,0.22653050907436428,31.5,2.9
2023,Jharkhand,Dumka,1519658,40.0,2.632171185885245,0.22653050907436428,31.5,2.9
2023,Jharkhand,Garhwa,1521201,153.0,10.05784245474464,0.22653050907436428,31.5,2.9
2023,Jharkhand,Giridih,2812295,87.0,3.0935588193983916,0.22653050907436428,31.5,2.9
2023,Jharkhand,Godda,1510583,85.0,5.626966542056941,0.22653050907436428,31.5,2.9
2023,Jharkhand,Gumla,1178994,60.0,5.0890844228214895,0.22653050907436428,31.5,2.9
2023,Jharkhand,Hazaribagh,1994669,154.0,7.72057920386791,0.22653050907436428,31.5,2.9
2023,Jharkhand,Jamshedpur,1648218,145.0,8.79737995823368,0.22653050907436428,31.5,2.9
2023,Jharkhand,Jamshedpur Railway,1648218,0.0,0.0,0.22653050907436428,31.5,2.9
2023,Jharkhand,Jamtara,909698,36.0,3.957357276810546,0.22653050907436428,31.5,2.9
2023,Jharkhand,Khunti,611667,46.0,7.520431868974458,0.22653050907436428,31.5,2.9
2023,Jharkhand,Koderma,1648218,49.0,2.9729077100237955,0.22653050907436428,31.5,2.9
2023,Jharkhand,Latehar,836024,58.0,6.937599877515478,0.22653050907436428,31.5,2.9
2023,Jharkhand,Lohardagga,1648218,57.0,3.458280397374619,0.22653050907436428,31.5,2.9
2023,Jharkhand,Pakur,1035485,55.0,5.311520688373081,0.22653050907436428,31.5,2.9
2023,Jharkhand,Palamu,2230849,128.0,5.737725861320063,0.22653050907436428,31.5,2.9
2023,Jharkhand,Ramgarh,1091859,40.0,3.663476694335074,0.22653050907436428,31.5,2.9
2023,Jharkhand,Ranchi,3351390,303.0,9.041024768827263,0.22653050907436428,31.5,2.9
2023,Jharkhand,Sahebganj,1648218,65.0,3.9436530847254425,0.22653050907436428,31.5,2.9
2023,Jharkhand,Saraikela,1648218,35.0,2.123505507159854,0.22653050907436428,31.5,2.9
2023,Jharkhand,Simdega,689514,30.0,4.3508906273114105,0.22653050907436428,31.5,2.9
2023,Jharkhand,Total Districts ,1648218,2062.0,125.10481016467482,0.22653050907436428,31.5,2.9
2023,Karnataka,Bagalkot,2173214,31.0,1.426458692057018,0.1785958402499756,44.4,3.8
2023,Karnataka,Bengaluru City,1785149,903.0,50.58401287511575,0.1785958402499756,44.4,3.8
2023,Karnataka,Bengaluru District,1785149,206.0,11.539652992551323,0.1785958402499756,44.4,3.8
2023,Karnataka,Belagavi District,1785149,143.0,8.010535815217665,0.1785958402499756,44.4,3.8
2023,Karnataka,Ballari,1785149,112.0,6.273986093037611,0.1785958402499756,44.4,3.8
2023,Karnataka,Bidar,1958794,105.0,5.360441169413424,0.1785958402499756,44.4,3.8
2023,Karnataka,Vijayapura,1785149,154.0,8.626730877926716,0.1785958402499756,44.4,3.8
2023,Karnataka,Chikkaballapura,1443369,53.0,3.6719646881705232,0.1785958402499756,44.4,3.8
2023,Karnataka,Chamarajnagar,1785149,34.0,1.9046029211007036,0.1785958402499756,44.4,3.8
2023,Karnataka,Chikkamagaluru,1785149,53.0,2.968939847598156,0.1785958402499756,44.4,3.8
2023,Karnataka,Chitradurga,1908374,130.0,6.812081908472868,0.1785958402499756,44.4,3.8
2023,Karnataka,Dakshina Kannada,2403096,36.0,1.4980674929341151,0.1785958402499756,44.4,3.8
2023,Karnataka,Davanagere,2237321,99.0,4.424935000386623,0.1785958402499756,44.4,3.8
2023,Karnataka,Dharwad,2124076,39.0,1.8360924938655678,0.1785958402499756,44.4,3.8
2023,Karnataka,Gadag,1224255,35.0,2.8588815238655347,0.1785958402499756,44.4,3.8
2023,Karnataka,Kalaburgi,1785149,91.0,5.09761370059306,0.1785958402499756,44.4,3.8
2023,Karnataka,Hassan,2042884,99.0,4.846090135318501,0.1785958402499756,44.4,3.8
2023,Karnataka,Haveri,1837318,56.0,3.047920936930896,0.1785958402499756,44.4,3.8
2023,Karnataka,Hubballi Dharwad City,1785149,112.0,6.273986093037611,0.1785958402499756,44.4,3.8
2023,Karnataka,KGF,1785149,23.0,1.2884078583916525,0.1785958402499756,44.4,3.8
2023,Karnataka,Kodagu,637696,31.0,4.861250501806503,0.1785958402499756,44.4,3.8
2023,Karnataka,Kolar,1766861,44.0,2.4902921056042326,0.1785958402499756,44.4,3.8
2023,Karnataka,Koppal,1598407,95.0,5.943417414963773,0.1785958402499756,44.4,3.8
2023,Karnataka,Mandya,2076634,100.0,4.815485058994508,0.1785958402499756,44.4,3.8
2023,Karnataka,Mangaluru City,1785149,52.0,2.9129221146246054,0.1785958402499756,44.4,3.8
2023,Karnataka,Mysuru City,1785149,58.0,3.249028512465906,0.1785958402499756,44.4,3.8
2023,Karnataka,Mysuru District,1785149,94.0,5.26566689951371,0.1785958402499756,44.4,3.8
2023,Karnataka,Raichur,2218133,130.0,5.860784723008043,0.1785958402499756,44.4,3.8
2023,Karnataka,KRailways,1785149,1.0,0.0560177329735501,0.1785958402499756,44.4,3.8
2023,Karnataka,Ramanagara,1245031,60.0,4.819157113357017,0.1785958402499756,44.4,3.8
2023,Karnataka,Shimoga,2015665,103.0,5.109976112101962,0.1785958402499756,44.4,3.8
2023,Karnataka,Tumakuru,1785149,104.0,5.825844229249211,0.1785958402499756,44.4,3.8
2023,Karnataka,Udupi,1353965,51.0,3.7667147969112937,0.1785958402499756,44.4,3.8
2023,Karnataka,Uttara Kannada,1652744,72.0,4.356391552472736,0.1785958402499756,44.4,3.8
2023,Karnataka,Yadgiri,1785149,45.0,2.520797983809755,0.1785958402499756,44.4,3.8
2023,Karnataka,Belagavi City,1785149,78.0,4.369383171936908,0.1785958402499756,44.4,3.8
2023,Karnataka,Kalaburgi City,1785149,103.0,5.769826496275662,0.1785958402499756,44.4,3.8
2023,Karnataka,Vijayanagara,1785149,83.0,4.649471836804659,0.1785958402499756,44.4,3.8
2023,Karnataka,Total Districts ,1785149,3818.0,213.87570449301433,0.1785958402499756,44.4,3.8
2023,Kerala,Alapuzha,2966482,285.0,9.607339602937083,0.07236620666442276,9.9,7.0
2023,Kerala,Ernakulam Commr,2966482,242.0,8.15781117161675,0.07236620666442276,9.9,7.0
2023,Kerala,Ernakulam Rural,3774746,400.0,10.59673948922656,0.07236620666442276,9.9,7.0
2023,Kerala,Idukki,1275320,101.0,7.9195809679139355,0.07236620666442276,9.9,7.0
2023,Kerala,Kannur City,2901453,218.0,7.51347686831391,0.07236620666442276,9.9,7.0
2023,Kerala,Kasargod,2966482,126.0,4.247455403403762,0.07236620666442276,9.9,7.0
2023,Kerala,Kollam Commr,2966482,266.0,8.96685029607461,0.07236620666442276,9.9,7.0
2023,Kerala,Kollam Rural,3030681,215.0,7.094115151017213,0.07236620666442276,9.9,7.0
2023,Kerala,Kottayam,2270733,221.0,9.732540109295105,0.07236620666442276,9.9,7.0
2023,Kerala,Kozhikode Commr,2966482,307.0,10.348958800356787,0.07236620666442276,9.9,7.0
2023,Kerala,Kozhikode Rural,3549236,446.0,12.566084644695367,0.07236620666442276,9.9,7.0
2023,Kerala,Malappuram,4729858,676.0,14.292183824546106,0.07236620666442276,9.9,7.0
2023,Kerala,Palakkad,3231424,390.0,12.068982590956804,0.07236620666442276,9.9,7.0
2023,Kerala,Pathanamthitta,1377023,123.0,8.932312677420784,0.07236620666442276,9.9,7.0
2023,Kerala,Railways,2966482,1.0,0.033709963519077485,0.07236620666442276,9.9,7.0
2023,Kerala,Thrissur Commr,2966482,366.0,12.337846647982357,0.07236620666442276,9.9,7.0
2023,Kerala,Thrissur Rural,3589379,297.0,8.274411813296952,0.07236620666442276,9.9,7.0
2023,Kerala,Trivandrum Commr,2966482,164.0,5.528434017128707,0.07236620666442276,9.9,7.0
2023,Kerala,Trivandrum Rural,2966482,351.0,11.832197195196196,0.07236620666442276,9.9,7.0
2023,Kerala,Wayanadu,2966482,249.0,8.393780916250291,0.07236620666442276,9.9,7.0
2023,Kerala,Crime Branch,2966482,0.0,0.0,0.07236620666442276,9.9,7.0
2023,Kerala,Kannur Rural,2901453,121.0,4.170324316816437,0.07236620666442276,9.9,7.0
2023,Kerala,Total Districts ,2966482,5565.0,187.59594698366618,0.07236620666442276,9.9,7.0
2023,Madhya Pradesh,Agar,1697834,75.0,4.417392984237564,0.14248064569263713,28.1,4.4
2023,Madhya Pradesh,Alirajpur,838348,41.0,4.8905705029414985,0.14248064569263713,28.1,4.4
2023,Madhya Pradesh,Anuppur,861622,113.0,13.114799761380281,0.14248064569263713,28.1,4.4
2023,Madhya Pradesh,Ashok Nagar,1697834,103.0,6.066553031686254,0.14248064569263713,28.1,4.4
2023,Madhya Pradesh,Balaghat,1956952,127.0,6.489683957501257,0.14248064569263713,28.1,4.4
2023,Madhya Pradesh,Barwani,1593763,116.0,7.2783720038675765,0.14248064569263713,28.1,4.4
2023,Madhya Pradesh,Betul,1811666,158.0,8.721254359247233,0.14248064569263713,28.1,4.4
2023,Madhya Pradesh,Bhind,1958455,145.0,7.403795338672576,0.14248064569263713,28.1,4.4
2023,Madhya Pradesh,Bhopal Commissionarate,1697834,810.0,47.70784422976569,0.14248064569263713,28.1,4.4
2023,Madhya Pradesh,Bhopal Railway,1697834,3.0,0.17669571936950254,0.14248064569263713,28.1,4.4
2023,Madhya Pradesh,Burhanpur,871524,136.0,15.604848518227842,0.14248064569263713,28.1,4.4
2023,Madhya Pradesh,Chhatarpur,2026731,226.0,11.150961819797496,0.14248064569263713,28.1,4.4
2023,Madhya Pradesh,Chhindwara,2404560,178.0,7.4026017233922214,0.14248064569263713,28.1,4.4
2023,Madhya Pradesh,Damoh,1453851,162.0,11.142820000123809,0.14248064569263713,28.1,4.4
2023,Madhya Pradesh,Datia,904767,149.0,16.46832830994057,0.14248064569263713,28.1,4.4
2023,Madhya Pradesh,Dewas,1798272,202.0,11.233005907893801,0.14248064569263713,28.1,4.4
2023,Madhya Pradesh,Dhar,2513661,240.0,9.547826854933898,0.14248064569263713,28.1,4.4
2023,Madhya Pradesh,Dindori,810202,126.0,15.551677236047308,0.14248064569263713,28.1,4.4
2023,Madhya Pradesh,Guna,1427746,250.0,17.510117345802406,0.14248064569263713,28.1,4.4
2023,Madhya Pradesh,Gwalior,2336841,748.0,32.00902414841232,0.14248064569263713,28.1,4.4
2023,Madhya Pradesh,Harda,656034,70.0,10.670178679763549,0.14248064569263713,28.1,4.4
2023,Madhya Pradesh,Narmadapuram,1697834,183.0,10.778438881539655,0.14248064569263713,28.1,4.4
2023,Madhya Pradesh,Indore Commissionarate,1697834,691.0,40.69891402810875,0.14248064569263713,28.1,4.4
2023,Madhya Pradesh,Indore Railway,1697834,1.0,0.058898573123167514,0.14248064569263713,28.1,4.4
2023,Madhya Pradesh,Jabalpur,2832782,462.0,16.30905590334872,0.14248064569263713,28.1,4.4
2023,Madhya Pradesh,Jabalpur Railway,1697834,3.0,0.17669571936950254,0.14248064569263713,28.1,4.4
2023,Madhya Pradesh,Jhabua,1178805,94.0,7.974177238813883,0.14248064569263713,28.1,4.4
2023,Madhya Pradesh,Katni,1485848,106.0,7.133973327015953,0.14248064569263713,28.1,4.4
2023,Madhya Pradesh,Khandwa,1506570,155.0,10.288270707633897,0.14248064569263713,28.1,4.4
2023,Madhya Pradesh,Khargone,2154002,106.0,4.9210724966829185,0.14248064569263713,28.1,4.4
2023,Madhya Pradesh,Mandla,1213140,100.0,8.243071698237632,0.14248064569263713,28.1,4.4
2023,Madhya Pradesh,Mandsaur,1541472,147.0,9.536339291274833,0.14248064569263713,28.1,4.4
2023,Madhya Pradesh,Morena,2260865,261.0,11.544254079743814,0.14248064569263713,28.1,4.4
2023,Madhya Pradesh,Narsinghpur,1697834,155.0,9.129278834090965,0.14248064569263713,28.1,4.4
2023,Madhya Pradesh,Neemuch,949977,116.0,12.21082194621554,0.14248064569263713,28.1,4.4
2023,Madhya Pradesh,Panna,1168998,152.0,13.002588541639936,0.14248064569263713,28.1,4.4
2023,Madhya Pradesh,Raisen,1531336,193.0,12.603373786027365,0.14248064569263713,28.1,4.4
2023,Madhya Pradesh,Rajgarh,1777686,397.0,22.332402910300242,0.14248064569263713,28.1,4.4
2023,Madhya Pradesh,Ratlam,1673329,230.0,13.745055515084001,0.14248064569263713,28.1,4.4
2023,Madhya Pradesh,Rewa,2719871,310.0,11.397599371440778,0.14248064569263713,28.1,4.4
2023,Madhya Pradesh,Sagar,2735226,445.0,16.26922236041921,0.14248064569263713,28.1,4.4
2023,Madhya Pradesh,Satna,2563275,198.0,7.724493080141616,0.14248064569263713,28.1,4.4
2023,Madhya Pradesh,Seoni,1586000,176.0,11.097099621689786,0.14248064569263713,28.1,4.4
2023,Madhya Pradesh,Shahdol,1225972,198.0,16.150450418117217,0.14248064569263713,28.1,4.4
2023,Madhya Pradesh,Shajapur,1739583,143.0,8.220360856596093,0.14248064569263713,28.1,4.4
2023,Madhya Pradesh,Sheopur,791040,75.0,9.48118932038835,0.14248064569263713,28.1,4.4
2023,Madhya Pradesh,Shivpuri,1984957,285.0,14.357993649232704,0.14248064569263713,28.1,4.4
2023,Madhya Pradesh,Sidhi,1296087,179.0,13.81080128108684,0.14248064569263713,28.1,4.4
2023,Madhya Pradesh,Sehore,1508031,173.0,11.471912712669699,0.14248064569263713,28.1,4.4
2023,Madhya Pradesh,Singrauli,1355013,227.0,16.75260680155836,0.14248064569263713,28.1,4.4
2023,Madhya Pradesh,Tikamgarh,1661940,109.0,6.558600190139235,0.14248064569263713,28.1,4.4
2023,Madhya Pradesh,Ujjain,2284893,271.0,11.860511630085085,0.14248064569263713,28.1,4.4
2023,Madhya Pradesh,Umaria,741471,49.0,6.608485025038067,0.14248064569263713,28.1,4.4
2023,Madhya Pradesh,Vidisha,1677706,178.0,10.609725422690268,0.14248064569263713,28.1,4.4
2023,Madhya Pradesh,Cyber Crime Cell,1697834,0.0,0.0,0.14248064569263713,28.1,4.4
2023,Madhya Pradesh,Niwari,1697834,51.0,3.0038272292815433,0.14248064569263713,28.1,4.4
2023,Madhya Pradesh,Bhopal Rural,2726720,71.0,2.603861049172632,0.14248064569263713,28.1,4.4
2023,Madhya Pradesh,Indore Rural,3768201,185.0,4.909504561991253,0.14248064569263713,28.1,4.4
2023,Madhya Pradesh,Total Districts ,1697834,11053.0,651.0059287303706,0.14248064569263713,28.1,4.4
2023,Maharashtra,Ahmednagar,3417201,517.0,15.129341235707235,0.10646792653713069,25.2,3.7
2023,Maharashtra,Akola,2085991,339.0,16.251268581695705,0.10646792653713069,25.2,3.7
2023,Maharashtra,Amravati Commr,3417201,196.0,5.735688360152066,0.10646792653713069,25.2,3.7
2023,Maharashtra,Amravati Rural,3321711,275.0,8.278865921809574,0.10646792653713069,25.2,3.7
2023,Maharashtra,Chhatrapati Sambhajinagar Commr,3417201,309.0,9.042488282076471,0.10646792653713069,25.2,3.7
2023,Maharashtra,Chhatrapati Sambhajinagar Rural,3417201,446.0,13.051617390958274,0.10646792653713069,25.2,3.7
2023,Maharashtra,Beed,3417201,710.0,20.777238447489626,0.10646792653713069,25.2,3.7
2023,Maharashtra,Bhandara,1380384,48.0,3.4772932749148064,0.10646792653713069,25.2,3.7
2023,Maharashtra,Buldhana,3417201,278.0,8.135313082256502,0.10646792653713069,25.2,3.7
2023,Maharashtra,Chandrapur,2534953,217.0,8.560316502909522,0.10646792653713069,25.2,3.7
2023,Maharashtra,Dhule,2358491,377.0,15.98479705879734,0.10646792653713069,25.2,3.7
2023,Maharashtra,Gadchiroli,1233883,26.0,2.1071689941428806,0.10646792653713069,25.2,3.7
2023,Maharashtra,Gondia,3417201,62.0,1.8143503996399393,0.10646792653713069,25.2,3.7
2023,Maharashtra,Hingoli,1353946,169.0,12.482033995447383,0.10646792653713069,25.2,3.7
2023,Maharashtra,Jalgaon,4864404,530.0,10.895476609261895,0.10646792653713069,25.2,3.7
2023,Maharashtra,Jalna,2252902,516.0,22.903792530700404,0.10646792653713069,25.2,3.7
2023,Maharashtra,Kolhapur,4457401,241.0,5.406738141800569,0.10646792653713069,25.2,3.7
2023,Maharashtra,Latur,2822325,456.0,16.156891924211422,0.10646792653713069,25.2,3.7
2023,Maharashtra,Mumbai Commr,3417201,1315.0,38.481786702040644,0.10646792653713069,25.2,3.7
2023,Maharashtra,Mumbai Railway,3417201,2.0,0.05852743224644965,0.10646792653713069,25.2,3.7
2023,Maharashtra,Nagpur Commr,3417201,420.0,12.290760771754426,0.10646792653713069,25.2,3.7
2023,Maharashtra,Nagpur Railway,3417201,0.0,0.0,0.10646792653713069,25.2,3.7
2023,Maharashtra,Nagpur Rural,5351605,76.0,1.420134707251376,0.10646792653713069,25.2,3.7
2023,Maharashtra,Nanded,3865485,429.0,11.098219240276448,0.10646792653713069,25.2,3.7
2023,Maharashtra,Nandurbar,1895539,111.0,5.8558541923959355,0.10646792653713069,25.2,3.7
2023,Maharashtra,Nasik Commr,3417201,222.0,6.496544979355911,0.10646792653713069,25.2,3.7
2023,Maharashtra,Nasik Rural,3417201,626.0,18.319086293138742,0.10646792653713069,25.2,3.7
2023,Maharashtra,Navi Mumbai,3417201,308.0,9.013224565953246,0.10646792653713069,25.2,3.7
2023,Maharashtra,Dharashiv,3417201,158.0,4.623667147469522,0.10646792653713069,25.2,3.7
2023,Maharashtra,Palghar,3417201,66.0,1.9314052641328385,0.10646792653713069,25.2,3.7
2023,Maharashtra,Parbhani,2111498,335.0,15.86551348852805,0.10646792653713069,25.2,3.7
2023,Maharashtra,Pune Commr,3417201,811.0,23.732873775935335,0.10646792653713069,25.2,3.7
2023,Maharashtra,Pune Railway,3417201,0.0,0.0,0.10646792653713069,25.2,3.7
2023,Maharashtra,Pune Rural,10843819,366.0,3.3751946615855544,0.10646792653713069,25.2,3.7
2023,Maharashtra,Raigad,3417201,70.0,2.048460128625738,0.10646792653713069,25.2,3.7
2023,Maharashtra,Ratnagiri,1857329,33.0,1.7767449924057612,0.10646792653713069,25.2,3.7
2023,Maharashtra,Sangli,3245464,201.0,6.1932592689365835,0.10646792653713069,25.2,3.7
2023,Maharashtra,Satara,3454302,220.0,6.36886989035701,0.10646792653713069,25.2,3.7
2023,Maharashtra,Sindhudurg,977098,14.0,1.4328143134056155,0.10646792653713069,25.2,3.7
2023,Maharashtra,Solapur Commr,3417201,181.0,5.296732618303694,0.10646792653713069,25.2,3.7
2023,Maharashtra,Solapur Rural,4965419,253.0,5.095239696790945,0.10646792653713069,25.2,3.7
2023,Maharashtra,Thane Commr,3417201,672.0,19.665217234807084,0.10646792653713069,25.2,3.7
2023,Maharashtra,Thane Rural,12719170,76.0,0.5975232660621723,0.10646792653713069,25.2,3.7
2023,Maharashtra,Wardha,1495890,77.0,5.147437311567027,0.10646792653713069,25.2,3.7
2023,Maharashtra,Washim,1376734,281.0,20.41062398400853,0.10646792653713069,25.2,3.7
2023,Maharashtra,Yavatmal,3188200,425.0,13.330405871651715,0.10646792653713069,25.2,3.7
2023,Maharashtra,Pimpri Chinchwad City,3417201,407.0,11.910332462152505,0.10646792653713069,25.2,3.7
2023,Maharashtra,Chhatrapati Sambhajinagar Railway,3417201,1.0,0.029263716123224825,0.10646792653713069,25.2,3.7
2023,Maharashtra,Mira Bhayandar Vasai Virar Commr,3417201,487.0,14.251429752010491,0.10646792653713069,25.2,3.7
2023,Maharashtra,Total Districts ,3417201,14355.0,420.0806449488924,0.10646792653713069,25.2,3.7
2023,Manipur,Bishnupur,273008,2.0,0.7325792650764813,0.19931662870159453,39.6,4.4
2023,Manipur,Chandel,165809,0.0,0.0,0.19931662870159453,39.6,4.4
2023,Manipur,Churachandpur,315264,0.0,0.0,0.19931662870159453,39.6,4.4
2023,Manipur,CID,364906,0.0,0.0,0.19931662870159453,39.6,4.4
2023,Manipur,Imphal East,524529,10.0,1.9064722827527172,0.19931662870159453,39.6,4.4
2023,Manipur,Imphal West,595690,12.0,2.0144706139099195,0.19931662870159453,39.6,4.4
2023,Manipur,Senapati,551020,0.0,0.0,0.19931662870159453,39.6,4.4
2023,Manipur,Tamenglong,161748,0.0,0.0,0.19931662870159453,39.6,4.4
2023,Manipur,Thoubal,485493,8.0,1.6478095461726534,0.19931662870159453,39.6,4.4
2023,Manipur,Ukhrul,211597,0.0,0.0,0.19931662870159453,39.6,4.4
2023,Manipur,Kakching,364906,3.0,0.822129534729492,0.19931662870159453,39.6,4.4
2023,Manipur,Kamjong,364906,0.0,0.0,0.19931662870159453,39.6,4.4
2023,Manipur,Kangpokpi,364906,0.0,0.0,0.19931662870159453,39.6,4.4
2023,Manipur,Jiribam,364906,1.0,0.274043178243164,0.19931662870159453,39.6,4.4
2023,Manipur,Noney,364906,0.0,0.0,0.19931662870159453,39.6,4.4
2023,Manipur,Pherzawl,364906,0.0,0.0,0.19931662870159453,39.6,4.4
2023,Manipur,Tengnoupal,364906,0.0,0.0,0.19931662870159453,39.6,4.4
2023,Manipur,Narcotic,364906,0.0,0.0,0.19931662870159453,39.6,4.4
2023,Manipur,Total Districts ,364906,36.0,9.865554416753904,0.19931662870159453,39.6,4.4
2023,Meghalaya,Garo Hills East,297666,1.0,0.33594700100112207,0.17523364485981308,12.7,5.0
2023,Meghalaya,Garo Hills North,297666,0.0,0.0,0.17523364485981308,12.7,5.0
2023,Meghalaya,Garo Hills South,297666,3.0,1.0078410030033662,0.17523364485981308,12.7,5.0
2023,Meghalaya,Garo Hills South West,297666,0.0,0.0,0.17523364485981308,12.7,5.0
2023,Meghalaya,Garo Hills West,297666,5.0,1.6797350050056103,0.17523364485981308,12.7,5.0
2023,Meghalaya,Jaintia Hills West,297666,12.0,4.031364012013465,0.17523364485981308,12.7,5.0
2023,Meghalaya,Jaintia Hills East,297666,7.0,2.3516290070078547,0.17523364485981308,12.7,5.0
2023,Meghalaya,Khasi Hills East,297666,28.0,9.406516028031419,0.17523364485981308,12.7,5.0
2023,Meghalaya,Khasi Hills South West,297666,1.0,0.33594700100112207,0.17523364485981308,12.7,5.0
2023,Meghalaya,Khasi Hills West,297666,12.0,4.031364012013465,0.17523364485981308,12.7,5.0
2023,Meghalaya,Ri-Bhoi,297666,11.0,3.695417011012343,0.17523364485981308,12.7,5.0
2023,Meghalaya,Cyber Cell,297666,0.0,0.0,0.17523364485981308,12.7,5.0
2023,Meghalaya,Khasi Hills Eastern West,297666,0.0,0.0,0.17523364485981308,12.7,5.0
2023,Meghalaya,Total Districts ,297666,80.0,26.875760080089766,0.17523364485981308,12.7,5.0
2023,Mizoram,Aizawl,460355,13.0,2.8239076364979203,0.16501650165016502,16.8,4.4
2023,Mizoram,Champhai,144606,3.0,2.074602713580349,0.16501650165016502,16.8,4.4
2023,Mizoram,Kolasib,96548,1.0,1.0357542362348262,0.16501650165016502,16.8,4.4
2023,Mizoram,Lawngtlai,135578,6.0,4.425496762011536,0.16501650165016502,16.8,4.4
2023,Mizoram,Lunglei,185642,4.0,2.154684823477446,0.16501650165016502,16.8,4.4
2023,Mizoram,Mamit,99318,2.0,2.013733663585654,0.16501650165016502,16.8,4.4
2023,Mizoram,Saiha,65060,1.0,1.537042729787888,0.16501650165016502,16.8,4.4
2023,Mizoram,Serchhip,74677,1.0,1.339100392356415,0.16501650165016502,16.8,4.4
2023,Mizoram,Spl Narcotic,157723,0.0,0.0,0.16501650165016502,16.8,4.4
2023,Mizoram,Hnahthial,157723,2.0,1.2680458778998625,0.16501650165016502,16.8,4.4
2023,Mizoram,Khawzawl,157723,0.0,0.0,0.16501650165016502,16.8,4.4
2023,Mizoram,Saitual,157723,0.0,0.0,0.16501650165016502,16.8,4.4
2023,Mizoram,Cyber,157723,0.0,0.0,0.16501650165016502,16.8,4.4
2023,Mizoram,Crime and EOU,157723,0.0,0.0,0.16501650165016502,16.8,4.4
2023,Mizoram,Total Districts ,157723,33.0,20.92275698534773,0.16501650165016502,16.8,4.4
2023,Nagaland,Dimapur,435632,2.0,0.45910309619128076,0.15313935681470137,15.6,3.8
2023,Nagaland,Kiphire,85104,0.0,0.0,0.15313935681470137,15.6,3.8
2023,Nagaland,Kohima,308186,2.0,0.6489587456925363,0.15313935681470137,15.6,3.8
2023,Nagaland,Longleng,58056,1.0,1.7224748518671629,0.15313935681470137,15.6,3.8
2023,Nagaland,Mokokchung,223815,0.0,0.0,0.15313935681470137,15.6,3.8
2023,Nagaland,Mon,287799,1.0,0.34746472364393205,0.15313935681470137,15.6,3.8
2023,Nagaland,Peren,109501,2.0,1.8264673381978247,0.15313935681470137,15.6,3.8
2023,Nagaland,Phek,187930,0.0,0.0,0.15313935681470137,15.6,3.8
2023,Nagaland,Tuensang,226085,1.0,0.4423115200035385,0.15313935681470137,15.6,3.8
2023,Nagaland,Wokha,191294,0.0,0.0,0.15313935681470137,15.6,3.8
2023,Nagaland,Zunheboto,161870,0.0,0.0,0.15313935681470137,15.6,3.8
2023,Nagaland,Noklak,206842,0.0,0.0,0.15313935681470137,15.6,3.8
2023,Nagaland,Shamator,206842,0.0,0.0,0.15313935681470137,15.6,3.8
2023,Nagaland,Tseminyu,206842,0.0,0.0,0.15313935681470137,15.6,3.8
2023,Nagaland,Crime,206842,0.0,0.0,0.15313935681470137,15.6,3.8
2023,Nagaland,Cyber Security,206842,0.0,0.0,0.15313935681470137,15.6,3.8
2023,Nagaland,Narcotics,206842,0.0,0.0,0.15313935681470137,15.6,3.8
2023,Nagaland,Total Districts ,206842,9.0,4.3511472524922405,0.15313935681470137,15.6,3.8
2023,Odisha,Angul,1638572,370.0,22.58063728661298,0.07449344457687723,30.4,5.4
2023,Odisha,Balasore,1638572,250.0,15.25718735581958,0.07449344457687723,30.4,5.4
2023,Odisha,Baragarh,1638572,102.0,6.2249324411743885,0.07449344457687723,30.4,5.4
2023,Odisha,Berhampur,1638572,263.0,16.050561098322195,0.07449344457687723,30.4,5.4
2023,Odisha,Bhadrak,1732287,222.0,12.81542839033024,0.07449344457687723,30.4,5.4
2023,Odisha,Bolangir,1638572,184.0,11.22928989388321,0.07449344457687723,30.4,5.4
2023,Odisha,Boudh,1638572,34.0,2.0749774803914627,0.07449344457687723,30.4,5.4
2023,Odisha,Cuttack,3018140,172.0,5.698874141027256,0.07449344457687723,30.4,5.4
2023,Odisha,DCP BBSR,1638572,91.0,5.553616197518327,0.07449344457687723,30.4,5.4
2023,Odisha,DCP CTC,1638572,200.0,12.205749884655663,0.07449344457687723,30.4,5.4
2023,Odisha,Deogarh,1638572,117.0,7.140363682523563,0.07449344457687723,30.4,5.4
2023,Odisha,Dhenkanal,1371732,208.0,15.16331178393447,0.07449344457687723,30.4,5.4
2023,Odisha,Gajapati,664489,54.0,8.126545360419811,0.07449344457687723,30.4,5.4
2023,Odisha,Ganjam,4058385,993.0,24.467860984110672,0.07449344457687723,30.4,5.4
2023,Odisha,Jagatsinghpur,1638572,147.0,8.971226165221912,0.07449344457687723,30.4,5.4
2023,Odisha,Jajpur,1638572,336.0,20.505659806221516,0.07449344457687723,30.4,5.4
2023,Odisha,Jharsuguda,666430,60.0,9.003196134627792,0.07449344457687723,30.4,5.4
2023,Odisha,Kalahandi,1813399,263.0,14.503151264558985,0.07449344457687723,30.4,5.4
2023,Odisha,Kandhamal,843076,164.0,19.45257604296647,0.07449344457687723,30.4,5.4
2023,Odisha,Kendrapara,1656415,288.0,17.38694711168397,0.07449344457687723,30.4,5.4
2023,Odisha,Keonjhar,1638572,281.0,17.149078587941208,0.07449344457687723,30.4,5.4
2023,Odisha,Khurda,1638572,174.0,10.619002399650427,0.07449344457687723,30.4,5.4
2023,Odisha,Koraput,1586594,257.0,16.19822084288734,0.07449344457687723,30.4,5.4
2023,Odisha,Malkangiri,705170,182.0,25.809379298608846,0.07449344457687723,30.4,5.4
2023,Odisha,Mayurbhanj,2897698,526.0,18.152340236974315,0.07449344457687723,30.4,5.4
2023,Odisha,Nayagarh,1107207,128.0,11.56062055243509,0.07449344457687723,30.4,5.4
2023,Odisha,Nabarangpur,1638572,130.0,7.933737425026182,0.07449344457687723,30.4,5.4
2023,Odisha,Nuapada,701939,50.0,7.123126083605555,0.07449344457687723,30.4,5.4
2023,Odisha,Puri,1953539,199.0,10.18664075813178,0.07449344457687723,30.4,5.4
2023,Odisha,Rayagada,1113097,87.0,7.816030408850263,0.07449344457687723,30.4,5.4
2023,Odisha,Rourkela,1638572,127.0,7.750651176756347,0.07449344457687723,30.4,5.4
2023,Odisha,Sambalpur,1197263,176.0,14.700195362255412,0.07449344457687723,30.4,5.4
2023,Odisha,Sonepur,1638572,29.0,1.769833733275071,0.07449344457687723,30.4,5.4
2023,Odisha,SRP(Cuttack),1638572,1.0,0.061028749423278315,0.07449344457687723,30.4,5.4
2023,Odisha,SRP(Rourkela),1638572,0.0,0.0,0.07449344457687723,30.4,5.4
2023,Odisha,Sundargarh,2407452,108.0,4.4860707503202555,0.07449344457687723,30.4,5.4
2023,Odisha,CID CB,1638572,0.0,0.0,0.07449344457687723,30.4,5.4
2023,Odisha,Total Districts ,1638572,6973.0,425.55346972851976,0.07449344457687723,30.4,5.4
2023,Punjab,Amritsar Rural,2864254,63.0,2.199525600732337,0.0587406015037594,11.0,5.5
2023,Punjab,Barnala,684856,29.0,4.234466807620872,0.0587406015037594,11.0,5.5
2023,Punjab,Batala,1683506,41.0,2.4353937556504106,0.0587406015037594,11.0,5.5
2023,Punjab,Bathinda,1596803,100.0,6.262513284356304,0.0587406015037594,11.0,5.5
2023,Punjab,CP Amritsar,1683506,125.0,7.424980962348813,0.0587406015037594,11.0,5.5
2023,Punjab,CP Jalandhar,1683506,134.0,7.959579591637927,0.0587406015037594,11.0,5.5
2023,Punjab,CP Ludhiana,1683506,152.0,9.028776850216156,0.0587406015037594,11.0,5.5
2023,Punjab,Faridkot,710134,23.0,3.238825348455362,0.0587406015037594,11.0,5.5
2023,Punjab,Fatehgarh Sahib,690187,50.0,7.2444134705521845,0.0587406015037594,11.0,5.5
2023,Punjab,Fazilka,1683506,111.0,6.593383094565745,0.0587406015037594,11.0,5.5
2023,Punjab,Ferozepur,1683506,53.0,3.1481919280358968,0.0587406015037594,11.0,5.5
2023,Punjab,GRP,1683506,1.0,0.0593998476987905,0.0587406015037594,11.0,5.5
2023,Punjab,Gurdaspur,2643071,67.0,2.5349300113390827,0.0587406015037594,11.0,5.5
2023,Punjab,Hoshiarpur,1824618,134.0,7.344002963908062,0.0587406015037594,11.0,5.5
2023,Punjab,Jalandhar Rural,2522628,72.0,2.85416636935767,0.0587406015037594,11.0,5.5
2023,Punjab,Kapurthala,937443,45.0,4.800291857744951,0.0587406015037594,11.0,5.5
2023,Punjab,Khanna,1683506,33.0,1.9601949740600866,0.0587406015037594,11.0,5.5
2023,Punjab,Ludhiana Rural,4023549,32.0,0.7953177654851475,0.0587406015037594,11.0,5.5
2023,Punjab,Mansa,885213,38.0,4.2927521398804585,0.0587406015037594,11.0,5.5
2023,Punjab,Moga,1145107,44.0,3.8424356850495194,0.0587406015037594,11.0,5.5
2023,Punjab,Muktsar,1037180,14.0,1.3498139185098055,0.0587406015037594,11.0,5.5
2023,Punjab,Pathankot,1683506,17.0,1.0097974108794385,0.0587406015037594,11.0,5.5
2023,Punjab,Patiala,2180038,185.0,8.486090609429743,0.0587406015037594,11.0,5.5
2023,Punjab,Ropar,1683506,70.0,4.157989338915335,0.0587406015037594,11.0,5.5
2023,Punjab,Sangrur,1903444,76.0,3.992762592437708,0.0587406015037594,11.0,5.5
2023,Punjab,SAS Nagar,1683506,176.0,10.454373194987129,0.0587406015037594,11.0,5.5
2023,Punjab,SBS Nagar,1683506,36.0,2.138394517156458,0.0587406015037594,11.0,5.5
2023,Punjab,Tarn Taran,1287571,34.0,2.6406310797618153,0.0587406015037594,11.0,5.5
2023,Punjab,Bureau of Investigation,1683506,1.0,0.0593998476987905,0.0587406015037594,11.0,5.5
2023,Punjab,Intelligence Wing,1683506,0.0,0.0,0.0587406015037594,11.0,5.5
2023,Punjab,NRI Wing,1683506,41.0,2.4353937556504106,0.0587406015037594,11.0,5.5
2023,Punjab,Special Task Force,1683506,0.0,0.0,0.0587406015037594,11.0,5.5
2023,Punjab,Malerkotla,1683506,42.0,2.494793603349201,0.0587406015037594,11.0,5.5
2023,Punjab,Cyber Crime Wing,1683506,0.0,0.0,0.0587406015037594,11.0,5.5
2023,Punjab,Total Districts ,1683506,2039.0,121.11628945783383,0.0587406015037594,11.0,5.5
2023,Rajasthan,Ajmer,2970509,601.0,20.232222827804932,0.1282991202346041,24.3,2.7
2023,Rajasthan,Alwar,4225305,913.0,21.60790759483635,0.1282991202346041,24.3,2.7
2023,Rajasthan,Banswara,2067107,306.0,14.803297555472454,0.1282991202346041,24.3,2.7
2023,Rajasthan,Baran,1406168,481.0,34.20643905991318,0.1282991202346041,24.3,2.7
2023,Rajasthan,Barmer,2994313,288.0,9.618232963621372,0.1282991202346041,24.3,2.7
2023,Rajasthan,Bharatpur,2930731,570.0,19.44907260338803,0.1282991202346041,24.3,2.7
2023,Rajasthan,Bhilwara,2769801,661.0,23.864530339905283,0.1282991202346041,24.3,2.7
2023,Rajasthan,Bikaner,2718527,838.0,30.825516906766055,0.1282991202346041,24.3,2.7
2023,Rajasthan,Bundi,1277541,396.0,30.997048235633923,0.1282991202346041,24.3,2.7
2023,Rajasthan,Chittorgarh,2485185,603.0,24.263787202964767,0.1282991202346041,24.3,2.7
2023,Rajasthan,Churu,2345479,563.0,24.003625698631282,0.1282991202346041,24.3,2.7
2023,Rajasthan,Dausa,1879570,471.0,25.058923051549023,0.1282991202346041,24.3,2.7
2023,Rajasthan,Dholpur,2485185,509.0,20.481372614111223,0.1282991202346041,24.3,2.7
2023,Rajasthan,Dungarpur,1596834,233.0,14.591372678687955,0.1282991202346041,24.3,2.7
2023,Rajasthan,GRP Ajmer,2485185,6.0,0.2414307184374604,0.1282991202346041,24.3,2.7
2023,Rajasthan,GRP Jodhpur,2485185,1.0,0.04023845307291007,0.1282991202346041,24.3,2.7
2023,Rajasthan,Ganganagar,2264543,635.0,28.040977804351694,0.1282991202346041,24.3,2.7
2023,Rajasthan,Hanumangarh,2040895,850.0,41.64839445439379,0.1282991202346041,24.3,2.7
2023,Rajasthan,Jaipur East,2485185,503.0,20.239941895673763,0.1282991202346041,24.3,2.7
2023,Rajasthan,Jaipur North,2485185,480.0,19.314457474996832,0.1282991202346041,24.3,2.7
2023,Rajasthan,Jaipur Rural,7620104,380.0,4.986808578990523,0.1282991202346041,24.3,2.7
2023,Rajasthan,Jaipur South,2485185,511.0,20.561849520257045,0.1282991202346041,24.3,2.7
2023,Rajasthan,Jaipur West,2485185,744.0,29.93740908624509,0.1282991202346041,24.3,2.7
2023,Rajasthan,Jaisalmer,770406,89.0,11.552350319182354,0.1282991202346041,24.3,2.7
2023,Rajasthan,Jalore,2485185,187.0,7.524590724634182,0.1282991202346041,24.3,2.7
2023,Rajasthan,Jhalawar,1622798,634.0,39.06832520128815,0.1282991202346041,24.3,2.7
2023,Rajasthan,Jhunjhunu,2485185,478.0,19.23398056885101,0.1282991202346041,24.3,2.7
2023,Rajasthan,Jodhpur East,2485185,237.0,9.536513378279686,0.1282991202346041,24.3,2.7
2023,Rajasthan,Jodhpur West,2485185,342.0,13.761550950935241,0.1282991202346041,24.3,2.7
2023,Rajasthan,Jodhpur Rural,4240239,207.0,4.881800294747537,0.1282991202346041,24.3,2.7
2023,Rajasthan,Karauli,1676985,316.0,18.843340876632766,0.1282991202346041,24.3,2.7
2023,Rajasthan,Kota City,2243666,541.0,24.1123233137196,0.1282991202346041,24.3,2.7
2023,Rajasthan,Kota Rural,2243666,267.0,11.900166958896735,0.1282991202346041,24.3,2.7
2023,Rajasthan,Nagaur,3803904,406.0,10.673245171276667,0.1282991202346041,24.3,2.7
2023,Rajasthan,Pali,2343208,613.0,26.160716419541075,0.1282991202346041,24.3,2.7
2023,Rajasthan,Pratapgarh,998025,320.0,32.06332506700734,0.1282991202346041,24.3,2.7
2023,Rajasthan,Pratapgarh,3690512,320.0,8.67088360639391,0.1282991202346041,24.3,2.7
2023,Rajasthan,Rajsamand,1330086,352.0,26.464454178150884,0.1282991202346041,24.3,2.7
2023,Rajasthan,Sawai Madhopur,1535883,232.0,15.105317267005363,0.1282991202346041,24.3,2.7
2023,Rajasthan,Sikar,3078932,609.0,19.77958590836043,0.1282991202346041,24.3,2.7
2023,Rajasthan,Sirohi,1191797,288.0,24.165189205879862,0.1282991202346041,24.3,2.7
2023,Rajasthan,Tonk,1634524,467.0,28.571009052176656,0.1282991202346041,24.3,2.7
2023,Rajasthan,Udaipur,3528682,887.0,25.13686413227375,0.1282991202346041,24.3,2.7
2023,Rajasthan,Jaipur Metro,2485185,0.0,0.0,0.1282991202346041,24.3,2.7
2023,Rajasthan,SCRB,2485185,0.0,0.0,0.1282991202346041,24.3,2.7
2023,Rajasthan,ATS & SOG,2485185,0.0,0.0,0.1282991202346041,24.3,2.7
2023,Rajasthan,SSB,2485185,0.0,0.0,0.1282991202346041,24.3,2.7
2023,Rajasthan,Jaipur Crime,2485185,0.0,0.0,0.1282991202346041,24.3,2.7
2023,Rajasthan,Bhiwadi,2485185,220.0,8.852459676040214,0.1282991202346041,24.3,2.7
2023,Rajasthan,Beawar,2485185,526.0,21.165426316350693,0.1282991202346041,24.3,2.7
2023,Rajasthan,Didwana-Kuchaman,2485185,454.0,18.26825769510117,0.1282991202346041,24.3,2.7
2023,Rajasthan,Kekri,2485185,282.0,11.347243766560638,0.1282991202346041,24.3,2.7
2023,Rajasthan,Shahpura,2485185,278.0,11.186289954268998,0.1282991202346041,24.3,2.7
2023,Rajasthan,Deeg,2485185,529.0,21.286141675569425,0.1282991202346041,24.3,2.7
2023,Rajasthan,Gangapur City,2485185,208.0,8.369598239165294,0.1282991202346041,24.3,2.7
2023,Rajasthan,Anupgarh,2485185,477.0,19.1937421157781,0.1282991202346041,24.3,2.7
2023,Rajasthan,Dudu,2485185,78.0,3.138599339686985,0.1282991202346041,24.3,2.7
2023,Rajasthan,Khairtal-Tijara,2485185,219.0,8.812221222967304,0.1282991202346041,24.3,2.7
2023,Rajasthan,Kotputli-Behror,2485185,390.0,15.692996698434925,0.1282991202346041,24.3,2.7
2023,Rajasthan,Balotra,2485185,176.0,7.081967740832171,0.1282991202346041,24.3,2.7
2023,Rajasthan,Phalodi,2485185,97.0,3.9031299480722765,0.1282991202346041,24.3,2.7
2023,Rajasthan,Jodhpur Crime,2485185,0.0,0.0,0.1282991202346041,24.3,2.7
2023,Rajasthan,Sanchore,2485185,140.0,5.6333834302074095,0.1282991202346041,24.3,2.7
2023,Rajasthan,Neem Ka Thana,2485185,360.0,14.485843106247623,0.1282991202346041,24.3,2.7
2023,Rajasthan,Salumbar,2485185,110.0,4.426229838020107,0.1282991202346041,24.3,2.7
2023,Rajasthan,Total Districts ,2485185,23559.0,947.9777159446883,0.1282991202346041,24.3,2.7
2023,Sikkim,Gangtok (East),1219441,3.0,0.24601436231847218,0.08117977528089888,7.6,9.8
2023,Sikkim,Mangan (North),1219441,1.0,0.08200478743949072,0.08117977528089888,7.6,9.8
2023,Sikkim,Namchi (South),1219441,2.0,0.16400957487898143,0.08117977528089888,7.6,9.8
2023,Sikkim,Soreng (West),1219441,1.0,0.08200478743949072,0.08117977528089888,7.6,9.8
2023,Sikkim,CID,1219441,0.0,0.0,0.08117977528089888,7.6,9.8
2023,Sikkim,Pakyong (East),1219441,2.0,0.16400957487898143,0.08117977528089888,7.6,9.8
2023,Sikkim,Gyalshing (West),1219441,2.0,0.16400957487898143,0.08117977528089888,7.6,9.8
2023,Sikkim,Total Districts ,1219441,11.0,0.9020526618343979,0.08117977528089888,7.6,9.8
2023,Tamil Nadu,Ariyalur,868128,18.0,2.0734269600796194,0.10120225232080353,38.1,5.3
2023,Tamil Nadu,Chennai,5343741,106.0,1.983629071843115,0.10120225232080353,38.1,5.3
2023,Tamil Nadu,Coimbatore,3976751,19.0,0.47777695913070745,0.10120225232080353,38.1,5.3
2023,Tamil Nadu,Coimbatore City,3976751,42.0,1.0561385412363007,0.10120225232080353,38.1,5.3
2023,Tamil Nadu,Cuddalore,2996801,58.0,1.935397111786869,0.10120225232080353,38.1,5.3
2023,Tamil Nadu,Dharmapuri,1732869,31.0,1.788940768171166,0.10120225232080353,38.1,5.3
2023,Tamil Nadu,Dindigul,2483741,55.0,2.214401582129538,0.10120225232080353,38.1,5.3
2023,Tamil Nadu,Erode,2589505,9.0,0.3475567724333415,0.10120225232080353,38.1,5.3
2023,Tamil Nadu,Kanchipuram,2769939,9.0,0.3249169025021851,0.10120225232080353,38.1,5.3
2023,Tamil Nadu,Kanyakumari,2769939,7.0,0.2527131463905884,0.10120225232080353,38.1,5.3
2023,Tamil Nadu,Karur,1224166,8.0,0.6535061421408535,0.10120225232080353,38.1,5.3
2023,Tamil Nadu,Krishnagiri,2161780,29.0,1.3414871078463118,0.10120225232080353,38.1,5.3
2023,Tamil Nadu,Madurai,3493989,50.0,1.4310291188667164,0.10120225232080353,38.1,5.3
2023,Tamil Nadu,Madurai City,3493989,102.0,2.9192994024881016,0.10120225232080353,38.1,5.3
2023,Tamil Nadu,Nagapattinam,1858917,11.0,0.5917423962446952,0.10120225232080353,38.1,5.3
2023,Tamil Nadu,Namakkal,1985591,10.0,0.5036283907410942,0.10120225232080353,38.1,5.3
2023,Tamil Nadu,Nilgiris,2769939,1.0,0.036101878055798335,0.10120225232080353,38.1,5.3
2023,Tamil Nadu,Perambalur,650006,14.0,2.1538262723728705,0.10120225232080353,38.1,5.3
2023,Tamil Nadu,Pudukottai,2769939,27.0,0.9747507075065552,0.10120225232080353,38.1,5.3
2023,Tamil Nadu,Ramnathapuram,2769939,32.0,1.1552600977855467,0.10120225232080353,38.1,5.3
2023,Tamil Nadu,Railway Chennai,2769939,0.0,0.0,0.10120225232080353,38.1,5.3
2023,Tamil Nadu,Railway Trichy,2769939,2.0,0.07220375611159667,0.10120225232080353,38.1,5.3
2023,Tamil Nadu,Salem,4004364,12.0,0.2996730566951456,0.10120225232080353,38.1,5.3
2023,Tamil Nadu,Salem City,4004364,17.0,0.42453683031812295,0.10120225232080353,38.1,5.3
2023,Tamil Nadu,Sivagangai,2769939,32.0,1.1552600977855467,0.10120225232080353,38.1,5.3
2023,Tamil Nadu,Thanjavur,2766773,50.0,1.8071594597749798,0.10120225232080353,38.1,5.3
2023,Tamil Nadu,Theni,1432783,99.0,6.9096297206206385,0.10120225232080353,38.1,5.3
2023,Tamil Nadu,Thirunelveli,2769939,28.0,1.0108525855623536,0.10120225232080353,38.1,5.3
2023,Tamil Nadu,Thirunelveli City,2769939,21.0,0.7581394391717652,0.10120225232080353,38.1,5.3
2023,Tamil Nadu,Thiruvallur,4287319,30.0,0.6997379947701583,0.10120225232080353,38.1,5.3
2023,Tamil Nadu,Thiruvannamalai,2769939,25.0,0.9025469513949586,0.10120225232080353,38.1,5.3
2023,Tamil Nadu,Thiruvarur,1453918,30.0,2.0633900949021884,0.10120225232080353,38.1,5.3
2023,Tamil Nadu,Thoothukudi,2769939,39.0,1.4079732441761352,0.10120225232080353,38.1,5.3
2023,Tamil Nadu,Tiruppur,2850909,9.0,0.31568878557681074,0.10120225232080353,38.1,5.3
2023,Tamil Nadu,Tiruppur City,2850909,4.0,0.14030612692302702,0.10120225232080353,38.1,5.3
2023,Tamil Nadu,Trichy,2769939,59.0,2.1300108052921023,0.10120225232080353,38.1,5.3
2023,Tamil Nadu,Trichy City,2769939,28.0,1.0108525855623536,0.10120225232080353,38.1,5.3
2023,Tamil Nadu,Vellore,4526780,29.0,0.6406319723953893,0.10120225232080353,38.1,5.3
2023,Tamil Nadu,Villupuram,2769939,35.0,1.2635657319529419,0.10120225232080353,38.1,5.3
2023,Tamil Nadu,Virudhunagar,2233631,47.0,2.10419715700579,0.10120225232080353,38.1,5.3
2023,Tamil Nadu,Cyber Cell,2769939,0.0,0.0,0.10120225232080353,38.1,5.3
2023,Tamil Nadu,Other Units,2769939,0.0,0.0,0.10120225232080353,38.1,5.3
2023,Tamil Nadu,Chengalpattu,2769939,13.0,0.4693244147253784,0.10120225232080353,38.1,5.3
2023,Tamil Nadu,Kallakurichi,2769939,31.0,1.1191582197297485,0.10120225232080353,38.1,5.3
2023,Tamil Nadu,Ranipet,2769939,12.0,0.4332225366695801,0.10120225232080353,38.1,5.3
2023,Tamil Nadu,Tiruppattur,2769939,11.0,0.39712065861378176,0.10120225232080353,38.1,5.3
2023,Tamil Nadu,Tenkasi,2769939,20.0,0.7220375611159668,0.10120225232080353,38.1,5.3
2023,Tamil Nadu,Mayiladuthurai,2769939,11.0,0.39712065861378176,0.10120225232080353,38.1,5.3
2023,Tamil Nadu,Avadi,2769939,38.0,1.371871366120337,0.10120225232080353,38.1,5.3
2023,Tamil Nadu,Tambaram,2769939,32.0,1.1552600977855467,0.10120225232080353,38.1,5.3
2023,Tamil Nadu,Total Districts ,2769939,1402.0,50.61483303422927,0.10120225232080353,38.1,5.3
2023,Telangana,Cyberabad Commissionerate,3550945,1258.0,35.42718910036624,0.26160648489314664,36.9,7.6
2023,Telangana,Hyderabad Commissionerate,3550945,1931.0,54.37989042353515,0.26160648489314664,36.9,7.6
2023,Telangana,Karimnagar Commissionerate,3550945,275.0,7.7444173311611415,0.26160648489314664,36.9,7.6
2023,Telangana,Khammam Commissionerate,3550945,426.0,11.996806483907806,0.26160648489314664,36.9,7.6
2023,Telangana,Nizamabad Commissionerate,3550945,383.0,10.78586122848988,0.26160648489314664,36.9,7.6
2023,Telangana,Rachakonda Commissionerate,3550945,1825.0,51.39476956134212,0.26160648489314664,36.9,7.6
2023,Telangana,Ramagundam Commissionerate,3550945,559.0,15.742288320433012,0.26160648489314664,36.9,7.6
2023,Telangana,Siddipet Commissionerate,3550945,324.0,9.124331691986217,0.26160648489314664,36.9,7.6
2023,Telangana,Warangal Commissionerate,3550945,744.0,20.95216907048687,0.26160648489314664,36.9,7.6
2023,Telangana,Adilabad,3152424,154.0,4.88512966529883,0.26160648489314664,36.9,7.6
2023,Telangana,Bhadradri Kothagudem,3550945,459.0,12.926136563647141,0.26160648489314664,36.9,7.6
2023,Telangana,Jagityal,3550945,369.0,10.391599982539859,0.26160648489314664,36.9,7.6
2023,Telangana,Jayashankar Bhupalpalli,3550945,129.0,3.6328357662537716,0.26160648489314664,36.9,7.6
2023,Telangana,Jogulamba Gadwal,3550945,71.0,1.9994677473179676,0.26160648489314664,36.9,7.6
2023,Telangana,Kamareddy ,3550945,241.0,6.786925733853946,0.26160648489314664,36.9,7.6
2023,Telangana,Kumaram Bheem Asifabad,3550945,101.0,2.8443132743537283,0.26160648489314664,36.9,7.6
2023,Telangana,Mahabubabad,3550945,190.0,5.3506883378931525,0.26160648489314664,36.9,7.6
2023,Telangana,Mahabubnagar,3550945,151.0,4.252389152746663,0.26160648489314664,36.9,7.6
2023,Telangana,Medak,3488281,185.0,5.303471824660915,0.26160648489314664,36.9,7.6
2023,Telangana,Nagarkurnool,3550945,148.0,4.167904600043087,0.26160648489314664,36.9,7.6
2023,Telangana,Nalgonda,4012130,332.0,8.274906346504226,0.26160648489314664,36.9,7.6
2023,Telangana,Nirmal,3550945,145.0,4.083420047339511,0.26160648489314664,36.9,7.6
2023,Telangana,Rajanna Siricilla,3550945,235.0,6.617956628446793,0.26160648489314664,36.9,7.6
2023,Telangana,Sangareddy,3550945,216.0,6.082887794657478,0.26160648489314664,36.9,7.6
2023,Telangana,Suryapet,3550945,366.0,10.307115429836283,0.26160648489314664,36.9,7.6
2023,Telangana,Vikarabad,3550945,115.0,3.2385745203037506,0.26160648489314664,36.9,7.6
2023,Telangana,Wanaparthy,3550945,68.0,1.9149831946143911,0.26160648489314664,36.9,7.6
2023,Telangana,Railway Police Secunderabad,3550945,0.0,0.0,0.26160648489314664,36.9,7.6
2023,Telangana,Mulug,3550945,33.0,0.929330079739337,0.26160648489314664,36.9,7.6
2023,Telangana,Narayanpet,3550945,58.0,1.6333680189358044,0.26160648489314664,36.9,7.6
2023,Telangana,Total Districts ,3550945,11491.0,323.6039983722643,0.26160648489314664,36.9,7.6
2023,Tripura,Dhalai,434964,29.0,6.667218436468305,0.16066838046272494,17.7,4.6
2023,Tripura,Gomati,1128375,55.0,4.874266090617038,0.16066838046272494,17.7,4.6
2023,Tripura,GRP,1128375,0.0,0.0,0.16066838046272494,17.7,4.6
2023,Tripura,Kowai,1128375,26.0,2.304198515564418,0.16066838046272494,17.7,4.6
2023,Tripura,North,1021174,57.0,5.5818107394038625,0.16066838046272494,17.7,4.6
2023,Tripura,North,50265,57.0,113.39898537749924,0.16066838046272494,17.7,4.6
2023,Tripura,Sipahijala,1128375,46.0,4.076658912152432,0.16066838046272494,17.7,4.6
2023,Tripura,South,3141718,36.0,1.1458698711978605,0.16066838046272494,17.7,4.6
2023,Tripura,South,168877,36.0,21.3172900987109,0.16066838046272494,17.7,4.6
2023,Tripura,Unakoti,1128375,69.0,6.114988368228648,0.16066838046272494,17.7,4.6
2023,Tripura,West,2924729,79.0,2.7011049570746555,0.16066838046272494,17.7,4.6
2023,Tripura,West,156900,79.0,50.35054174633524,0.16066838046272494,17.7,4.6
2023,Tripura,Total Districts ,1128375,397.0,35.183338872272074,0.16066838046272494,17.7,4.6
2023,Uttar Pradesh,Agra,5081616,1059.0,20.83982733051848,0.28907303912121796,34.8,2.4
2023,Uttar Pradesh,Aligarh,4224972,739.0,17.491240178633134,0.28907303912121796,34.8,2.4
2023,Uttar Pradesh,Prayagraj,3086497,866.0,28.057697771940163,0.28907303912121796,34.8,2.4
2023,Uttar Pradesh,Ambedkar Nagar,2757571,72.0,2.610993515670131,0.28907303912121796,34.8,2.4
2023,Uttar Pradesh,Amethi,3086497,196.0,6.350241066166595,0.28907303912121796,34.8,2.4
2023,Uttar Pradesh,Amroha,3086497,290.0,9.395764842797513,0.28907303912121796,34.8,2.4
2023,Uttar Pradesh,Auraiya,1586476,315.0,19.855327152758694,0.28907303912121796,34.8,2.4
2023,Uttar Pradesh,Azamgarh,5305999,642.0,12.099512269037367,0.28907303912121796,34.8,2.4
2023,Uttar Pradesh,Badaun,3086497,633.0,20.508686708589057,0.28907303912121796,34.8,2.4
2023,Uttar Pradesh,Baghpat,1498505,138.0,9.209178481219615,0.28907303912121796,34.8,2.4
2023,Uttar Pradesh,Bahraich,4010890,157.0,3.9143432006362677,0.28907303912121796,34.8,2.4
2023,Uttar Pradesh,Ballia,3725740,204.0,5.475422332207829,0.28907303912121796,34.8,2.4
2023,Uttar Pradesh,Balrampur,2470964,75.0,3.035252638241593,0.28907303912121796,34.8,2.4
2023,Uttar Pradesh,Banda,2069321,349.0,16.865435570411744,0.28907303912121796,34.8,2.4
2023,Uttar Pradesh,Barabanki,3086497,82.0,2.65673350727378,0.28907303912121796,34.8,2.4
2023,Uttar Pradesh,Bareilly,5115612,68.0,1.3292642209768841,0.28907303912121796,34.8,2.4
2023,Uttar Pradesh,Basti,2834133,72.0,2.5404594632644266,0.28907303912121796,34.8,2.4
2023,Uttar Pradesh,Bijnor,4235119,430.0,10.153197584294562,0.28907303912121796,34.8,2.4
2023,Uttar Pradesh,Bulandshahar,3086497,636.0,20.605884275928343,0.28907303912121796,34.8,2.4
2023,Uttar Pradesh,Chandoli,3086497,149.0,4.827479177851137,0.28907303912121796,34.8,2.4
2023,Uttar Pradesh,Chitrakoot,1140489,81.0,7.102216680739578,0.28907303912121796,34.8,2.4
2023,Uttar Pradesh,Deoria,3566087,46.0,1.2899292698131033,0.28907303912121796,34.8,2.4
2023,Uttar Pradesh,Etah,2040651,123.0,6.027488286826116,0.28907303912121796,34.8,2.4
2023,Uttar Pradesh,Etawah,1819081,149.0,8.19094916608991,0.28907303912121796,34.8,2.4
2023,Uttar Pradesh,Ayodhya,3086497,47.0,1.5227618883154592,0.28907303912121796,34.8,2.4
2023,Uttar Pradesh,Fatehgarh,3086497,198.0,6.415039444392785,0.28907303912121796,34.8,2.4
2023,Uttar Pradesh,Fatehpur,3027642,293.0,9.677498198267827,0.28907303912121796,34.8,2.4
2023,Uttar Pradesh,Firozabad,2872879,716.0,24.92273430241928,0.28907303912121796,34.8,2.4
2023,Uttar Pradesh,GRP,3086497,7.0,0.22679432379166412,0.28907303912121796,34.8,2.4
2023,Uttar Pradesh,Gautambudh Nagar,3086497,314.0,10.173345381511792,0.28907303912121796,34.8,2.4
2023,Uttar Pradesh,Ghaziabad,5383891,1013.0,18.815388350172764,0.28907303912121796,34.8,2.4
2023,Uttar Pradesh,Ghazipur,4163308,240.0,5.764646766465512,0.28907303912121796,34.8,2.4
2023,Uttar Pradesh,Gonda,3949006,122.0,3.089385024991099,0.28907303912121796,34.8,2.4
2023,Uttar Pradesh,Gorakhpur,5107029,942.0,18.445166455878752,0.28907303912121796,34.8,2.4
2023,Uttar Pradesh,Hamirpur,522983,210.0,40.154268876808615,0.28907303912121796,34.8,2.4
2023,Uttar Pradesh,Hamirpur,1269927,210.0,16.536383587403055,0.28907303912121796,34.8,2.4
2023,Uttar Pradesh,Hapur,3086497,245.0,7.937801332708245,0.28907303912121796,34.8,2.4
2023,Uttar Pradesh,Hardoi,4706771,318.0,6.756224171518011,0.28907303912121796,34.8,2.4
2023,Uttar Pradesh,Hathras,3086497,114.0,3.693507558892816,0.28907303912121796,34.8,2.4
2023,Uttar Pradesh,Jalaun,1943470,189.0,9.724873550916659,0.28907303912121796,34.8,2.4
2023,Uttar Pradesh,Jaunpur,5168334,289.0,5.591743877233941,0.28907303912121796,34.8,2.4
2023,Uttar Pradesh,Jhansi,2298393,322.0,14.009788578367582,0.28907303912121796,34.8,2.4
2023,Uttar Pradesh,Kannauj,1905108,520.0,27.295040491142757,0.28907303912121796,34.8,2.4
2023,Uttar Pradesh,Kanpur Dehat,2065611,245.0,11.860897332556808,0.28907303912121796,34.8,2.4
2023,Uttar Pradesh,Kanpur Commissionarate,3086497,1216.0,39.39741396152337,0.28907303912121796,34.8,2.4
2023,Uttar Pradesh,Kasganj,3086497,198.0,6.415039444392785,0.28907303912121796,34.8,2.4
2023,Uttar Pradesh,Kaushambi,1839535,179.0,9.730719991737043,0.28907303912121796,34.8,2.4
2023,Uttar Pradesh,Khiri,3086497,394.0,12.76528051055938,0.28907303912121796,34.8,2.4
2023,Uttar Pradesh,Kushi Nagar,3086497,238.0,7.711007008916581,0.28907303912121796,34.8,2.4
2023,Uttar Pradesh,Lalitpur,1404830,66.0,4.6980773474370565,0.28907303912121796,34.8,2.4
2023,Uttar Pradesh,Lucknow Commissionarate,3086497,1514.0,49.05237231722565,0.28907303912121796,34.8,2.4
2023,Uttar Pradesh,Maharajganj,3086497,43.0,1.3931651318630798,0.28907303912121796,34.8,2.4
2023,Uttar Pradesh,Mahoba,1007351,56.0,5.559134800084578,0.28907303912121796,34.8,2.4
2023,Uttar Pradesh,Mainpuri,2148808,259.0,12.053194142985319,0.28907303912121796,34.8,2.4
2023,Uttar Pradesh,Mathura,2929261,445.0,15.191544898184219,0.28907303912121796,34.8,2.4
2023,Uttar Pradesh,Mau,2536863,48.0,1.892100598258558,0.28907303912121796,34.8,2.4
2023,Uttar Pradesh,Meerut,3960242,662.0,16.716150174661045,0.28907303912121796,34.8,2.4
2023,Uttar Pradesh,Mirzapur,2871515,171.0,5.955044636716159,0.28907303912121796,34.8,2.4
2023,Uttar Pradesh,Moradabad,5487806,434.0,7.908442827607245,0.28907303912121796,34.8,2.4
2023,Uttar Pradesh,Muzaffarnagar,4765038,445.0,9.338855220042317,0.28907303912121796,34.8,2.4
2023,Uttar Pradesh,Pilibhit,2335658,447.0,19.138075865559085,0.28907303912121796,34.8,2.4
2023,Uttar Pradesh,Pratapgarh,998025,468.0,46.89261291049824,0.28907303912121796,34.8,2.4
2023,Uttar Pradesh,Pratapgarh,3690512,468.0,12.681167274351093,0.28907303912121796,34.8,2.4
2023,Uttar Pradesh,Raibareilly,3086497,223.0,7.225019172220157,0.28907303912121796,34.8,2.4
2023,Uttar Pradesh,Rampur,2686191,121.0,4.5045195967077545,0.28907303912121796,34.8,2.4
2023,Uttar Pradesh,Saharanpur,3986339,426.0,10.686497059081026,0.28907303912121796,34.8,2.4
2023,Uttar Pradesh,Sambhal,3086497,331.0,10.724131596434404,0.28907303912121796,34.8,2.4
2023,Uttar Pradesh,Sant Kabirnagar,3086497,120.0,3.887902693571385,0.28907303912121796,34.8,2.4
2023,Uttar Pradesh,Shahjahanpur,3457518,410.0,11.858217368644212,0.28907303912121796,34.8,2.4
2023,Uttar Pradesh,Shamli,3086497,279.0,9.03937376255347,0.28907303912121796,34.8,2.4
2023,Uttar Pradesh,Shrawasti,1284965,39.0,3.0351021234041395,0.28907303912121796,34.8,2.4
2023,Uttar Pradesh,Sidharthnagar,3086497,193.0,6.253043498827312,0.28907303912121796,34.8,2.4
2023,Uttar Pradesh,Sitapur,5156590,562.0,10.898675287350748,0.28907303912121796,34.8,2.4
2023,Uttar Pradesh,Sonbhadra,2141942,175.0,8.170155867899318,0.28907303912121796,34.8,2.4
2023,Uttar Pradesh,Bhadohi,3086497,15.0,0.48598783669642315,0.28907303912121796,34.8,2.4
2023,Uttar Pradesh,Sultanpur,4366684,119.0,2.7251800221861715,0.28907303912121796,34.8,2.4
2023,Uttar Pradesh,Unnao,3574622,366.0,10.23884483450278,0.28907303912121796,34.8,2.4
2023,Uttar Pradesh,Varanasi Commissionarate,3086497,682.0,22.096246975130704,0.28907303912121796,34.8,2.4
2023,Uttar Pradesh,Total Districts ,3086497,25259.0,818.3711178076635,0.28907303912121796,34.8,2.4
2023,Uttarakhand,Almora,715881,15.0,2.0953203116160366,0.15313935681470137,15.0,3.6
2023,Uttarakhand,Bageshwar,298882,9.0,3.011221819982468,0.15313935681470137,15.0,3.6
2023,Uttarakhand,Chamoli,450345,4.0,0.8882079294762903,0.15313935681470137,15.0,3.6
2023,Uttarakhand,Champawat,298595,14.0,4.688625060700949,0.15313935681470137,15.0,3.6
2023,Uttarakhand,Dehradun,1951198,470.0,24.08776556761538,0.15313935681470137,15.0,3.6
2023,Uttarakhand,Haridwar,717779,269.0,37.4767163709164,0.15313935681470137,15.0,3.6
2023,Uttarakhand,Nainital,1097795,142.0,12.935019744123448,0.15313935681470137,15.0,3.6
2023,Uttarakhand,Pauri Garhwal,717779,29.0,4.040240798351582,0.15313935681470137,15.0,3.6
2023,Uttarakhand,Pithoragarh,555954,23.0,4.1370329199897835,0.15313935681470137,15.0,3.6
2023,Uttarakhand,Rudra Prayag,717779,3.0,0.41795594465706015,0.15313935681470137,15.0,3.6
2023,Uttarakhand,Tehri Garhwal,711770,34.0,4.776823974036557,0.15313935681470137,15.0,3.6
2023,Uttarakhand,Udhamsingh Nagar,717779,465.0,64.78317142184433,0.15313935681470137,15.0,3.6
2023,Uttarakhand,Uttarkashi,379598,8.0,2.107492663291166,0.15313935681470137,15.0,3.6
2023,Uttarakhand,GRP,717779,0.0,0.0,0.15313935681470137,15.0,3.6
2023,Uttarakhand,Cyber Cell,717779,0.0,0.0,0.15313935681470137,15.0,3.6
2023,Uttarakhand,Total Districts ,717779,1485.0,206.88819260524483,0.15313935681470137,15.0,3.6
2023,West Bengal,Alipurduar,4419516,366.0,8.28144982391737,0.19189589853401418,27.0,5.9
2023,West Bengal,Asansol-Durgapur PC,4419516,498.0,11.268202219428552,0.19189589853401418,27.0,5.9
2023,West Bengal,Bankura,4136175,375.0,9.066347531233568,0.19189589853401418,27.0,5.9
2023,West Bengal,Barrackpur PC,4419516,1305.0,29.52812027380374,0.19189589853401418,27.0,5.9
2023,West Bengal,Bidhannagar PC,4419516,393.0,8.89237645027193,0.19189589853401418,27.0,5.9
2023,West Bengal,Birbhum,4027764,421.0,10.452449547689486,0.19189589853401418,27.0,5.9
2023,West Bengal,Coochbehar,4419516,523.0,11.833875021608701,0.19189589853401418,27.0,5.9
2023,West Bengal,Dakshin Dinajpur,1927717,250.0,12.968708581186968,0.19189589853401418,27.0,5.9
2023,West Bengal,Darjeeling,4419516,120.0,2.7152294504647116,0.19189589853401418,27.0,5.9
2023,West Bengal,Hooghly Rural Police,4419516,653.0,14.775373592945472,0.19189589853401418,27.0,5.9
2023,West Bengal,Howrah GRP,4419516,0.0,0.0,0.19189589853401418,27.0,5.9
2023,West Bengal,Howrah PC,4419516,603.0,13.644027988585176,0.19189589853401418,27.0,5.9
2023,West Bengal,Howrah Rural,4419516,508.0,11.494471340300612,0.19189589853401418,27.0,5.9
2023,West Bengal,Jalpaiguri,4453772,277.0,6.219447246064684,0.19189589853401418,27.0,5.9
2023,West Bengal,Jhargram,4419516,138.0,3.1225138680344178,0.19189589853401418,27.0,5.9
2023,West Bengal,Kharagpur GRP,4419516,0.0,0.0,0.19189589853401418,27.0,5.9
2023,West Bengal,Kolkata,5171198,880.0,17.017333314253293,0.19189589853401418,27.0,5.9
2023,West Bengal,Malda,4419516,854.0,19.323382922473865,0.19189589853401418,27.0,5.9
2023,West Bengal,Murshidabad Police District,4419516,1632.0,36.927120526320074,0.19189589853401418,27.0,5.9
2023,West Bengal,Paschim Medinipur,6800475,466.0,6.852462511809836,0.19189589853401418,27.0,5.9
2023,West Bengal,Purab Medinipur,4419516,884.0,20.00219028509004,0.19189589853401418,27.0,5.9
2023,West Bengal,Purulia,4419516,264.0,5.973504791022366,0.19189589853401418,27.0,5.9
2023,West Bengal,Sealdah GRP,4419516,2.0,0.04525382417441186,0.19189589853401418,27.0,5.9
2023,West Bengal,Siliguri GRP,4419516,2.0,0.04525382417441186,0.19189589853401418,27.0,5.9
2023,West Bengal,Siliguri PC,4419516,532.0,12.037517230393554,0.19189589853401418,27.0,5.9
2023,West Bengal,Baruipur Police,4419516,1180.0,26.699756262902994,0.19189589853401418,27.0,5.9
2023,West Bengal,Chandannagar PC,4419516,520.0,11.765994285347082,0.19189589853401418,27.0,5.9
2023,West Bengal,Diamond Harbour Police,4419516,968.0,21.90285090041534,0.19189589853401418,27.0,5.9
2023,West Bengal,Kalimpong,4419516,23.0,0.5204189780057363,0.19189589853401418,27.0,5.9
2023,West Bengal,Purba Bardhaman,4419516,1159.0,26.224591109071675,0.19189589853401418,27.0,5.9
2023,West Bengal,Sundarban Police,4419516,849.0,19.210248362037834,0.19189589853401418,27.0,5.9
2023,West Bengal,Barasat,4419516,795.0,17.988395109328714,0.19189589853401418,27.0,5.9
2023,West Bengal,Basirhat,4419516,697.0,15.770957724782532,0.19189589853401418,27.0,5.9
2023,West Bengal,Bangaon,4419516,524.0,11.856501933695906,0.19189589853401418,27.0,5.9
2023,West Bengal,Islampur,4419516,116.0,2.6247218021158876,0.19189589853401418,27.0,5.9
2023,West Bengal,Jangipur Police District,4419516,640.0,14.481223735811794,0.19189589853401418,27.0,5.9
2023,West Bengal,Krishnagar,4419516,715.0,16.17824214235224,0.19189589853401418,27.0,5.9
2023,West Bengal,Raiganj,4419516,265.0,5.9961317031095716,0.19189589853401418,27.0,5.9
2023,West Bengal,Ranaghat,4419516,768.0,17.377468482974155,0.19189589853401418,27.0,5.9
2023,West Bengal,Total Districts ,4419516,21165.0,478.8985943257135,0.19189589853401418,27.0,5.9
2023,A&N Islands,South Andaman,273863,18.0,6.572629380383622,0.04542483660130719,26.72809498399146,
2023,A&N Islands,North & Middle Andaman,121436,2.0,1.6469580684475773,0.04542483660130719,26.72809498399146,
2023,A&N Islands,Nicobar,197649,0.0,0.0,0.04542483660130719,26.72809498399146,
2023,A&N Islands,Total Districts ,197649,20.0,10.118948236520296,0.04542483660130719,26.72809498399146,
2023,Chandigarh,Chandigarh,1213767,112.0,9.227471170331702,0.03423645320197044,26.72809498399146,
2023,Chandigarh,Total Districts ,1213767,112.0,9.227471170331702,0.03423645320197044,26.72809498399146,
2023,D&N Haveli and Daman & Diu,D&N Haveli,139866,4.0,2.8598801710208344,0.1311320754716981,26.72809498399146,
2023,D&N Haveli and Daman & Diu,Daman,219848,1.0,0.4548597212619628,0.1311320754716981,26.72809498399146,
2023,D&N Haveli and Daman & Diu,Diu,59885,2.0,3.339734491107957,0.1311320754716981,26.72809498399146,
2023,D&N Haveli and Daman & Diu,Total Districts ,139866,7.0,5.00479029928646,0.1311320754716981,26.72809498399146,
2023,Delhi,Central,669668,239.0,35.68932665141533,0.06374840628984275,12.5,5.3
2023,Delhi,Crime Branch,1058850,0.0,0.0,0.06374840628984275,12.5,5.3
2023,Delhi,East,1965747,318.0,16.177056355675475,0.06374840628984275,12.5,5.3
2023,Delhi,East,326120,318.0,97.51011897461056,0.06374840628984275,12.5,5.3
2023,Delhi,EOW,1058850,0.0,0.0,0.06374840628984275,12.5,5.3
2023,Delhi,IGI Airport,1058850,5.0,0.4722104169617982,0.06374840628984275,12.5,5.3
2023,Delhi,Metro,1058850,1.0,0.09444208339235964,0.06374840628984275,12.5,5.3
2023,Delhi,New Delhi,163304,28.0,17.1459364130701,0.06374840628984275,12.5,5.3
2023,Delhi,North,1021174,251.0,24.57955255421701,0.06374840628984275,12.5,5.3
2023,Delhi,North,50265,251.0,499.35342683775986,0.06374840628984275,12.5,5.3
2023,Delhi,North-East,1058850,491.0,46.37106294564858,0.06374840628984275,12.5,5.3
2023,Delhi,North-West,1058850,388.0,36.643528356235535,0.06374840628984275,12.5,5.3
2023,Delhi,Outer,1058850,410.0,38.72125419086745,0.06374840628984275,12.5,5.3
2023,Delhi,RAILWAY,1058850,0.0,0.0,0.06374840628984275,12.5,5.3
2023,Delhi,South,3141718,435.0,13.845927610307482,0.06374840628984275,12.5,5.3
2023,Delhi,South,168877,435.0,257.58392202609,0.06374840628984275,12.5,5.3
2023,Delhi,South-East,1058850,454.0,42.876705860131274,0.06374840628984275,12.5,5.3
2023,Delhi,South-West,1058850,258.0,24.366057515228785,0.06374840628984275,12.5,5.3
2023,Delhi,Spl Cell,1058850,0.0,0.0,0.06374840628984275,12.5,5.3
2023,Delhi,SPUWAC,1058850,111.0,10.48307125655192,0.06374840628984275,12.5,5.3
2023,Delhi,Vigilance,1058850,0.0,0.0,0.06374840628984275,12.5,5.3
2023,Delhi,West,2924729,404.0,13.813245603267859,0.06374840628984275,12.5,5.3
2023,Delhi,West,156900,404.0,257.48884639898023,0.06374840628984275,12.5,5.3
2023,Delhi,Rohini,1058850,363.0,34.282476271426546,0.06374840628984275,12.5,5.3
2023,Delhi,Shahdara,1058850,354.0,33.43249752089531,0.06374840628984275,12.5,5.3
2023,Delhi,Dwarka,1058850,617.0,58.2707654530859,0.06374840628984275,12.5,5.3
2023,Delhi,Outer North,1058850,321.0,30.315908768947445,0.06374840628984275,12.5,5.3
2023,Delhi,Total Districts ,1058850,5448.0,514.5204703215752,0.06374840628984275,12.5,5.3
2023,Jammu & Kashmir,Anantnag,1240495,22.0,1.7734855843836532,0.0,26.72809498399146,
2023,Jammu & Kashmir,Awantipora,718362,11.0,1.5312613974569924,0.0,26.72809498399146,
2023,Jammu & Kashmir,Bandipora,718362,10.0,1.3920558158699932,0.0,26.72809498399146,
2023,Jammu & Kashmir,Baramulla,718362,27.0,3.7585507028489813,0.0,26.72809498399146,
2023,Jammu & Kashmir,Budgam,718362,24.0,3.3409339580879833,0.0,26.72809498399146,
2023,Jammu & Kashmir,Special Crime Wing Jammu,718362,0.0,0.0,0.0,26.72809498399146,
2023,Jammu & Kashmir,Special Crime Wing Kashmir,718362,0.0,0.0,0.0,26.72809498399146,
2023,Jammu & Kashmir,Doda,471426,43.0,9.121261873549614,0.0,26.72809498399146,
2023,Jammu & Kashmir,Ganderbal,342062,22.0,6.4315825785968626,0.0,26.72809498399146,
2023,Jammu & Kashmir,Handwara,718362,9.0,1.252850234282994,0.0,26.72809498399146,
2023,Jammu & Kashmir,Jammu,1759451,136.0,7.729683861613651,0.0,26.72809498399146,
2023,Jammu & Kashmir,Kathua,708900,38.0,5.36041754831429,0.0,26.72809498399146,
2023,Jammu & Kashmir,Kishtwar,265300,18.0,6.784771956275914,0.0,26.72809498399146,
2023,Jammu & Kashmir,Kulgam,488155,12.0,2.458235601397097,0.0,26.72809498399146,
2023,Jammu & Kashmir,Kupwara,1000907,41.0,4.096284669804487,0.0,26.72809498399146,
2023,Jammu & Kashmir,Poonch,718362,29.0,4.03696186602298,0.0,26.72809498399146,
2023,Jammu & Kashmir,Pulwama,644506,12.0,1.8618911228134416,0.0,26.72809498399146,
2023,Jammu & Kashmir,Railways Jammu,718362,0.0,0.0,0.0,26.72809498399146,
2023,Jammu & Kashmir,Railways Kashmir,718362,0.0,0.0,0.0,26.72809498399146,
2023,Jammu & Kashmir,Railways Katra,718362,0.0,0.0,0.0,26.72809498399146,
2023,Jammu & Kashmir,Rajouri,738777,73.0,9.88119554344545,0.0,26.72809498399146,
2023,Jammu & Kashmir,Ramban,326269,23.0,7.049397889471571,0.0,26.72809498399146,
2023,Jammu & Kashmir,Reasi,361867,19.0,5.25054785321679,0.0,26.72809498399146,
2023,Jammu & Kashmir,Samba,366732,17.0,4.635537667833732,0.0,26.72809498399146,
2023,Jammu & Kashmir,Shopian,718362,12.0,1.6704669790439917,0.0,26.72809498399146,
2023,Jammu & Kashmir,Sopore,718362,9.0,1.252850234282994,0.0,26.72809498399146,
2023,Jammu & Kashmir,Srinagar,1422353,123.0,8.647642322264586,0.0,26.72809498399146,
2023,Jammu & Kashmir,Udhampur,638232,34.0,5.3272164354028,0.0,26.72809498399146,
2023,Jammu & Kashmir,Cyber Crime Jammu,718362,0.0,0.0,0.0,26.72809498399146,
2023,Jammu & Kashmir,Cyber Crime Kashmir,718362,0.0,0.0,0.0,26.72809498399146,
2023,Jammu & Kashmir,Anti Narcotic Task Force Jammu,718362,0.0,0.0,0.0,26.72809498399146,
2023,Jammu & Kashmir,Anti Narcotic Task Force Kashmir,718362,0.0,0.0,0.0,26.72809498399146,
2023,Jammu & Kashmir,EOW Jammu,718362,0.0,0.0,0.0,26.72809498399146,
2023,Jammu & Kashmir,EOW Kashmir,718362,0.0,0.0,0.0,26.72809498399146,
2023,Jammu & Kashmir,CICE Jammu,718362,0.0,0.0,0.0,26.72809498399146,
2023,Jammu & Kashmir,CICE Kashmir,718362,0.0,0.0,0.0,26.72809498399146,
2023,Jammu & Kashmir,Total Districts ,718362,764.0,106.35306433246748,0.0,26.72809498399146,
2023,Ladakh,Kargil,161922,4.0,2.4703252183149913,0.0891025641025641,26.72809498399146,
2023,Ladakh,Leh,153510,4.0,2.6056934401667644,0.0891025641025641,26.72809498399146,
2023,Ladakh,Total Districts ,157716,8.0,5.072408633239494,0.0891025641025641,26.72809498399146,
2023,Lakshadweep,Lakshadweep,74143,4.0,5.394979971136857,0.15892857142857142,26.72809498399146,
2023,Lakshadweep,Total Districts ,74143,4.0,5.394979971136857,0.15892857142857142,26.72809498399146,
2023,Puducherry,Karaikal,230255,2.0,0.8686022019065819,0.06747572815533981,26.72809498399146,
2023,Puducherry,Puducherry,1092832,17.0,1.5555913443237386,0.06747572815533981,26.72809498399146,
2023,Puducherry,Total Districts ,661543,19.0,2.872073319496994,0.06747572815533981,26.72809498399146,
2024,Andhra Pradesh,Alluri Sitharama Raju,4427452,37.0,0.8356951131260146,0.17109684062212108,30.0,4.4
2024,Andhra Pradesh,Anakapalli,4427452,38.0,0.8582814675348259,0.17109684062212108,30.0,4.4
2024,Andhra Pradesh,Anantapuramu,4427452,52.0,1.1744904292581828,0.17109684062212108,30.0,4.4
2024,Andhra Pradesh,Annamayya,4427452,16.0,0.3613816705409793,0.17109684062212108,30.0,4.4
2024,Andhra Pradesh,Bapatla,4427452,42.0,0.9486268851700707,0.17109684062212108,30.0,4.4
2024,Andhra Pradesh,Chittoor,4800173,28.0,0.5833123097855015,0.17109684062212108,30.0,4.4
2024,Andhra Pradesh,Dr BR Ambedkar Konaseema,4427452,72.0,1.626217517434407,0.17109684062212108,30.0,4.4
2024,Andhra Pradesh,East Godavari,5927440,80.0,1.3496551631058264,0.17109684062212108,30.0,4.4
2024,Andhra Pradesh,Eluru,4427452,72.0,1.626217517434407,0.17109684062212108,30.0,4.4
2024,Andhra Pradesh,Guntakal Railway,4427452,0.0,0.0,0.17109684062212108,30.0,4.4
2024,Andhra Pradesh,Guntur,5620984,88.0,1.5655621862648958,0.17109684062212108,30.0,4.4
2024,Andhra Pradesh,Kakinada,4427452,72.0,1.626217517434407,0.17109684062212108,30.0,4.4
2024,Andhra Pradesh,Krishna,5195007,83.0,1.5976879338179908,0.17109684062212108,30.0,4.4
2024,Andhra Pradesh,Kurnool,4661482,41.0,0.8795486070738876,0.17109684062212108,30.0,4.4
2024,Andhra Pradesh,Nandyal,4427452,15.0,0.3387953161321681,0.17109684062212108,30.0,4.4
2024,Andhra Pradesh,NTR,4427452,131.0,2.958812427554268,0.17109684062212108,30.0,4.4
2024,Andhra Pradesh,Palnadu,4427452,40.0,0.9034541763524483,0.17109684062212108,30.0,4.4
2024,Andhra Pradesh,Parvathipuram Manyam,4427452,21.0,0.4743134425850353,0.17109684062212108,30.0,4.4
2024,Andhra Pradesh,Prakasam,3907065,50.0,1.2797329965076087,0.17109684062212108,30.0,4.4
2024,Andhra Pradesh,Sri Potti Sriramulu Nellore,3408090,70.0,2.0539363690512866,0.17109684062212108,30.0,4.4
2024,Andhra Pradesh,Sri Sathya Sai,4427452,51.0,1.1519040748493716,0.17109684062212108,30.0,4.4
2024,Andhra Pradesh,Srikakulam,3108581,35.0,1.1259156509030968,0.17109684062212108,30.0,4.4
2024,Andhra Pradesh,Tirupati,4427452,56.0,1.2648358468934275,0.17109684062212108,30.0,4.4
2024,Andhra Pradesh,Viiayawada Railway,4427452,0.0,0.0,0.17109684062212108,30.0,4.4
2024,Andhra Pradesh,Visakhapatnam,4934177,134.0,2.7157517859614684,0.17109684062212108,30.0,4.4
2024,Andhra Pradesh,Vizianagaram,2696145,51.0,1.8915896585680665,0.17109684062212108,30.0,4.4
2024,Andhra Pradesh,West Godavari,4527510,87.0,1.9215860373582831,0.17109684062212108,30.0,4.4
2024,Andhra Pradesh,YSR,3314839,22.0,0.6636823085525421,0.17109684062212108,30.0,4.4
2024,Andhra Pradesh,Total Districts ,4427452,1484.0,33.518149942675834,0.17109684062212108,30.0,4.4
2024,Arunachal Pradesh,Anjaw,24342,0.0,0.0,0.1744683609958506,15.0,4.5
2024,Arunachal Pradesh,Changlang,170459,4.0,2.346605342047061,0.1744683609958506,15.0,4.5
2024,Arunachal Pradesh,Crime Branch,113202,0.0,0.0,0.1744683609958506,15.0,4.5
2024,Arunachal Pradesh,Dibang Valley,9204,0.0,0.0,0.1744683609958506,15.0,4.5
2024,Arunachal Pradesh,Kameng East,113202,11.0,9.717142806664192,0.1744683609958506,15.0,4.5
2024,Arunachal Pradesh,Kameng West,113202,7.0,6.183636331513577,0.1744683609958506,15.0,4.5
2024,Arunachal Pradesh,Kurung Kumey,105887,0.0,0.0,0.1744683609958506,15.0,4.5
2024,Arunachal Pradesh,Lohit,167584,3.0,1.7901470307427918,0.1744683609958506,15.0,4.5
2024,Arunachal Pradesh,Longding,113202,4.0,3.5335064751506158,0.1744683609958506,15.0,4.5
2024,Arunachal Pradesh,Lower Dibang Valley,62191,4.0,6.43179881333312,0.1744683609958506,15.0,4.5
2024,Arunachal Pradesh,Papum Pare City,203058,16.0,7.879522106984211,0.1744683609958506,15.0,4.5
2024,Arunachal Pradesh,Papum Pare Rural,203058,0.0,0.0,0.1744683609958506,15.0,4.5
2024,Arunachal Pradesh,Siang East,113202,23.0,20.31766223211604,0.1744683609958506,15.0,4.5
2024,Arunachal Pradesh,Siang Upper,113202,4.0,3.5335064751506158,0.1744683609958506,15.0,4.5
2024,Arunachal Pradesh,Siang West,113202,8.0,7.0670129503012316,0.1744683609958506,15.0,4.5
2024,Arunachal Pradesh,Subansiri Lower,113202,0.0,0.0,0.1744683609958506,15.0,4.5
2024,Arunachal Pradesh,Subansiri Upper,113202,9.0,7.950389569088885,0.1744683609958506,15.0,4.5
2024,Arunachal Pradesh,Tawang,57473,2.0,3.4798949071738035,0.1744683609958506,15.0,4.5
2024,Arunachal Pradesh,Tirap,128771,1.0,0.7765723648958228,0.1744683609958506,15.0,4.5
2024,Arunachal Pradesh,Namsai,113202,6.0,5.300259712725924,0.1744683609958506,15.0,4.5
2024,Arunachal Pradesh,Siang,113202,3.0,2.650129856362962,0.1744683609958506,15.0,4.5
2024,Arunachal Pradesh,Kamle,113202,3.0,2.650129856362962,0.1744683609958506,15.0,4.5
2024,Arunachal Pradesh,Kra Dadi,113202,0.0,0.0,0.1744683609958506,15.0,4.5
2024,Arunachal Pradesh,Lower Siang,113202,2.0,1.7667532375753079,0.1744683609958506,15.0,4.5
2024,Arunachal Pradesh,Leparada,113202,1.0,0.8833766187876539,0.1744683609958506,15.0,4.5
2024,Arunachal Pradesh,Shiyomi,113202,0.0,0.0,0.1744683609958506,15.0,4.5
2024,Arunachal Pradesh,Pakkessang,113202,2.0,1.7667532375753079,0.1744683609958506,15.0,4.5
2024,Arunachal Pradesh,Total Districts ,113202,113.0,99.82155792300489,0.1744683609958506,15.0,4.5
2024,Assam,BIEO,1324826,0.0,0.0,0.15185629065054335,32.0,5.9
2024,Assam,Barpeta,1947665,55.0,2.82389425286176,0.15185629065054335,32.0,5.9
2024,Assam,Baksa,1092586,11.0,1.0067857358596943,0.15185629065054335,32.0,5.9
2024,Assam,Bongaigaon,849624,96.0,11.299115844185193,0.15185629065054335,32.0,5.9
2024,Assam,CID,1324826,0.0,0.0,0.15185629065054335,32.0,5.9
2024,Assam,Cachar,1997109,82.0,4.105935129229302,0.15185629065054335,32.0,5.9
2024,Assam,Chirang,554486,35.0,6.31215215532944,0.15185629065054335,32.0,5.9
2024,Assam,Darrang,1067775,55.0,5.150897895155815,0.15185629065054335,32.0,5.9
2024,Assam,Dhemaji,789052,28.0,3.5485620719547,0.15185629065054335,32.0,5.9
2024,Assam,Dhubri,2241646,172.0,7.672933192841332,0.15185629065054335,32.0,5.9
2024,Assam,Dibrugarh,1525285,41.0,2.6880222384669095,0.15185629065054335,32.0,5.9
2024,Assam,GRP,1324826,2.0,0.15096322083050906,0.15185629065054335,32.0,5.9
2024,Assam,Goalpara,1159410,64.0,5.52004899043479,0.15185629065054335,32.0,5.9
2024,Assam,Golaghat,1226921,63.0,5.134804930390791,0.15185629065054335,32.0,5.9
2024,Assam,Guwahati City,1324826,165.0,12.454465718516998,0.15185629065054335,32.0,5.9
2024,Assam,Hailakandi,758190,56.0,7.3860114219390915,0.15185629065054335,32.0,5.9
2024,Assam,Hamren,1324826,10.0,0.7548161041525453,0.15185629065054335,32.0,5.9
2024,Assam,Jorhat,1256094,43.0,3.423310675793372,0.15185629065054335,32.0,5.9
2024,Assam,Kamrup,1745173,118.0,6.761507311882547,0.15185629065054335,32.0,5.9
2024,Assam,Karbi Anglong,1099759,11.0,1.0002191389204362,0.15185629065054335,32.0,5.9
2024,Assam,Karimganj,1412988,106.0,7.501832995043128,0.15185629065054335,32.0,5.9
2024,Assam,Kokrajhar,1020213,53.0,5.194993594474879,0.15185629065054335,32.0,5.9
2024,Assam,Lakhimpur,1198457,56.0,4.672674947870471,0.15185629065054335,32.0,5.9
2024,Assam,Morigaon,1101036,103.0,9.354825818592671,0.15185629065054335,32.0,5.9
2024,Assam,Dima Hasao,246217,2.0,0.812291596437289,0.15185629065054335,32.0,5.9
2024,Assam,Nagaon,3247333,131.0,4.034079658599842,0.15185629065054335,32.0,5.9
2024,Assam,Nalbari,887384,54.0,6.085302416991968,0.15185629065054335,32.0,5.9
2024,Assam,RPO,1324826,0.0,0.0,0.15185629065054335,32.0,5.9
2024,Assam,SOU,1324826,0.0,0.0,0.15185629065054335,32.0,5.9
2024,Assam,STF,1324826,0.0,0.0,0.15185629065054335,32.0,5.9
2024,Assam,Sibsagar,1324826,16.0,1.2077057666440725,0.15185629065054335,32.0,5.9
2024,Assam,Sonitpur,2212726,107.0,4.835664244013945,0.15185629065054335,32.0,5.9
2024,Assam,Tinsukia,1527118,35.0,2.2918988578485746,0.15185629065054335,32.0,5.9
2024,Assam,Udalguri,956418,50.0,5.227839710252212,0.15185629065054335,32.0,5.9
2024,Assam,Sadia,1324826,6.0,0.4528896624915272,0.15185629065054335,32.0,5.9
2024,Assam,Majuli,1324826,7.0,0.5283712729067818,0.15185629065054335,32.0,5.9
2024,Assam,Biswanath,1324826,36.0,2.717337974949163,0.15185629065054335,32.0,5.9
2024,Assam,Hojai,1324826,83.0,6.264973664466126,0.15185629065054335,32.0,5.9
2024,Assam,South Salmara,1324826,39.0,2.9437828061949265,0.15185629065054335,32.0,5.9
2024,Assam,Charaideo,1324826,14.0,1.0567425458135635,0.15185629065054335,32.0,5.9
2024,Assam,Bajali,1324826,14.0,1.0567425458135635,0.15185629065054335,32.0,5.9
2024,Assam,Tamulpur,1324826,28.0,2.113485091627127,0.15185629065054335,32.0,5.9
2024,Assam,Total Districts ,1324826,2047.0,154.510856520026,0.15185629065054335,32.0,5.9
2024,Bihar,Araria,3233304,92.0,2.8453866385591953,0.33493574660633485,40.0,3.5
2024,Bihar,Arwal,805969,14.0,1.7370395139267143,0.33493574660633485,40.0,3.5
2024,Bihar,Aurangabad,2921083,46.0,1.5747584029621893,0.33493574660633485,40.0,3.5
2024,Bihar,Aurangabad,4256474,46.0,1.0807067070067855,0.33493574660633485,40.0,3.5
2024,Bihar,Bagaha,3064997,32.0,1.0440466989037835,0.33493574660633485,40.0,3.5
2024,Bihar,Banka,2339977,20.0,0.8547092556892653,0.33493574660633485,40.0,3.5
2024,Bihar,Begusarai,3416122,62.0,1.8149234717027087,0.33493574660633485,40.0,3.5
2024,Bihar,Bettiah,3064997,86.0,2.8058755033039184,0.33493574660633485,40.0,3.5
2024,Bihar,Kaimur(Bhabhua),1870341,48.0,2.5663769334041224,0.33493574660633485,40.0,3.5
2024,Bihar,Bhagalpur,3493430,78.0,2.232762643018466,0.33493574660633485,40.0,3.5
2024,Bihar,Bhojpur,3137668,48.0,1.529798563774115,0.33493574660633485,40.0,3.5
2024,Bihar,Buxar,1962304,26.0,1.3249730928541144,0.33493574660633485,40.0,3.5
2024,Bihar,Darbhanga,4527992,78.0,1.722617884483895,0.33493574660633485,40.0,3.5
2024,Bihar,Gaya,5050130,164.0,3.2474411549801685,0.33493574660633485,40.0,3.5
2024,Bihar,Gopalganj,2946313,16.0,0.5430516038180601,0.33493574660633485,40.0,3.5
2024,Bihar,Jamalpur Railway,3064997,0.0,0.0,0.33493574660633485,40.0,3.5
2024,Bihar,Jamui,2024465,35.0,1.7288518201104983,0.33493574660633485,40.0,3.5
2024,Bihar,Jehanabad,1294109,5.0,0.38636621799245663,0.33493574660633485,40.0,3.5
2024,Bihar,Katihar,3531683,115.0,3.2562378899804996,0.33493574660633485,40.0,3.5
2024,Bihar,Katihar Railway,3064997,0.0,0.0,0.33493574660633485,40.0,3.5
2024,Bihar,Khagaria,1916918,26.0,1.3563438811675825,0.33493574660633485,40.0,3.5
2024,Bihar,Kishanganj,1943959,100.0,5.144141414505142,0.33493574660633485,40.0,3.5
2024,Bihar,Lakhisarai,1151048,10.0,0.8687735003231838,0.33493574660633485,40.0,3.5
2024,Bihar,Madhepura,2302026,29.0,1.2597598810786672,0.33493574660633485,40.0,3.5
2024,Bihar,Madhubani,5160485,84.0,1.6277539804882681,0.33493574660633485,40.0,3.5
2024,Bihar,Motihari,3064997,70.0,2.2838521538520267,0.33493574660633485,40.0,3.5
2024,Bihar,Munger,1572929,46.0,2.92448038023331,0.33493574660633485,40.0,3.5
2024,Bihar,Muzaffarpur,5521221,128.0,2.3183277756858494,0.33493574660633485,40.0,3.5
2024,Bihar,Muzaffarpur Railway,3064997,0.0,0.0,0.33493574660633485,40.0,3.5
2024,Bihar,Nalanda,3309300,42.0,1.2691505756504395,0.33493574660633485,40.0,3.5
2024,Bihar,Naugachia,3064997,22.0,0.7177821054963512,0.33493574660633485,40.0,3.5
2024,Bihar,Nawadah,3064997,48.0,1.5660700483556755,0.33493574660633485,40.0,3.5
2024,Bihar,Patna,6714234,223.0,3.3213021768380426,0.33493574660633485,40.0,3.5
2024,Bihar,Patna Railway,3064997,3.0,0.09787937802222972,0.33493574660633485,40.0,3.5
2024,Bihar,Purnea,3064997,174.0,5.677003925289323,0.33493574660633485,40.0,3.5
2024,Bihar,Rohtas,3403905,76.0,2.232729761847055,0.33493574660633485,40.0,3.5
2024,Bihar,Saharsa,2185760,15.0,0.6862601566503185,0.33493574660633485,40.0,3.5
2024,Bihar,Samastipur,4900800,60.0,1.2242899118511263,0.33493574660633485,40.0,3.5
2024,Bihar,Saran,4544641,32.0,0.7041260244758607,0.33493574660633485,40.0,3.5
2024,Bihar,Sheikhpura,731793,6.0,0.8199039892428596,0.33493574660633485,40.0,3.5
2024,Bihar,Sheohar,754682,12.0,1.5900736999159912,0.33493574660633485,40.0,3.5
2024,Bihar,Sitamarhi,3937110,86.0,2.1843433381338087,0.33493574660633485,40.0,3.5
2024,Bihar,Siwan,3830033,44.0,1.1488151668667084,0.33493574660633485,40.0,3.5
2024,Bihar,Supaul,2563437,26.0,1.0142632723175955,0.33493574660633485,40.0,3.5
2024,Bihar,Vaishali,4019274,78.0,1.940648982876012,0.33493574660633485,40.0,3.5
2024,Bihar,Economic Offences Unit,3064997,0.0,0.0,0.33493574660633485,40.0,3.5
2024,Bihar,Anti Terrorist Squad,3064997,0.0,0.0,0.33493574660633485,40.0,3.5
2024,Bihar,Total Districts ,3064997,2405.0,78.46663471448748,0.33493574660633485,40.0,3.5
2024,Chhattisgarh,Balod,1885744,45.0,2.386326033650379,0.2034342762063228,29.6,6.8
2024,Chhattisgarh,Balodbazar,1885744,60.0,3.1817680448671717,0.2034342762063228,29.6,6.8
2024,Chhattisgarh,Balrampur,2470964,130.0,5.261104572952095,0.2034342762063228,29.6,6.8
2024,Chhattisgarh,Bemetra,1885744,28.0,1.4848250876046802,0.2034342762063228,29.6,6.8
2024,Chhattisgarh,Bilaspur,439249,220.0,50.08548681954882,0.2034342762063228,29.6,6.8
2024,Chhattisgarh,Bilaspur,3063173,220.0,7.182095167331391,0.2034342762063228,29.6,6.8
2024,Chhattisgarh,Bizapur,1885744,22.0,1.166648283117963,0.2034342762063228,29.6,6.8
2024,Chhattisgarh,Dantewara,1885744,17.0,0.9015009460456987,0.2034342762063228,29.6,6.8
2024,Chhattisgarh,Dhamtari,919748,31.0,3.3704884381374027,0.2034342762063228,29.6,6.8
2024,Chhattisgarh,Durg,3845452,139.0,3.614659603084371,0.2034342762063228,29.6,6.8
2024,Chhattisgarh,Gariyaband,1885744,36.0,1.909060826920303,0.2034342762063228,29.6,6.8
2024,Chhattisgarh,GRP Raipur,1885744,4.0,0.2121178696578115,0.2034342762063228,29.6,6.8
2024,Chhattisgarh,Jagdalpur,1885744,78.0,4.136298458327324,0.2034342762063228,29.6,6.8
2024,Chhattisgarh,Janjgir,1885744,77.0,4.08326899091287,0.2034342762063228,29.6,6.8
2024,Chhattisgarh,Jashpur,979419,110.0,11.231148262388212,0.2034342762063228,29.6,6.8
2024,Chhattisgarh,Kabirdham,1885744,21.0,1.11361881570351,0.2034342762063228,29.6,6.8
2024,Chhattisgarh,Kanker,1885744,45.0,2.386326033650379,0.2034342762063228,29.6,6.8
2024,Chhattisgarh,Kondagaon,1885744,62.0,3.287826979696077,0.2034342762063228,29.6,6.8
2024,Chhattisgarh,Korba,1387636,190.0,13.692351596528194,0.2034342762063228,29.6,6.8
2024,Chhattisgarh,Koriya,757754,30.0,3.9590685103608827,0.2034342762063228,29.6,6.8
2024,Chhattisgarh,Mahasamund,1187667,98.0,8.251471161529285,0.2034342762063228,29.6,6.8
2024,Chhattisgarh,Mungali,1885744,24.0,1.2727072179468688,0.2034342762063228,29.6,6.8
2024,Chhattisgarh,Narayanpur,160793,14.0,8.706846691087298,0.2034342762063228,29.6,6.8
2024,Chhattisgarh,Raigarh,1718081,106.0,6.169674188818804,0.2034342762063228,29.6,6.8
2024,Chhattisgarh,Raigarh,3029329,106.0,3.499124723659926,0.2034342762063228,29.6,6.8
2024,Chhattisgarh,Raipur,4673452,228.0,4.878620771113087,0.2034342762063228,29.6,6.8
2024,Chhattisgarh,Rajnandgaon,1767702,63.0,3.5639491271718877,0.2034342762063228,29.6,6.8
2024,Chhattisgarh,Sarguja,1885744,193.0,10.234687210989403,0.2034342762063228,29.6,6.8
2024,Chhattisgarh,Sukma,1885744,17.0,0.9015009460456987,0.2034342762063228,29.6,6.8
2024,Chhattisgarh,Surajpur,1885744,56.0,2.9696501752093605,0.2034342762063228,29.6,6.8
2024,Chhattisgarh,Gaurela-Pendra-Marwari,1885744,35.0,1.8560313595058502,0.2034342762063228,29.6,6.8
2024,Chhattisgarh,Khairagarh - Chhuikhadan-Gandai,1885744,22.0,1.166648283117963,0.2034342762063228,29.6,6.8
2024,Chhattisgarh,Manendragarh-Chirmiri-Bharatpur,1885744,73.0,3.871151121255059,0.2034342762063228,29.6,6.8
2024,Chhattisgarh,Mohla-Manpur-Ambagarh Chouki,1885744,12.0,0.6363536089734344,0.2034342762063228,29.6,6.8
2024,Chhattisgarh,Sakti,1885744,38.0,2.0151197617492085,0.2034342762063228,29.6,6.8
2024,Chhattisgarh,Sarangarh-Bilaigarh,1885744,50.0,2.651473370722643,0.2034342762063228,29.6,6.8
2024,Chhattisgarh,Total Districts ,1885744,2374.0,125.8919556419111,0.2034342762063228,29.6,6.8
2024,Goa,North Goa,940709,85.0,9.035737938087124,0.10972276454509958,8.3,8.0
2024,Goa,South Goa,736617,54.0,7.33081099132928,0.10972276454509958,8.3,8.0
2024,Goa,CID,838663,15.0,1.7885610787646526,0.10972276454509958,8.3,8.0
2024,Goa,Total Districts ,838663,154.0,18.362560408650435,0.10972276454509958,8.3,8.0
2024,Gujarat,Ahmedabad City,2894401,151.0,5.216968899609971,0.20521524716691156,17.0,1.5
2024,Gujarat,Ahmedabad Rural,2894401,23.0,0.7946376469604591,0.20521524716691156,17.0,1.5
2024,Gujarat,Amreli,1741318,32.0,1.8376884635661035,0.20521524716691156,17.0,1.5
2024,Gujarat,Anand,2406656,27.0,1.1218886288692693,0.20521524716691156,17.0,1.5
2024,Gujarat,Arvalli,2894401,23.0,0.7946376469604591,0.20521524716691156,17.0,1.5
2024,Gujarat,Banaskantha,2894401,102.0,3.5240452169550798,0.20521524716691156,17.0,1.5
2024,Gujarat,Bharuch,1783671,28.0,1.5697962236309273,0.20521524716691156,17.0,1.5
2024,Gujarat,Bhavnagar,3312419,31.0,0.9358719413214331,0.20521524716691156,17.0,1.5
2024,Gujarat,Botad,2894401,16.0,0.552791406581189,0.20521524716691156,17.0,1.5
2024,Gujarat,Chhotaudepur,2894401,16.0,0.552791406581189,0.20521524716691156,17.0,1.5
2024,Gujarat,CID Crime,2894401,0.0,0.0,0.20521524716691156,17.0,1.5
2024,Gujarat,Dahod,2894401,22.0,0.7600881840491348,0.20521524716691156,17.0,1.5
2024,Gujarat,Dang,2894401,4.0,0.13819785164529724,0.20521524716691156,17.0,1.5
2024,Gujarat,Devbhumi Dwarka,2894401,19.0,0.656439795315162,0.20521524716691156,17.0,1.5
2024,Gujarat,Gandhinagar,1600515,32.0,1.9993564571403581,0.20521524716691156,17.0,1.5
2024,Gujarat,Gir Somnath,2894401,32.0,1.105582813162378,0.20521524716691156,17.0,1.5
2024,Gujarat,Jamnagar,2484136,41.0,1.6504732430108495,0.20521524716691156,17.0,1.5
2024,Gujarat,Junagadh,3154544,41.0,1.2997124148529866,0.20521524716691156,17.0,1.5
2024,Gujarat,Kachchh East(G),2894401,40.0,1.3819785164529725,0.20521524716691156,17.0,1.5
2024,Gujarat,Kachchh West(B),2894401,33.0,1.1401322760737023,0.20521524716691156,17.0,1.5
2024,Gujarat,Kheda,2644867,38.0,1.4367452125191928,0.20521524716691156,17.0,1.5
2024,Gujarat,Mahisagar,2894401,14.0,0.48369248075854043,0.20521524716691156,17.0,1.5
2024,Gujarat,Mehsana,2894401,24.0,0.8291871098717835,0.20521524716691156,17.0,1.5
2024,Gujarat,Morbi,2894401,13.0,0.44914301784721605,0.20521524716691156,17.0,1.5
2024,Gujarat,Narmada,678841,11.0,1.620408902821132,0.20521524716691156,17.0,1.5
2024,Gujarat,Navsari,1529122,14.0,0.915558078426705,0.20521524716691156,17.0,1.5
2024,Gujarat,Panchmahal,2894401,30.0,1.0364838873397293,0.20521524716691156,17.0,1.5
2024,Gujarat,Patan,1545294,39.0,2.5237915891733222,0.20521524716691156,17.0,1.5
2024,Gujarat,Porbandar,673266,9.0,1.3367673401003466,0.20521524716691156,17.0,1.5
2024,Gujarat,Rajkot City,4375241,74.0,1.6913354030097998,0.20521524716691156,17.0,1.5
2024,Gujarat,Rajkot Rural,4375241,30.0,0.6856765147337027,0.20521524716691156,17.0,1.5
2024,Gujarat,Sabarkantha,2894401,17.0,0.5873408694925133,0.20521524716691156,17.0,1.5
2024,Gujarat,Surat City,6993520,170.0,2.4308216749219276,0.20521524716691156,17.0,1.5
2024,Gujarat,Surat Rural,6993520,33.0,0.471865383955433,0.20521524716691156,17.0,1.5
2024,Gujarat,Surendranagar,2019708,18.0,0.8912179384346648,0.20521524716691156,17.0,1.5
2024,Gujarat,Tapi,928075,4.0,0.43099964981278455,0.20521524716691156,17.0,1.5
2024,Gujarat,Vadodara City,4790469,82.0,1.7117321915662118,0.20521524716691156,17.0,1.5
2024,Gujarat,Vadodara Rural,4790469,31.0,0.647118267543324,0.20521524716691156,17.0,1.5
2024,Gujarat,Valsad,1961529,18.0,0.9176514851424576,0.20521524716691156,17.0,1.5
2024,Gujarat,W Rly Ahmedabad,2894401,0.0,0.0,0.20521524716691156,17.0,1.5
2024,Gujarat,W Rly Vadodara,2894401,0.0,0.0,0.20521524716691156,17.0,1.5
2024,Gujarat,Cyber Ahmedabad Range,2894401,0.0,0.0,0.20521524716691156,17.0,1.5
2024,Gujarat,Cyber Bhavnagar Range,2894401,0.0,0.0,0.20521524716691156,17.0,1.5
2024,Gujarat,Cyber Border Range,2894401,0.0,0.0,0.20521524716691156,17.0,1.5
2024,Gujarat,Cyber Gandhinagar Range,2894401,0.0,0.0,0.20521524716691156,17.0,1.5
2024,Gujarat,Cyber Junagadh Range,2894401,0.0,0.0,0.20521524716691156,17.0,1.5
2024,Gujarat,Cyber Panchmahal Range,2894401,0.0,0.0,0.20521524716691156,17.0,1.5
2024,Gujarat,Cyber Rajkot Range,2894401,0.0,0.0,0.20521524716691156,17.0,1.5
2024,Gujarat,Cyber Surat Range,2894401,0.0,0.0,0.20521524716691156,17.0,1.5
2024,Gujarat,Cyber Vadodara Range,2894401,0.0,0.0,0.20521524716691156,17.0,1.5
2024,Gujarat,Total Districts ,2894401,1382.0,47.747357743450195,0.20521524716691156,17.0,1.5
2024,Haryana,Ambala,1297602,106.0,8.168914659502683,0.1847177848775293,21.6,4.9
2024,Haryana,Bhiwani,1879611,62.0,3.2985548605535935,0.1847177848775293,21.6,4.9
2024,Haryana,Faridabad,2081192,218.0,10.474766383880008,0.1847177848775293,21.6,4.9
2024,Haryana,Fatehabad,1083312,70.0,6.4616657066477625,0.1847177848775293,21.6,4.9
2024,Haryana,GRP,1358470,0.0,0.0,0.1847177848775293,21.6,4.9
2024,Haryana,Gurugram,1358470,400.0,29.44489020736564,0.1847177848775293,21.6,4.9
2024,Haryana,Hissar,1358470,140.0,10.305711572577973,0.1847177848775293,21.6,4.9
2024,Haryana,Jhajjar,1102165,99.0,8.98232115881016,0.1847177848775293,21.6,4.9
2024,Haryana,Jind,1534274,117.0,7.625756546744585,0.1847177848775293,21.6,4.9
2024,Haryana,Kaithal,1235449,93.0,7.527627607452836,0.1847177848775293,21.6,4.9
2024,Haryana,Karnal,1731122,217.0,12.53522282080639,0.1847177848775293,21.6,4.9
2024,Haryana,Kurukshetra,1109353,115.0,10.366402759085702,0.1847177848775293,21.6,4.9
2024,Haryana,Mahendergarh,1358470,48.0,3.533386824883877,0.1847177848775293,21.6,4.9
2024,Haryana,Nuh,1358470,107.0,7.8765081304703095,0.1847177848775293,21.6,4.9
2024,Haryana,Palwal,1199114,131.0,10.924732761021888,0.1847177848775293,21.6,4.9
2024,Haryana,Panchkula,645486,61.0,9.450243692349641,0.1847177848775293,21.6,4.9
2024,Haryana,Panipat,1386252,222.0,16.014404307441936,0.1847177848775293,21.6,4.9
2024,Haryana,Rewari,1035381,190.0,18.350732725441166,0.1847177848775293,21.6,4.9
2024,Haryana,Rohtak,1220384,172.0,14.093924535228258,0.1847177848775293,21.6,4.9
2024,Haryana,Sirsa,1489467,74.0,4.968220175405028,0.1847177848775293,21.6,4.9
2024,Haryana,Sonipat,1667501,176.0,10.554716309015708,0.1847177848775293,21.6,4.9
2024,Haryana,Yamunanagar,1396335,136.0,9.739783074978426,0.1847177848775293,21.6,4.9
2024,Haryana,Irrigation & Power,1358470,0.0,0.0,0.1847177848775293,21.6,4.9
2024,Haryana,Charkhi Dadri,1358470,42.0,3.091713471773392,0.1847177848775293,21.6,4.9
2024,Haryana,Hansi,1358470,39.0,2.87087679521815,0.1847177848775293,21.6,4.9
2024,Haryana,Dabwali,1358470,17.0,1.2514078338130397,0.1847177848775293,21.6,4.9
2024,Haryana,Total Districts ,1358470,3052.0,224.66451228219984,0.1847177848775293,21.6,4.9
2024,Himachal Pradesh,Baddi,937776,35.0,3.7322345634778453,0.07121290994273816,8.3,5.6
2024,Himachal Pradesh,Bilaspur,439249,19.0,4.325564770779216,0.07121290994273816,8.3,5.6
2024,Himachal Pradesh,Bilaspur,3063173,19.0,0.6202718553604383,0.07121290994273816,8.3,5.6
2024,Himachal Pradesh,Chamba,596942,34.0,5.695695729233326,0.07121290994273816,8.3,5.6
2024,Himachal Pradesh,CID,937776,0.0,0.0,0.07121290994273816,8.3,5.6
2024,Himachal Pradesh,GRP,937776,0.0,0.0,0.07121290994273816,8.3,5.6
2024,Himachal Pradesh,Hamirpur,522983,13.0,2.4857404542786288,0.07121290994273816,8.3,5.6
2024,Himachal Pradesh,Hamirpur,1269927,13.0,1.0236808887439988,0.07121290994273816,8.3,5.6
2024,Himachal Pradesh,Kangra,1736586,60.0,3.455054918097923,0.07121290994273816,8.3,5.6
2024,Himachal Pradesh,Kinnaur,96739,6.0,6.202255553602994,0.07121290994273816,8.3,5.6
2024,Himachal Pradesh,Kullu,503588,25.0,4.964375640404458,0.07121290994273816,8.3,5.6
2024,Himachal Pradesh,Lahaul & Spiti,937776,0.0,0.0,0.07121290994273816,8.3,5.6
2024,Himachal Pradesh,Mandi,1149743,86.0,7.479932471865451,0.07121290994273816,8.3,5.6
2024,Himachal Pradesh,Shimla,936111,67.0,7.157270879201292,0.07121290994273816,8.3,5.6
2024,Himachal Pradesh,Sirmaur,609333,63.0,10.339174146156536,0.07121290994273816,8.3,5.6
2024,Himachal Pradesh,Solan,667368,41.0,6.143536999076971,0.07121290994273816,8.3,5.6
2024,Himachal Pradesh,Una,599348,26.0,4.338047344781329,0.07121290994273816,8.3,5.6
2024,Himachal Pradesh,Cyber,937776,0.0,0.0,0.07121290994273816,8.3,5.6
2024,Himachal Pradesh,Nurpur,937776,16.0,1.7061643718755866,0.07121290994273816,8.3,5.6
2024,Himachal Pradesh,Total Districts ,937776,491.0,52.35791916193206,0.07121290994273816,8.3,5.6
2024,Jharkhand,Bokaro,2371679,50.0,2.10821110276728,0.22653050907436428,31.5,2.9
2024,Jharkhand,Chaibasa,1648218,91.0,5.52111431861562,0.22653050907436428,31.5,2.9
2024,Jharkhand,Chatra,1199318,79.0,6.5870769887552765,0.22653050907436428,31.5,2.9
2024,Jharkhand,Deoghar,1715883,63.0,3.671579006260916,0.22653050907436428,31.5,2.9
2024,Jharkhand,Dhanbad,3087160,140.0,4.534912346622786,0.22653050907436428,31.5,2.9
2024,Jharkhand,Dhanbad Railway,1648218,0.0,0.0,0.22653050907436428,31.5,2.9
2024,Jharkhand,Dumka,1519658,67.0,4.408886736357785,0.22653050907436428,31.5,2.9
2024,Jharkhand,Garhwa,1521201,109.0,7.165391029850756,0.22653050907436428,31.5,2.9
2024,Jharkhand,Giridih,2812295,87.0,3.0935588193983916,0.22653050907436428,31.5,2.9
2024,Jharkhand,Godda,1510583,65.0,4.302974414514131,0.22653050907436428,31.5,2.9
2024,Jharkhand,Gumla,1178994,70.0,5.937265159958405,0.22653050907436428,31.5,2.9
2024,Jharkhand,Hazaribagh,1994669,156.0,7.820846466255804,0.22653050907436428,31.5,2.9
2024,Jharkhand,Jamshedpur,1648218,134.0,8.129992513126297,0.22653050907436428,31.5,2.9
2024,Jharkhand,Jamshedpur Railway,1648218,0.0,0.0,0.22653050907436428,31.5,2.9
2024,Jharkhand,Jamtara,909698,44.0,4.836770004990667,0.22653050907436428,31.5,2.9
2024,Jharkhand,Khunti,611667,34.0,5.558580077068078,0.22653050907436428,31.5,2.9
2024,Jharkhand,Koderma,1648218,29.0,1.759475991646736,0.22653050907436428,31.5,2.9
2024,Jharkhand,Latehar,836024,82.0,9.808330861314987,0.22653050907436428,31.5,2.9
2024,Jharkhand,Lohardagga,1648218,82.0,4.9750700453459435,0.22653050907436428,31.5,2.9
2024,Jharkhand,Pakur,1035485,84.0,8.11214068769707,0.22653050907436428,31.5,2.9
2024,Jharkhand,Palamu,2230849,134.0,6.00668176106944,0.22653050907436428,31.5,2.9
2024,Jharkhand,Ramgarh,1091859,58.0,5.3120412067858584,0.22653050907436428,31.5,2.9
2024,Jharkhand,Ranchi,3351390,326.0,9.727307177022071,0.22653050907436428,31.5,2.9
2024,Jharkhand,Sahebganj,1648218,96.0,5.824472248209885,0.22653050907436428,31.5,2.9
2024,Jharkhand,Saraikela,1648218,29.0,1.759475991646736,0.22653050907436428,31.5,2.9
2024,Jharkhand,Simdega,689514,92.0,13.342731257088325,0.22653050907436428,31.5,2.9
2024,Jharkhand,Total Districts ,1648218,2201.0,133.53816060739538,0.22653050907436428,31.5,2.9
2024,Karnataka,Bagalkot,2173214,19.0,0.8742811338413982,0.1785958402499756,44.4,3.8
2024,Karnataka,Bengaluru City,1785149,393.0,22.014969058605192,0.1785958402499756,44.4,3.8
2024,Karnataka,Bengaluru District,1785149,47.0,2.632833449756855,0.1785958402499756,44.4,3.8
2024,Karnataka,Belagavi District,1785149,36.0,2.0166383870478035,0.1785958402499756,44.4,3.8
2024,Karnataka,Ballari,1785149,18.0,1.0083191935239018,0.1785958402499756,44.4,3.8
2024,Karnataka,Bidar,1958794,22.0,1.123140054543765,0.1785958402499756,44.4,3.8
2024,Karnataka,Vijayapura,1785149,54.0,3.024957580571706,0.1785958402499756,44.4,3.8
2024,Karnataka,Chikkaballapura,1443369,37.0,2.563447046458667,0.1785958402499756,44.4,3.8
2024,Karnataka,Chamarajnagar,1785149,31.0,1.7365497221800534,0.1785958402499756,44.4,3.8
2024,Karnataka,Chikkamagaluru,1785149,21.0,1.1763723924445524,0.1785958402499756,44.4,3.8
2024,Karnataka,Chitradurga,1908374,51.0,2.672432133323971,0.1785958402499756,44.4,3.8
2024,Karnataka,Dakshina Kannada,2403096,21.0,0.8738727042115672,0.1785958402499756,44.4,3.8
2024,Karnataka,Davanagere,2237321,37.0,1.6537635860030815,0.1785958402499756,44.4,3.8
2024,Karnataka,Dharwad,2124076,10.0,0.47079294714501746,0.1785958402499756,44.4,3.8
2024,Karnataka,Gadag,1224255,16.0,1.3069172680528158,0.1785958402499756,44.4,3.8
2024,Karnataka,Kalaburgi,1785149,30.0,1.6805319892065032,0.1785958402499756,44.4,3.8
2024,Karnataka,Hassan,2042884,48.0,2.349619459548364,0.1785958402499756,44.4,3.8
2024,Karnataka,Haveri,1837318,34.0,1.8505234259937582,0.1785958402499756,44.4,3.8
2024,Karnataka,Hubballi Dharwad City,1785149,35.0,1.960620654074254,0.1785958402499756,44.4,3.8
2024,Karnataka,KGF,1785149,11.0,0.6161950627090511,0.1785958402499756,44.4,3.8
2024,Karnataka,Kodagu,637696,12.0,1.881774387796066,0.1785958402499756,44.4,3.8
2024,Karnataka,Kolar,1766861,8.0,0.4527803828371332,0.1785958402499756,44.4,3.8
2024,Karnataka,Koppal,1598407,24.0,1.5014949258855848,0.1785958402499756,44.4,3.8
2024,Karnataka,Mandya,2076634,11.0,0.5297033564893958,0.1785958402499756,44.4,3.8
2024,Karnataka,Mangaluru City,1785149,61.0,3.4170817113865564,0.1785958402499756,44.4,3.8
2024,Karnataka,Mysuru City,1785149,50.0,2.8008866486775057,0.1785958402499756,44.4,3.8
2024,Karnataka,Mysuru District,1785149,26.0,1.4564610573123027,0.1785958402499756,44.4,3.8
2024,Karnataka,Raichur,2218133,39.0,1.758235416902413,0.1785958402499756,44.4,3.8
2024,Karnataka,KRailways,1785149,0.0,0.0,0.1785958402499756,44.4,3.8
2024,Karnataka,Ramanagara,1245031,24.0,1.9276628453428069,0.1785958402499756,44.4,3.8
2024,Karnataka,Shimoga,2015665,40.0,1.9844567425638684,0.1785958402499756,44.4,3.8
2024,Karnataka,Tumakuru,1785149,61.0,3.4170817113865564,0.1785958402499756,44.4,3.8
2024,Karnataka,Udupi,1353965,28.0,2.068000280657181,0.1785958402499756,44.4,3.8
2024,Karnataka,Uttara Kannada,1652744,31.0,1.875668585092428,0.1785958402499756,44.4,3.8
2024,Karnataka,Yadgiri,1785149,30.0,1.6805319892065032,0.1785958402499756,44.4,3.8
2024,Karnataka,Belagavi City,1785149,26.0,1.4564610573123027,0.1785958402499756,44.4,3.8
2024,Karnataka,Kalaburgi City,1785149,38.0,2.128673852994904,0.1785958402499756,44.4,3.8
2024,Karnataka,Vijayanagara,1785149,20.0,1.120354659471002,0.1785958402499756,44.4,3.8
2024,Karnataka,Total Districts ,1785149,1500.0,84.02659946032516,0.1785958402499756,44.4,3.8
2024,Kerala,Alapuzha,2966482,127.0,4.28116536692284,0.07236620666442276,9.9,7.0
2024,Kerala,Ernakulam Commr,2966482,241.0,8.124101208097672,0.07236620666442276,9.9,7.0
2024,Kerala,Ernakulam Rural,3774746,169.0,4.477122434198222,0.07236620666442276,9.9,7.0
2024,Kerala,Idukki,1275320,55.0,4.312643101339272,0.07236620666442276,9.9,7.0
2024,Kerala,Kannur City,2901453,55.0,1.8956019621892892,0.07236620666442276,9.9,7.0
2024,Kerala,Kasargod,2966482,40.0,1.3483985407630992,0.07236620666442276,9.9,7.0
2024,Kerala,Kollam Commr,2966482,90.0,3.0338967167169733,0.07236620666442276,9.9,7.0
2024,Kerala,Kollam Rural,3030681,92.0,3.0356213669469008,0.07236620666442276,9.9,7.0
2024,Kerala,Kottayam,2270733,103.0,4.535980231933917,0.07236620666442276,9.9,7.0
2024,Kerala,Kozhikode Commr,2966482,108.0,3.6406760600603674,0.07236620666442276,9.9,7.0
2024,Kerala,Kozhikode Rural,3549236,81.0,2.282181291973822,0.07236620666442276,9.9,7.0
2024,Kerala,Malappuram,4729858,164.0,3.4673345373159195,0.07236620666442276,9.9,7.0
2024,Kerala,Palakkad,3231424,96.0,2.9708264839278287,0.07236620666442276,9.9,7.0
2024,Kerala,Pathanamthitta,1377023,86.0,6.245356831367377,0.07236620666442276,9.9,7.0
2024,Kerala,Railways,2966482,6.0,0.20225978111446488,0.07236620666442276,9.9,7.0
2024,Kerala,Thrissur Commr,2966482,132.0,4.449715184518228,0.07236620666442276,9.9,7.0
2024,Kerala,Thrissur Rural,3589379,78.0,2.1730778499567753,0.07236620666442276,9.9,7.0
2024,Kerala,Trivandrum Commr,2966482,147.0,4.955364637304389,0.07236620666442276,9.9,7.0
2024,Kerala,Trivandrum Rural,2966482,194.0,6.539732922701032,0.07236620666442276,9.9,7.0
2024,Kerala,Wayanadu,2966482,44.0,1.483238394839409,0.07236620666442276,9.9,7.0
2024,Kerala,Crime Branch,2966482,0.0,0.0,0.07236620666442276,9.9,7.0
2024,Kerala,Kannur Rural,2901453,35.0,1.2062921577568204,0.07236620666442276,9.9,7.0
2024,Kerala,Total Districts ,2966482,2143.0,72.24045182138305,0.07236620666442276,9.9,7.0
2024,Madhya Pradesh,Agar,1697834,42.0,2.4737400711730357,0.14248064569263713,28.1,4.4
2024,Madhya Pradesh,Alirajpur,838348,83.0,9.900423213271816,0.14248064569263713,28.1,4.4
2024,Madhya Pradesh,Anuppur,861622,70.0,8.124212241563006,0.14248064569263713,28.1,4.4
2024,Madhya Pradesh,Ashok Nagar,1697834,35.0,2.061450059310863,0.14248064569263713,28.1,4.4
2024,Madhya Pradesh,Balaghat,1956952,81.0,4.139089768170093,0.14248064569263713,28.1,4.4
2024,Madhya Pradesh,Barwani,1593763,75.0,4.705843968017829,0.14248064569263713,28.1,4.4
2024,Madhya Pradesh,Betul,1811666,141.0,7.782891548442152,0.14248064569263713,28.1,4.4
2024,Madhya Pradesh,Bhind,1958455,63.0,3.2168214230094643,0.14248064569263713,28.1,4.4
2024,Madhya Pradesh,Bhopal Commissionarate,1697834,407.0,23.97171926112918,0.14248064569263713,28.1,4.4
2024,Madhya Pradesh,Bhopal Railway,1697834,6.0,0.3533914387390051,0.14248064569263713,28.1,4.4
2024,Madhya Pradesh,Burhanpur,871524,36.0,4.130695196001487,0.14248064569263713,28.1,4.4
2024,Madhya Pradesh,Chhatarpur,2026731,159.0,7.845145705078769,0.14248064569263713,28.1,4.4
2024,Madhya Pradesh,Chhindwara,2404560,134.0,5.572745117609874,0.14248064569263713,28.1,4.4
2024,Madhya Pradesh,Damoh,1453851,85.0,5.846541358089653,0.14248064569263713,28.1,4.4
2024,Madhya Pradesh,Datia,904767,72.0,7.95784992158202,0.14248064569263713,28.1,4.4
2024,Madhya Pradesh,Dewas,1798272,194.0,10.788134386789096,0.14248064569263713,28.1,4.4
2024,Madhya Pradesh,Dhar,2513661,193.0,7.678044095842678,0.14248064569263713,28.1,4.4
2024,Madhya Pradesh,Dindori,810202,80.0,9.874080784791941,0.14248064569263713,28.1,4.4
2024,Madhya Pradesh,Guna,1427746,125.0,8.755058672901203,0.14248064569263713,28.1,4.4
2024,Madhya Pradesh,Gwalior,2336841,261.0,11.168924201518204,0.14248064569263713,28.1,4.4
2024,Madhya Pradesh,Harda,656034,39.0,5.9448138358682625,0.14248064569263713,28.1,4.4
2024,Madhya Pradesh,Narmadapuram,1697834,120.0,7.067828774780103,0.14248064569263713,28.1,4.4
2024,Madhya Pradesh,Indore Commissionarate,1697834,448.0,26.386560759179048,0.14248064569263713,28.1,4.4
2024,Madhya Pradesh,Indore Railway,1697834,2.0,0.11779714624633503,0.14248064569263713,28.1,4.4
2024,Madhya Pradesh,Jabalpur,2832782,252.0,8.895848674553848,0.14248064569263713,28.1,4.4
2024,Madhya Pradesh,Jabalpur Railway,1697834,6.0,0.3533914387390051,0.14248064569263713,28.1,4.4
2024,Madhya Pradesh,Jhabua,1178805,117.0,9.925305712140686,0.14248064569263713,28.1,4.4
2024,Madhya Pradesh,Katni,1485848,46.0,3.095875217384281,0.14248064569263713,28.1,4.4
2024,Madhya Pradesh,Khandwa,1506570,85.0,5.64195490418633,0.14248064569263713,28.1,4.4
2024,Madhya Pradesh,Khargone,2154002,119.0,5.524600255710069,0.14248064569263713,28.1,4.4
2024,Madhya Pradesh,Mandla,1213140,79.0,6.512026641607728,0.14248064569263713,28.1,4.4
2024,Madhya Pradesh,Mandsaur,1541472,65.0,4.21674866620996,0.14248064569263713,28.1,4.4
2024,Madhya Pradesh,Morena,2260865,108.0,4.776932722652613,0.14248064569263713,28.1,4.4
2024,Madhya Pradesh,Narsinghpur,1697834,98.0,5.772060166070417,0.14248064569263713,28.1,4.4
2024,Madhya Pradesh,Neemuch,949977,40.0,4.210628257315703,0.14248064569263713,28.1,4.4
2024,Madhya Pradesh,Panna,1168998,48.0,4.106080592096822,0.14248064569263713,28.1,4.4
2024,Madhya Pradesh,Raisen,1531336,70.0,4.57117183949179,0.14248064569263713,28.1,4.4
2024,Madhya Pradesh,Rajgarh,1777686,173.0,9.731752401717738,0.14248064569263713,28.1,4.4
2024,Madhya Pradesh,Ratlam,1673329,186.0,11.115566633937497,0.14248064569263713,28.1,4.4
2024,Madhya Pradesh,Rewa,2719871,129.0,4.7428719965027755,0.14248064569263713,28.1,4.4
2024,Madhya Pradesh,Sagar,2735226,216.0,7.896970853596741,0.14248064569263713,28.1,4.4
2024,Madhya Pradesh,Satna,2563275,93.0,3.6281709921877288,0.14248064569263713,28.1,4.4
2024,Madhya Pradesh,Seoni,1586000,78.0,4.918032786885246,0.14248064569263713,28.1,4.4
2024,Madhya Pradesh,Shahdol,1225972,142.0,11.582646259457801,0.14248064569263713,28.1,4.4
2024,Madhya Pradesh,Shajapur,1739583,96.0,5.518563931700873,0.14248064569263713,28.1,4.4
2024,Madhya Pradesh,Sheopur,791040,32.0,4.0453074433656955,0.14248064569263713,28.1,4.4
2024,Madhya Pradesh,Shivpuri,1984957,198.0,9.975027166835352,0.14248064569263713,28.1,4.4
2024,Madhya Pradesh,Sidhi,1296087,70.0,5.400872009363569,0.14248064569263713,28.1,4.4
2024,Madhya Pradesh,Sehore,1508031,188.0,12.466587225328922,0.14248064569263713,28.1,4.4
2024,Madhya Pradesh,Singrauli,1355013,178.0,13.136405333380566,0.14248064569263713,28.1,4.4
2024,Madhya Pradesh,Tikamgarh,1661940,92.0,5.535699243053299,0.14248064569263713,28.1,4.4
2024,Madhya Pradesh,Ujjain,2284893,193.0,8.446785035448048,0.14248064569263713,28.1,4.4
2024,Madhya Pradesh,Umaria,741471,50.0,6.743352066365374,0.14248064569263713,28.1,4.4
2024,Madhya Pradesh,Vidisha,1677706,125.0,7.450649875484739,0.14248064569263713,28.1,4.4
2024,Madhya Pradesh,Cyber Crime Cell,1697834,0.0,0.0,0.14248064569263713,28.1,4.4
2024,Madhya Pradesh,Niwari,1697834,31.0,1.8258557668181932,0.14248064569263713,28.1,4.4
2024,Madhya Pradesh,Bhopal Rural,2726720,26.0,0.9535265813871612,0.14248064569263713,28.1,4.4
2024,Madhya Pradesh,Indore Rural,3768201,104.0,2.7599376997140017,0.14248064569263713,28.1,4.4
2024,Madhya Pradesh,Pandhurna,1697834,4.0,0.23559429249267005,0.14248064569263713,28.1,4.4
2024,Madhya Pradesh,Maihar,1697834,26.0,1.5313629012023555,0.14248064569263713,28.1,4.4
2024,Madhya Pradesh,Mauganj,1697834,46.0,2.709334363665706,0.14248064569263713,28.1,4.4
2024,Madhya Pradesh,Total Districts ,1697834,6560.0,386.3746396879789,0.14248064569263713,28.1,4.4
2024,Maharashtra,Ahilyanagar,3417201,283.0,8.281631662872627,0.10646792653713069,25.2,3.7
2024,Maharashtra,Akola,2085991,90.0,4.314496083636027,0.10646792653713069,25.2,3.7
2024,Maharashtra,Amravati Commr,3417201,130.0,3.8042830960192275,0.10646792653713069,25.2,3.7
2024,Maharashtra,Amravati Rural,3321711,115.0,3.4620712036658214,0.10646792653713069,25.2,3.7
2024,Maharashtra,Chhatrapati Sambhajinagar Commr,3417201,225.0,6.584336127725586,0.10646792653713069,25.2,3.7
2024,Maharashtra,Chhatrapati Sambhajinagar Rural,3417201,103.0,3.014162760692157,0.10646792653713069,25.2,3.7
2024,Maharashtra,Beed,3417201,186.0,5.443051198919817,0.10646792653713069,25.2,3.7
2024,Maharashtra,Bhandara,1380384,48.0,3.4772932749148064,0.10646792653713069,25.2,3.7
2024,Maharashtra,Buldhana,3417201,134.0,3.921337960512127,0.10646792653713069,25.2,3.7
2024,Maharashtra,Chandrapur,2534953,107.0,4.220985556734188,0.10646792653713069,25.2,3.7
2024,Maharashtra,Dhule,2358491,31.0,1.3143997581504445,0.10646792653713069,25.2,3.7
2024,Maharashtra,Gadchiroli,1233883,25.0,2.026124032829693,0.10646792653713069,25.2,3.7
2024,Maharashtra,Gondia,3417201,79.0,2.311833573734761,0.10646792653713069,25.2,3.7
2024,Maharashtra,Hingoli,1353946,31.0,2.2896038689873897,0.10646792653713069,25.2,3.7
2024,Maharashtra,Jalgaon,4864404,122.0,2.50801537043387,0.10646792653713069,25.2,3.7
2024,Maharashtra,Jalna,2252902,118.0,5.237688989578774,0.10646792653713069,25.2,3.7
2024,Maharashtra,Kolhapur,4457401,129.0,2.8940631547397238,0.10646792653713069,25.2,3.7
2024,Maharashtra,Latur,2822325,95.0,3.3660191508773796,0.10646792653713069,25.2,3.7
2024,Maharashtra,Mumbai Commr,3417201,1079.0,31.575549696959587,0.10646792653713069,25.2,3.7
2024,Maharashtra,Mumbai Railway,3417201,10.0,0.29263716123224826,0.10646792653713069,25.2,3.7
2024,Maharashtra,Nagpur Commr,3417201,322.0,9.422916591678394,0.10646792653713069,25.2,3.7
2024,Maharashtra,Nagpur Railway,3417201,4.0,0.1170548644928993,0.10646792653713069,25.2,3.7
2024,Maharashtra,Nagpur Rural,5351605,90.0,1.6817384691134716,0.10646792653713069,25.2,3.7
2024,Maharashtra,Nanded,3865485,88.0,2.27655779287722,0.10646792653713069,25.2,3.7
2024,Maharashtra,Nandurbar,1895539,32.0,1.6881741815916214,0.10646792653713069,25.2,3.7
2024,Maharashtra,Nasik Commr,3417201,129.0,3.775019379896002,0.10646792653713069,25.2,3.7
2024,Maharashtra,Nasik Rural,3417201,111.0,3.2482724896779556,0.10646792653713069,25.2,3.7
2024,Maharashtra,Navi Mumbai,3417201,194.0,5.677160927905616,0.10646792653713069,25.2,3.7
2024,Maharashtra,Dharashiv,3417201,89.0,2.6044707349670095,0.10646792653713069,25.2,3.7
2024,Maharashtra,Palghar,3417201,53.0,1.550976954530916,0.10646792653713069,25.2,3.7
2024,Maharashtra,Parbhani,2111498,76.0,3.5993403735168115,0.10646792653713069,25.2,3.7
2024,Maharashtra,Pune Commr,3417201,575.0,16.826636770854275,0.10646792653713069,25.2,3.7
2024,Maharashtra,Pune Railway,3417201,0.0,0.0,0.10646792653713069,25.2,3.7
2024,Maharashtra,Pune Rural,10843819,224.0,2.0656929076370605,0.10646792653713069,25.2,3.7
2024,Maharashtra,Raigad,3417201,69.0,2.019196412502513,0.10646792653713069,25.2,3.7
2024,Maharashtra,Ratnagiri,1857329,60.0,3.2304454407377476,0.10646792653713069,25.2,3.7
2024,Maharashtra,Sangli,3245464,124.0,3.820717160936002,0.10646792653713069,25.2,3.7
2024,Maharashtra,Satara,3454302,113.0,3.2712831709561003,0.10646792653713069,25.2,3.7
2024,Maharashtra,Sindhudurg,977098,23.0,2.353909229166368,0.10646792653713069,25.2,3.7
2024,Maharashtra,Solapur Commr,3417201,106.0,3.101953909061832,0.10646792653713069,25.2,3.7
2024,Maharashtra,Solapur Rural,4965419,196.0,3.947300318462551,0.10646792653713069,25.2,3.7
2024,Maharashtra,Thane Commr,3417201,461.0,13.490573132806647,0.10646792653713069,25.2,3.7
2024,Maharashtra,Thane Rural,12719170,112.0,0.8805606026179382,0.10646792653713069,25.2,3.7
2024,Maharashtra,Wardha,1495890,45.0,3.0082425846820287,0.10646792653713069,25.2,3.7
2024,Maharashtra,Washim,1376734,52.0,3.7770549721296924,0.10646792653713069,25.2,3.7
2024,Maharashtra,Yavatmal,3188200,147.0,4.61075214854777,0.10646792653713069,25.2,3.7
2024,Maharashtra,Pimpri Chinchwad Commr,3417201,257.0,7.520775043668781,0.10646792653713069,25.2,3.7
2024,Maharashtra,Chhatrapati Sambhajinagar Railway,3417201,2.0,0.05852743224644965,0.10646792653713069,25.2,3.7
2024,Maharashtra,Mira Bhayandar Vasai Virar Commr,3417201,450.0,13.168672255451172,0.10646792653713069,25.2,3.7
2024,Maharashtra,Total Districts ,3417201,7344.0,214.91273120896312,0.10646792653713069,25.2,3.7
2024,Manipur,Bishnupur,273008,0.0,0.0,0.19931662870159453,39.6,4.4
2024,Manipur,Chandel,165809,0.0,0.0,0.19931662870159453,39.6,4.4
2024,Manipur,Churachandpur,315264,2.0,0.6343889565570443,0.19931662870159453,39.6,4.4
2024,Manipur,CID,364906,0.0,0.0,0.19931662870159453,39.6,4.4
2024,Manipur,Imphal East,524529,11.0,2.097119511027989,0.19931662870159453,39.6,4.4
2024,Manipur,Imphal West,595690,18.0,3.0217059208648793,0.19931662870159453,39.6,4.4
2024,Manipur,Senapati,551020,2.0,0.3629632318246162,0.19931662870159453,39.6,4.4
2024,Manipur,Tamenglong,161748,0.0,0.0,0.19931662870159453,39.6,4.4
2024,Manipur,Thoubal,485493,4.0,0.8239047730863267,0.19931662870159453,39.6,4.4
2024,Manipur,Ukhrul,211597,0.0,0.0,0.19931662870159453,39.6,4.4
2024,Manipur,Kakching,364906,0.0,0.0,0.19931662870159453,39.6,4.4
2024,Manipur,Kamjong,364906,0.0,0.0,0.19931662870159453,39.6,4.4
2024,Manipur,Kangpokpi,364906,0.0,0.0,0.19931662870159453,39.6,4.4
2024,Manipur,Jiribam,364906,0.0,0.0,0.19931662870159453,39.6,4.4
2024,Manipur,Noney,364906,0.0,0.0,0.19931662870159453,39.6,4.4
2024,Manipur,Pherzawl,364906,0.0,0.0,0.19931662870159453,39.6,4.4
2024,Manipur,Tengnoupal,364906,4.0,1.096172712972656,0.19931662870159453,39.6,4.4
2024,Manipur,Narcotic,364906,0.0,0.0,0.19931662870159453,39.6,4.4
2024,Manipur,Total Districts ,364906,41.0,11.235770307969725,0.19931662870159453,39.6,4.4
2024,Meghalaya,Garo Hills East,297666,5.0,1.6797350050056103,0.17523364485981308,12.7,5.0
2024,Meghalaya,Garo Hills North,297666,2.0,0.6718940020022441,0.17523364485981308,12.7,5.0
2024,Meghalaya,Garo Hills South,297666,4.0,1.3437880040044883,0.17523364485981308,12.7,5.0
2024,Meghalaya,Garo Hills South West,297666,2.0,0.6718940020022441,0.17523364485981308,12.7,5.0
2024,Meghalaya,Garo Hills West,297666,17.0,5.711099017019075,0.17523364485981308,12.7,5.0
2024,Meghalaya,Jaintia Hills West,297666,6.0,2.0156820060067324,0.17523364485981308,12.7,5.0
2024,Meghalaya,Jaintia Hills East,297666,10.0,3.3594700100112207,0.17523364485981308,12.7,5.0
2024,Meghalaya,Khasi Hills East,297666,31.0,10.414357031034784,0.17523364485981308,12.7,5.0
2024,Meghalaya,Khasi Hills South West,297666,0.0,0.0,0.17523364485981308,12.7,5.0
2024,Meghalaya,Khasi Hills West,297666,2.0,0.6718940020022441,0.17523364485981308,12.7,5.0
2024,Meghalaya,Ri-Bhoi,297666,22.0,7.390834022024686,0.17523364485981308,12.7,5.0
2024,Meghalaya,Cyber Cell,297666,0.0,0.0,0.17523364485981308,12.7,5.0
2024,Meghalaya,Khasi Hills Eastern West,297666,12.0,4.031364012013465,0.17523364485981308,12.7,5.0
2024,Meghalaya,Total Districts ,297666,113.0,37.96201111312679,0.17523364485981308,12.7,5.0
2024,Mizoram,Aizawl,460355,27.0,5.865038937341834,0.16501650165016502,16.8,4.4
2024,Mizoram,Champhai,144606,4.0,2.766136951440466,0.16501650165016502,16.8,4.4
2024,Mizoram,Kolasib,96548,0.0,0.0,0.16501650165016502,16.8,4.4
2024,Mizoram,Lawngtlai,135578,2.0,1.4751655873371785,0.16501650165016502,16.8,4.4
2024,Mizoram,Lunglei,185642,0.0,0.0,0.16501650165016502,16.8,4.4
2024,Mizoram,Mamit,99318,2.0,2.013733663585654,0.16501650165016502,16.8,4.4
2024,Mizoram,Saiha,65060,4.0,6.148170919151552,0.16501650165016502,16.8,4.4
2024,Mizoram,Serchhip,74677,2.0,2.67820078471283,0.16501650165016502,16.8,4.4
2024,Mizoram,Spl Narcotic,157723,0.0,0.0,0.16501650165016502,16.8,4.4
2024,Mizoram,Hnahthial,157723,0.0,0.0,0.16501650165016502,16.8,4.4
2024,Mizoram,Khawzawl,157723,2.0,1.2680458778998625,0.16501650165016502,16.8,4.4
2024,Mizoram,Saitual,157723,0.0,0.0,0.16501650165016502,16.8,4.4
2024,Mizoram,Cyber,157723,0.0,0.0,0.16501650165016502,16.8,4.4
2024,Mizoram,Crime and EOU,157723,0.0,0.0,0.16501650165016502,16.8,4.4
2024,Mizoram,Total Districts ,157723,43.0,27.262986374847042,0.16501650165016502,16.8,4.4
2024,Nagaland,Dimapur,435632,4.0,0.9182061923825615,0.15313935681470137,15.6,3.8
2024,Nagaland,Kiphire,85104,1.0,1.175032900921226,0.15313935681470137,15.6,3.8
2024,Nagaland,Kohima,308186,10.0,3.2447937284626813,0.15313935681470137,15.6,3.8
2024,Nagaland,Longleng,58056,0.0,0.0,0.15313935681470137,15.6,3.8
2024,Nagaland,Mokokchung,223815,2.0,0.8935951567142506,0.15313935681470137,15.6,3.8
2024,Nagaland,Mon,287799,0.0,0.0,0.15313935681470137,15.6,3.8
2024,Nagaland,Peren,109501,4.0,3.6529346763956494,0.15313935681470137,15.6,3.8
2024,Nagaland,Phek,187930,0.0,0.0,0.15313935681470137,15.6,3.8
2024,Nagaland,Tuensang,226085,0.0,0.0,0.15313935681470137,15.6,3.8
2024,Nagaland,Wokha,191294,0.0,0.0,0.15313935681470137,15.6,3.8
2024,Nagaland,Zunheboto,161870,1.0,0.6177796997590659,0.15313935681470137,15.6,3.8
2024,Nagaland,Noklak,206842,2.0,0.9669216116649423,0.15313935681470137,15.6,3.8
2024,Nagaland,Shamator,206842,0.0,0.0,0.15313935681470137,15.6,3.8
2024,Nagaland,Tseminyu,206842,0.0,0.0,0.15313935681470137,15.6,3.8
2024,Nagaland,Crime,206842,0.0,0.0,0.15313935681470137,15.6,3.8
2024,Nagaland,Cyber Security,206842,0.0,0.0,0.15313935681470137,15.6,3.8
2024,Nagaland,Narcotics,206842,0.0,0.0,0.15313935681470137,15.6,3.8
2024,Nagaland,Total Districts ,206842,24.0,11.603059339979307,0.15313935681470137,15.6,3.8
2024,Odisha,Angul,1638572,87.0,5.309501199825213,0.07449344457687723,30.4,5.4
2024,Odisha,Balasore,1638572,121.0,7.384478680216676,0.07449344457687723,30.4,5.4
2024,Odisha,Baragarh,1638572,88.0,5.370529949248492,0.07449344457687723,30.4,5.4
2024,Odisha,Berhampur,1638572,96.0,5.858759944634719,0.07449344457687723,30.4,5.4
2024,Odisha,Bhadrak,1732287,94.0,5.426352561671362,0.07449344457687723,30.4,5.4
2024,Odisha,Bolangir,1638572,43.0,2.624236225200968,0.07449344457687723,30.4,5.4
2024,Odisha,Boudh,1638572,11.0,0.6713162436560615,0.07449344457687723,30.4,5.4
2024,Odisha,Cuttack,3018140,69.0,2.286176254249306,0.07449344457687723,30.4,5.4
2024,Odisha,DCP BBSR,1638572,152.0,9.276369912338303,0.07449344457687723,30.4,5.4
2024,Odisha,DCP CTC,1638572,69.0,4.210983710206204,0.07449344457687723,30.4,5.4
2024,Odisha,Deogarh,1638572,52.0,3.173494970010472,0.07449344457687723,30.4,5.4
2024,Odisha,Dhenkanal,1371732,97.0,7.071352130007903,0.07449344457687723,30.4,5.4
2024,Odisha,Gajapati,664489,49.0,7.374087456677237,0.07449344457687723,30.4,5.4
2024,Odisha,Ganjam,4058385,204.0,5.026630051116392,0.07449344457687723,30.4,5.4
2024,Odisha,Jagatsinghpur,1638572,126.0,7.6896224273330676,0.07449344457687723,30.4,5.4
2024,Odisha,Jajpur,1638572,158.0,9.642542408877974,0.07449344457687723,30.4,5.4
2024,Odisha,Jharsuguda,666430,31.0,4.65165133622436,0.07449344457687723,30.4,5.4
2024,Odisha,Kalahandi,1813399,124.0,6.837987668461271,0.07449344457687723,30.4,5.4
2024,Odisha,Kandhamal,843076,90.0,10.675194169920625,0.07449344457687723,30.4,5.4
2024,Odisha,Kendrapara,1656415,105.0,6.338991134468113,0.07449344457687723,30.4,5.4
2024,Odisha,Keonjhar,1638572,119.0,7.26242118137012,0.07449344457687723,30.4,5.4
2024,Odisha,Khurda,1638572,53.0,3.234523719433751,0.07449344457687723,30.4,5.4
2024,Odisha,Koraput,1586594,173.0,10.903860723033112,0.07449344457687723,30.4,5.4
2024,Odisha,Malkangiri,705170,48.0,6.806869265567168,0.07449344457687723,30.4,5.4
2024,Odisha,Mayurbhanj,2897698,133.0,4.589850288056243,0.07449344457687723,30.4,5.4
2024,Odisha,Nayagarh,1107207,71.0,6.41253171267884,0.07449344457687723,30.4,5.4
2024,Odisha,Nabarangpur,1638572,46.0,2.8073224734708027,0.07449344457687723,30.4,5.4
2024,Odisha,Nuapada,701939,18.0,2.564325390098,0.07449344457687723,30.4,5.4
2024,Odisha,Puri,1953539,93.0,4.760590907066611,0.07449344457687723,30.4,5.4
2024,Odisha,Rayagada,1113097,32.0,2.8748617595771075,0.07449344457687723,30.4,5.4
2024,Odisha,Rourkela,1638572,75.0,4.577156206745873,0.07449344457687723,30.4,5.4
2024,Odisha,Sambalpur,1197263,43.0,3.5915250032783104,0.07449344457687723,30.4,5.4
2024,Odisha,Sonepur,1638572,23.0,1.4036612367354013,0.07449344457687723,30.4,5.4
2024,Odisha,SRP(Cuttack),1638572,2.0,0.12205749884655663,0.07449344457687723,30.4,5.4
2024,Odisha,SRP(Rourkela),1638572,1.0,0.061028749423278315,0.07449344457687723,30.4,5.4
2024,Odisha,Sundargarh,2407452,47.0,1.952271530231963,0.07449344457687723,30.4,5.4
2024,Odisha,CID CB,1638572,2.0,0.12205749884655663,0.07449344457687723,30.4,5.4
2024,Odisha,Total Districts ,1638572,2845.0,173.6267921092268,0.07449344457687723,30.4,5.4
2024,Punjab,Amritsar Rural,2864254,39.0,1.3616110861676374,0.0587406015037594,11.0,5.5
2024,Punjab,Barnala,684856,22.0,3.2123541299192824,0.0587406015037594,11.0,5.5
2024,Punjab,Batala,1683506,21.0,1.2473968016746004,0.0587406015037594,11.0,5.5
2024,Punjab,Bathinda,1596803,31.0,1.9413791181504543,0.0587406015037594,11.0,5.5
2024,Punjab,CP Amritsar,1683506,74.0,4.395588729710497,0.0587406015037594,11.0,5.5
2024,Punjab,CP Jalandhar,1683506,26.0,1.544396040168553,0.0587406015037594,11.0,5.5
2024,Punjab,CP Ludhiana,1683506,66.0,3.920389948120173,0.0587406015037594,11.0,5.5
2024,Punjab,Faridkot,710134,21.0,2.9571883616331567,0.0587406015037594,11.0,5.5
2024,Punjab,Fatehgarh Sahib,690187,8.0,1.1591061552883493,0.0587406015037594,11.0,5.5
2024,Punjab,Fazilka,1683506,83.0,4.9301873589996115,0.0587406015037594,11.0,5.5
2024,Punjab,Ferozepur,1683506,44.0,2.6135932987467823,0.0587406015037594,11.0,5.5
2024,Punjab,GRP,1683506,2.0,0.118799695397581,0.0587406015037594,11.0,5.5
2024,Punjab,Gurdaspur,2643071,27.0,1.0215389597933615,0.0587406015037594,11.0,5.5
2024,Punjab,Hoshiarpur,1824618,30.0,1.6441797680391184,0.0587406015037594,11.0,5.5
2024,Punjab,Jalandhar Rural,2522628,22.0,0.8721063906370659,0.0587406015037594,11.0,5.5
2024,Punjab,Kapurthala,937443,32.0,3.4135408766186317,0.0587406015037594,11.0,5.5
2024,Punjab,Khanna,1683506,16.0,0.950397563180648,0.0587406015037594,11.0,5.5
2024,Punjab,Ludhiana Rural,4023549,28.0,0.6959030447995042,0.0587406015037594,11.0,5.5
2024,Punjab,Mansa,885213,18.0,2.0334089083644273,0.0587406015037594,11.0,5.5
2024,Punjab,Moga,1145107,36.0,3.1438110150405163,0.0587406015037594,11.0,5.5
2024,Punjab,Muktsar,1037180,14.0,1.3498139185098055,0.0587406015037594,11.0,5.5
2024,Punjab,Pathankot,1683506,10.0,0.593998476987905,0.0587406015037594,11.0,5.5
2024,Punjab,Patiala,2180038,73.0,3.348565483720926,0.0587406015037594,11.0,5.5
2024,Punjab,Ropar,1683506,19.0,1.1285971062770195,0.0587406015037594,11.0,5.5
2024,Punjab,Sangrur,1903444,39.0,2.04891764611935,0.0587406015037594,11.0,5.5
2024,Punjab,SAS Nagar,1683506,137.0,8.137779134734298,0.0587406015037594,11.0,5.5
2024,Punjab,SBS Nagar,1683506,16.0,0.950397563180648,0.0587406015037594,11.0,5.5
2024,Punjab,Tarn Taran,1287571,20.0,1.5533123998598914,0.0587406015037594,11.0,5.5
2024,Punjab,Bureau of Investigation,1683506,2.0,0.118799695397581,0.0587406015037594,11.0,5.5
2024,Punjab,Intelligence Wing,1683506,0.0,0.0,0.0587406015037594,11.0,5.5
2024,Punjab,NRI Wing,1683506,8.0,0.475198781590324,0.0587406015037594,11.0,5.5
2024,Punjab,Special Task Force,1683506,0.0,0.0,0.0587406015037594,11.0,5.5
2024,Punjab,Malerkotla,1683506,8.0,0.475198781590324,0.0587406015037594,11.0,5.5
2024,Punjab,Cyber Crime Wing,1683506,0.0,0.0,0.0587406015037594,11.0,5.5
2024,Punjab,Total Districts ,1683506,992.0,58.92464891720017,0.0587406015037594,11.0,5.5
2024,Rajasthan,Ajmer,2970509,223.0,7.507130932779534,0.1282991202346041,24.3,2.7
2024,Rajasthan,Alwar,4225305,537.0,12.709141706930032,0.1282991202346041,24.3,2.7
2024,Rajasthan,Banswara,2067107,189.0,9.143213196027103,0.1282991202346041,24.3,2.7
2024,Rajasthan,Baran,1406168,196.0,13.938590552480216,0.1282991202346041,24.3,2.7
2024,Rajasthan,Barmer,2994313,209.0,6.9798982270724546,0.1282991202346041,24.3,2.7
2024,Rajasthan,Bharatpur,2930731,308.0,10.509323441830723,0.1282991202346041,24.3,2.7
2024,Rajasthan,Bhilwara,2769801,280.0,10.109029493454585,0.1282991202346041,24.3,2.7
2024,Rajasthan,Bikaner,2718527,301.0,11.072172540497114,0.1282991202346041,24.3,2.7
2024,Rajasthan,Bundi,1277541,140.0,10.958552406537247,0.1282991202346041,24.3,2.7
2024,Rajasthan,Chittorgarh,2485185,177.0,7.122206193905082,0.1282991202346041,24.3,2.7
2024,Rajasthan,Churu,2345479,175.0,7.461162517336543,0.1282991202346041,24.3,2.7
2024,Rajasthan,Dausa,1879570,256.0,13.620136520587156,0.1282991202346041,24.3,2.7
2024,Rajasthan,Dholpur,2485185,293.0,11.789866750362648,0.1282991202346041,24.3,2.7
2024,Rajasthan,Dungarpur,1596834,116.0,7.264374380806021,0.1282991202346041,24.3,2.7
2024,Rajasthan,GRP Ajmer,2485185,5.0,0.20119226536455032,0.1282991202346041,24.3,2.7
2024,Rajasthan,GRP Jodhpur,2485185,0.0,0.0,0.1282991202346041,24.3,2.7
2024,Rajasthan,Ganganagar,2264543,307.0,13.556819190450346,0.1282991202346041,24.3,2.7
2024,Rajasthan,Hanumangarh,2040895,321.0,15.728393670424007,0.1282991202346041,24.3,2.7
2024,Rajasthan,Jaipur East,2485185,346.0,13.922504763226883,0.1282991202346041,24.3,2.7
2024,Rajasthan,Jaipur North,2485185,148.0,5.95529105479069,0.1282991202346041,24.3,2.7
2024,Rajasthan,Jaipur Rural,7620104,194.0,2.545897011379372,0.1282991202346041,24.3,2.7
2024,Rajasthan,Jaipur South,2485185,274.0,11.025336141977357,0.1282991202346041,24.3,2.7
2024,Rajasthan,Jaipur West,2485185,269.0,10.824143876612808,0.1282991202346041,24.3,2.7
2024,Rajasthan,Jaisalmer,770406,40.0,5.19206755918308,0.1282991202346041,24.3,2.7
2024,Rajasthan,Jalore,2485185,81.0,3.2593146989057153,0.1282991202346041,24.3,2.7
2024,Rajasthan,Jhalawar,1622798,259.0,15.960088686330646,0.1282991202346041,24.3,2.7
2024,Rajasthan,Jhunjhunu,2485185,177.0,7.122206193905082,0.1282991202346041,24.3,2.7
2024,Rajasthan,Jodhpur East,2485185,127.0,5.110283540259578,0.1282991202346041,24.3,2.7
2024,Rajasthan,Jodhpur West,2485185,176.0,7.081967740832171,0.1282991202346041,24.3,2.7
2024,Rajasthan,Jodhpur Rural,4240239,137.0,3.230949953528563,0.1282991202346041,24.3,2.7
2024,Rajasthan,Karauli,1676985,196.0,11.687641809557032,0.1282991202346041,24.3,2.7
2024,Rajasthan,Kota City,2243666,226.0,10.072800497043676,0.1282991202346041,24.3,2.7
2024,Rajasthan,Kota Rural,2243666,98.0,4.367851542965843,0.1282991202346041,24.3,2.7
2024,Rajasthan,Nagaur,3803904,238.0,6.256729927989771,0.1282991202346041,24.3,2.7
2024,Rajasthan,Pali,2343208,180.0,7.6817764364068415,0.1282991202346041,24.3,2.7
2024,Rajasthan,Pratapgarh,998025,245.0,24.54848325442749,0.1282991202346041,24.3,2.7
2024,Rajasthan,Pratapgarh,3690512,245.0,6.638645261145338,0.1282991202346041,24.3,2.7
2024,Rajasthan,Rajsamand,1330086,150.0,11.277466269098388,0.1282991202346041,24.3,2.7
2024,Rajasthan,Sawai Madhopur,1535883,138.0,8.985059408822156,0.1282991202346041,24.3,2.7
2024,Rajasthan,Sikar,3078932,269.0,8.7367957460574,0.1282991202346041,24.3,2.7
2024,Rajasthan,Sirohi,1191797,168.0,14.096360370096585,0.1282991202346041,24.3,2.7
2024,Rajasthan,Tonk,1634524,134.0,8.198105381138484,0.1282991202346041,24.3,2.7
2024,Rajasthan,Udaipur,3528682,342.0,9.692003983356958,0.1282991202346041,24.3,2.7
2024,Rajasthan,Jaipur Metro,2485185,0.0,0.0,0.1282991202346041,24.3,2.7
2024,Rajasthan,SCRB,2485185,0.0,0.0,0.1282991202346041,24.3,2.7
2024,Rajasthan,ATS & SOG,2485185,0.0,0.0,0.1282991202346041,24.3,2.7
2024,Rajasthan,SSB,2485185,0.0,0.0,0.1282991202346041,24.3,2.7
2024,Rajasthan,Jaipur Crime,2485185,0.0,0.0,0.1282991202346041,24.3,2.7
2024,Rajasthan,Bhiwadi,2485185,158.0,6.35767558551979,0.1282991202346041,24.3,2.7
2024,Rajasthan,Beawar,2485185,205.0,8.248882879946564,0.1282991202346041,24.3,2.7
2024,Rajasthan,Didwana-Kuchaman,2485185,177.0,7.122206193905082,0.1282991202346041,24.3,2.7
2024,Rajasthan,Kekri,2485185,78.0,3.138599339686985,0.1282991202346041,24.3,2.7
2024,Rajasthan,Shahpura,2485185,74.0,2.977645527395345,0.1282991202346041,24.3,2.7
2024,Rajasthan,Deeg,2485185,286.0,11.508197578852279,0.1282991202346041,24.3,2.7
2024,Rajasthan,Gangapur City,2485185,157.0,6.31743713244688,0.1282991202346041,24.3,2.7
2024,Rajasthan,Anupgarh,2485185,158.0,6.35767558551979,0.1282991202346041,24.3,2.7
2024,Rajasthan,Dudu,2485185,42.0,1.6900150290622227,0.1282991202346041,24.3,2.7
2024,Rajasthan,Khairtal-Tijara,2485185,80.0,3.219076245832805,0.1282991202346041,24.3,2.7
2024,Rajasthan,Kotputli-Behror,2485185,171.0,6.880775475467621,0.1282991202346041,24.3,2.7
2024,Rajasthan,Balotra,2485185,109.0,4.385991384947197,0.1282991202346041,24.3,2.7
2024,Rajasthan,Phalodi,2485185,60.0,2.414307184374604,0.1282991202346041,24.3,2.7
2024,Rajasthan,Jodhpur Crime,2485185,0.0,0.0,0.1282991202346041,24.3,2.7
2024,Rajasthan,Sanchore,2485185,92.0,3.701937682707726,0.1282991202346041,24.3,2.7
2024,Rajasthan,Neem Ka Thana,2485185,133.0,5.351714258697038,0.1282991202346041,24.3,2.7
2024,Rajasthan,Salumbar,2485185,56.0,2.2533533720829637,0.1282991202346041,24.3,2.7
2024,Rajasthan,Total Districts ,2485185,10681.0,429.78691727175243,0.1282991202346041,24.3,2.7
2024,Sikkim,Gangtok (East),1219441,6.0,0.49202872463694436,0.08117977528089888,7.6,9.8
2024,Sikkim,Mangan (North),1219441,0.0,0.0,0.08117977528089888,7.6,9.8
2024,Sikkim,Namchi (South),1219441,4.0,0.32801914975796287,0.08117977528089888,7.6,9.8
2024,Sikkim,Soreng (West),1219441,0.0,0.0,0.08117977528089888,7.6,9.8
2024,Sikkim,CID,1219441,0.0,0.0,0.08117977528089888,7.6,9.8
2024,Sikkim,Pakyong (East),1219441,0.0,0.0,0.08117977528089888,7.6,9.8
2024,Sikkim,Gyalshing (West),1219441,5.0,0.4100239371974536,0.08117977528089888,7.6,9.8
2024,Sikkim,Total Districts ,1219441,15.0,1.2300718115923608,0.08117977528089888,7.6,9.8
2024,Tamil Nadu,Ariyalur,868128,18.0,2.0734269600796194,0.10120225232080353,38.1,5.3
2024,Tamil Nadu,Chennai,5343741,116.0,2.1707638899415223,0.10120225232080353,38.1,5.3
2024,Tamil Nadu,Coimbatore,3976751,16.0,0.4023384918995431,0.10120225232080353,38.1,5.3
2024,Tamil Nadu,Coimbatore City,3976751,46.0,1.1567231642111866,0.10120225232080353,38.1,5.3
2024,Tamil Nadu,Cuddalore,2996801,34.0,1.1345431344957506,0.10120225232080353,38.1,5.3
2024,Tamil Nadu,Dharmapuri,1732869,7.0,0.4039543670063923,0.10120225232080353,38.1,5.3
2024,Tamil Nadu,Dindigul,2483741,30.0,1.2078554084342932,0.10120225232080353,38.1,5.3
2024,Tamil Nadu,Erode,2589505,10.0,0.38617419159260163,0.10120225232080353,38.1,5.3
2024,Tamil Nadu,Kanchipuram,2769939,20.0,0.7220375611159668,0.10120225232080353,38.1,5.3
2024,Tamil Nadu,Kanyakumari,2769939,12.0,0.4332225366695801,0.10120225232080353,38.1,5.3
2024,Tamil Nadu,Karur,1224166,18.0,1.4703888198169204,0.10120225232080353,38.1,5.3
2024,Tamil Nadu,Krishnagiri,2161780,12.0,0.5550981135915772,0.10120225232080353,38.1,5.3
2024,Tamil Nadu,Madurai,3493989,39.0,1.116202712716039,0.10120225232080353,38.1,5.3
2024,Tamil Nadu,Madurai City,3493989,4.0,0.11448232950933733,0.10120225232080353,38.1,5.3
2024,Tamil Nadu,Nagapattinam,1858917,12.0,0.6455371595396674,0.10120225232080353,38.1,5.3
2024,Tamil Nadu,Namakkal,1985591,12.0,0.604354068889313,0.10120225232080353,38.1,5.3
2024,Tamil Nadu,Nilgiris,2769939,4.0,0.14440751222319334,0.10120225232080353,38.1,5.3
2024,Tamil Nadu,Perambalur,650006,8.0,1.2307578699273545,0.10120225232080353,38.1,5.3
2024,Tamil Nadu,Pudukottai,2769939,3.0,0.10830563416739503,0.10120225232080353,38.1,5.3
2024,Tamil Nadu,Ramnathapuram,2769939,9.0,0.3249169025021851,0.10120225232080353,38.1,5.3
2024,Tamil Nadu,Railway Chennai,2769939,0.0,0.0,0.10120225232080353,38.1,5.3
2024,Tamil Nadu,Railway Trichy,2769939,0.0,0.0,0.10120225232080353,38.1,5.3
2024,Tamil Nadu,Salem,4004364,12.0,0.2996730566951456,0.10120225232080353,38.1,5.3
2024,Tamil Nadu,Salem City,4004364,8.0,0.1997820377967637,0.10120225232080353,38.1,5.3
2024,Tamil Nadu,Sivagangai,2769939,14.0,0.5054262927811768,0.10120225232080353,38.1,5.3
2024,Tamil Nadu,Thanjavur,2766773,23.0,0.8312933514964906,0.10120225232080353,38.1,5.3
2024,Tamil Nadu,Theni,1432783,21.0,1.465679031646802,0.10120225232080353,38.1,5.3
2024,Tamil Nadu,Thirunelveli,2769939,34.0,1.2274638538971434,0.10120225232080353,38.1,5.3
2024,Tamil Nadu,Thirunelveli City,2769939,7.0,0.2527131463905884,0.10120225232080353,38.1,5.3
2024,Tamil Nadu,Thiruvallur,4287319,19.0,0.44316739668776683,0.10120225232080353,38.1,5.3
2024,Tamil Nadu,Thiruvannamalai,2769939,29.0,1.0469544636181518,0.10120225232080353,38.1,5.3
2024,Tamil Nadu,Thiruvarur,1453918,6.0,0.4126780189804377,0.10120225232080353,38.1,5.3
2024,Tamil Nadu,Thoothukudi,2769939,36.0,1.2996676100087403,0.10120225232080353,38.1,5.3
2024,Tamil Nadu,Tiruppur,2850909,22.0,0.7716836980766485,0.10120225232080353,38.1,5.3
2024,Tamil Nadu,Tiruppur City,2850909,8.0,0.28061225384605404,0.10120225232080353,38.1,5.3
2024,Tamil Nadu,Trichy,2769939,41.0,1.480177000287732,0.10120225232080353,38.1,5.3
2024,Tamil Nadu,Trichy City,2769939,12.0,0.4332225366695801,0.10120225232080353,38.1,5.3
2024,Tamil Nadu,Vellore,4526780,4.0,0.0883630306752261,0.10120225232080353,38.1,5.3
2024,Tamil Nadu,Villupuram,2769939,32.0,1.1552600977855467,0.10120225232080353,38.1,5.3
2024,Tamil Nadu,Virudhunagar,2233631,54.0,2.4175882229428227,0.10120225232080353,38.1,5.3
2024,Tamil Nadu,Cyber Cell,2769939,0.0,0.0,0.10120225232080353,38.1,5.3
2024,Tamil Nadu,Other Units,2769939,0.0,0.0,0.10120225232080353,38.1,5.3
2024,Tamil Nadu,Chengalpattu,2769939,23.0,0.8303431952833619,0.10120225232080353,38.1,5.3
2024,Tamil Nadu,Kallakurichi,2769939,20.0,0.7220375611159668,0.10120225232080353,38.1,5.3
2024,Tamil Nadu,Ranipet,2769939,7.0,0.2527131463905884,0.10120225232080353,38.1,5.3
2024,Tamil Nadu,Tiruppattur,2769939,31.0,1.1191582197297485,0.10120225232080353,38.1,5.3
2024,Tamil Nadu,Tenkasi,2769939,14.0,0.5054262927811768,0.10120225232080353,38.1,5.3
2024,Tamil Nadu,Mayiladuthurai,2769939,3.0,0.10830563416739503,0.10120225232080353,38.1,5.3
2024,Tamil Nadu,Avadi,2769939,17.0,0.6137319269485717,0.10120225232080353,38.1,5.3
2024,Tamil Nadu,Tambaram,2769939,26.0,0.9386488294507568,0.10120225232080353,38.1,5.3
2024,Tamil Nadu,Total Districts ,2769939,953.0,34.40508978717582,0.10120225232080353,38.1,5.3
2024,Telangana,Cyberabad Commissionerate,3550945,493.0,13.883628160954336,0.26160648489314664,36.9,7.6
2024,Telangana,Hyderabad Commissionerate,3550945,888.0,25.007427600258524,0.26160648489314664,36.9,7.6
2024,Telangana,Karimnagar Commissionerate,3550945,114.0,3.210413002735891,0.26160648489314664,36.9,7.6
2024,Telangana,Khammam Commissionerate,3550945,102.0,2.872474791921587,0.26160648489314664,36.9,7.6
2024,Telangana,Nizamabad Commissionerate,3550945,79.0,2.224759887860837,0.26160648489314664,36.9,7.6
2024,Telangana,Rachakonda Commissionerate,3550945,594.0,16.727941435308065,0.26160648489314664,36.9,7.6
2024,Telangana,Ramagundam Commissionerate,3550945,128.0,3.6046742486859134,0.26160648489314664,36.9,7.6
2024,Telangana,Siddipet Commissionerate,3550945,54.0,1.5207219486643695,0.26160648489314664,36.9,7.6
2024,Telangana,Warangal Commissionerate,3550945,177.0,4.984588609510989,0.26160648489314664,36.9,7.6
2024,Telangana,Adilabad,3152424,30.0,0.9516486360971746,0.26160648489314664,36.9,7.6
2024,Telangana,Bhadradri Kothagudem,3550945,68.0,1.9149831946143911,0.26160648489314664,36.9,7.6
2024,Telangana,Jagityal,3550945,78.0,2.1965983702929783,0.26160648489314664,36.9,7.6
2024,Telangana,Jayashankar Bhupalpalli,3550945,24.0,0.6758764216286087,0.26160648489314664,36.9,7.6
2024,Telangana,Jogulamba Gadwal,3550945,21.0,0.5913918689250326,0.26160648489314664,36.9,7.6
2024,Telangana,Kamareddy ,3550945,34.0,0.9574915973071956,0.26160648489314664,36.9,7.6
2024,Telangana,Kumaram Bheem Asifabad,3550945,20.0,0.5632303513571739,0.26160648489314664,36.9,7.6
2024,Telangana,Mahabubabad,3550945,61.0,1.7178525716393807,0.26160648489314664,36.9,7.6
2024,Telangana,Mahabubnagar,3550945,78.0,2.1965983702929783,0.26160648489314664,36.9,7.6
2024,Telangana,Medak,3488281,33.0,0.9460247038584334,0.26160648489314664,36.9,7.6
2024,Telangana,Nagarkurnool,3550945,66.0,1.858660159478674,0.26160648489314664,36.9,7.6
2024,Telangana,Nalgonda,4012130,86.0,2.143499836745071,0.26160648489314664,36.9,7.6
2024,Telangana,Nirmal,3550945,72.0,2.0276292648858263,0.26160648489314664,36.9,7.6
2024,Telangana,Rajanna Siricilla,3550945,21.0,0.5913918689250326,0.26160648489314664,36.9,7.6
2024,Telangana,Sangareddy,3550945,64.0,1.8023371243429567,0.26160648489314664,36.9,7.6
2024,Telangana,Suryapet,3550945,103.0,2.900636309489446,0.26160648489314664,36.9,7.6
2024,Telangana,Vikarabad,3550945,34.0,0.9574915973071956,0.26160648489314664,36.9,7.6
2024,Telangana,Wanaparthy,3550945,0.0,0.0,0.26160648489314664,36.9,7.6
2024,Telangana,Railway Police Secunderabad,3550945,0.0,0.0,0.26160648489314664,36.9,7.6
2024,Telangana,Mulug,3550945,18.0,0.5069073162214566,0.26160648489314664,36.9,7.6
2024,Telangana,Narayanpet,3550945,29.0,0.8166840094679022,0.26160648489314664,36.9,7.6
2024,Telangana,Total Districts ,3550945,3569.0,100.50845619968769,0.26160648489314664,36.9,7.6
2024,Tripura,Dhalai,434964,14.0,3.2186571762260785,0.16066838046272494,17.7,4.6
2024,Tripura,Gomati,1128375,13.0,1.152099257782209,0.16066838046272494,17.7,4.6
2024,Tripura,GRP,1128375,0.0,0.0,0.16066838046272494,17.7,4.6
2024,Tripura,Kowai,1128375,9.0,0.7976071784646063,0.16066838046272494,17.7,4.6
2024,Tripura,North,1021174,22.0,2.1543830924014906,0.16066838046272494,17.7,4.6
2024,Tripura,North,50265,22.0,43.768029443947086,0.16066838046272494,17.7,4.6
2024,Tripura,Sipahijala,1128375,19.0,1.683837376758613,0.16066838046272494,17.7,4.6
2024,Tripura,South,3141718,13.0,0.4137863423770052,0.16066838046272494,17.7,4.6
2024,Tripura,South,168877,13.0,7.697910313423379,0.16066838046272494,17.7,4.6
2024,Tripura,Unakoti,1128375,22.0,1.949706436246815,0.16066838046272494,17.7,4.6
2024,Tripura,West,2924729,25.0,0.8547800497071695,0.16066838046272494,17.7,4.6
2024,Tripura,West,156900,25.0,15.933715742511152,0.16066838046272494,17.7,4.6
2024,Tripura,Crime Branch,1128375,0.0,0.0,0.16066838046272494,17.7,4.6
2024,Tripura,Total Districts ,1128375,137.0,12.141353716627894,0.16066838046272494,17.7,4.6
2024,Uttar Pradesh,Agra,5081616,190.0,3.738968076296989,0.28907303912121796,34.8,2.4
2024,Uttar Pradesh,Aligarh,4224972,53.0,1.2544461833119842,0.28907303912121796,34.8,2.4
2024,Uttar Pradesh,Prayagraj,3086497,194.0,6.285442687940407,0.28907303912121796,34.8,2.4
2024,Uttar Pradesh,Ambedkar Nagar,2757571,80.0,2.901103906300146,0.28907303912121796,34.8,2.4
2024,Uttar Pradesh,Amethi,3086497,62.0,2.0087497250118824,0.28907303912121796,34.8,2.4
2024,Uttar Pradesh,Amroha,3086497,81.0,2.624334318160685,0.28907303912121796,34.8,2.4
2024,Uttar Pradesh,Auraiya,1586476,8.0,0.5042622768954589,0.28907303912121796,34.8,2.4
2024,Uttar Pradesh,Azamgarh,5305999,260.0,4.90011400303694,0.28907303912121796,34.8,2.4
2024,Uttar Pradesh,Badaun,3086497,68.0,2.2031448596904517,0.28907303912121796,34.8,2.4
2024,Uttar Pradesh,Baghpat,1498505,59.0,3.9372574666083864,0.28907303912121796,34.8,2.4
2024,Uttar Pradesh,Bahraich,4010890,148.0,3.689954099962851,0.28907303912121796,34.8,2.4
2024,Uttar Pradesh,Ballia,3725740,87.0,2.3351065828533395,0.28907303912121796,34.8,2.4
2024,Uttar Pradesh,Balrampur,2470964,40.0,1.618801407062183,0.28907303912121796,34.8,2.4
2024,Uttar Pradesh,Banda,2069321,76.0,3.6727023018661678,0.28907303912121796,34.8,2.4
2024,Uttar Pradesh,Barabanki,3086497,22.0,0.7127821604880873,0.28907303912121796,34.8,2.4
2024,Uttar Pradesh,Bareilly,5115612,47.0,0.9187561527340228,0.28907303912121796,34.8,2.4
2024,Uttar Pradesh,Basti,2834133,77.0,2.7168802593244563,0.28907303912121796,34.8,2.4
2024,Uttar Pradesh,Bijnor,4235119,56.0,1.3222768946988266,0.28907303912121796,34.8,2.4
2024,Uttar Pradesh,Bulandshahar,3086497,53.0,1.7171570229940285,0.28907303912121796,34.8,2.4
2024,Uttar Pradesh,Chandoli,3086497,51.0,1.6523586447678387,0.28907303912121796,34.8,2.4
2024,Uttar Pradesh,Chitrakoot,1140489,27.0,2.367405560246526,0.28907303912121796,34.8,2.4
2024,Uttar Pradesh,Deoria,3566087,16.0,0.44867105036977506,0.28907303912121796,34.8,2.4
2024,Uttar Pradesh,Etah,2040651,26.0,1.2741032151014555,0.28907303912121796,34.8,2.4
2024,Uttar Pradesh,Etawah,1819081,22.0,1.2094018902951547,0.28907303912121796,34.8,2.4
2024,Uttar Pradesh,Ayodhya,3086497,49.0,1.5875602665416488,0.28907303912121796,34.8,2.4
2024,Uttar Pradesh,Fatehgarh,3086497,28.0,0.9071772951666565,0.28907303912121796,34.8,2.4
2024,Uttar Pradesh,Fatehpur,3027642,112.0,3.699248458040944,0.28907303912121796,34.8,2.4
2024,Uttar Pradesh,Firozabad,2872879,88.0,3.063129355604604,0.28907303912121796,34.8,2.4
2024,Uttar Pradesh,GRP,3086497,4.0,0.1295967564523795,0.28907303912121796,34.8,2.4
2024,Uttar Pradesh,Gautambudh Nagar,3086497,40.0,1.2959675645237951,0.28907303912121796,34.8,2.4
2024,Uttar Pradesh,Ghaziabad,5383891,381.0,7.076666299522038,0.28907303912121796,34.8,2.4
2024,Uttar Pradesh,Ghazipur,4163308,49.0,1.1769487148200422,0.28907303912121796,34.8,2.4
2024,Uttar Pradesh,Gonda,3949006,162.0,4.102298147939001,0.28907303912121796,34.8,2.4
2024,Uttar Pradesh,Gorakhpur,5107029,21.0,0.4111979783157683,0.28907303912121796,34.8,2.4
2024,Uttar Pradesh,Hamirpur,522983,59.0,11.281437446341469,0.28907303912121796,34.8,2.4
2024,Uttar Pradesh,Hamirpur,1269927,59.0,4.645936341222764,0.28907303912121796,34.8,2.4
2024,Uttar Pradesh,Hapur,3086497,58.0,1.8791529685595028,0.28907303912121796,34.8,2.4
2024,Uttar Pradesh,Hardoi,4706771,98.0,2.0821068201533492,0.28907303912121796,34.8,2.4
2024,Uttar Pradesh,Hathras,3086497,58.0,1.8791529685595028,0.28907303912121796,34.8,2.4
2024,Uttar Pradesh,Jalaun,1943470,43.0,2.2125373687270704,0.28907303912121796,34.8,2.4
2024,Uttar Pradesh,Jaunpur,5168334,108.0,2.0896482309386353,0.28907303912121796,34.8,2.4
2024,Uttar Pradesh,Jhansi,2298393,84.0,3.654727455226326,0.28907303912121796,34.8,2.4
2024,Uttar Pradesh,Kannauj,1905108,66.0,3.464370523875812,0.28907303912121796,34.8,2.4
2024,Uttar Pradesh,Kanpur Dehat,2065611,22.0,1.065060168637754,0.28907303912121796,34.8,2.4
2024,Uttar Pradesh,Kanpur Commissionarate,3086497,222.0,7.192619983107062,0.28907303912121796,34.8,2.4
2024,Uttar Pradesh,Kasganj,3086497,59.0,1.9115521576725978,0.28907303912121796,34.8,2.4
2024,Uttar Pradesh,Kaushambi,1839535,82.0,4.4576482643711595,0.28907303912121796,34.8,2.4
2024,Uttar Pradesh,Khiri,3086497,88.0,2.851128641952349,0.28907303912121796,34.8,2.4
2024,Uttar Pradesh,Kushi Nagar,3086497,18.0,0.5831854040357078,0.28907303912121796,34.8,2.4
2024,Uttar Pradesh,Lalitpur,1404830,22.0,1.566025782479019,0.28907303912121796,34.8,2.4
2024,Uttar Pradesh,Lucknow Commissionarate,3086497,328.0,10.62693402909512,0.28907303912121796,34.8,2.4
2024,Uttar Pradesh,Maharajganj,3086497,61.0,1.9763505358987876,0.28907303912121796,34.8,2.4
2024,Uttar Pradesh,Mahoba,1007351,19.0,1.8861350214572674,0.28907303912121796,34.8,2.4
2024,Uttar Pradesh,Mainpuri,2148808,39.0,1.8149597358163225,0.28907303912121796,34.8,2.4
2024,Uttar Pradesh,Mathura,2929261,107.0,3.6527984361926094,0.28907303912121796,34.8,2.4
2024,Uttar Pradesh,Mau,2536863,84.0,3.3111760469524762,0.28907303912121796,34.8,2.4
2024,Uttar Pradesh,Meerut,3960242,136.0,3.4341335706252294,0.28907303912121796,34.8,2.4
2024,Uttar Pradesh,Mirzapur,2871515,30.0,1.0447446731080978,0.28907303912121796,34.8,2.4
2024,Uttar Pradesh,Moradabad,5487806,38.0,0.6924443028780537,0.28907303912121796,34.8,2.4
2024,Uttar Pradesh,Muzaffarnagar,4765038,144.0,3.022011576822682,0.28907303912121796,34.8,2.4
2024,Uttar Pradesh,Pilibhit,2335658,205.0,8.776969915972286,0.28907303912121796,34.8,2.4
2024,Uttar Pradesh,Pratapgarh,998025,66.0,6.613060795070265,0.28907303912121796,34.8,2.4
2024,Uttar Pradesh,Pratapgarh,3690512,66.0,1.7883697438187438,0.28907303912121796,34.8,2.4
2024,Uttar Pradesh,Raibareilly,3086497,74.0,2.397539994369021,0.28907303912121796,34.8,2.4
2024,Uttar Pradesh,Rampur,2686191,149.0,5.546887767846739,0.28907303912121796,34.8,2.4
2024,Uttar Pradesh,Saharanpur,3986339,71.0,1.781082843180171,0.28907303912121796,34.8,2.4
2024,Uttar Pradesh,Sambhal,3086497,120.0,3.887902693571385,0.28907303912121796,34.8,2.4
2024,Uttar Pradesh,Sant Kabirnagar,3086497,85.0,2.7539310746130647,0.28907303912121796,34.8,2.4
2024,Uttar Pradesh,Shahjahanpur,3457518,38.0,1.09905429270361,0.28907303912121796,34.8,2.4
2024,Uttar Pradesh,Shamli,3086497,63.0,2.0411489141249772,0.28907303912121796,34.8,2.4
2024,Uttar Pradesh,Shrawasti,1284965,39.0,3.0351021234041395,0.28907303912121796,34.8,2.4
2024,Uttar Pradesh,Sidharthnagar,3086497,44.0,1.4255643209761746,0.28907303912121796,34.8,2.4
2024,Uttar Pradesh,Sitapur,5156590,122.0,2.36590459974518,0.28907303912121796,34.8,2.4
2024,Uttar Pradesh,Sonbhadra,2141942,166.0,7.749976423264496,0.28907303912121796,34.8,2.4
2024,Uttar Pradesh,Bhadohi,3086497,21.0,0.6803829713749925,0.28907303912121796,34.8,2.4
2024,Uttar Pradesh,Sultanpur,4366684,138.0,3.1602927988377454,0.28907303912121796,34.8,2.4
2024,Uttar Pradesh,Unnao,3574622,59.0,1.6505241673105575,0.28907303912121796,34.8,2.4
2024,Uttar Pradesh,Varanasi Commissionarate,3086497,153.0,4.957075934303516,0.28907303912121796,34.8,2.4
2024,Uttar Pradesh,Total Districts ,3086497,6423.0,208.0999916734084,0.28907303912121796,34.8,2.4
2024,Uttarakhand,Almora,715881,20.0,2.7937604154880487,0.15313935681470137,15.0,3.6
2024,Uttarakhand,Bageshwar,298882,2.0,0.6691604044405485,0.15313935681470137,15.0,3.6
2024,Uttarakhand,Chamoli,450345,9.0,1.9984678413216534,0.15313935681470137,15.0,3.6
2024,Uttarakhand,Champawat,298595,12.0,4.018821480600814,0.15313935681470137,15.0,3.6
2024,Uttarakhand,Dehradun,1951198,155.0,7.943837580809328,0.15313935681470137,15.0,3.6
2024,Uttarakhand,Haridwar,717779,214.0,29.814190718870293,0.15313935681470137,15.0,3.6
2024,Uttarakhand,Nainital,1097795,72.0,6.558601560400621,0.15313935681470137,15.0,3.6
2024,Uttarakhand,Pauri Garhwal,717779,17.0,2.368417019723341,0.15313935681470137,15.0,3.6
2024,Uttarakhand,Pithoragarh,555954,13.0,2.338322954776834,0.15313935681470137,15.0,3.6
2024,Uttarakhand,Rudra Prayag,717779,0.0,0.0,0.15313935681470137,15.0,3.6
2024,Uttarakhand,Tehri Garhwal,711770,1.0,0.1404948227657811,0.15313935681470137,15.0,3.6
2024,Uttarakhand,Udhamsingh Nagar,717779,116.0,16.160963193406328,0.15313935681470137,15.0,3.6
2024,Uttarakhand,Uttarkashi,379598,6.0,1.5806194974683745,0.15313935681470137,15.0,3.6
2024,Uttarakhand,GRP,717779,0.0,0.0,0.15313935681470137,15.0,3.6
2024,Uttarakhand,Cyber Cell,717779,0.0,0.0,0.15313935681470137,15.0,3.6
2024,Uttarakhand,Total Districts ,717779,637.0,88.74597891551578,0.15313935681470137,15.0,3.6
2024,West Bengal,Alipurduar,4419516,75.0,1.6970184065404448,0.19189589853401418,27.0,5.9
2024,West Bengal,Asansol-Durgapur PC,4419516,42.0,0.950330307662649,0.19189589853401418,27.0,5.9
2024,West Bengal,Bankura,4136175,48.0,1.1604924839978965,0.19189589853401418,27.0,5.9
2024,West Bengal,Barrackpur PC,4419516,55.0,1.2444801647963262,0.19189589853401418,27.0,5.9
2024,West Bengal,Bidhannagar PC,4419516,26.0,0.5882997142673542,0.19189589853401418,27.0,5.9
2024,West Bengal,Birbhum,4027764,77.0,1.9117306773683858,0.19189589853401418,27.0,5.9
2024,West Bengal,Coochbehar,4419516,191.0,4.321740208656332,0.19189589853401418,27.0,5.9
2024,West Bengal,Dakshin Dinajpur,1927717,79.0,4.098111911655082,0.19189589853401418,27.0,5.9
2024,West Bengal,Darjeeling,4419516,25.0,0.5656728021801483,0.19189589853401418,27.0,5.9
2024,West Bengal,Hooghly Rural Police,4419516,88.0,1.9911682636741217,0.19189589853401418,27.0,5.9
2024,West Bengal,Howrah GRP,4419516,0.0,0.0,0.19189589853401418,27.0,5.9
2024,West Bengal,Howrah PC,4419516,26.0,0.5882997142673542,0.19189589853401418,27.0,5.9
2024,West Bengal,Howrah Rural,4419516,34.0,0.7693150109650015,0.19189589853401418,27.0,5.9
2024,West Bengal,Jalpaiguri,4453772,83.0,1.8635888860049414,0.19189589853401418,27.0,5.9
2024,West Bengal,Jhargram,4419516,16.0,0.36203059339529486,0.19189589853401418,27.0,5.9
2024,West Bengal,Kharagpur GRP,4419516,3.0,0.0678807362616178,0.19189589853401418,27.0,5.9
2024,West Bengal,Kolkata,5171198,76.0,1.4696787862309661,0.19189589853401418,27.0,5.9
2024,West Bengal,Malda,4419516,357.0,8.077807615132517,0.19189589853401418,27.0,5.9
2024,West Bengal,Murshidabad Police District,4419516,383.0,8.666107329399871,0.19189589853401418,27.0,5.9
2024,West Bengal,Paschim Medinipur,6800475,127.0,1.867516607295814,0.19189589853401418,27.0,5.9
2024,West Bengal,Purab Medinipur,4419516,155.0,3.5071713735169188,0.19189589853401418,27.0,5.9
2024,West Bengal,Purulia,4419516,53.0,1.1992263406219141,0.19189589853401418,27.0,5.9
2024,West Bengal,Sealdah GRP,4419516,2.0,0.04525382417441186,0.19189589853401418,27.0,5.9
2024,West Bengal,Siliguri GRP,4419516,2.0,0.04525382417441186,0.19189589853401418,27.0,5.9
2024,West Bengal,Siliguri PC,4419516,23.0,0.5204189780057363,0.19189589853401418,27.0,5.9
2024,West Bengal,Baruipur Police,4419516,200.0,4.525382417441186,0.19189589853401418,27.0,5.9
2024,West Bengal,Chandannagar PC,4419516,20.0,0.45253824174411855,0.19189589853401418,27.0,5.9
2024,West Bengal,Diamond Harbour Police,4419516,72.0,1.629137670278827,0.19189589853401418,27.0,5.9
2024,West Bengal,Kalimpong,4419516,9.0,0.20364220878485337,0.19189589853401418,27.0,5.9
2024,West Bengal,Purba Bardhaman,4419516,106.0,2.3984526812438283,0.19189589853401418,27.0,5.9
2024,West Bengal,Sundarban Police,4419516,87.0,1.968541351586916,0.19189589853401418,27.0,5.9
2024,West Bengal,Barasat,4419516,57.0,1.289733988970738,0.19189589853401418,27.0,5.9
2024,West Bengal,Basirhat,4419516,95.0,2.1495566482845634,0.19189589853401418,27.0,5.9
2024,West Bengal,Bangaon,4419516,93.0,2.1043028241101513,0.19189589853401418,27.0,5.9
2024,West Bengal,Islampur,4419516,50.0,1.1313456043602965,0.19189589853401418,27.0,5.9
2024,West Bengal,Jangipur Police District,4419516,44.0,0.9955841318370608,0.19189589853401418,27.0,5.9
2024,West Bengal,Krishnagar,4419516,247.0,5.588847285539865,0.19189589853401418,27.0,5.9
2024,West Bengal,Raiganj,4419516,61.0,1.3802416373195618,0.19189589853401418,27.0,5.9
2024,West Bengal,Ranaghat,4419516,124.0,2.8057370988135353,0.19189589853401418,27.0,5.9
2024,West Bengal,Total Districts ,4419516,3311.0,74.91770592073883,0.19189589853401418,27.0,5.9
2024,A&N Islands,South Andaman,273863,16.0,5.842337227007664,0.04542483660130719,26.72809498399146,
2024,A&N Islands,North & Middle Andaman,121436,2.0,1.6469580684475773,0.04542483660130719,26.72809498399146,
2024,A&N Islands,Nicobar,197649,0.0,0.0,0.04542483660130719,26.72809498399146,
2024,A&N Islands,Total Districts ,197649,18.0,9.107053412868266,0.04542483660130719,26.72809498399146,
2024,Chandigarh,All Districts,1213767,151.0,12.440608452857921,0.03423645320197044,26.72809498399146,
2024,Chandigarh,Total Districts ,1213767,151.0,12.440608452857921,0.03423645320197044,26.72809498399146,
2024,D&N Haveli and Daman & Diu,D&N Haveli,139866,6.0,4.289820256531251,0.1311320754716981,26.72809498399146,
2024,D&N Haveli and Daman & Diu,Daman,219848,8.0,3.6388777700957022,0.1311320754716981,26.72809498399146,
2024,D&N Haveli and Daman & Diu,Diu,59885,2.0,3.339734491107957,0.1311320754716981,26.72809498399146,
2024,D&N Haveli and Daman & Diu,Total Districts ,139866,16.0,11.439520684083337,0.1311320754716981,26.72809498399146,
2024,Delhi,Central,669668,160.0,23.892436251993523,0.06374840628984275,12.5,5.3
2024,Delhi,Crime Branch,1058850,0.0,0.0,0.06374840628984275,12.5,5.3
2024,Delhi,East,1965747,189.0,9.614665569882595,0.06374840628984275,12.5,5.3
2024,Delhi,East,326120,189.0,57.95412731509873,0.06374840628984275,12.5,5.3
2024,Delhi,EOW,1058850,0.0,0.0,0.06374840628984275,12.5,5.3
2024,Delhi,IGI Airport,1058850,10.0,0.9444208339235964,0.06374840628984275,12.5,5.3
2024,Delhi,Metro,1058850,2.0,0.18888416678471928,0.06374840628984275,12.5,5.3
2024,Delhi,New Delhi,163304,25.0,15.30887179738402,0.06374840628984275,12.5,5.3
2024,Delhi,North,1021174,131.0,12.828372050208877,0.06374840628984275,12.5,5.3
2024,Delhi,North,50265,131.0,260.6187207798667,0.06374840628984275,12.5,5.3
2024,Delhi,North-East,1058850,145.0,13.694102091892148,0.06374840628984275,12.5,5.3
2024,Delhi,North-West,1058850,114.0,10.766397506728998,0.06374840628984275,12.5,5.3
2024,Delhi,Outer,1058850,147.0,13.882986258676867,0.06374840628984275,12.5,5.3
2024,Delhi,RAILWAY,1058850,9.0,0.8499787505312367,0.06374840628984275,12.5,5.3
2024,Delhi,South,3141718,173.0,5.506541325478607,0.06374840628984275,12.5,5.3
2024,Delhi,South,168877,173.0,102.44142186324957,0.06374840628984275,12.5,5.3
2024,Delhi,South-East,1058850,198.0,18.69953251168721,0.06374840628984275,12.5,5.3
2024,Delhi,South-West,1058850,166.0,15.677385843131699,0.06374840628984275,12.5,5.3
2024,Delhi,Spl Cell,1058850,0.0,0.0,0.06374840628984275,12.5,5.3
2024,Delhi,SPUWAC,1058850,0.0,0.0,0.06374840628984275,12.5,5.3
2024,Delhi,Vigilance,1058850,0.0,0.0,0.06374840628984275,12.5,5.3
2024,Delhi,West,2924729,113.0,3.863605824676406,0.06374840628984275,12.5,5.3
2024,Delhi,West,156900,113.0,72.02039515615041,0.06374840628984275,12.5,5.3
2024,Delhi,Rohini,1058850,128.0,12.088586674222034,0.06374840628984275,12.5,5.3
2024,Delhi,Shahdara,1058850,134.0,12.65523917457619,0.06374840628984275,12.5,5.3
2024,Delhi,Dwarka,1058850,198.0,18.69953251168721,0.06374840628984275,12.5,5.3
2024,Delhi,Outer North,1058850,152.0,14.355196675638664,0.06374840628984275,12.5,5.3
2024,Delhi,Total Districts ,1058850,2194.0,207.20593096283704,0.06374840628984275,12.5,5.3
2024,Jammu & Kashmir,Anantnag,1240495,30.0,2.4183894332504363,0.0,26.72809498399146,
2024,Jammu & Kashmir,Awantipora,718362,10.0,1.3920558158699932,0.0,26.72809498399146,
2024,Jammu & Kashmir,Bandipora,718362,10.0,1.3920558158699932,0.0,26.72809498399146,
2024,Jammu & Kashmir,Baramulla,718362,22.0,3.062522794913985,0.0,26.72809498399146,
2024,Jammu & Kashmir,Budgam,718362,24.0,3.3409339580879833,0.0,26.72809498399146,
2024,Jammu & Kashmir,Special Crime Wing Jammu,718362,0.0,0.0,0.0,26.72809498399146,
2024,Jammu & Kashmir,Special Crime Wing Kashmir,718362,0.0,0.0,0.0,26.72809498399146,
2024,Jammu & Kashmir,Doda,471426,34.0,7.212160551178764,0.0,26.72809498399146,
2024,Jammu & Kashmir,Ganderbal,342062,5.0,1.4617233133174687,0.0,26.72809498399146,
2024,Jammu & Kashmir,Handwara,718362,3.0,0.4176167447609979,0.0,26.72809498399146,
2024,Jammu & Kashmir,Jammu,1759451,110.0,6.251950182187511,0.0,26.72809498399146,
2024,Jammu & Kashmir,Kathua,708900,20.0,2.8212723938496262,0.0,26.72809498399146,
2024,Jammu & Kashmir,Kishtwar,265300,10.0,3.769317753486619,0.0,26.72809498399146,
2024,Jammu & Kashmir,Kulgam,488155,16.0,3.277647468529463,0.0,26.72809498399146,
2024,Jammu & Kashmir,Kupwara,1000907,16.0,1.5985501150456536,0.0,26.72809498399146,
2024,Jammu & Kashmir,Poonch,718362,50.0,6.960279079349966,0.0,26.72809498399146,
2024,Jammu & Kashmir,Pulwama,644506,4.0,0.6206303742711472,0.0,26.72809498399146,
2024,Jammu & Kashmir,Railways Jammu,718362,0.0,0.0,0.0,26.72809498399146,
2024,Jammu & Kashmir,Railways Kashmir,718362,0.0,0.0,0.0,26.72809498399146,
2024,Jammu & Kashmir,Railways Katra,718362,0.0,0.0,0.0,26.72809498399146,
2024,Jammu & Kashmir,Rajouri,738777,48.0,6.497224466923036,0.0,26.72809498399146,
2024,Jammu & Kashmir,Ramban,326269,34.0,10.420849054001453,0.0,26.72809498399146,
2024,Jammu & Kashmir,Reasi,361867,18.0,4.974203229363274,0.0,26.72809498399146,
2024,Jammu & Kashmir,Samba,366732,16.0,4.362858981490571,0.0,26.72809498399146,
2024,Jammu & Kashmir,Shopian,718362,10.0,1.3920558158699932,0.0,26.72809498399146,
2024,Jammu & Kashmir,Sopore,718362,6.0,0.8352334895219958,0.0,26.72809498399146,
2024,Jammu & Kashmir,Srinagar,1422353,19.0,1.3358146676668872,0.0,26.72809498399146,
2024,Jammu & Kashmir,Udhampur,638232,17.0,2.6636082177014,0.0,26.72809498399146,
2024,Jammu & Kashmir,Cyber Crime Jammu,718362,0.0,0.0,0.0,26.72809498399146,
2024,Jammu & Kashmir,Cyber Crime Kashmir,718362,0.0,0.0,0.0,26.72809498399146,
2024,Jammu & Kashmir,Anti Narcotic Task Force Jammu,718362,0.0,0.0,0.0,26.72809498399146,
2024,Jammu & Kashmir,Anti Narcotic Task Force Kashmir,718362,0.0,0.0,0.0,26.72809498399146,
2024,Jammu & Kashmir,EOW Jammu,718362,0.0,0.0,0.0,26.72809498399146,
2024,Jammu & Kashmir,EOW Kashmir,718362,0.0,0.0,0.0,26.72809498399146,
2024,Jammu & Kashmir,CICE Jammu,718362,0.0,0.0,0.0,26.72809498399146,
2024,Jammu & Kashmir,CICE Kashmir,718362,0.0,0.0,0.0,26.72809498399146,
2024,Jammu & Kashmir,Total Districts ,718362,532.0,74.05736940428363,0.0,26.72809498399146,
2024,Ladakh,Kargil,161922,3.0,1.8527439137362434,0.0891025641025641,26.72809498399146,
2024,Ladakh,Leh,153510,1.0,0.6514233600416911,0.0891025641025641,26.72809498399146,
2024,Ladakh,Total Districts ,157716,4.0,2.536204316619747,0.0891025641025641,26.72809498399146,
2024,Lakshadweep,Lakshadweep,74143,4.0,5.394979971136857,0.15892857142857142,26.72809498399146,
2024,Lakshadweep,Total Districts ,74143,4.0,5.394979971136857,0.15892857142857142,26.72809498399146,
2024,Puducherry,Karaikal,230255,0.0,0.0,0.06747572815533981,26.72809498399146,
2024,Puducherry,Puducherry,1092832,27.0,2.470645076278879,0.06747572815533981,26.72809498399146,
2024,Puducherry,Total Districts ,661543,27.0,4.081367348758886,0.06747572815533981,26.72809498399146,
