Year,State,District,spousal_violence_pct,sought_help_pct,justice_gap,gap_severity,crime_rate,police_vacancy_rate
2021,Karnataka,Bagalkot,44.4,3.8,40.6,CRITICAL GAP,2.07,0.18
2021,Karnataka,Bengaluru City,44.4,3.8,40.6,CRITICAL GAP,32.21,0.18
2021,Karnataka,Bengaluru District,44.4,3.8,40.6,CRITICAL GAP,6.83,0.18
2021,Karnataka,Belagavi District,44.4,3.8,40.6,CRITICAL GAP,8.29,0.18
2021,Karnataka,Ballari,44.4,3.8,40.6,CRITICAL GAP,6.61,0.18
2021,Karnataka,Bidar,44.4,3.8,40.6,CRITICAL GAP,3.88,0.18
2021,Karnataka,Vijayapura,44.4,3.8,40.6,CRITICAL GAP,6.39,0.18
2021,Karnataka,Chikkaballapura,44.4,3.8,40.6,CRITICAL GAP,5.06,0.18
2021,Karnataka,Chamarajnagar,44.4,3.8,40.6,CRITICAL GAP,1.68,0.18
2021,Karnataka,Chikkamagaluru,44.4,3.8,40.6,CRITICAL GAP,4.71,0.18
2021,Karnataka,Chitradurga,44.4,3.8,40.6,CRITICAL GAP,4.19,0.18
2021,Karnataka,Dakshina Kannada,44.4,3.8,40.6,CRITICAL GAP,1.5,0.18
2021,Karnataka,Davanagere,44.4,3.8,40.6,CRITICAL GAP,4.07,0.18
2021,Karnataka,Dharwad,44.4,3.8,40.6,CRITICAL GAP,1.46,0.18
2021,Karnataka,Gadag,44.4,3.8,40.6,CRITICAL GAP,2.04,0.18
2021,Karnataka,Kalaburgi,44.4,3.8,40.6,CRITICAL GAP,5.55,0.18
2021,Karnataka,Hassan,44.4,3.8,40.6,CRITICAL GAP,3.62,0.18
2021,Karnataka,Haveri,44.4,3.8,40.6,CRITICAL GAP,3.1,0.18
2021,Karnataka,Hubballi Dharwad City,44.4,3.8,40.6,CRITICAL GAP,4.26,0.18
2021,Karnataka,K.G.F.,44.4,3.8,40.6,CRITICAL GAP,1.01,0.18
2021,Karnataka,Kodagu,44.4,3.8,40.6,CRITICAL GAP,5.65,0.18
2021,Karnataka,Kolar,44.4,3.8,40.6,CRITICAL GAP,1.87,0.18
2021,Karnataka,Koppal,44.4,3.8,40.6,CRITICAL GAP,4.25,0.18
2021,Karnataka,Mandya,44.4,3.8,40.6,CRITICAL GAP,4.43,0.18
2021,Karnataka,Mangaluru City,44.4,3.8,40.6,CRITICAL GAP,1.79,0.18
2021,Karnataka,Mysuru City,44.4,3.8,40.6,CRITICAL GAP,2.35,0.18
2021,Karnataka,Mysuru District,44.4,3.8,40.6,CRITICAL GAP,6.16,0.18
2021,Karnataka,Raichur,44.4,3.8,40.6,CRITICAL GAP,5.59,0.18
2021,Karnataka,K.Railways,44.4,3.8,40.6,CRITICAL GAP,0.06,0.18
2021,Karnataka,Ramanagara,44.4,3.8,40.6,CRITICAL GAP,5.3,0.18
2021,Karnataka,Shimoga,44.4,3.8,40.6,CRITICAL GAP,4.42,0.18
2021,Karnataka,Tumakuru,44.4,3.8,40.6,CRITICAL GAP,4.15,0.18
2021,Karnataka,Udupi,44.4,3.8,40.6,CRITICAL GAP,2.51,0.18
2021,Karnataka,Uttara Kannada,44.4,3.8,40.6,CRITICAL GAP,1.45,0.18
2021,Karnataka,Yadgiri,44.4,3.8,40.6,CRITICAL GAP,3.59,0.18
2021,Karnataka,Belagavi City,44.4,3.8,40.6,CRITICAL GAP,5.32,0.18
2021,Karnataka,Kalaburgi City,44.4,3.8,40.6,CRITICAL GAP,6.22,0.18
2021,Karnataka,Total Districts ,44.4,3.8,40.6,CRITICAL GAP,171.81,0.18
2022,Karnataka,Bagalkot,44.4,3.8,40.6,CRITICAL GAP,2.21,0.18
2022,Karnataka,Bengaluru City,44.4,3.8,40.6,CRITICAL GAP,42.8,0.18
2022,Karnataka,Bengaluru District,44.4,3.8,40.6,CRITICAL GAP,10.31,0.18
2022,Karnataka,Belagavi District,44.4,3.8,40.6,CRITICAL GAP,8.51,0.18
2022,Karnataka,Ballari,44.4,3.8,40.6,CRITICAL GAP,4.2,0.18
2022,Karnataka,Bidar,44.4,3.8,40.6,CRITICAL GAP,6.38,0.18
2022,Karnataka,Vijayapura,44.4,3.8,40.6,CRITICAL GAP,7.28,0.18
2022,Karnataka,Chikkaballapura,44.4,3.8,40.6,CRITICAL GAP,4.92,0.18
2022,Karnataka,Chamarajnagar,44.4,3.8,40.6,CRITICAL GAP,1.62,0.18
2022,Karnataka,Chikkamagaluru,44.4,3.8,40.6,CRITICAL GAP,3.02,0.18
2022,Karnataka,Chitradurga,44.4,3.8,40.6,CRITICAL GAP,4.77,0.18
2022,Karnataka,Dakshina Kannada,44.4,3.8,40.6,CRITICAL GAP,1.71,0.18
2022,Karnataka,Davanagere,44.4,3.8,40.6,CRITICAL GAP,3.8,0.18
2022,Karnataka,Dharwad,44.4,3.8,40.6,CRITICAL GAP,2.12,0.18
2022,Karnataka,Gadag,44.4,3.8,40.6,CRITICAL GAP,2.7,0.18
2022,Karnataka,Kalaburgi,44.4,3.8,40.6,CRITICAL GAP,6.55,0.18
2022,Karnataka,Hassan,44.4,3.8,40.6,CRITICAL GAP,3.33,0.18
2022,Karnataka,Haveri,44.4,3.8,40.6,CRITICAL GAP,2.88,0.18
2022,Karnataka,Hubballi Dharwad City,44.4,3.8,40.6,CRITICAL GAP,5.55,0.18
2022,Karnataka,K.G.F.,44.4,3.8,40.6,CRITICAL GAP,1.06,0.18
2022,Karnataka,Kodagu,44.4,3.8,40.6,CRITICAL GAP,5.02,0.18
2022,Karnataka,Kolar,44.4,3.8,40.6,CRITICAL GAP,2.38,0.18
2022,Karnataka,Koppal,44.4,3.8,40.6,CRITICAL GAP,6.76,0.18
2022,Karnataka,Mandya,44.4,3.8,40.6,CRITICAL GAP,5.2,0.18
2022,Karnataka,Mangaluru City,44.4,3.8,40.6,CRITICAL GAP,2.63,0.18
2022,Karnataka,Mysuru City,44.4,3.8,40.6,CRITICAL GAP,3.42,0.18
2022,Karnataka,Mysuru District,44.4,3.8,40.6,CRITICAL GAP,7.11,0.18
2022,Karnataka,Raichur,44.4,3.8,40.6,CRITICAL GAP,6.54,0.18
2022,Karnataka,K.Railways,44.4,3.8,40.6,CRITICAL GAP,0.17,0.18
2022,Karnataka,Ramanagara,44.4,3.8,40.6,CRITICAL GAP,5.14,0.18
2022,Karnataka,Shimoga,44.4,3.8,40.6,CRITICAL GAP,6.2,0.18
2022,Karnataka,Tumakuru,44.4,3.8,40.6,CRITICAL GAP,4.93,0.18
2022,Karnataka,Udupi,44.4,3.8,40.6,CRITICAL GAP,2.95,0.18
2022,Karnataka,Uttara Kannada,44.4,3.8,40.6,CRITICAL GAP,2.0,0.18
2022,Karnataka,Yadgiri,44.4,3.8,40.6,CRITICAL GAP,2.69,0.18
2022,Karnataka,Belagavi City,44.4,3.8,40.6,CRITICAL GAP,5.38,0.18
2022,Karnataka,Kalaburgi City,44.4,3.8,40.6,CRITICAL GAP,3.59,0.18
2022,Karnataka,Vijayanagara,44.4,3.8,40.6,CRITICAL GAP,3.7,0.18
2022,Karnataka,Total Districts ,44.4,3.8,40.6,CRITICAL GAP,200.54,0.18
2023,Karnataka,Bagalkot,44.4,3.8,40.6,CRITICAL GAP,1.43,0.18
2023,Karnataka,Bengaluru City,44.4,3.8,40.6,CRITICAL GAP,50.58,0.18
2023,Karnataka,Bengaluru District,44.4,3.8,40.6,CRITICAL GAP,11.54,0.18
2023,Karnataka,Belagavi District,44.4,3.8,40.6,CRITICAL GAP,8.01,0.18
2023,Karnataka,Ballari,44.4,3.8,40.6,CRITICAL GAP,6.27,0.18
2023,Karnataka,Bidar,44.4,3.8,40.6,CRITICAL GAP,5.36,0.18
2023,Karnataka,Vijayapura,44.4,3.8,40.6,CRITICAL GAP,8.63,0.18
2023,Karnataka,Chikkaballapura,44.4,3.8,40.6,CRITICAL GAP,3.67,0.18
2023,Karnataka,Chamarajnagar,44.4,3.8,40.6,CRITICAL GAP,1.9,0.18
2023,Karnataka,Chikkamagaluru,44.4,3.8,40.6,CRITICAL GAP,2.97,0.18
2023,Karnataka,Chitradurga,44.4,3.8,40.6,CRITICAL GAP,6.81,0.18
2023,Karnataka,Dakshina Kannada,44.4,3.8,40.6,CRITICAL GAP,1.5,0.18
2023,Karnataka,Davanagere,44.4,3.8,40.6,CRITICAL GAP,4.42,0.18
2023,Karnataka,Dharwad,44.4,3.8,40.6,CRITICAL GAP,1.84,0.18
2023,Karnataka,Gadag,44.4,3.8,40.6,CRITICAL GAP,2.86,0.18
2023,Karnataka,Kalaburgi,44.4,3.8,40.6,CRITICAL GAP,5.1,0.18
2023,Karnataka,Hassan,44.4,3.8,40.6,CRITICAL GAP,4.85,0.18
2023,Karnataka,Haveri,44.4,3.8,40.6,CRITICAL GAP,3.05,0.18
2023,Karnataka,Hubballi Dharwad City,44.4,3.8,40.6,CRITICAL GAP,6.27,0.18
2023,Karnataka,KGF,44.4,3.8,40.6,CRITICAL GAP,1.29,0.18
2023,Karnataka,Kodagu,44.4,3.8,40.6,CRITICAL GAP,4.86,0.18
2023,Karnataka,Kolar,44.4,3.8,40.6,CRITICAL GAP,2.49,0.18
2023,Karnataka,Koppal,44.4,3.8,40.6,CRITICAL GAP,5.94,0.18
2023,Karnataka,Mandya,44.4,3.8,40.6,CRITICAL GAP,4.82,0.18
2023,Karnataka,Mangaluru City,44.4,3.8,40.6,CRITICAL GAP,2.91,0.18
2023,Karnataka,Mysuru City,44.4,3.8,40.6,CRITICAL GAP,3.25,0.18
2023,Karnataka,Mysuru District,44.4,3.8,40.6,CRITICAL GAP,5.27,0.18
2023,Karnataka,Raichur,44.4,3.8,40.6,CRITICAL GAP,5.86,0.18
2023,Karnataka,KRailways,44.4,3.8,40.6,CRITICAL GAP,0.06,0.18
2023,Karnataka,Ramanagara,44.4,3.8,40.6,CRITICAL GAP,4.82,0.18
2023,Karnataka,Shimoga,44.4,3.8,40.6,CRITICAL GAP,5.11,0.18
2023,Karnataka,Tumakuru,44.4,3.8,40.6,CRITICAL GAP,5.83,0.18
2023,Karnataka,Udupi,44.4,3.8,40.6,CRITICAL GAP,3.77,0.18
2023,Karnataka,Uttara Kannada,44.4,3.8,40.6,CRITICAL GAP,4.36,0.18
2023,Karnataka,Yadgiri,44.4,3.8,40.6,CRITICAL GAP,2.52,0.18
2023,Karnataka,Belagavi City,44.4,3.8,40.6,CRITICAL GAP,4.37,0.18
2023,Karnataka,Kalaburgi City,44.4,3.8,40.6,CRITICAL GAP,5.77,0.18
2023,Karnataka,Vijayanagara,44.4,3.8,40.6,CRITICAL GAP,4.65,0.18
2023,Karnataka,Total Districts ,44.4,3.8,40.6,CRITICAL GAP,213.88,0.18
2024,Karnataka,Bagalkot,44.4,3.8,40.6,CRITICAL GAP,0.87,0.18
2024,Karnataka,Bengaluru City,44.4,3.8,40.6,CRITICAL GAP,22.01,0.18
2024,Karnataka,Bengaluru District,44.4,3.8,40.6,CRITICAL GAP,2.63,0.18
2024,Karnataka,Belagavi District,44.4,3.8,40.6,CRITICAL GAP,2.02,0.18
2024,Karnataka,Ballari,44.4,3.8,40.6,CRITICAL GAP,1.01,0.18
2024,Karnataka,Bidar,44.4,3.8,40.6,CRITICAL GAP,1.12,0.18
2024,Karnataka,Vijayapura,44.4,3.8,40.6,CRITICAL GAP,3.02,0.18
2024,Karnataka,Chikkaballapura,44.4,3.8,40.6,CRITICAL GAP,2.56,0.18
2024,Karnataka,Chamarajnagar,44.4,3.8,40.6,CRITICAL GAP,1.74,0.18
2024,Karnataka,Chikkamagaluru,44.4,3.8,40.6,CRITICAL GAP,1.18,0.18
2024,Karnataka,Chitradurga,44.4,3.8,40.6,CRITICAL GAP,2.67,0.18
2024,Karnataka,Dakshina Kannada,44.4,3.8,40.6,CRITICAL GAP,0.87,0.18
2024,Karnataka,Davanagere,44.4,3.8,40.6,CRITICAL GAP,1.65,0.18
2024,Karnataka,Dharwad,44.4,3.8,40.6,CRITICAL GAP,0.47,0.18
2024,Karnataka,Gadag,44.4,3.8,40.6,CRITICAL GAP,1.31,0.18
2024,Karnataka,Kalaburgi,44.4,3.8,40.6,CRITICAL GAP,1.68,0.18
2024,Karnataka,Hassan,44.4,3.8,40.6,CRITICAL GAP,2.35,0.18
2024,Karnataka,Haveri,44.4,3.8,40.6,CRITICAL GAP,1.85,0.18
2024,Karnataka,Hubballi Dharwad City,44.4,3.8,40.6,CRITICAL GAP,1.96,0.18
2024,Karnataka,KGF,44.4,3.8,40.6,CRITICAL GAP,0.62,0.18
2024,Karnataka,Kodagu,44.4,3.8,40.6,CRITICAL GAP,1.88,0.18
2024,Karnataka,Kolar,44.4,3.8,40.6,CRITICAL GAP,0.45,0.18
2024,Karnataka,Koppal,44.4,3.8,40.6,CRITICAL GAP,1.5,0.18
2024,Karnataka,Mandya,44.4,3.8,40.6,CRITICAL GAP,0.53,0.18
2024,Karnataka,Mangaluru City,44.4,3.8,40.6,CRITICAL GAP,3.42,0.18
2024,Karnataka,Mysuru City,44.4,3.8,40.6,CRITICAL GAP,2.8,0.18
2024,Karnataka,Mysuru District,44.4,3.8,40.6,CRITICAL GAP,1.46,0.18
2024,Karnataka,Raichur,44.4,3.8,40.6,CRITICAL GAP,1.76,0.18
2024,Karnataka,KRailways,44.4,3.8,40.6,CRITICAL GAP,0.0,0.18
2024,Karnataka,Ramanagara,44.4,3.8,40.6,CRITICAL GAP,1.93,0.18
2024,Karnataka,Shimoga,44.4,3.8,40.6,CRITICAL GAP,1.98,0.18
2024,Karnataka,Tumakuru,44.4,3.8,40.6,CRITICAL GAP,3.42,0.18
2024,Karnataka,Udupi,44.4,3.8,40.6,CRITICAL GAP,2.07,0.18
2024,Karnataka,Uttara Kannada,44.4,3.8,40.6,CRITICAL GAP,1.88,0.18
2024,Karnataka,Yadgiri,44.4,3.8,40.6,CRITICAL GAP,1.68,0.18
2024,Karnataka,Belagavi City,44.4,3.8,40.6,CRITICAL GAP,1.46,0.18
2024,Karnataka,Kalaburgi City,44.4,3.8,40.6,CRITICAL GAP,2.13,0.18
2024,Karnataka,Vijayanagara,44.4,3.8,40.6,CRITICAL GAP,1.12,0.18
2024,Karnataka,Total Districts ,44.4,3.8,40.6,CRITICAL GAP,84.03,0.18
2021,Bihar,Araria,40.0,3.5,36.5,HIGH GAP,3.15,0.33
2021,Bihar,Arwal,40.0,3.5,36.5,HIGH GAP,2.73,0.33
2021,Bihar,Aurangabad,40.0,3.5,36.5,HIGH GAP,3.08,0.33
2021,Bihar,Aurangabad,40.0,3.5,36.5,HIGH GAP,2.11,0.33
2021,Bihar,Bagaha,40.0,3.5,36.5,HIGH GAP,1.76,0.33
2021,Bihar,Banka,40.0,3.5,36.5,HIGH GAP,1.2,0.33
2021,Bihar,Begusarai,40.0,3.5,36.5,HIGH GAP,1.99,0.33
2021,Bihar,Bettiah,40.0,3.5,36.5,HIGH GAP,4.24,0.33
2021,Bihar,Kaimur(Bhabhua),40.0,3.5,36.5,HIGH GAP,1.55,0.33
2021,Bihar,Bhagalpur,40.0,3.5,36.5,HIGH GAP,3.32,0.33
2021,Bihar,Bhojpur,40.0,3.5,36.5,HIGH GAP,4.14,0.33
2021,Bihar,Buxar,40.0,3.5,36.5,HIGH GAP,3.62,0.33
2021,Bihar,Darbhanga,40.0,3.5,36.5,HIGH GAP,1.88,0.33
2021,Bihar,Gaya,40.0,3.5,36.5,HIGH GAP,3.88,0.33
2021,Bihar,Gopalganj,40.0,3.5,36.5,HIGH GAP,3.33,0.33
2021,Bihar,Jamalpur Railway,40.0,3.5,36.5,HIGH GAP,0.0,0.33
2021,Bihar,Jamui,40.0,3.5,36.5,HIGH GAP,2.22,0.33
2021,Bihar,Jehanabad,40.0,3.5,36.5,HIGH GAP,2.63,0.33
2021,Bihar,Katihar,40.0,3.5,36.5,HIGH GAP,3.34,0.33
2021,Bihar,Katihar Railway,40.0,3.5,36.5,HIGH GAP,0.03,0.33
2021,Bihar,Khagaria,40.0,3.5,36.5,HIGH GAP,2.09,0.33
2021,Bihar,Kishanganj,40.0,3.5,36.5,HIGH GAP,3.86,0.33
2021,Bihar,Lakhisarai,40.0,3.5,36.5,HIGH GAP,2.95,0.33
2021,Bihar,Madhepura,40.0,3.5,36.5,HIGH GAP,1.95,0.33
2021,Bihar,Madhubani,40.0,3.5,36.5,HIGH GAP,3.89,0.33
2021,Bihar,Motihari,40.0,3.5,36.5,HIGH GAP,7.9,0.33
2021,Bihar,Munger,40.0,3.5,36.5,HIGH GAP,3.24,0.33
2021,Bihar,Muzaffarpur,40.0,3.5,36.5,HIGH GAP,4.27,0.33
2021,Bihar,Muzaffarpur Railway,40.0,3.5,36.5,HIGH GAP,0.0,0.33
2021,Bihar,Nalanda,40.0,3.5,36.5,HIGH GAP,4.71,0.33
2021,Bihar,Naugachia,40.0,3.5,36.5,HIGH GAP,0.55,0.33
2021,Bihar,Nawadah,40.0,3.5,36.5,HIGH GAP,2.38,0.33
2021,Bihar,Patna,40.0,3.5,36.5,HIGH GAP,4.81,0.33
2021,Bihar,Patna Railway,40.0,3.5,36.5,HIGH GAP,0.0,0.33
2021,Bihar,Purnea,40.0,3.5,36.5,HIGH GAP,5.25,0.33
2021,Bihar,Rohtas,40.0,3.5,36.5,HIGH GAP,2.32,0.33
2021,Bihar,Saharsa,40.0,3.5,36.5,HIGH GAP,1.46,0.33
2021,Bihar,Samastipur,40.0,3.5,36.5,HIGH GAP,1.92,0.33
2021,Bihar,Saran,40.0,3.5,36.5,HIGH GAP,4.29,0.33
2021,Bihar,Sheikhpura,40.0,3.5,36.5,HIGH GAP,3.55,0.33
2021,Bihar,Sheohar,40.0,3.5,36.5,HIGH GAP,3.05,0.33
2021,Bihar,Sitamarhi,40.0,3.5,36.5,HIGH GAP,2.97,0.33
2021,Bihar,Siwan,40.0,3.5,36.5,HIGH GAP,1.93,0.33
2021,Bihar,Supaul,40.0,3.5,36.5,HIGH GAP,1.4,0.33
2021,Bihar,Vaishali,40.0,3.5,36.5,HIGH GAP,2.69,0.33
2021,Bihar,Economic Offences Unit,40.0,3.5,36.5,HIGH GAP,0.0,0.33
2021,Bihar,Anti Terrorist Squad,40.0,3.5,36.5,HIGH GAP,0.0,0.33
2021,Bihar,Total Districts ,40.0,3.5,36.5,HIGH GAP,125.78,0.33
2022,Bihar,Araria,40.0,3.5,36.5,HIGH GAP,2.94,0.33
2022,Bihar,Arwal,40.0,3.5,36.5,HIGH GAP,3.47,0.33
2022,Bihar,Aurangabad,40.0,3.5,36.5,HIGH GAP,3.53,0.33
2022,Bihar,Aurangabad,40.0,3.5,36.5,HIGH GAP,2.42,0.33
2022,Bihar,Bagaha,40.0,3.5,36.5,HIGH GAP,2.15,0.33
2022,Bihar,Banka,40.0,3.5,36.5,HIGH GAP,1.71,0.33
2022,Bihar,Begusarai,40.0,3.5,36.5,HIGH GAP,1.81,0.33
2022,Bihar,Bettiah,40.0,3.5,36.5,HIGH GAP,3.3,0.33
2022,Bihar,Kaimur(Bhabhua),40.0,3.5,36.5,HIGH GAP,3.05,0.33
2022,Bihar,Bhagalpur,40.0,3.5,36.5,HIGH GAP,2.35,0.33
2022,Bihar,Bhojpur,40.0,3.5,36.5,HIGH GAP,3.63,0.33
2022,Bihar,Buxar,40.0,3.5,36.5,HIGH GAP,2.9,0.33
2022,Bihar,Darbhanga,40.0,3.5,36.5,HIGH GAP,1.48,0.33
2022,Bihar,Gaya,40.0,3.5,36.5,HIGH GAP,4.55,0.33
2022,Bihar,Gopalganj,40.0,3.5,36.5,HIGH GAP,2.24,0.33
2022,Bihar,Jamalpur Railway,40.0,3.5,36.5,HIGH GAP,0.0,0.33
2022,Bihar,Jamui,40.0,3.5,36.5,HIGH GAP,1.63,0.33
2022,Bihar,Jehanabad,40.0,3.5,36.5,HIGH GAP,2.94,0.33
2022,Bihar,Katihar,40.0,3.5,36.5,HIGH GAP,3.34,0.33
2022,Bihar,Katihar Railway,40.0,3.5,36.5,HIGH GAP,0.0,0.33
2022,Bihar,Khagaria,40.0,3.5,36.5,HIGH GAP,2.03,0.33
2022,Bihar,Kishanganj,40.0,3.5,36.5,HIGH GAP,3.29,0.33
2022,Bihar,Lakhisarai,40.0,3.5,36.5,HIGH GAP,3.04,0.33
2022,Bihar,Madhepura,40.0,3.5,36.5,HIGH GAP,2.48,0.33
2022,Bihar,Madhubani,40.0,3.5,36.5,HIGH GAP,1.43,0.33
2022,Bihar,Motihari,40.0,3.5,36.5,HIGH GAP,6.92,0.33
2022,Bihar,Munger,40.0,3.5,36.5,HIGH GAP,2.23,0.33
2022,Bihar,Muzaffarpur,40.0,3.5,36.5,HIGH GAP,4.38,0.33
2022,Bihar,Muzaffarpur Railway,40.0,3.5,36.5,HIGH GAP,0.03,0.33
2022,Bihar,Nalanda,40.0,3.5,36.5,HIGH GAP,4.8,0.33
2022,Bihar,Naugachia,40.0,3.5,36.5,HIGH GAP,0.62,0.33
2022,Bihar,Nawadah,40.0,3.5,36.5,HIGH GAP,2.06,0.33
2022,Bihar,Patna,40.0,3.5,36.5,HIGH GAP,5.97,0.33
2022,Bihar,Patna Railway,40.0,3.5,36.5,HIGH GAP,0.0,0.33
2022,Bihar,Purnea,40.0,3.5,36.5,HIGH GAP,4.63,0.33
2022,Bihar,Rohtas,40.0,3.5,36.5,HIGH GAP,2.03,0.33
2022,Bihar,Saharsa,40.0,3.5,36.5,HIGH GAP,1.74,0.33
2022,Bihar,Samastipur,40.0,3.5,36.5,HIGH GAP,2.71,0.33
2022,Bihar,Saran,40.0,3.5,36.5,HIGH GAP,3.56,0.33
2022,Bihar,Sheikhpura,40.0,3.5,36.5,HIGH GAP,4.51,0.33
2022,Bihar,Sheohar,40.0,3.5,36.5,HIGH GAP,3.05,0.33
2022,Bihar,Sitamarhi,40.0,3.5,36.5,HIGH GAP,4.85,0.33
2022,Bihar,Siwan,40.0,3.5,36.5,HIGH GAP,2.06,0.33
2022,Bihar,Supaul,40.0,3.5,36.5,HIGH GAP,1.48,0.33
2022,Bihar,Vaishali,40.0,3.5,36.5,HIGH GAP,3.04,0.33
2022,Bihar,Economic Offences Unit,40.0,3.5,36.5,HIGH GAP,0.0,0.33
2022,Bihar,Anti Terrorist Squad,40.0,3.5,36.5,HIGH GAP,0.0,0.33
2022,Bihar,Total Districts ,40.0,3.5,36.5,HIGH GAP,123.59,0.33
2023,Bihar,Araria,40.0,3.5,36.5,HIGH GAP,4.14,0.33
2023,Bihar,Arwal,40.0,3.5,36.5,HIGH GAP,6.45,0.33
2023,Bihar,Aurangabad,40.0,3.5,36.5,HIGH GAP,2.43,0.33
2023,Bihar,Aurangabad,40.0,3.5,36.5,HIGH GAP,1.67,0.33
2023,Bihar,Bagaha,40.0,3.5,36.5,HIGH GAP,1.66,0.33
2023,Bihar,Banka,40.0,3.5,36.5,HIGH GAP,2.56,0.33
2023,Bihar,Begusarai,40.0,3.5,36.5,HIGH GAP,2.49,0.33
2023,Bihar,Bettiah,40.0,3.5,36.5,HIGH GAP,3.85,0.33
2023,Bihar,Kaimur(Bhabhua),40.0,3.5,36.5,HIGH GAP,3.37,0.33
2023,Bihar,Bhagalpur,40.0,3.5,36.5,HIGH GAP,3.38,0.33
2023,Bihar,Bhojpur,40.0,3.5,36.5,HIGH GAP,2.96,0.33
2023,Bihar,Buxar,40.0,3.5,36.5,HIGH GAP,3.21,0.33
2023,Bihar,Darbhanga,40.0,3.5,36.5,HIGH GAP,1.92,0.33
2023,Bihar,Gaya,40.0,3.5,36.5,HIGH GAP,4.24,0.33
2023,Bihar,Gopalganj,40.0,3.5,36.5,HIGH GAP,2.61,0.33
2023,Bihar,Jamalpur Railway,40.0,3.5,36.5,HIGH GAP,0.0,0.33
2023,Bihar,Jamui,40.0,3.5,36.5,HIGH GAP,3.56,0.33
2023,Bihar,Jehanabad,40.0,3.5,36.5,HIGH GAP,4.71,0.33
2023,Bihar,Katihar,40.0,3.5,36.5,HIGH GAP,2.44,0.33
2023,Bihar,Katihar Railway,40.0,3.5,36.5,HIGH GAP,0.03,0.33
2023,Bihar,Khagaria,40.0,3.5,36.5,HIGH GAP,3.34,0.33
2023,Bihar,Kishanganj,40.0,3.5,36.5,HIGH GAP,3.5,0.33
2023,Bihar,Lakhisarai,40.0,3.5,36.5,HIGH GAP,4.6,0.33
2023,Bihar,Madhepura,40.0,3.5,36.5,HIGH GAP,2.74,0.33
2023,Bihar,Madhubani,40.0,3.5,36.5,HIGH GAP,1.82,0.33
2023,Bihar,Motihari,40.0,3.5,36.5,HIGH GAP,7.01,0.33
2023,Bihar,Munger,40.0,3.5,36.5,HIGH GAP,3.81,0.33
2023,Bihar,Muzaffarpur,40.0,3.5,36.5,HIGH GAP,3.57,0.33
2023,Bihar,Muzaffarpur Railway,40.0,3.5,36.5,HIGH GAP,0.0,0.33
2023,Bihar,Nalanda,40.0,3.5,36.5,HIGH GAP,4.14,0.33
2023,Bihar,Naugachia,40.0,3.5,36.5,HIGH GAP,1.21,0.33
2023,Bihar,Nawadah,40.0,3.5,36.5,HIGH GAP,2.28,0.33
2023,Bihar,Patna,40.0,3.5,36.5,HIGH GAP,6.69,0.33
2023,Bihar,Patna Railway,40.0,3.5,36.5,HIGH GAP,0.0,0.33
2023,Bihar,Purnea,40.0,3.5,36.5,HIGH GAP,4.89,0.33
2023,Bihar,Rohtas,40.0,3.5,36.5,HIGH GAP,3.44,0.33
2023,Bihar,Saharsa,40.0,3.5,36.5,HIGH GAP,1.97,0.33
2023,Bihar,Samastipur,40.0,3.5,36.5,HIGH GAP,2.35,0.33
2023,Bihar,Saran,40.0,3.5,36.5,HIGH GAP,3.34,0.33
2023,Bihar,Sheikhpura,40.0,3.5,36.5,HIGH GAP,2.87,0.33
2023,Bihar,Sheohar,40.0,3.5,36.5,HIGH GAP,2.25,0.33
2023,Bihar,Sitamarhi,40.0,3.5,36.5,HIGH GAP,4.37,0.33
2023,Bihar,Siwan,40.0,3.5,36.5,HIGH GAP,2.38,0.33
2023,Bihar,Supaul,40.0,3.5,36.5,HIGH GAP,1.68,0.33
2023,Bihar,Vaishali,40.0,3.5,36.5,HIGH GAP,3.66,0.33
2023,Bihar,Economic Offences Unit,40.0,3.5,36.5,HIGH GAP,0.0,0.33
2023,Bihar,Anti Terrorist Squad,40.0,3.5,36.5,HIGH GAP,0.0,0.33
2023,Bihar,Total Districts ,40.0,3.5,36.5,HIGH GAP,133.15,0.33
2024,Bihar,Araria,40.0,3.5,36.5,HIGH GAP,2.85,0.33
2024,Bihar,Arwal,40.0,3.5,36.5,HIGH GAP,1.74,0.33
2024,Bihar,Aurangabad,40.0,3.5,36.5,HIGH GAP,1.57,0.33
2024,Bihar,Aurangabad,40.0,3.5,36.5,HIGH GAP,1.08,0.33
2024,Bihar,Bagaha,40.0,3.5,36.5,HIGH GAP,1.04,0.33
2024,Bihar,Banka,40.0,3.5,36.5,HIGH GAP,0.85,0.33
2024,Bihar,Begusarai,40.0,3.5,36.5,HIGH GAP,1.81,0.33
2024,Bihar,Bettiah,40.0,3.5,36.5,HIGH GAP,2.81,0.33
2024,Bihar,Kaimur(Bhabhua),40.0,3.5,36.5,HIGH GAP,2.57,0.33
2024,Bihar,Bhagalpur,40.0,3.5,36.5,HIGH GAP,2.23,0.33
2024,Bihar,Bhojpur,40.0,3.5,36.5,HIGH GAP,1.53,0.33
2024,Bihar,Buxar,40.0,3.5,36.5,HIGH GAP,1.32,0.33
2024,Bihar,Darbhanga,40.0,3.5,36.5,HIGH GAP,1.72,0.33
2024,Bihar,Gaya,40.0,3.5,36.5,HIGH GAP,3.25,0.33
2024,Bihar,Gopalganj,40.0,3.5,36.5,HIGH GAP,0.54,0.33
2024,Bihar,Jamalpur Railway,40.0,3.5,36.5,HIGH GAP,0.0,0.33
2024,Bihar,Jamui,40.0,3.5,36.5,HIGH GAP,1.73,0.33
2024,Bihar,Jehanabad,40.0,3.5,36.5,HIGH GAP,0.39,0.33
2024,Bihar,Katihar,40.0,3.5,36.5,HIGH GAP,3.26,0.33
2024,Bihar,Katihar Railway,40.0,3.5,36.5,HIGH GAP,0.0,0.33
2024,Bihar,Khagaria,40.0,3.5,36.5,HIGH GAP,1.36,0.33
2024,Bihar,Kishanganj,40.0,3.5,36.5,HIGH GAP,5.14,0.33
2024,Bihar,Lakhisarai,40.0,3.5,36.5,HIGH GAP,0.87,0.33
2024,Bihar,Madhepura,40.0,3.5,36.5,HIGH GAP,1.26,0.33
2024,Bihar,Madhubani,40.0,3.5,36.5,HIGH GAP,1.63,0.33
2024,Bihar,Motihari,40.0,3.5,36.5,HIGH GAP,2.28,0.33
2024,Bihar,Munger,40.0,3.5,36.5,HIGH GAP,2.92,0.33
2024,Bihar,Muzaffarpur,40.0,3.5,36.5,HIGH GAP,2.32,0.33
2024,Bihar,Muzaffarpur Railway,40.0,3.5,36.5,HIGH GAP,0.0,0.33
2024,Bihar,Nalanda,40.0,3.5,36.5,HIGH GAP,1.27,0.33
2024,Bihar,Naugachia,40.0,3.5,36.5,HIGH GAP,0.72,0.33
2024,Bihar,Nawadah,40.0,3.5,36.5,HIGH GAP,1.57,0.33
2024,Bihar,Patna,40.0,3.5,36.5,HIGH GAP,3.32,0.33
2024,Bihar,Patna Railway,40.0,3.5,36.5,HIGH GAP,0.1,0.33
2024,Bihar,Purnea,40.0,3.5,36.5,HIGH GAP,5.68,0.33
2024,Bihar,Rohtas,40.0,3.5,36.5,HIGH GAP,2.23,0.33
2024,Bihar,Saharsa,40.0,3.5,36.5,HIGH GAP,0.69,0.33
2024,Bihar,Samastipur,40.0,3.5,36.5,HIGH GAP,1.22,0.33
2024,Bihar,Saran,40.0,3.5,36.5,HIGH GAP,0.7,0.33
2024,Bihar,Sheikhpura,40.0,3.5,36.5,HIGH GAP,0.82,0.33
2024,Bihar,Sheohar,40.0,3.5,36.5,HIGH GAP,1.59,0.33
2024,Bihar,Sitamarhi,40.0,3.5,36.5,HIGH GAP,2.18,0.33
2024,Bihar,Siwan,40.0,3.5,36.5,HIGH GAP,1.15,0.33
2024,Bihar,Supaul,40.0,3.5,36.5,HIGH GAP,1.01,0.33
2024,Bihar,Vaishali,40.0,3.5,36.5,HIGH GAP,1.94,0.33
2024,Bihar,Economic Offences Unit,40.0,3.5,36.5,HIGH GAP,0.0,0.33
2024,Bihar,Anti Terrorist Squad,40.0,3.5,36.5,HIGH GAP,0.0,0.33
2024,Bihar,Total Districts ,40.0,3.5,36.5,HIGH GAP,78.47,0.33
2021,Manipur,Bishnupur,39.6,4.4,35.2,HIGH GAP,3.3,0.2
2021,Manipur,Chandel,39.6,4.4,35.2,HIGH GAP,0.6,0.2
2021,Manipur,Churachandpur,39.6,4.4,35.2,HIGH GAP,0.0,0.2
2021,Manipur,CID,39.6,4.4,35.2,HIGH GAP,0.0,0.2
2021,Manipur,Imphal East,39.6,4.4,35.2,HIGH GAP,1.33,0.2
2021,Manipur,Imphal West,39.6,4.4,35.2,HIGH GAP,1.85,0.2
2021,Manipur,Senapati,39.6,4.4,35.2,HIGH GAP,0.18,0.2
2021,Manipur,Tamenglong,39.6,4.4,35.2,HIGH GAP,0.0,0.2
2021,Manipur,Thoubal,39.6,4.4,35.2,HIGH GAP,2.06,0.2
2021,Manipur,Ukhrul,39.6,4.4,35.2,HIGH GAP,0.47,0.2
2021,Manipur,Kakching,39.6,4.4,35.2,HIGH GAP,1.1,0.2
2021,Manipur,Kamjong,39.6,4.4,35.2,HIGH GAP,0.0,0.2
2021,Manipur,Kangpokpi,39.6,4.4,35.2,HIGH GAP,0.0,0.2
2021,Manipur,Jiribam,39.6,4.4,35.2,HIGH GAP,0.27,0.2
2021,Manipur,Noney,39.6,4.4,35.2,HIGH GAP,0.0,0.2
2021,Manipur,Pherzawl,39.6,4.4,35.2,HIGH GAP,0.0,0.2
2021,Manipur,Tengnoupal,39.6,4.4,35.2,HIGH GAP,0.27,0.2
2021,Manipur,Narcotic,39.6,4.4,35.2,HIGH GAP,0.0,0.2
2021,Manipur,Total Districts ,39.6,4.4,35.2,HIGH GAP,12.61,0.2
2022,Manipur,Bishnupur,39.6,4.4,35.2,HIGH GAP,1.83,0.2
2022,Manipur,Chandel,39.6,4.4,35.2,HIGH GAP,0.0,0.2
2022,Manipur,Churachandpur,39.6,4.4,35.2,HIGH GAP,0.32,0.2
2022,Manipur,CID,39.6,4.4,35.2,HIGH GAP,0.0,0.2
2022,Manipur,Imphal East,39.6,4.4,35.2,HIGH GAP,1.72,0.2
2022,Manipur,Imphal West,39.6,4.4,35.2,HIGH GAP,4.2,0.2
2022,Manipur,Senapati,39.6,4.4,35.2,HIGH GAP,0.0,0.2
2022,Manipur,Tamenglong,39.6,4.4,35.2,HIGH GAP,0.0,0.2
2022,Manipur,Thoubal,39.6,4.4,35.2,HIGH GAP,1.03,0.2
2022,Manipur,Ukhrul,39.6,4.4,35.2,HIGH GAP,0.95,0.2
2022,Manipur,Kakching,39.6,4.4,35.2,HIGH GAP,1.1,0.2
2022,Manipur,Kamjong,39.6,4.4,35.2,HIGH GAP,0.0,0.2
2022,Manipur,Kangpokpi,39.6,4.4,35.2,HIGH GAP,0.0,0.2
2022,Manipur,Jiribam,39.6,4.4,35.2,HIGH GAP,0.27,0.2
2022,Manipur,Noney,39.6,4.4,35.2,HIGH GAP,0.0,0.2
2022,Manipur,Pherzawl,39.6,4.4,35.2,HIGH GAP,0.0,0.2
2022,Manipur,Tengnoupal,39.6,4.4,35.2,HIGH GAP,0.0,0.2
2022,Manipur,Narcotic,39.6,4.4,35.2,HIGH GAP,0.0,0.2
2022,Manipur,Total Districts ,39.6,4.4,35.2,HIGH GAP,14.25,0.2
2023,Manipur,Bishnupur,39.6,4.4,35.2,HIGH GAP,0.73,0.2
2023,Manipur,Chandel,39.6,4.4,35.2,HIGH GAP,0.0,0.2
2023,Manipur,Churachandpur,39.6,4.4,35.2,HIGH GAP,0.0,0.2
2023,Manipur,CID,39.6,4.4,35.2,HIGH GAP,0.0,0.2
2023,Manipur,Imphal East,39.6,4.4,35.2,HIGH GAP,1.91,0.2
2023,Manipur,Imphal West,39.6,4.4,35.2,HIGH GAP,2.01,0.2
2023,Manipur,Senapati,39.6,4.4,35.2,HIGH GAP,0.0,0.2
2023,Manipur,Tamenglong,39.6,4.4,35.2,HIGH GAP,0.0,0.2
2023,Manipur,Thoubal,39.6,4.4,35.2,HIGH GAP,1.65,0.2
2023,Manipur,Ukhrul,39.6,4.4,35.2,HIGH GAP,0.0,0.2
2023,Manipur,Kakching,39.6,4.4,35.2,HIGH GAP,0.82,0.2
2023,Manipur,Kamjong,39.6,4.4,35.2,HIGH GAP,0.0,0.2
2023,Manipur,Kangpokpi,39.6,4.4,35.2,HIGH GAP,0.0,0.2
2023,Manipur,Jiribam,39.6,4.4,35.2,HIGH GAP,0.27,0.2
2023,Manipur,Noney,39.6,4.4,35.2,HIGH GAP,0.0,0.2
2023,Manipur,Pherzawl,39.6,4.4,35.2,HIGH GAP,0.0,0.2
2023,Manipur,Tengnoupal,39.6,4.4,35.2,HIGH GAP,0.0,0.2
2023,Manipur,Narcotic,39.6,4.4,35.2,HIGH GAP,0.0,0.2
2023,Manipur,Total Districts ,39.6,4.4,35.2,HIGH GAP,9.87,0.2
2024,Manipur,Bishnupur,39.6,4.4,35.2,HIGH GAP,0.0,0.2
2024,Manipur,Chandel,39.6,4.4,35.2,HIGH GAP,0.0,0.2
2024,Manipur,Churachandpur,39.6,4.4,35.2,HIGH GAP,0.63,0.2
2024,Manipur,CID,39.6,4.4,35.2,HIGH GAP,0.0,0.2
2024,Manipur,Imphal East,39.6,4.4,35.2,HIGH GAP,2.1,0.2
2024,Manipur,Imphal West,39.6,4.4,35.2,HIGH GAP,3.02,0.2
2024,Manipur,Senapati,39.6,4.4,35.2,HIGH GAP,0.36,0.2
2024,Manipur,Tamenglong,39.6,4.4,35.2,HIGH GAP,0.0,0.2
2024,Manipur,Thoubal,39.6,4.4,35.2,HIGH GAP,0.82,0.2
2024,Manipur,Ukhrul,39.6,4.4,35.2,HIGH GAP,0.0,0.2
2024,Manipur,Kakching,39.6,4.4,35.2,HIGH GAP,0.0,0.2
2024,Manipur,Kamjong,39.6,4.4,35.2,HIGH GAP,0.0,0.2
2024,Manipur,Kangpokpi,39.6,4.4,35.2,HIGH GAP,0.0,0.2
2024,Manipur,Jiribam,39.6,4.4,35.2,HIGH GAP,0.0,0.2
2024,Manipur,Noney,39.6,4.4,35.2,HIGH GAP,0.0,0.2
2024,Manipur,Pherzawl,39.6,4.4,35.2,HIGH GAP,0.0,0.2
2024,Manipur,Tengnoupal,39.6,4.4,35.2,HIGH GAP,1.1,0.2
2024,Manipur,Narcotic,39.6,4.4,35.2,HIGH GAP,0.0,0.2
2024,Manipur,Total Districts ,39.6,4.4,35.2,HIGH GAP,11.24,0.2
2021,Tamil Nadu,Ariyalur,38.1,5.3,32.8,HIGH GAP,2.07,0.1
2021,Tamil Nadu,Chennai,38.1,5.3,32.8,HIGH GAP,2.64,0.1
2021,Tamil Nadu,Coimbatore,38.1,5.3,32.8,HIGH GAP,0.6,0.1
2021,Tamil Nadu,Coimbatore City,38.1,5.3,32.8,HIGH GAP,0.88,0.1
2021,Tamil Nadu,Cuddalore,38.1,5.3,32.8,HIGH GAP,2.27,0.1
2021,Tamil Nadu,Dharmapuri,38.1,5.3,32.8,HIGH GAP,1.27,0.1
2021,Tamil Nadu,Dindigul,38.1,5.3,32.8,HIGH GAP,1.57,0.1
2021,Tamil Nadu,Erode,38.1,5.3,32.8,HIGH GAP,0.46,0.1
2021,Tamil Nadu,Kanchipuram,38.1,5.3,32.8,HIGH GAP,0.29,0.1
2021,Tamil Nadu,Kanyakumari,38.1,5.3,32.8,HIGH GAP,0.47,0.1
2021,Tamil Nadu,Karur,38.1,5.3,32.8,HIGH GAP,1.47,0.1
2021,Tamil Nadu,Krishnagiri,38.1,5.3,32.8,HIGH GAP,0.56,0.1
2021,Tamil Nadu,Madurai,38.1,5.3,32.8,HIGH GAP,1.92,0.1
2021,Tamil Nadu,Madurai City,38.1,5.3,32.8,HIGH GAP,2.83,0.1
2021,Tamil Nadu,Nagapattinam,38.1,5.3,32.8,HIGH GAP,1.29,0.1
2021,Tamil Nadu,Namakkal,38.1,5.3,32.8,HIGH GAP,0.91,0.1
2021,Tamil Nadu,Nilgiris,38.1,5.3,32.8,HIGH GAP,0.25,0.1
2021,Tamil Nadu,Perambalur,38.1,5.3,32.8,HIGH GAP,1.38,0.1
2021,Tamil Nadu,Pudukottai,38.1,5.3,32.8,HIGH GAP,1.08,0.1
2021,Tamil Nadu,Ramnathapuram,38.1,5.3,32.8,HIGH GAP,0.58,0.1
2021,Tamil Nadu,Railway Chennai,38.1,5.3,32.8,HIGH GAP,0.04,0.1
2021,Tamil Nadu,Railway Trichy,38.1,5.3,32.8,HIGH GAP,0.0,0.1
2021,Tamil Nadu,Salem,38.1,5.3,32.8,HIGH GAP,0.62,0.1
2021,Tamil Nadu,Salem City,38.1,5.3,32.8,HIGH GAP,0.32,0.1
2021,Tamil Nadu,Sivagangai,38.1,5.3,32.8,HIGH GAP,1.37,0.1
2021,Tamil Nadu,Thanjavur,38.1,5.3,32.8,HIGH GAP,1.63,0.1
2021,Tamil Nadu,Theni,38.1,5.3,32.8,HIGH GAP,4.47,0.1
2021,Tamil Nadu,Thirunelveli,38.1,5.3,32.8,HIGH GAP,0.54,0.1
2021,Tamil Nadu,Thirunelveli City,38.1,5.3,32.8,HIGH GAP,0.29,0.1
2021,Tamil Nadu,Thiruvallur,38.1,5.3,32.8,HIGH GAP,1.12,0.1
2021,Tamil Nadu,Thiruvannamalai,38.1,5.3,32.8,HIGH GAP,1.23,0.1
2021,Tamil Nadu,Thiruvarur,38.1,5.3,32.8,HIGH GAP,1.51,0.1
2021,Tamil Nadu,Thoothukudi,38.1,5.3,32.8,HIGH GAP,1.7,0.1
2021,Tamil Nadu,Tiruppur,38.1,5.3,32.8,HIGH GAP,0.39,0.1
2021,Tamil Nadu,Tiruppur City,38.1,5.3,32.8,HIGH GAP,0.25,0.1
2021,Tamil Nadu,Trichy,38.1,5.3,32.8,HIGH GAP,2.92,0.1
2021,Tamil Nadu,Trichy City,38.1,5.3,32.8,HIGH GAP,1.01,0.1
2021,Tamil Nadu,Vellore,38.1,5.3,32.8,HIGH GAP,0.51,0.1
2021,Tamil Nadu,Villupuram,38.1,5.3,32.8,HIGH GAP,1.44,0.1
2021,Tamil Nadu,Virudhunagar,38.1,5.3,32.8,HIGH GAP,1.48,0.1
2021,Tamil Nadu,Cyber Cell,38.1,5.3,32.8,HIGH GAP,0.0,0.1
2021,Tamil Nadu,Other Units,38.1,5.3,32.8,HIGH GAP,0.0,0.1
2021,Tamil Nadu,Chengalpattu,38.1,5.3,32.8,HIGH GAP,0.58,0.1
2021,Tamil Nadu,Kallakurichi,38.1,5.3,32.8,HIGH GAP,0.83,0.1
2021,Tamil Nadu,Ranipet,38.1,5.3,32.8,HIGH GAP,0.18,0.1
2021,Tamil Nadu,Tiruppattur,38.1,5.3,32.8,HIGH GAP,0.29,0.1
2021,Tamil Nadu,Tenkasi,38.1,5.3,32.8,HIGH GAP,0.51,0.1
2021,Tamil Nadu,Total Districts ,38.1,5.3,32.8,HIGH GAP,47.98,0.1
2022,Tamil Nadu,Ariyalur,38.1,5.3,32.8,HIGH GAP,1.96,0.1
2022,Tamil Nadu,Chennai,38.1,5.3,32.8,HIGH GAP,2.69,0.1
2022,Tamil Nadu,Coimbatore,38.1,5.3,32.8,HIGH GAP,0.8,0.1
2022,Tamil Nadu,Coimbatore City,38.1,5.3,32.8,HIGH GAP,1.06,0.1
2022,Tamil Nadu,Cuddalore,38.1,5.3,32.8,HIGH GAP,2.47,0.1
2022,Tamil Nadu,Dharmapuri,38.1,5.3,32.8,HIGH GAP,1.04,0.1
2022,Tamil Nadu,Dindigul,38.1,5.3,32.8,HIGH GAP,2.62,0.1
2022,Tamil Nadu,Erode,38.1,5.3,32.8,HIGH GAP,0.54,0.1
2022,Tamil Nadu,Kanchipuram,38.1,5.3,32.8,HIGH GAP,0.11,0.1
2022,Tamil Nadu,Kanyakumari,38.1,5.3,32.8,HIGH GAP,0.25,0.1
2022,Tamil Nadu,Karur,38.1,5.3,32.8,HIGH GAP,2.04,0.1
2022,Tamil Nadu,Krishnagiri,38.1,5.3,32.8,HIGH GAP,0.46,0.1
2022,Tamil Nadu,Madurai,38.1,5.3,32.8,HIGH GAP,1.72,0.1
2022,Tamil Nadu,Madurai City,38.1,5.3,32.8,HIGH GAP,2.83,0.1
2022,Tamil Nadu,Nagapattinam,38.1,5.3,32.8,HIGH GAP,1.45,0.1
2022,Tamil Nadu,Namakkal,38.1,5.3,32.8,HIGH GAP,0.6,0.1
2022,Tamil Nadu,Nilgiris,38.1,5.3,32.8,HIGH GAP,0.36,0.1
2022,Tamil Nadu,Perambalur,38.1,5.3,32.8,HIGH GAP,2.31,0.1
2022,Tamil Nadu,Pudukottai,38.1,5.3,32.8,HIGH GAP,1.37,0.1
2022,Tamil Nadu,Ramnathapuram,38.1,5.3,32.8,HIGH GAP,0.9,0.1
2022,Tamil Nadu,Railway Chennai,38.1,5.3,32.8,HIGH GAP,0.0,0.1
2022,Tamil Nadu,Railway Trichy,38.1,5.3,32.8,HIGH GAP,0.0,0.1
2022,Tamil Nadu,Salem,38.1,5.3,32.8,HIGH GAP,0.47,0.1
2022,Tamil Nadu,Salem City,38.1,5.3,32.8,HIGH GAP,0.35,0.1
2022,Tamil Nadu,Sivagangai,38.1,5.3,32.8,HIGH GAP,1.73,0.1
2022,Tamil Nadu,Thanjavur,38.1,5.3,32.8,HIGH GAP,2.06,0.1
2022,Tamil Nadu,Theni,38.1,5.3,32.8,HIGH GAP,5.37,0.1
2022,Tamil Nadu,Thirunelveli,38.1,5.3,32.8,HIGH GAP,1.23,0.1
2022,Tamil Nadu,Thirunelveli City,38.1,5.3,32.8,HIGH GAP,0.36,0.1
2022,Tamil Nadu,Thiruvallur,38.1,5.3,32.8,HIGH GAP,0.79,0.1
2022,Tamil Nadu,Thiruvannamalai,38.1,5.3,32.8,HIGH GAP,0.65,0.1
2022,Tamil Nadu,Thiruvarur,38.1,5.3,32.8,HIGH GAP,1.65,0.1
2022,Tamil Nadu,Thoothukudi,38.1,5.3,32.8,HIGH GAP,1.55,0.1
2022,Tamil Nadu,Tiruppur,38.1,5.3,32.8,HIGH GAP,0.74,0.1
2022,Tamil Nadu,Tiruppur City,38.1,5.3,32.8,HIGH GAP,0.11,0.1
2022,Tamil Nadu,Trichy,38.1,5.3,32.8,HIGH GAP,3.1,0.1
2022,Tamil Nadu,Trichy City,38.1,5.3,32.8,HIGH GAP,0.87,0.1
2022,Tamil Nadu,Vellore,38.1,5.3,32.8,HIGH GAP,0.46,0.1
2022,Tamil Nadu,Villupuram,38.1,5.3,32.8,HIGH GAP,1.55,0.1
2022,Tamil Nadu,Virudhunagar,38.1,5.3,32.8,HIGH GAP,1.7,0.1
2022,Tamil Nadu,Cyber Cell,38.1,5.3,32.8,HIGH GAP,0.0,0.1
2022,Tamil Nadu,Other Units,38.1,5.3,32.8,HIGH GAP,0.0,0.1
2022,Tamil Nadu,Chengalpattu,38.1,5.3,32.8,HIGH GAP,0.4,0.1
2022,Tamil Nadu,Kallakurichi,38.1,5.3,32.8,HIGH GAP,0.97,0.1
2022,Tamil Nadu,Ranipet,38.1,5.3,32.8,HIGH GAP,0.11,0.1
2022,Tamil Nadu,Tiruppattur,38.1,5.3,32.8,HIGH GAP,0.32,0.1
2022,Tamil Nadu,Tenkasi,38.1,5.3,32.8,HIGH GAP,0.83,0.1
2022,Tamil Nadu,Avadi,38.1,5.3,32.8,HIGH GAP,1.12,0.1
2022,Tamil Nadu,Tambaram,38.1,5.3,32.8,HIGH GAP,1.41,0.1
2022,Tamil Nadu,Total Districts ,38.1,5.3,32.8,HIGH GAP,53.94,0.1
2023,Tamil Nadu,Ariyalur,38.1,5.3,32.8,HIGH GAP,2.07,0.1
2023,Tamil Nadu,Chennai,38.1,5.3,32.8,HIGH GAP,1.98,0.1
2023,Tamil Nadu,Coimbatore,38.1,5.3,32.8,HIGH GAP,0.48,0.1
2023,Tamil Nadu,Coimbatore City,38.1,5.3,32.8,HIGH GAP,1.06,0.1
2023,Tamil Nadu,Cuddalore,38.1,5.3,32.8,HIGH GAP,1.94,0.1
2023,Tamil Nadu,Dharmapuri,38.1,5.3,32.8,HIGH GAP,1.79,0.1
2023,Tamil Nadu,Dindigul,38.1,5.3,32.8,HIGH GAP,2.21,0.1
2023,Tamil Nadu,Erode,38.1,5.3,32.8,HIGH GAP,0.35,0.1
2023,Tamil Nadu,Kanchipuram,38.1,5.3,32.8,HIGH GAP,0.32,0.1
2023,Tamil Nadu,Kanyakumari,38.1,5.3,32.8,HIGH GAP,0.25,0.1
2023,Tamil Nadu,Karur,38.1,5.3,32.8,HIGH GAP,0.65,0.1
2023,Tamil Nadu,Krishnagiri,38.1,5.3,32.8,HIGH GAP,1.34,0.1
2023,Tamil Nadu,Madurai,38.1,5.3,32.8,HIGH GAP,1.43,0.1
2023,Tamil Nadu,Madurai City,38.1,5.3,32.8,HIGH GAP,2.92,0.1
2023,Tamil Nadu,Nagapattinam,38.1,5.3,32.8,HIGH GAP,0.59,0.1
2023,Tamil Nadu,Namakkal,38.1,5.3,32.8,HIGH GAP,0.5,0.1
2023,Tamil Nadu,Nilgiris,38.1,5.3,32.8,HIGH GAP,0.04,0.1
2023,Tamil Nadu,Perambalur,38.1,5.3,32.8,HIGH GAP,2.15,0.1
2023,Tamil Nadu,Pudukottai,38.1,5.3,32.8,HIGH GAP,0.97,0.1
2023,Tamil Nadu,Ramnathapuram,38.1,5.3,32.8,HIGH GAP,1.16,0.1
2023,Tamil Nadu,Railway Chennai,38.1,5.3,32.8,HIGH GAP,0.0,0.1
2023,Tamil Nadu,Railway Trichy,38.1,5.3,32.8,HIGH GAP,0.07,0.1
2023,Tamil Nadu,Salem,38.1,5.3,32.8,HIGH GAP,0.3,0.1
2023,Tamil Nadu,Salem City,38.1,5.3,32.8,HIGH GAP,0.42,0.1
2023,Tamil Nadu,Sivagangai,38.1,5.3,32.8,HIGH GAP,1.16,0.1
2023,Tamil Nadu,Thanjavur,38.1,5.3,32.8,HIGH GAP,1.81,0.1
2023,Tamil Nadu,Theni,38.1,5.3,32.8,HIGH GAP,6.91,0.1
2023,Tamil Nadu,Thirunelveli,38.1,5.3,32.8,HIGH GAP,1.01,0.1
2023,Tamil Nadu,Thirunelveli City,38.1,5.3,32.8,HIGH GAP,0.76,0.1
2023,Tamil Nadu,Thiruvallur,38.1,5.3,32.8,HIGH GAP,0.7,0.1
2023,Tamil Nadu,Thiruvannamalai,38.1,5.3,32.8,HIGH GAP,0.9,0.1
2023,Tamil Nadu,Thiruvarur,38.1,5.3,32.8,HIGH GAP,2.06,0.1
2023,Tamil Nadu,Thoothukudi,38.1,5.3,32.8,HIGH GAP,1.41,0.1
2023,Tamil Nadu,Tiruppur,38.1,5.3,32.8,HIGH GAP,0.32,0.1
2023,Tamil Nadu,Tiruppur City,38.1,5.3,32.8,HIGH GAP,0.14,0.1
2023,Tamil Nadu,Trichy,38.1,5.3,32.8,HIGH GAP,2.13,0.1
2023,Tamil Nadu,Trichy City,38.1,5.3,32.8,HIGH GAP,1.01,0.1
2023,Tamil Nadu,Vellore,38.1,5.3,32.8,HIGH GAP,0.64,0.1
2023,Tamil Nadu,Villupuram,38.1,5.3,32.8,HIGH GAP,1.26,0.1
2023,Tamil Nadu,Virudhunagar,38.1,5.3,32.8,HIGH GAP,2.1,0.1
2023,Tamil Nadu,Cyber Cell,38.1,5.3,32.8,HIGH GAP,0.0,0.1
2023,Tamil Nadu,Other Units,38.1,5.3,32.8,HIGH GAP,0.0,0.1
2023,Tamil Nadu,Chengalpattu,38.1,5.3,32.8,HIGH GAP,0.47,0.1
2023,Tamil Nadu,Kallakurichi,38.1,5.3,32.8,HIGH GAP,1.12,0.1
2023,Tamil Nadu,Ranipet,38.1,5.3,32.8,HIGH GAP,0.43,0.1
2023,Tamil Nadu,Tiruppattur,38.1,5.3,32.8,HIGH GAP,0.4,0.1
2023,Tamil Nadu,Tenkasi,38.1,5.3,32.8,HIGH GAP,0.72,0.1
2023,Tamil Nadu,Mayiladuthurai,38.1,5.3,32.8,HIGH GAP,0.4,0.1
2023,Tamil Nadu,Avadi,38.1,5.3,32.8,HIGH GAP,1.37,0.1
2023,Tamil Nadu,Tambaram,38.1,5.3,32.8,HIGH GAP,1.16,0.1
2023,Tamil Nadu,Total Districts ,38.1,5.3,32.8,HIGH GAP,50.61,0.1
2024,Tamil Nadu,Ariyalur,38.1,5.3,32.8,HIGH GAP,2.07,0.1
2024,Tamil Nadu,Chennai,38.1,5.3,32.8,HIGH GAP,2.17,0.1
2024,Tamil Nadu,Coimbatore,38.1,5.3,32.8,HIGH GAP,0.4,0.1
2024,Tamil Nadu,Coimbatore City,38.1,5.3,32.8,HIGH GAP,1.16,0.1
2024,Tamil Nadu,Cuddalore,38.1,5.3,32.8,HIGH GAP,1.13,0.1
2024,Tamil Nadu,Dharmapuri,38.1,5.3,32.8,HIGH GAP,0.4,0.1
2024,Tamil Nadu,Dindigul,38.1,5.3,32.8,HIGH GAP,1.21,0.1
2024,Tamil Nadu,Erode,38.1,5.3,32.8,HIGH GAP,0.39,0.1
2024,Tamil Nadu,Kanchipuram,38.1,5.3,32.8,HIGH GAP,0.72,0.1
2024,Tamil Nadu,Kanyakumari,38.1,5.3,32.8,HIGH GAP,0.43,0.1
2024,Tamil Nadu,Karur,38.1,5.3,32.8,HIGH GAP,1.47,0.1
2024,Tamil Nadu,Krishnagiri,38.1,5.3,32.8,HIGH GAP,0.56,0.1
2024,Tamil Nadu,Madurai,38.1,5.3,32.8,HIGH GAP,1.12,0.1
2024,Tamil Nadu,Madurai City,38.1,5.3,32.8,HIGH GAP,0.11,0.1
2024,Tamil Nadu,Nagapattinam,38.1,5.3,32.8,HIGH GAP,0.65,0.1
2024,Tamil Nadu,Namakkal,38.1,5.3,32.8,HIGH GAP,0.6,0.1
2024,Tamil Nadu,Nilgiris,38.1,5.3,32.8,HIGH GAP,0.14,0.1
2024,Tamil Nadu,Perambalur,38.1,5.3,32.8,HIGH GAP,1.23,0.1
2024,Tamil Nadu,Pudukottai,38.1,5.3,32.8,HIGH GAP,0.11,0.1
2024,Tamil Nadu,Ramnathapuram,38.1,5.3,32.8,HIGH GAP,0.32,0.1
2024,Tamil Nadu,Railway Chennai,38.1,5.3,32.8,HIGH GAP,0.0,0.1
2024,Tamil Nadu,Railway Trichy,38.1,5.3,32.8,HIGH GAP,0.0,0.1
2024,Tamil Nadu,Salem,38.1,5.3,32.8,HIGH GAP,0.3,0.1
2024,Tamil Nadu,Salem City,38.1,5.3,32.8,HIGH GAP,0.2,0.1
2024,Tamil Nadu,Sivagangai,38.1,5.3,32.8,HIGH GAP,0.51,0.1
2024,Tamil Nadu,Thanjavur,38.1,5.3,32.8,HIGH GAP,0.83,0.1
2024,Tamil Nadu,Theni,38.1,5.3,32.8,HIGH GAP,1.47,0.1
2024,Tamil Nadu,Thirunelveli,38.1,5.3,32.8,HIGH GAP,1.23,0.1
2024,Tamil Nadu,Thirunelveli City,38.1,5.3,32.8,HIGH GAP,0.25,0.1
2024,Tamil Nadu,Thiruvallur,38.1,5.3,32.8,HIGH GAP,0.44,0.1
2024,Tamil Nadu,Thiruvannamalai,38.1,5.3,32.8,HIGH GAP,1.05,0.1
2024,Tamil Nadu,Thiruvarur,38.1,5.3,32.8,HIGH GAP,0.41,0.1
2024,Tamil Nadu,Thoothukudi,38.1,5.3,32.8,HIGH GAP,1.3,0.1
2024,Tamil Nadu,Tiruppur,38.1,5.3,32.8,HIGH GAP,0.77,0.1
2024,Tamil Nadu,Tiruppur City,38.1,5.3,32.8,HIGH GAP,0.28,0.1
2024,Tamil Nadu,Trichy,38.1,5.3,32.8,HIGH GAP,1.48,0.1
2024,Tamil Nadu,Trichy City,38.1,5.3,32.8,HIGH GAP,0.43,0.1
2024,Tamil Nadu,Vellore,38.1,5.3,32.8,HIGH GAP,0.09,0.1
2024,Tamil Nadu,Villupuram,38.1,5.3,32.8,HIGH GAP,1.16,0.1
2024,Tamil Nadu,Virudhunagar,38.1,5.3,32.8,HIGH GAP,2.42,0.1
2024,Tamil Nadu,Cyber Cell,38.1,5.3,32.8,HIGH GAP,0.0,0.1
2024,Tamil Nadu,Other Units,38.1,5.3,32.8,HIGH GAP,0.0,0.1
2024,Tamil Nadu,Chengalpattu,38.1,5.3,32.8,HIGH GAP,0.83,0.1
2024,Tamil Nadu,Kallakurichi,38.1,5.3,32.8,HIGH GAP,0.72,0.1
2024,Tamil Nadu,Ranipet,38.1,5.3,32.8,HIGH GAP,0.25,0.1
2024,Tamil Nadu,Tiruppattur,38.1,5.3,32.8,HIGH GAP,1.12,0.1
2024,Tamil Nadu,Tenkasi,38.1,5.3,32.8,HIGH GAP,0.51,0.1
2024,Tamil Nadu,Mayiladuthurai,38.1,5.3,32.8,HIGH GAP,0.11,0.1
2024,Tamil Nadu,Avadi,38.1,5.3,32.8,HIGH GAP,0.61,0.1
2024,Tamil Nadu,Tambaram,38.1,5.3,32.8,HIGH GAP,0.94,0.1
2024,Tamil Nadu,Total Districts ,38.1,5.3,32.8,HIGH GAP,34.41,0.1
2021,Uttar Pradesh,Agra,34.8,2.4,32.4,HIGH GAP,15.61,0.29
2021,Uttar Pradesh,Aligarh,34.8,2.4,32.4,HIGH GAP,21.04,0.29
2021,Uttar Pradesh,Prayagraj,34.8,2.4,32.4,HIGH GAP,29.58,0.29
2021,Uttar Pradesh,Ambedkar Nagar,34.8,2.4,32.4,HIGH GAP,5.91,0.29
2021,Uttar Pradesh,Amethi,34.8,2.4,32.4,HIGH GAP,5.99,0.29
2021,Uttar Pradesh,Amroha,34.8,2.4,32.4,HIGH GAP,9.72,0.29
2021,Uttar Pradesh,Auraiya,34.8,2.4,32.4,HIGH GAP,16.89,0.29
2021,Uttar Pradesh,Azamgarh,34.8,2.4,32.4,HIGH GAP,5.39,0.29
2021,Uttar Pradesh,Badaun,34.8,2.4,32.4,HIGH GAP,12.54,0.29
2021,Uttar Pradesh,Baghpat,34.8,2.4,32.4,HIGH GAP,6.14,0.29
2021,Uttar Pradesh,Bahraich,34.8,2.4,32.4,HIGH GAP,2.67,0.29
2021,Uttar Pradesh,Ballia,34.8,2.4,32.4,HIGH GAP,4.16,0.29
2021,Uttar Pradesh,Balrampur,34.8,2.4,32.4,HIGH GAP,1.46,0.29
2021,Uttar Pradesh,Banda,34.8,2.4,32.4,HIGH GAP,11.16,0.29
2021,Uttar Pradesh,Barabanki,34.8,2.4,32.4,HIGH GAP,3.18,0.29
2021,Uttar Pradesh,Bareilly,34.8,2.4,32.4,HIGH GAP,19.14,0.29
2021,Uttar Pradesh,Basti,34.8,2.4,32.4,HIGH GAP,1.76,0.29
2021,Uttar Pradesh,Bijnor,34.8,2.4,32.4,HIGH GAP,5.5,0.29
2021,Uttar Pradesh,Bulandshahar,34.8,2.4,32.4,HIGH GAP,31.3,0.29
2021,Uttar Pradesh,Chandoli,34.8,2.4,32.4,HIGH GAP,4.47,0.29
2021,Uttar Pradesh,Chitrakoot,34.8,2.4,32.4,HIGH GAP,5.87,0.29
2021,Uttar Pradesh,Deoria,34.8,2.4,32.4,HIGH GAP,1.21,0.29
2021,Uttar Pradesh,Etah,34.8,2.4,32.4,HIGH GAP,6.32,0.29
2021,Uttar Pradesh,Etawah,34.8,2.4,32.4,HIGH GAP,8.52,0.29
2021,Uttar Pradesh,Ayodhya,34.8,2.4,32.4,HIGH GAP,2.49,0.29
2021,Uttar Pradesh,Fatehgarh,34.8,2.4,32.4,HIGH GAP,6.64,0.29
2021,Uttar Pradesh,Fatehpur,34.8,2.4,32.4,HIGH GAP,8.03,0.29
2021,Uttar Pradesh,Firozabad,34.8,2.4,32.4,HIGH GAP,17.09,0.29
2021,Uttar Pradesh,GRP,34.8,2.4,32.4,HIGH GAP,0.06,0.29
2021,Uttar Pradesh,Gautambudh Nagar,34.8,2.4,32.4,HIGH GAP,11.31,0.29
2021,Uttar Pradesh,Ghaziabad,34.8,2.4,32.4,HIGH GAP,11.87,0.29
2021,Uttar Pradesh,Ghazipur,34.8,2.4,32.4,HIGH GAP,6.68,0.29
2021,Uttar Pradesh,Gonda,34.8,2.4,32.4,HIGH GAP,1.54,0.29
2021,Uttar Pradesh,Gorakhpur,34.8,2.4,32.4,HIGH GAP,10.14,0.29
2021,Uttar Pradesh,Hamirpur,34.8,2.4,32.4,HIGH GAP,22.75,0.29
2021,Uttar Pradesh,Hamirpur,34.8,2.4,32.4,HIGH GAP,9.37,0.29
2021,Uttar Pradesh,Hapur,34.8,2.4,32.4,HIGH GAP,9.23,0.29
2021,Uttar Pradesh,Hardoi,34.8,2.4,32.4,HIGH GAP,5.38,0.29
2021,Uttar Pradesh,Hathras,34.8,2.4,32.4,HIGH GAP,5.73,0.29
2021,Uttar Pradesh,Jalaun,34.8,2.4,32.4,HIGH GAP,7.56,0.29
2021,Uttar Pradesh,Jaunpur,34.8,2.4,32.4,HIGH GAP,4.72,0.29
2021,Uttar Pradesh,Jhansi,34.8,2.4,32.4,HIGH GAP,13.57,0.29
2021,Uttar Pradesh,Kannauj,34.8,2.4,32.4,HIGH GAP,26.67,0.29
2021,Uttar Pradesh,Kanpur Dehat,34.8,2.4,32.4,HIGH GAP,23.62,0.29
2021,Uttar Pradesh,Kanpur Commissionarate,34.8,2.4,32.4,HIGH GAP,17.3,0.29
2021,Uttar Pradesh,Kasganj,34.8,2.4,32.4,HIGH GAP,5.31,0.29
2021,Uttar Pradesh,Kaushambi,34.8,2.4,32.4,HIGH GAP,6.58,0.29
2021,Uttar Pradesh,Khiri,34.8,2.4,32.4,HIGH GAP,12.02,0.29
2021,Uttar Pradesh,Kushi Nagar,34.8,2.4,32.4,HIGH GAP,3.92,0.29
2021,Uttar Pradesh,Lalitpur,34.8,2.4,32.4,HIGH GAP,3.63,0.29
2021,Uttar Pradesh,Lucknow Commissionarate,34.8,2.4,32.4,HIGH GAP,40.47,0.29
2021,Uttar Pradesh,Maharajganj,34.8,2.4,32.4,HIGH GAP,6.35,0.29
2021,Uttar Pradesh,Mahoba,34.8,2.4,32.4,HIGH GAP,5.46,0.29
2021,Uttar Pradesh,Mainpuri,34.8,2.4,32.4,HIGH GAP,8.33,0.29
2021,Uttar Pradesh,Mathura,34.8,2.4,32.4,HIGH GAP,25.06,0.29
2021,Uttar Pradesh,Mau,34.8,2.4,32.4,HIGH GAP,3.31,0.29
2021,Uttar Pradesh,Meerut,34.8,2.4,32.4,HIGH GAP,18.23,0.29
2021,Uttar Pradesh,Mirzapur,34.8,2.4,32.4,HIGH GAP,4.7,0.29
2021,Uttar Pradesh,Moradabad,34.8,2.4,32.4,HIGH GAP,14.4,0.29
2021,Uttar Pradesh,Muzaffarnagar,34.8,2.4,32.4,HIGH GAP,7.74,0.29
2021,Uttar Pradesh,Pilibhit,34.8,2.4,32.4,HIGH GAP,13.57,0.29
2021,Uttar Pradesh,Pratapgarh,34.8,2.4,32.4,HIGH GAP,41.08,0.29
2021,Uttar Pradesh,Pratapgarh,34.8,2.4,32.4,HIGH GAP,11.11,0.29
2021,Uttar Pradesh,Raibareilly,34.8,2.4,32.4,HIGH GAP,6.84,0.29
2021,Uttar Pradesh,Rampur,34.8,2.4,32.4,HIGH GAP,3.8,0.29
2021,Uttar Pradesh,Saharanpur,34.8,2.4,32.4,HIGH GAP,11.41,0.29
2021,Uttar Pradesh,Sambhal,34.8,2.4,32.4,HIGH GAP,9.14,0.29
2021,Uttar Pradesh,Sant Kabirnagar,34.8,2.4,32.4,HIGH GAP,2.69,0.29
2021,Uttar Pradesh,Shahjahanpur,34.8,2.4,32.4,HIGH GAP,10.24,0.29
2021,Uttar Pradesh,Shamli,34.8,2.4,32.4,HIGH GAP,7.58,0.29
2021,Uttar Pradesh,Shrawasti,34.8,2.4,32.4,HIGH GAP,3.5,0.29
2021,Uttar Pradesh,Sidharthnagar,34.8,2.4,32.4,HIGH GAP,1.04,0.29
2021,Uttar Pradesh,Sitapur,34.8,2.4,32.4,HIGH GAP,6.17,0.29
2021,Uttar Pradesh,Sonbhadra,34.8,2.4,32.4,HIGH GAP,5.09,0.29
2021,Uttar Pradesh,Bhadohi,34.8,2.4,32.4,HIGH GAP,1.0,0.29
2021,Uttar Pradesh,Sultanpur,34.8,2.4,32.4,HIGH GAP,2.84,0.29
2021,Uttar Pradesh,Unnao,34.8,2.4,32.4,HIGH GAP,7.39,0.29
2021,Uttar Pradesh,Varanasi Commissionarate,34.8,2.4,32.4,HIGH GAP,14.16,0.29
2021,Uttar Pradesh,Lucknow Grameen,34.8,2.4,32.4,HIGH GAP,2.4,0.29
2021,Uttar Pradesh,Kanpur Outer,34.8,2.4,32.4,HIGH GAP,6.61,0.29
2021,Uttar Pradesh,Vasanasi Dehat,34.8,2.4,32.4,HIGH GAP,6.93,0.29
2021,Uttar Pradesh,Total Districts ,34.8,2.4,32.4,HIGH GAP,752.76,0.29
2022,Uttar Pradesh,Agra,34.8,2.4,32.4,HIGH GAP,18.83,0.29
2022,Uttar Pradesh,Aligarh,34.8,2.4,32.4,HIGH GAP,24.4,0.29
2022,Uttar Pradesh,Prayagraj,34.8,2.4,32.4,HIGH GAP,35.67,0.29
2022,Uttar Pradesh,Ambedkar Nagar,34.8,2.4,32.4,HIGH GAP,2.9,0.29
2022,Uttar Pradesh,Amethi,34.8,2.4,32.4,HIGH GAP,5.8,0.29
2022,Uttar Pradesh,Auraiya,34.8,2.4,32.4,HIGH GAP,18.78,0.29
2022,Uttar Pradesh,Azamgarh,34.8,2.4,32.4,HIGH GAP,8.56,0.29
2022,Uttar Pradesh,Badaun,34.8,2.4,32.4,HIGH GAP,21.09,0.29
2022,Uttar Pradesh,Baghpat,34.8,2.4,32.4,HIGH GAP,8.01,0.29
2022,Uttar Pradesh,Bahraich,34.8,2.4,32.4,HIGH GAP,3.02,0.29
2022,Uttar Pradesh,Ballia,34.8,2.4,32.4,HIGH GAP,5.74,0.29
2022,Uttar Pradesh,Balrampur,34.8,2.4,32.4,HIGH GAP,3.16,0.29
2022,Uttar Pradesh,Banda,34.8,2.4,32.4,HIGH GAP,12.66,0.29
2022,Uttar Pradesh,Barabanki,34.8,2.4,32.4,HIGH GAP,2.85,0.29
2022,Uttar Pradesh,Bareilly,34.8,2.4,32.4,HIGH GAP,24.24,0.29
2022,Uttar Pradesh,Basti,34.8,2.4,32.4,HIGH GAP,2.36,0.29
2022,Uttar Pradesh,Bijnor,34.8,2.4,32.4,HIGH GAP,13.65,0.29
2022,Uttar Pradesh,Bulandshahar,34.8,2.4,32.4,HIGH GAP,25.3,0.29
2022,Uttar Pradesh,Chandoli,34.8,2.4,32.4,HIGH GAP,4.21,0.29
2022,Uttar Pradesh,Chitrakoot,34.8,2.4,32.4,HIGH GAP,5.17,0.29
2022,Uttar Pradesh,Deoria,34.8,2.4,32.4,HIGH GAP,1.54,0.29
2022,Uttar Pradesh,Etah,34.8,2.4,32.4,HIGH GAP,6.13,0.29
2022,Uttar Pradesh,Etawah,34.8,2.4,32.4,HIGH GAP,8.19,0.29
2022,Uttar Pradesh,Ayodhya,34.8,2.4,32.4,HIGH GAP,2.82,0.29
2022,Uttar Pradesh,Fatehgarh,34.8,2.4,32.4,HIGH GAP,5.99,0.29
2022,Uttar Pradesh,Fatehpur,34.8,2.4,32.4,HIGH GAP,8.26,0.29
2022,Uttar Pradesh,Firozabad,34.8,2.4,32.4,HIGH GAP,19.77,0.29
2022,Uttar Pradesh,GRP,34.8,2.4,32.4,HIGH GAP,0.16,0.29
2022,Uttar Pradesh,Gautambudh Nagar,34.8,2.4,32.4,HIGH GAP,11.47,0.29
2022,Uttar Pradesh,Ghaziabad,34.8,2.4,32.4,HIGH GAP,18.61,0.29
2022,Uttar Pradesh,Ghazipur,34.8,2.4,32.4,HIGH GAP,7.23,0.29
2022,Uttar Pradesh,Gonda,34.8,2.4,32.4,HIGH GAP,2.68,0.29
2022,Uttar Pradesh,Gorakhpur,34.8,2.4,32.4,HIGH GAP,14.25,0.29
2022,Uttar Pradesh,Hamirpur,34.8,2.4,32.4,HIGH GAP,32.51,0.29
2022,Uttar Pradesh,Hamirpur,34.8,2.4,32.4,HIGH GAP,13.39,0.29
2022,Uttar Pradesh,Hapur,34.8,2.4,32.4,HIGH GAP,10.92,0.29
2022,Uttar Pradesh,Hardoi,34.8,2.4,32.4,HIGH GAP,5.21,0.29
2022,Uttar Pradesh,Hathras,34.8,2.4,32.4,HIGH GAP,5.57,0.29
2022,Uttar Pradesh,Jalaun,34.8,2.4,32.4,HIGH GAP,7.2,0.29
2022,Uttar Pradesh,Jaunpur,34.8,2.4,32.4,HIGH GAP,4.51,0.29
2022,Uttar Pradesh,Jhansi,34.8,2.4,32.4,HIGH GAP,14.31,0.29
2022,Uttar Pradesh,Kannauj,34.8,2.4,32.4,HIGH GAP,28.34,0.29
2022,Uttar Pradesh,Kanpur Dehat,34.8,2.4,32.4,HIGH GAP,16.56,0.29
2022,Uttar Pradesh,Kanpur Commissionarate,34.8,2.4,32.4,HIGH GAP,39.01,0.29
2022,Uttar Pradesh,Kasganj,34.8,2.4,32.4,HIGH GAP,5.38,0.29
2022,Uttar Pradesh,Kaushambi,34.8,2.4,32.4,HIGH GAP,6.85,0.29
2022,Uttar Pradesh,Khiri,34.8,2.4,32.4,HIGH GAP,13.77,0.29
2022,Uttar Pradesh,Kushi Nagar,34.8,2.4,32.4,HIGH GAP,4.73,0.29
2022,Uttar Pradesh,Lalitpur,34.8,2.4,32.4,HIGH GAP,5.55,0.29
2022,Uttar Pradesh,Lucknow Commissionarate,34.8,2.4,32.4,HIGH GAP,40.08,0.29
2022,Uttar Pradesh,Maharajganj,34.8,2.4,32.4,HIGH GAP,7.1,0.29
2022,Uttar Pradesh,Mahoba,34.8,2.4,32.4,HIGH GAP,3.28,0.29
2022,Uttar Pradesh,Mainpuri,34.8,2.4,32.4,HIGH GAP,11.91,0.29
2022,Uttar Pradesh,Mathura,34.8,2.4,32.4,HIGH GAP,17.44,0.29
2022,Uttar Pradesh,Mau,34.8,2.4,32.4,HIGH GAP,2.92,0.29
2022,Uttar Pradesh,Meerut,34.8,2.4,32.4,HIGH GAP,19.24,0.29
2022,Uttar Pradesh,Mirzapur,34.8,2.4,32.4,HIGH GAP,5.26,0.29
2022,Uttar Pradesh,Moradabad,34.8,2.4,32.4,HIGH GAP,8.05,0.29
2022,Uttar Pradesh,Muzaffarnagar,34.8,2.4,32.4,HIGH GAP,7.62,0.29
2022,Uttar Pradesh,Pilibhit,34.8,2.4,32.4,HIGH GAP,22.95,0.29
2022,Uttar Pradesh,Pratapgarh,34.8,2.4,32.4,HIGH GAP,63.12,0.29
2022,Uttar Pradesh,Pratapgarh,34.8,2.4,32.4,HIGH GAP,17.07,0.29
2022,Uttar Pradesh,Raibareilly,34.8,2.4,32.4,HIGH GAP,5.86,0.29
2022,Uttar Pradesh,Rampur,34.8,2.4,32.4,HIGH GAP,5.51,0.29
2022,Uttar Pradesh,Saharanpur,34.8,2.4,32.4,HIGH GAP,10.79,0.29
2022,Uttar Pradesh,Sambhal,34.8,2.4,32.4,HIGH GAP,11.53,0.29
2022,Uttar Pradesh,Sant Kabirnagar,34.8,2.4,32.4,HIGH GAP,3.3,0.29
2022,Uttar Pradesh,Shahjahanpur,34.8,2.4,32.4,HIGH GAP,11.19,0.29
2022,Uttar Pradesh,Shamli,34.8,2.4,32.4,HIGH GAP,9.43,0.29
2022,Uttar Pradesh,Shrawasti,34.8,2.4,32.4,HIGH GAP,5.84,0.29
2022,Uttar Pradesh,Sidharthnagar,34.8,2.4,32.4,HIGH GAP,1.81,0.29
2022,Uttar Pradesh,Sitapur,34.8,2.4,32.4,HIGH GAP,6.88,0.29
2022,Uttar Pradesh,Sonbhadra,34.8,2.4,32.4,HIGH GAP,7.66,0.29
2022,Uttar Pradesh,Bhadohi,34.8,2.4,32.4,HIGH GAP,1.04,0.29
2022,Uttar Pradesh,Sultanpur,34.8,2.4,32.4,HIGH GAP,2.4,0.29
2022,Uttar Pradesh,Unnao,34.8,2.4,32.4,HIGH GAP,7.81,0.29
2022,Uttar Pradesh,Varanasi Commissionarate,34.8,2.4,32.4,HIGH GAP,18.5,0.29
2022,Uttar Pradesh,Lucknow Grameen,34.8,2.4,32.4,HIGH GAP,0.0,0.29
2022,Uttar Pradesh,Kanpur Outer,34.8,2.4,32.4,HIGH GAP,0.0,0.29
2022,Uttar Pradesh,Vasanasi Dehat,34.8,2.4,32.4,HIGH GAP,0.0,0.29
2022,Uttar Pradesh,Total Districts ,34.8,2.4,32.4,HIGH GAP,836.0,0.29
2023,Uttar Pradesh,Agra,34.8,2.4,32.4,HIGH GAP,20.84,0.29
2023,Uttar Pradesh,Aligarh,34.8,2.4,32.4,HIGH GAP,17.49,0.29
2023,Uttar Pradesh,Prayagraj,34.8,2.4,32.4,HIGH GAP,28.06,0.29
2023,Uttar Pradesh,Ambedkar Nagar,34.8,2.4,32.4,HIGH GAP,2.61,0.29
2023,Uttar Pradesh,Amethi,34.8,2.4,32.4,HIGH GAP,6.35,0.29
2023,Uttar Pradesh,Amroha,34.8,2.4,32.4,HIGH GAP,9.4,0.29
2023,Uttar Pradesh,Auraiya,34.8,2.4,32.4,HIGH GAP,19.86,0.29
2023,Uttar Pradesh,Azamgarh,34.8,2.4,32.4,HIGH GAP,12.1,0.29
2023,Uttar Pradesh,Badaun,34.8,2.4,32.4,HIGH GAP,20.51,0.29
2023,Uttar Pradesh,Baghpat,34.8,2.4,32.4,HIGH GAP,9.21,0.29
2023,Uttar Pradesh,Bahraich,34.8,2.4,32.4,HIGH GAP,3.91,0.29
2023,Uttar Pradesh,Ballia,34.8,2.4,32.4,HIGH GAP,5.48,0.29
2023,Uttar Pradesh,Balrampur,34.8,2.4,32.4,HIGH GAP,3.04,0.29
2023,Uttar Pradesh,Banda,34.8,2.4,32.4,HIGH GAP,16.87,0.29
2023,Uttar Pradesh,Barabanki,34.8,2.4,32.4,HIGH GAP,2.66,0.29
2023,Uttar Pradesh,Bareilly,34.8,2.4,32.4,HIGH GAP,1.33,0.29
2023,Uttar Pradesh,Basti,34.8,2.4,32.4,HIGH GAP,2.54,0.29
2023,Uttar Pradesh,Bijnor,34.8,2.4,32.4,HIGH GAP,10.15,0.29
2023,Uttar Pradesh,Bulandshahar,34.8,2.4,32.4,HIGH GAP,20.61,0.29
2023,Uttar Pradesh,Chandoli,34.8,2.4,32.4,HIGH GAP,4.83,0.29
2023,Uttar Pradesh,Chitrakoot,34.8,2.4,32.4,HIGH GAP,7.1,0.29
2023,Uttar Pradesh,Deoria,34.8,2.4,32.4,HIGH GAP,1.29,0.29
2023,Uttar Pradesh,Etah,34.8,2.4,32.4,HIGH GAP,6.03,0.29
2023,Uttar Pradesh,Etawah,34.8,2.4,32.4,HIGH GAP,8.19,0.29
2023,Uttar Pradesh,Ayodhya,34.8,2.4,32.4,HIGH GAP,1.52,0.29
2023,Uttar Pradesh,Fatehgarh,34.8,2.4,32.4,HIGH GAP,6.42,0.29
2023,Uttar Pradesh,Fatehpur,34.8,2.4,32.4,HIGH GAP,9.68,0.29
2023,Uttar Pradesh,Firozabad,34.8,2.4,32.4,HIGH GAP,24.92,0.29
2023,Uttar Pradesh,GRP,34.8,2.4,32.4,HIGH GAP,0.23,0.29
2023,Uttar Pradesh,Gautambudh Nagar,34.8,2.4,32.4,HIGH GAP,10.17,0.29
2023,Uttar Pradesh,Ghaziabad,34.8,2.4,32.4,HIGH GAP,18.82,0.29
2023,Uttar Pradesh,Ghazipur,34.8,2.4,32.4,HIGH GAP,5.76,0.29
2023,Uttar Pradesh,Gonda,34.8,2.4,32.4,HIGH GAP,3.09,0.29
2023,Uttar Pradesh,Gorakhpur,34.8,2.4,32.4,HIGH GAP,18.45,0.29
2023,Uttar Pradesh,Hamirpur,34.8,2.4,32.4,HIGH GAP,40.15,0.29
2023,Uttar Pradesh,Hamirpur,34.8,2.4,32.4,HIGH GAP,16.54,0.29
2023,Uttar Pradesh,Hapur,34.8,2.4,32.4,HIGH GAP,7.94,0.29
2023,Uttar Pradesh,Hardoi,34.8,2.4,32.4,HIGH GAP,6.76,0.29
2023,Uttar Pradesh,Hathras,34.8,2.4,32.4,HIGH GAP,3.69,0.29
2023,Uttar Pradesh,Jalaun,34.8,2.4,32.4,HIGH GAP,9.72,0.29
2023,Uttar Pradesh,Jaunpur,34.8,2.4,32.4,HIGH GAP,5.59,0.29
2023,Uttar Pradesh,Jhansi,34.8,2.4,32.4,HIGH GAP,14.01,0.29
2023,Uttar Pradesh,Kannauj,34.8,2.4,32.4,HIGH GAP,27.3,0.29
2023,Uttar Pradesh,Kanpur Dehat,34.8,2.4,32.4,HIGH GAP,11.86,0.29
2023,Uttar Pradesh,Kanpur Commissionarate,34.8,2.4,32.4,HIGH GAP,39.4,0.29
2023,Uttar Pradesh,Kasganj,34.8,2.4,32.4,HIGH GAP,6.42,0.29
2023,Uttar Pradesh,Kaushambi,34.8,2.4,32.4,HIGH GAP,9.73,0.29
2023,Uttar Pradesh,Khiri,34.8,2.4,32.4,HIGH GAP,12.77,0.29
2023,Uttar Pradesh,Kushi Nagar,34.8,2.4,32.4,HIGH GAP,7.71,0.29
2023,Uttar Pradesh,Lalitpur,34.8,2.4,32.4,HIGH GAP,4.7,0.29
2023,Uttar Pradesh,Lucknow Commissionarate,34.8,2.4,32.4,HIGH GAP,49.05,0.29
2023,Uttar Pradesh,Maharajganj,34.8,2.4,32.4,HIGH GAP,1.39,0.29
2023,Uttar Pradesh,Mahoba,34.8,2.4,32.4,HIGH GAP,5.56,0.29
2023,Uttar Pradesh,Mainpuri,34.8,2.4,32.4,HIGH GAP,12.05,0.29
2023,Uttar Pradesh,Mathura,34.8,2.4,32.4,HIGH GAP,15.19,0.29
2023,Uttar Pradesh,Mau,34.8,2.4,32.4,HIGH GAP,1.89,0.29
2023,Uttar Pradesh,Meerut,34.8,2.4,32.4,HIGH GAP,16.72,0.29
2023,Uttar Pradesh,Mirzapur,34.8,2.4,32.4,HIGH GAP,5.96,0.29
2023,Uttar Pradesh,Moradabad,34.8,2.4,32.4,HIGH GAP,7.91,0.29
2023,Uttar Pradesh,Muzaffarnagar,34.8,2.4,32.4,HIGH GAP,9.34,0.29
2023,Uttar Pradesh,Pilibhit,34.8,2.4,32.4,HIGH GAP,19.14,0.29
2023,Uttar Pradesh,Pratapgarh,34.8,2.4,32.4,HIGH GAP,46.89,0.29
2023,Uttar Pradesh,Pratapgarh,34.8,2.4,32.4,HIGH GAP,12.68,0.29
2023,Uttar Pradesh,Raibareilly,34.8,2.4,32.4,HIGH GAP,7.23,0.29
2023,Uttar Pradesh,Rampur,34.8,2.4,32.4,HIGH GAP,4.5,0.29
2023,Uttar Pradesh,Saharanpur,34.8,2.4,32.4,HIGH GAP,10.69,0.29
2023,Uttar Pradesh,Sambhal,34.8,2.4,32.4,HIGH GAP,10.72,0.29
2023,Uttar Pradesh,Sant Kabirnagar,34.8,2.4,32.4,HIGH GAP,3.89,0.29
2023,Uttar Pradesh,Shahjahanpur,34.8,2.4,32.4,HIGH GAP,11.86,0.29
2023,Uttar Pradesh,Shamli,34.8,2.4,32.4,HIGH GAP,9.04,0.29
2023,Uttar Pradesh,Shrawasti,34.8,2.4,32.4,HIGH GAP,3.04,0.29
2023,Uttar Pradesh,Sidharthnagar,34.8,2.4,32.4,HIGH GAP,6.25,0.29
2023,Uttar Pradesh,Sitapur,34.8,2.4,32.4,HIGH GAP,10.9,0.29
2023,Uttar Pradesh,Sonbhadra,34.8,2.4,32.4,HIGH GAP,8.17,0.29
2023,Uttar Pradesh,Bhadohi,34.8,2.4,32.4,HIGH GAP,0.49,0.29
2023,Uttar Pradesh,Sultanpur,34.8,2.4,32.4,HIGH GAP,2.73,0.29
2023,Uttar Pradesh,Unnao,34.8,2.4,32.4,HIGH GAP,10.24,0.29
2023,Uttar Pradesh,Varanasi Commissionarate,34.8,2.4,32.4,HIGH GAP,22.1,0.29
2023,Uttar Pradesh,Total Districts ,34.8,2.4,32.4,HIGH GAP,818.37,0.29
2024,Uttar Pradesh,Agra,34.8,2.4,32.4,HIGH GAP,3.74,0.29
2024,Uttar Pradesh,Aligarh,34.8,2.4,32.4,HIGH GAP,1.25,0.29
2024,Uttar Pradesh,Prayagraj,34.8,2.4,32.4,HIGH GAP,6.29,0.29
2024,Uttar Pradesh,Ambedkar Nagar,34.8,2.4,32.4,HIGH GAP,2.9,0.29
2024,Uttar Pradesh,Amethi,34.8,2.4,32.4,HIGH GAP,2.01,0.29
2024,Uttar Pradesh,Amroha,34.8,2.4,32.4,HIGH GAP,2.62,0.29
2024,Uttar Pradesh,Auraiya,34.8,2.4,32.4,HIGH GAP,0.5,0.29
2024,Uttar Pradesh,Azamgarh,34.8,2.4,32.4,HIGH GAP,4.9,0.29
2024,Uttar Pradesh,Badaun,34.8,2.4,32.4,HIGH GAP,2.2,0.29
2024,Uttar Pradesh,Baghpat,34.8,2.4,32.4,HIGH GAP,3.94,0.29
2024,Uttar Pradesh,Bahraich,34.8,2.4,32.4,HIGH GAP,3.69,0.29
2024,Uttar Pradesh,Ballia,34.8,2.4,32.4,HIGH GAP,2.34,0.29
2024,Uttar Pradesh,Balrampur,34.8,2.4,32.4,HIGH GAP,1.62,0.29
2024,Uttar Pradesh,Banda,34.8,2.4,32.4,HIGH GAP,3.67,0.29
2024,Uttar Pradesh,Barabanki,34.8,2.4,32.4,HIGH GAP,0.71,0.29
2024,Uttar Pradesh,Bareilly,34.8,2.4,32.4,HIGH GAP,0.92,0.29
2024,Uttar Pradesh,Basti,34.8,2.4,32.4,HIGH GAP,2.72,0.29
2024,Uttar Pradesh,Bijnor,34.8,2.4,32.4,HIGH GAP,1.32,0.29
2024,Uttar Pradesh,Bulandshahar,34.8,2.4,32.4,HIGH GAP,1.72,0.29
2024,Uttar Pradesh,Chandoli,34.8,2.4,32.4,HIGH GAP,1.65,0.29
2024,Uttar Pradesh,Chitrakoot,34.8,2.4,32.4,HIGH GAP,2.37,0.29
2024,Uttar Pradesh,Deoria,34.8,2.4,32.4,HIGH GAP,0.45,0.29
2024,Uttar Pradesh,Etah,34.8,2.4,32.4,HIGH GAP,1.27,0.29
2024,Uttar Pradesh,Etawah,34.8,2.4,32.4,HIGH GAP,1.21,0.29
2024,Uttar Pradesh,Ayodhya,34.8,2.4,32.4,HIGH GAP,1.59,0.29
2024,Uttar Pradesh,Fatehgarh,34.8,2.4,32.4,HIGH GAP,0.91,0.29
2024,Uttar Pradesh,Fatehpur,34.8,2.4,32.4,HIGH GAP,3.7,0.29
2024,Uttar Pradesh,Firozabad,34.8,2.4,32.4,HIGH GAP,3.06,0.29
2024,Uttar Pradesh,GRP,34.8,2.4,32.4,HIGH GAP,0.13,0.29
2024,Uttar Pradesh,Gautambudh Nagar,34.8,2.4,32.4,HIGH GAP,1.3,0.29
2024,Uttar Pradesh,Ghaziabad,34.8,2.4,32.4,HIGH GAP,7.08,0.29
2024,Uttar Pradesh,Ghazipur,34.8,2.4,32.4,HIGH GAP,1.18,0.29
2024,Uttar Pradesh,Gonda,34.8,2.4,32.4,HIGH GAP,4.1,0.29
2024,Uttar Pradesh,Gorakhpur,34.8,2.4,32.4,HIGH GAP,0.41,0.29
2024,Uttar Pradesh,Hamirpur,34.8,2.4,32.4,HIGH GAP,11.28,0.29
2024,Uttar Pradesh,Hamirpur,34.8,2.4,32.4,HIGH GAP,4.65,0.29
2024,Uttar Pradesh,Hapur,34.8,2.4,32.4,HIGH GAP,1.88,0.29
2024,Uttar Pradesh,Hardoi,34.8,2.4,32.4,HIGH GAP,2.08,0.29
2024,Uttar Pradesh,Hathras,34.8,2.4,32.4,HIGH GAP,1.88,0.29
2024,Uttar Pradesh,Jalaun,34.8,2.4,32.4,HIGH GAP,2.21,0.29
2024,Uttar Pradesh,Jaunpur,34.8,2.4,32.4,HIGH GAP,2.09,0.29
2024,Uttar Pradesh,Jhansi,34.8,2.4,32.4,HIGH GAP,3.65,0.29
2024,Uttar Pradesh,Kannauj,34.8,2.4,32.4,HIGH GAP,3.46,0.29
2024,Uttar Pradesh,Kanpur Dehat,34.8,2.4,32.4,HIGH GAP,1.07,0.29
2024,Uttar Pradesh,Kanpur Commissionarate,34.8,2.4,32.4,HIGH GAP,7.19,0.29
2024,Uttar Pradesh,Kasganj,34.8,2.4,32.4,HIGH GAP,1.91,0.29
2024,Uttar Pradesh,Kaushambi,34.8,2.4,32.4,HIGH GAP,4.46,0.29
2024,Uttar Pradesh,Khiri,34.8,2.4,32.4,HIGH GAP,2.85,0.29
2024,Uttar Pradesh,Kushi Nagar,34.8,2.4,32.4,HIGH GAP,0.58,0.29
2024,Uttar Pradesh,Lalitpur,34.8,2.4,32.4,HIGH GAP,1.57,0.29
2024,Uttar Pradesh,Lucknow Commissionarate,34.8,2.4,32.4,HIGH GAP,10.63,0.29
2024,Uttar Pradesh,Maharajganj,34.8,2.4,32.4,HIGH GAP,1.98,0.29
2024,Uttar Pradesh,Mahoba,34.8,2.4,32.4,HIGH GAP,1.89,0.29
2024,Uttar Pradesh,Mainpuri,34.8,2.4,32.4,HIGH GAP,1.81,0.29
2024,Uttar Pradesh,Mathura,34.8,2.4,32.4,HIGH GAP,3.65,0.29
2024,Uttar Pradesh,Mau,34.8,2.4,32.4,HIGH GAP,3.31,0.29
2024,Uttar Pradesh,Meerut,34.8,2.4,32.4,HIGH GAP,3.43,0.29
2024,Uttar Pradesh,Mirzapur,34.8,2.4,32.4,HIGH GAP,1.04,0.29
2024,Uttar Pradesh,Moradabad,34.8,2.4,32.4,HIGH GAP,0.69,0.29
2024,Uttar Pradesh,Muzaffarnagar,34.8,2.4,32.4,HIGH GAP,3.02,0.29
2024,Uttar Pradesh,Pilibhit,34.8,2.4,32.4,HIGH GAP,8.78,0.29
2024,Uttar Pradesh,Pratapgarh,34.8,2.4,32.4,HIGH GAP,6.61,0.29
2024,Uttar Pradesh,Pratapgarh,34.8,2.4,32.4,HIGH GAP,1.79,0.29
2024,Uttar Pradesh,Raibareilly,34.8,2.4,32.4,HIGH GAP,2.4,0.29
2024,Uttar Pradesh,Rampur,34.8,2.4,32.4,HIGH GAP,5.55,0.29
2024,Uttar Pradesh,Saharanpur,34.8,2.4,32.4,HIGH GAP,1.78,0.29
2024,Uttar Pradesh,Sambhal,34.8,2.4,32.4,HIGH GAP,3.89,0.29
2024,Uttar Pradesh,Sant Kabirnagar,34.8,2.4,32.4,HIGH GAP,2.75,0.29
2024,Uttar Pradesh,Shahjahanpur,34.8,2.4,32.4,HIGH GAP,1.1,0.29
2024,Uttar Pradesh,Shamli,34.8,2.4,32.4,HIGH GAP,2.04,0.29
2024,Uttar Pradesh,Shrawasti,34.8,2.4,32.4,HIGH GAP,3.04,0.29
2024,Uttar Pradesh,Sidharthnagar,34.8,2.4,32.4,HIGH GAP,1.43,0.29
2024,Uttar Pradesh,Sitapur,34.8,2.4,32.4,HIGH GAP,2.37,0.29
2024,Uttar Pradesh,Sonbhadra,34.8,2.4,32.4,HIGH GAP,7.75,0.29
2024,Uttar Pradesh,Bhadohi,34.8,2.4,32.4,HIGH GAP,0.68,0.29
2024,Uttar Pradesh,Sultanpur,34.8,2.4,32.4,HIGH GAP,3.16,0.29
2024,Uttar Pradesh,Unnao,34.8,2.4,32.4,HIGH GAP,1.65,0.29
2024,Uttar Pradesh,Varanasi Commissionarate,34.8,2.4,32.4,HIGH GAP,4.96,0.29
2024,Uttar Pradesh,Total Districts ,34.8,2.4,32.4,HIGH GAP,208.1,0.29
2021,Telangana,Cyberabad Commissionerate,36.9,7.6,29.3,HIGH GAP,39.0,0.26
2021,Telangana,Hyderabad Commissionerate,36.9,7.6,29.3,HIGH GAP,51.0,0.26
2021,Telangana,Karimnagar Commissionerate,36.9,7.6,29.3,HIGH GAP,7.94,0.26
2021,Telangana,Khammam Commissionerate,36.9,7.6,29.3,HIGH GAP,9.69,0.26
2021,Telangana,Nizamabad Commissionerate,36.9,7.6,29.3,HIGH GAP,7.74,0.26
2021,Telangana,Rachakonda Commissionerate,36.9,7.6,29.3,HIGH GAP,46.35,0.26
2021,Telangana,Ramagundam Commissionerate,36.9,7.6,29.3,HIGH GAP,17.4,0.26
2021,Telangana,Siddipet Commissionerate,36.9,7.6,29.3,HIGH GAP,10.11,0.26
2021,Telangana,Warangal Commissionerate,36.9,7.6,29.3,HIGH GAP,16.08,0.26
2021,Telangana,Adilabad,36.9,7.6,29.3,HIGH GAP,4.31,0.26
2021,Telangana,Bhadradri Kothagudem,36.9,7.6,29.3,HIGH GAP,11.35,0.26
2021,Telangana,Jagityal,36.9,7.6,29.3,HIGH GAP,9.77,0.26
2021,Telangana,Jayashankar Bhupalpalli,36.9,7.6,29.3,HIGH GAP,2.0,0.26
2021,Telangana,Jogulamba Gadwal,36.9,7.6,29.3,HIGH GAP,1.32,0.26
2021,Telangana,Kamareddy ,36.9,7.6,29.3,HIGH GAP,7.52,0.26
2021,Telangana,Kumaram Bheem Asifabad,36.9,7.6,29.3,HIGH GAP,2.48,0.26
2021,Telangana,Mahabubabad,36.9,7.6,29.3,HIGH GAP,3.83,0.26
2021,Telangana,Mahabubnagar,36.9,7.6,29.3,HIGH GAP,3.63,0.26
2021,Telangana,Medak,36.9,7.6,29.3,HIGH GAP,4.21,0.26
2021,Telangana,Nagarkurnool,36.9,7.6,29.3,HIGH GAP,1.89,0.26
2021,Telangana,Nalgonda,36.9,7.6,29.3,HIGH GAP,7.9,0.26
2021,Telangana,Nirmal,36.9,7.6,29.3,HIGH GAP,2.14,0.26
2021,Telangana,Rajanna Siricilla,36.9,7.6,29.3,HIGH GAP,5.63,0.26
2021,Telangana,Sangareddy,36.9,7.6,29.3,HIGH GAP,4.39,0.26
2021,Telangana,Suryapet,36.9,7.6,29.3,HIGH GAP,8.7,0.26
2021,Telangana,Vikarabad,36.9,7.6,29.3,HIGH GAP,3.13,0.26
2021,Telangana,Wanaparthy,36.9,7.6,29.3,HIGH GAP,1.38,0.26
2021,Telangana,Railway Police Secunderabad,36.9,7.6,29.3,HIGH GAP,0.03,0.26
2021,Telangana,Mulug,36.9,7.6,29.3,HIGH GAP,2.25,0.26
2021,Telangana,Narayanpet,36.9,7.6,29.3,HIGH GAP,1.41,0.26
2021,Telangana,Total Districts ,36.9,7.6,29.3,HIGH GAP,295.08,0.26
2022,Telangana,Cyberabad Commissionerate,36.9,7.6,29.3,HIGH GAP,37.85,0.26
2022,Telangana,Hyderabad Commissionerate,36.9,7.6,29.3,HIGH GAP,47.65,0.26
2022,Telangana,Karimnagar Commissionerate,36.9,7.6,29.3,HIGH GAP,7.04,0.26
2022,Telangana,Khammam Commissionerate,36.9,7.6,29.3,HIGH GAP,8.45,0.26
2022,Telangana,Nizamabad Commissionerate,36.9,7.6,29.3,HIGH GAP,10.42,0.26
2022,Telangana,Rachakonda Commissionerate,36.9,7.6,29.3,HIGH GAP,53.17,0.26
2022,Telangana,Ramagundam Commissionerate,36.9,7.6,29.3,HIGH GAP,17.01,0.26
2022,Telangana,Siddipet Commissionerate,36.9,7.6,29.3,HIGH GAP,9.04,0.26
2022,Telangana,Warangal Commissionerate,36.9,7.6,29.3,HIGH GAP,18.05,0.26
2022,Telangana,Adilabad,36.9,7.6,29.3,HIGH GAP,5.36,0.26
2022,Telangana,Bhadradri Kothagudem,36.9,7.6,29.3,HIGH GAP,11.38,0.26
2022,Telangana,Jagityal,36.9,7.6,29.3,HIGH GAP,7.74,0.26
2022,Telangana,Jayashankar Bhupalpalli,36.9,7.6,29.3,HIGH GAP,2.62,0.26
2022,Telangana,Jogulamba Gadwal,36.9,7.6,29.3,HIGH GAP,1.52,0.26
2022,Telangana,Kamareddy ,36.9,7.6,29.3,HIGH GAP,5.89,0.26
2022,Telangana,Kumaram Bheem Asifabad,36.9,7.6,29.3,HIGH GAP,2.51,0.26
2022,Telangana,Mahabubabad,36.9,7.6,29.3,HIGH GAP,6.28,0.26
2022,Telangana,Mahabubnagar,36.9,7.6,29.3,HIGH GAP,4.56,0.26
2022,Telangana,Medak,36.9,7.6,29.3,HIGH GAP,4.59,0.26
2022,Telangana,Nagarkurnool,36.9,7.6,29.3,HIGH GAP,3.86,0.26
2022,Telangana,Nalgonda,36.9,7.6,29.3,HIGH GAP,7.73,0.26
2022,Telangana,Nirmal,36.9,7.6,29.3,HIGH GAP,3.49,0.26
2022,Telangana,Rajanna Siricilla,36.9,7.6,29.3,HIGH GAP,5.41,0.26
2022,Telangana,Sangareddy,36.9,7.6,29.3,HIGH GAP,6.28,0.26
2022,Telangana,Suryapet,36.9,7.6,29.3,HIGH GAP,10.7,0.26
2022,Telangana,Vikarabad,36.9,7.6,29.3,HIGH GAP,4.17,0.26
2022,Telangana,Wanaparthy,36.9,7.6,29.3,HIGH GAP,1.97,0.26
2022,Telangana,Railway Police Secunderabad,36.9,7.6,29.3,HIGH GAP,0.03,0.26
2022,Telangana,Mulug,36.9,7.6,29.3,HIGH GAP,2.11,0.26
2022,Telangana,Narayanpet,36.9,7.6,29.3,HIGH GAP,1.3,0.26
2022,Telangana,Total Districts ,36.9,7.6,29.3,HIGH GAP,308.48,0.26
2023,Telangana,Cyberabad Commissionerate,36.9,7.6,29.3,HIGH GAP,35.43,0.26
2023,Telangana,Hyderabad Commissionerate,36.9,7.6,29.3,HIGH GAP,54.38,0.26
2023,Telangana,Karimnagar Commissionerate,36.9,7.6,29.3,HIGH GAP,7.74,0.26
2023,Telangana,Khammam Commissionerate,36.9,7.6,29.3,HIGH GAP,12.0,0.26
2023,Telangana,Nizamabad Commissionerate,36.9,7.6,29.3,HIGH GAP,10.79,0.26
2023,Telangana,Rachakonda Commissionerate,36.9,7.6,29.3,HIGH GAP,51.39,0.26
2023,Telangana,Ramagundam Commissionerate,36.9,7.6,29.3,HIGH GAP,15.74,0.26
2023,Telangana,Siddipet Commissionerate,36.9,7.6,29.3,HIGH GAP,9.12,0.26
2023,Telangana,Warangal Commissionerate,36.9,7.6,29.3,HIGH GAP,20.95,0.26
2023,Telangana,Adilabad,36.9,7.6,29.3,HIGH GAP,4.89,0.26
2023,Telangana,Bhadradri Kothagudem,36.9,7.6,29.3,HIGH GAP,12.93,0.26
2023,Telangana,Jagityal,36.9,7.6,29.3,HIGH GAP,10.39,0.26
2023,Telangana,Jayashankar Bhupalpalli,36.9,7.6,29.3,HIGH GAP,3.63,0.26
2023,Telangana,Jogulamba Gadwal,36.9,7.6,29.3,HIGH GAP,2.0,0.26
2023,Telangana,Kamareddy ,36.9,7.6,29.3,HIGH GAP,6.79,0.26
2023,Telangana,Kumaram Bheem Asifabad,36.9,7.6,29.3,HIGH GAP,2.84,0.26
2023,Telangana,Mahabubabad,36.9,7.6,29.3,HIGH GAP,5.35,0.26
2023,Telangana,Mahabubnagar,36.9,7.6,29.3,HIGH GAP,4.25,0.26
2023,Telangana,Medak,36.9,7.6,29.3,HIGH GAP,5.3,0.26
2023,Telangana,Nagarkurnool,36.9,7.6,29.3,HIGH GAP,4.17,0.26
2023,Telangana,Nalgonda,36.9,7.6,29.3,HIGH GAP,8.27,0.26
2023,Telangana,Nirmal,36.9,7.6,29.3,HIGH GAP,4.08,0.26
2023,Telangana,Rajanna Siricilla,36.9,7.6,29.3,HIGH GAP,6.62,0.26
2023,Telangana,Sangareddy,36.9,7.6,29.3,HIGH GAP,6.08,0.26
2023,Telangana,Suryapet,36.9,7.6,29.3,HIGH GAP,10.31,0.26
2023,Telangana,Vikarabad,36.9,7.6,29.3,HIGH GAP,3.24,0.26
2023,Telangana,Wanaparthy,36.9,7.6,29.3,HIGH GAP,1.91,0.26
2023,Telangana,Railway Police Secunderabad,36.9,7.6,29.3,HIGH GAP,0.0,0.26
2023,Telangana,Mulug,36.9,7.6,29.3,HIGH GAP,0.93,0.26
2023,Telangana,Narayanpet,36.9,7.6,29.3,HIGH GAP,1.63,0.26
2023,Telangana,Total Districts ,36.9,7.6,29.3,HIGH GAP,323.6,0.26
2024,Telangana,Cyberabad Commissionerate,36.9,7.6,29.3,HIGH GAP,13.88,0.26
2024,Telangana,Hyderabad Commissionerate,36.9,7.6,29.3,HIGH GAP,25.01,0.26
2024,Telangana,Karimnagar Commissionerate,36.9,7.6,29.3,HIGH GAP,3.21,0.26
2024,Telangana,Khammam Commissionerate,36.9,7.6,29.3,HIGH GAP,2.87,0.26
2024,Telangana,Nizamabad Commissionerate,36.9,7.6,29.3,HIGH GAP,2.22,0.26
2024,Telangana,Rachakonda Commissionerate,36.9,7.6,29.3,HIGH GAP,16.73,0.26
2024,Telangana,Ramagundam Commissionerate,36.9,7.6,29.3,HIGH GAP,3.6,0.26
2024,Telangana,Siddipet Commissionerate,36.9,7.6,29.3,HIGH GAP,1.52,0.26
2024,Telangana,Warangal Commissionerate,36.9,7.6,29.3,HIGH GAP,4.98,0.26
2024,Telangana,Adilabad,36.9,7.6,29.3,HIGH GAP,0.95,0.26
2024,Telangana,Bhadradri Kothagudem,36.9,7.6,29.3,HIGH GAP,1.91,0.26
2024,Telangana,Jagityal,36.9,7.6,29.3,HIGH GAP,2.2,0.26
2024,Telangana,Jayashankar Bhupalpalli,36.9,7.6,29.3,HIGH GAP,0.68,0.26
2024,Telangana,Jogulamba Gadwal,36.9,7.6,29.3,HIGH GAP,0.59,0.26
2024,Telangana,Kamareddy ,36.9,7.6,29.3,HIGH GAP,0.96,0.26
2024,Telangana,Kumaram Bheem Asifabad,36.9,7.6,29.3,HIGH GAP,0.56,0.26
2024,Telangana,Mahabubabad,36.9,7.6,29.3,HIGH GAP,1.72,0.26
2024,Telangana,Mahabubnagar,36.9,7.6,29.3,HIGH GAP,2.2,0.26
2024,Telangana,Medak,36.9,7.6,29.3,HIGH GAP,0.95,0.26
2024,Telangana,Nagarkurnool,36.9,7.6,29.3,HIGH GAP,1.86,0.26
2024,Telangana,Nalgonda,36.9,7.6,29.3,HIGH GAP,2.14,0.26
2024,Telangana,Nirmal,36.9,7.6,29.3,HIGH GAP,2.03,0.26
2024,Telangana,Rajanna Siricilla,36.9,7.6,29.3,HIGH GAP,0.59,0.26
2024,Telangana,Sangareddy,36.9,7.6,29.3,HIGH GAP,1.8,0.26
2024,Telangana,Suryapet,36.9,7.6,29.3,HIGH GAP,2.9,0.26
2024,Telangana,Vikarabad,36.9,7.6,29.3,HIGH GAP,0.96,0.26
2024,Telangana,Wanaparthy,36.9,7.6,29.3,HIGH GAP,0.0,0.26
2024,Telangana,Railway Police Secunderabad,36.9,7.6,29.3,HIGH GAP,0.0,0.26
2024,Telangana,Mulug,36.9,7.6,29.3,HIGH GAP,0.51,0.26
2024,Telangana,Narayanpet,36.9,7.6,29.3,HIGH GAP,0.82,0.26
2024,Telangana,Total Districts ,36.9,7.6,29.3,HIGH GAP,100.51,0.26
2021,Jharkhand,Bokaro,31.5,2.9,28.6,HIGH GAP,7.0,0.23
2021,Jharkhand,Chaibasa,31.5,2.9,28.6,HIGH GAP,2.79,0.23
2021,Jharkhand,Chatra,31.5,2.9,28.6,HIGH GAP,4.42,0.23
2021,Jharkhand,Deoghar,31.5,2.9,28.6,HIGH GAP,4.72,0.23
2021,Jharkhand,Dhanbad,31.5,2.9,28.6,HIGH GAP,4.63,0.23
2021,Jharkhand,Dhanbad Railway,31.5,2.9,28.6,HIGH GAP,0.0,0.23
2021,Jharkhand,Dumka,31.5,2.9,28.6,HIGH GAP,3.69,0.23
2021,Jharkhand,Garhwa,31.5,2.9,28.6,HIGH GAP,8.48,0.23
2021,Jharkhand,Giridih,31.5,2.9,28.6,HIGH GAP,5.8,0.23
2021,Jharkhand,Godda,31.5,2.9,28.6,HIGH GAP,6.95,0.23
2021,Jharkhand,Gumla,31.5,2.9,28.6,HIGH GAP,4.66,0.23
2021,Jharkhand,Hazaribagh,31.5,2.9,28.6,HIGH GAP,8.27,0.23
2021,Jharkhand,Jamshedpur,31.5,2.9,28.6,HIGH GAP,12.26,0.23
2021,Jharkhand,Jamshedpur Railway,31.5,2.9,28.6,HIGH GAP,0.0,0.23
2021,Jharkhand,Jamtara,31.5,2.9,28.6,HIGH GAP,4.4,0.23
2021,Jharkhand,Khunti,31.5,2.9,28.6,HIGH GAP,4.25,0.23
2021,Jharkhand,Koderma,31.5,2.9,28.6,HIGH GAP,3.76,0.23
2021,Jharkhand,Latehar,31.5,2.9,28.6,HIGH GAP,6.82,0.23
2021,Jharkhand,Lohardagga,31.5,2.9,28.6,HIGH GAP,2.97,0.23
2021,Jharkhand,Pakur,31.5,2.9,28.6,HIGH GAP,4.64,0.23
2021,Jharkhand,Palamu,31.5,2.9,28.6,HIGH GAP,4.26,0.23
2021,Jharkhand,Ramgarh,31.5,2.9,28.6,HIGH GAP,3.3,0.23
2021,Jharkhand,Ranchi,31.5,2.9,28.6,HIGH GAP,10.8,0.23
2021,Jharkhand,Sahebganj,31.5,2.9,28.6,HIGH GAP,8.25,0.23
2021,Jharkhand,Saraikela,31.5,2.9,28.6,HIGH GAP,2.43,0.23
2021,Jharkhand,Simdega,31.5,2.9,28.6,HIGH GAP,6.82,0.23
2021,Jharkhand,Total Districts ,31.5,2.9,28.6,HIGH GAP,143.31,0.23
2022,Jharkhand,Bokaro,31.5,2.9,28.6,HIGH GAP,5.78,0.23
2022,Jharkhand,Chaibasa,31.5,2.9,28.6,HIGH GAP,3.09,0.23
2022,Jharkhand,Chatra,31.5,2.9,28.6,HIGH GAP,3.92,0.23
2022,Jharkhand,Deoghar,31.5,2.9,28.6,HIGH GAP,5.36,0.23
2022,Jharkhand,Dhanbad,31.5,2.9,28.6,HIGH GAP,4.73,0.23
2022,Jharkhand,Dhanbad Railway,31.5,2.9,28.6,HIGH GAP,0.0,0.23
2022,Jharkhand,Dumka,31.5,2.9,28.6,HIGH GAP,3.22,0.23
2022,Jharkhand,Garhwa,31.5,2.9,28.6,HIGH GAP,7.63,0.23
2022,Jharkhand,Giridih,31.5,2.9,28.6,HIGH GAP,6.22,0.23
2022,Jharkhand,Godda,31.5,2.9,28.6,HIGH GAP,6.29,0.23
2022,Jharkhand,Gumla,31.5,2.9,28.6,HIGH GAP,5.68,0.23
2022,Jharkhand,Hazaribagh,31.5,2.9,28.6,HIGH GAP,7.17,0.23
2022,Jharkhand,Jamshedpur,31.5,2.9,28.6,HIGH GAP,9.71,0.23
2022,Jharkhand,Jamshedpur Railway,31.5,2.9,28.6,HIGH GAP,0.0,0.23
2022,Jharkhand,Jamtara,31.5,2.9,28.6,HIGH GAP,4.18,0.23
2022,Jharkhand,Khunti,31.5,2.9,28.6,HIGH GAP,6.87,0.23
2022,Jharkhand,Koderma,31.5,2.9,28.6,HIGH GAP,4.31,0.23
2022,Jharkhand,Latehar,31.5,2.9,28.6,HIGH GAP,6.46,0.23
2022,Jharkhand,Lohardagga,31.5,2.9,28.6,HIGH GAP,2.49,0.23
2022,Jharkhand,Pakur,31.5,2.9,28.6,HIGH GAP,8.5,0.23
2022,Jharkhand,Palamu,31.5,2.9,28.6,HIGH GAP,4.84,0.23
2022,Jharkhand,Ramgarh,31.5,2.9,28.6,HIGH GAP,3.85,0.23
2022,Jharkhand,Ranchi,31.5,2.9,28.6,HIGH GAP,8.0,0.23
2022,Jharkhand,Sahebganj,31.5,2.9,28.6,HIGH GAP,4.85,0.23
2022,Jharkhand,Saraikela,31.5,2.9,28.6,HIGH GAP,2.18,0.23
2022,Jharkhand,Simdega,31.5,2.9,28.6,HIGH GAP,4.79,0.23
2022,Jharkhand,Total Districts ,31.5,2.9,28.6,HIGH GAP,132.2,0.23
2023,Jharkhand,Bokaro,31.5,2.9,28.6,HIGH GAP,3.42,0.23
2023,Jharkhand,Chaibasa,31.5,2.9,28.6,HIGH GAP,3.34,0.23
2023,Jharkhand,Chatra,31.5,2.9,28.6,HIGH GAP,6.34,0.23
2023,Jharkhand,Deoghar,31.5,2.9,28.6,HIGH GAP,4.14,0.23
2023,Jharkhand,Dhanbad,31.5,2.9,28.6,HIGH GAP,4.96,0.23
2023,Jharkhand,Dhanbad Railway,31.5,2.9,28.6,HIGH GAP,0.0,0.23
2023,Jharkhand,Dumka,31.5,2.9,28.6,HIGH GAP,2.63,0.23
2023,Jharkhand,Garhwa,31.5,2.9,28.6,HIGH GAP,10.06,0.23
2023,Jharkhand,Giridih,31.5,2.9,28.6,HIGH GAP,3.09,0.23
2023,Jharkhand,Godda,31.5,2.9,28.6,HIGH GAP,5.63,0.23
2023,Jharkhand,Gumla,31.5,2.9,28.6,HIGH GAP,5.09,0.23
2023,Jharkhand,Hazaribagh,31.5,2.9,28.6,HIGH GAP,7.72,0.23
2023,Jharkhand,Jamshedpur,31.5,2.9,28.6,HIGH GAP,8.8,0.23
2023,Jharkhand,Jamshedpur Railway,31.5,2.9,28.6,HIGH GAP,0.0,0.23
2023,Jharkhand,Jamtara,31.5,2.9,28.6,HIGH GAP,3.96,0.23
2023,Jharkhand,Khunti,31.5,2.9,28.6,HIGH GAP,7.52,0.23
2023,Jharkhand,Koderma,31.5,2.9,28.6,HIGH GAP,2.97,0.23
2023,Jharkhand,Latehar,31.5,2.9,28.6,HIGH GAP,6.94,0.23
2023,Jharkhand,Lohardagga,31.5,2.9,28.6,HIGH GAP,3.46,0.23
2023,Jharkhand,Pakur,31.5,2.9,28.6,HIGH GAP,5.31,0.23
2023,Jharkhand,Palamu,31.5,2.9,28.6,HIGH GAP,5.74,0.23
2023,Jharkhand,Ramgarh,31.5,2.9,28.6,HIGH GAP,3.66,0.23
2023,Jharkhand,Ranchi,31.5,2.9,28.6,HIGH GAP,9.04,0.23
2023,Jharkhand,Sahebganj,31.5,2.9,28.6,HIGH GAP,3.94,0.23
2023,Jharkhand,Saraikela,31.5,2.9,28.6,HIGH GAP,2.12,0.23
2023,Jharkhand,Simdega,31.5,2.9,28.6,HIGH GAP,4.35,0.23
2023,Jharkhand,Total Districts ,31.5,2.9,28.6,HIGH GAP,125.1,0.23
2024,Jharkhand,Bokaro,31.5,2.9,28.6,HIGH GAP,2.11,0.23
2024,Jharkhand,Chaibasa,31.5,2.9,28.6,HIGH GAP,5.52,0.23
2024,Jharkhand,Chatra,31.5,2.9,28.6,HIGH GAP,6.59,0.23
2024,Jharkhand,Deoghar,31.5,2.9,28.6,HIGH GAP,3.67,0.23
2024,Jharkhand,Dhanbad,31.5,2.9,28.6,HIGH GAP,4.53,0.23
2024,Jharkhand,Dhanbad Railway,31.5,2.9,28.6,HIGH GAP,0.0,0.23
2024,Jharkhand,Dumka,31.5,2.9,28.6,HIGH GAP,4.41,0.23
2024,Jharkhand,Garhwa,31.5,2.9,28.6,HIGH GAP,7.17,0.23
2024,Jharkhand,Giridih,31.5,2.9,28.6,HIGH GAP,3.09,0.23
2024,Jharkhand,Godda,31.5,2.9,28.6,HIGH GAP,4.3,0.23
2024,Jharkhand,Gumla,31.5,2.9,28.6,HIGH GAP,5.94,0.23
2024,Jharkhand,Hazaribagh,31.5,2.9,28.6,HIGH GAP,7.82,0.23
2024,Jharkhand,Jamshedpur,31.5,2.9,28.6,HIGH GAP,8.13,0.23
2024,Jharkhand,Jamshedpur Railway,31.5,2.9,28.6,HIGH GAP,0.0,0.23
2024,Jharkhand,Jamtara,31.5,2.9,28.6,HIGH GAP,4.84,0.23
2024,Jharkhand,Khunti,31.5,2.9,28.6,HIGH GAP,5.56,0.23
2024,Jharkhand,Koderma,31.5,2.9,28.6,HIGH GAP,1.76,0.23
2024,Jharkhand,Latehar,31.5,2.9,28.6,HIGH GAP,9.81,0.23
2024,Jharkhand,Lohardagga,31.5,2.9,28.6,HIGH GAP,4.98,0.23
2024,Jharkhand,Pakur,31.5,2.9,28.6,HIGH GAP,8.11,0.23
2024,Jharkhand,Palamu,31.5,2.9,28.6,HIGH GAP,6.01,0.23
2024,Jharkhand,Ramgarh,31.5,2.9,28.6,HIGH GAP,5.31,0.23
2024,Jharkhand,Ranchi,31.5,2.9,28.6,HIGH GAP,9.73,0.23
2024,Jharkhand,Sahebganj,31.5,2.9,28.6,HIGH GAP,5.82,0.23
2024,Jharkhand,Saraikela,31.5,2.9,28.6,HIGH GAP,1.76,0.23
2024,Jharkhand,Simdega,31.5,2.9,28.6,HIGH GAP,13.34,0.23
2024,Jharkhand,Total Districts ,31.5,2.9,28.6,HIGH GAP,133.54,0.23
2021,Assam,BIEO,32.0,5.9,26.1,HIGH GAP,0.0,0.15
2021,Assam,Barpeta,32.0,5.9,26.1,HIGH GAP,48.83,0.15
2021,Assam,Baksa,32.0,5.9,26.1,HIGH GAP,16.93,0.15
2021,Assam,Bongaigaon,32.0,5.9,26.1,HIGH GAP,45.31,0.15
2021,Assam,CID,32.0,5.9,26.1,HIGH GAP,0.08,0.15
2021,Assam,Cachar,32.0,5.9,26.1,HIGH GAP,32.7,0.15
2021,Assam,Chirang,32.0,5.9,26.1,HIGH GAP,32.46,0.15
2021,Assam,Darrang,32.0,5.9,26.1,HIGH GAP,53.57,0.15
2021,Assam,Dhemaji,32.0,5.9,26.1,HIGH GAP,26.61,0.15
2021,Assam,Dhubri,32.0,5.9,26.1,HIGH GAP,55.58,0.15
2021,Assam,Dibrugarh,32.0,5.9,26.1,HIGH GAP,28.26,0.15
2021,Assam,GRP,32.0,5.9,26.1,HIGH GAP,0.0,0.15
2021,Assam,Goalpara,32.0,5.9,26.1,HIGH GAP,18.2,0.15
2021,Assam,Golaghat,32.0,5.9,26.1,HIGH GAP,32.68,0.15
2021,Assam,Guwahati City,32.0,5.9,26.1,HIGH GAP,75.56,0.15
2021,Assam,Hailakandi,32.0,5.9,26.1,HIGH GAP,70.56,0.15
2021,Assam,Hamren,32.0,5.9,26.1,HIGH GAP,1.89,0.15
2021,Assam,Jorhat,32.0,5.9,26.1,HIGH GAP,45.62,0.15
2021,Assam,Kamrup,32.0,5.9,26.1,HIGH GAP,36.73,0.15
2021,Assam,Karbi Anglong,32.0,5.9,26.1,HIGH GAP,9.18,0.15
2021,Assam,Karimganj,32.0,5.9,26.1,HIGH GAP,37.65,0.15
2021,Assam,Kokrajhar,32.0,5.9,26.1,HIGH GAP,26.76,0.15
2021,Assam,Lakhimpur,32.0,5.9,26.1,HIGH GAP,40.55,0.15
2021,Assam,Morigaon,32.0,5.9,26.1,HIGH GAP,91.19,0.15
2021,Assam,Dima Hasao,32.0,5.9,26.1,HIGH GAP,2.44,0.15
2021,Assam,Nagaon,32.0,5.9,26.1,HIGH GAP,32.83,0.15
2021,Assam,Nalbari,32.0,5.9,26.1,HIGH GAP,34.15,0.15
2021,Assam,RPO,32.0,5.9,26.1,HIGH GAP,0.6,0.15
2021,Assam,SOU,32.0,5.9,26.1,HIGH GAP,0.0,0.15
2021,Assam,STF,32.0,5.9,26.1,HIGH GAP,0.0,0.15
2021,Assam,Sibsagar,32.0,5.9,26.1,HIGH GAP,27.85,0.15
2021,Assam,Sonitpur,32.0,5.9,26.1,HIGH GAP,28.25,0.15
2021,Assam,Tinsukia,32.0,5.9,26.1,HIGH GAP,24.36,0.15
2021,Assam,Udalguri,32.0,5.9,26.1,HIGH GAP,17.57,0.15
2021,Assam,Sadia,32.0,5.9,26.1,HIGH GAP,4.0,0.15
2021,Assam,Majuli,32.0,5.9,26.1,HIGH GAP,2.72,0.15
2021,Assam,Biswanath,32.0,5.9,26.1,HIGH GAP,14.95,0.15
2021,Assam,Hojai,32.0,5.9,26.1,HIGH GAP,50.2,0.15
2021,Assam,South Salmara,32.0,5.9,26.1,HIGH GAP,30.12,0.15
2021,Assam,Charaideo,32.0,5.9,26.1,HIGH GAP,4.45,0.15
2021,Assam,Total Districts ,32.0,5.9,26.1,HIGH GAP,1126.49,0.15
2022,Assam,BIEO,32.0,5.9,26.1,HIGH GAP,0.0,0.15
2022,Assam,Barpeta,32.0,5.9,26.1,HIGH GAP,14.27,0.15
2022,Assam,Baksa,32.0,5.9,26.1,HIGH GAP,3.48,0.15
2022,Assam,Bongaigaon,32.0,5.9,26.1,HIGH GAP,13.18,0.15
2022,Assam,CID,32.0,5.9,26.1,HIGH GAP,0.0,0.15
2022,Assam,Cachar,32.0,5.9,26.1,HIGH GAP,25.69,0.15
2022,Assam,Chirang,32.0,5.9,26.1,HIGH GAP,10.46,0.15
2022,Assam,Darrang,32.0,5.9,26.1,HIGH GAP,27.44,0.15
2022,Assam,Dhemaji,32.0,5.9,26.1,HIGH GAP,8.11,0.15
2022,Assam,Dhubri,32.0,5.9,26.1,HIGH GAP,15.17,0.15
2022,Assam,Dibrugarh,32.0,5.9,26.1,HIGH GAP,9.31,0.15
2022,Assam,GRP,32.0,5.9,26.1,HIGH GAP,0.15,0.15
2022,Assam,Goalpara,32.0,5.9,26.1,HIGH GAP,21.3,0.15
2022,Assam,Golaghat,32.0,5.9,26.1,HIGH GAP,4.89,0.15
2022,Assam,Guwahati City,32.0,5.9,26.1,HIGH GAP,29.51,0.15
2022,Assam,Hailakandi,32.0,5.9,26.1,HIGH GAP,17.67,0.15
2022,Assam,Hamren,32.0,5.9,26.1,HIGH GAP,0.68,0.15
2022,Assam,Jorhat,32.0,5.9,26.1,HIGH GAP,10.43,0.15
2022,Assam,Kamrup,32.0,5.9,26.1,HIGH GAP,29.74,0.15
2022,Assam,Karbi Anglong,32.0,5.9,26.1,HIGH GAP,1.36,0.15
2022,Assam,Karimganj,32.0,5.9,26.1,HIGH GAP,21.8,0.15
2022,Assam,Kokrajhar,32.0,5.9,26.1,HIGH GAP,13.43,0.15
2022,Assam,Lakhimpur,32.0,5.9,26.1,HIGH GAP,13.85,0.15
2022,Assam,Morigaon,32.0,5.9,26.1,HIGH GAP,20.8,0.15
2022,Assam,Dima Hasao,32.0,5.9,26.1,HIGH GAP,4.47,0.15
2022,Assam,Nagaon,32.0,5.9,26.1,HIGH GAP,11.18,0.15
2022,Assam,Nalbari,32.0,5.9,26.1,HIGH GAP,16.68,0.15
2022,Assam,RPO,32.0,5.9,26.1,HIGH GAP,0.0,0.15
2022,Assam,SOU,32.0,5.9,26.1,HIGH GAP,0.0,0.15
2022,Assam,STF,32.0,5.9,26.1,HIGH GAP,0.0,0.15
2022,Assam,Sibsagar,32.0,5.9,26.1,HIGH GAP,7.93,0.15
2022,Assam,Sonitpur,32.0,5.9,26.1,HIGH GAP,12.52,0.15
2022,Assam,Tinsukia,32.0,5.9,26.1,HIGH GAP,14.67,0.15
2022,Assam,Udalguri,32.0,5.9,26.1,HIGH GAP,8.78,0.15
2022,Assam,Sadia,32.0,5.9,26.1,HIGH GAP,1.21,0.15
2022,Assam,Majuli,32.0,5.9,26.1,HIGH GAP,2.04,0.15
2022,Assam,Biswanath,32.0,5.9,26.1,HIGH GAP,4.0,0.15
2022,Assam,Hojai,32.0,5.9,26.1,HIGH GAP,20.68,0.15
2022,Assam,South Salmara,32.0,5.9,26.1,HIGH GAP,10.19,0.15
2022,Assam,Charaideo,32.0,5.9,26.1,HIGH GAP,2.87,0.15
2022,Assam,Bajali,32.0,5.9,26.1,HIGH GAP,2.57,0.15
2022,Assam,Tamulpur,32.0,5.9,26.1,HIGH GAP,2.04,0.15
2022,Assam,Total Districts ,32.0,5.9,26.1,HIGH GAP,453.04,0.15
2023,Assam,BIEO,32.0,5.9,26.1,HIGH GAP,0.0,0.15
2023,Assam,Barpeta,32.0,5.9,26.1,HIGH GAP,5.03,0.15
2023,Assam,Baksa,32.0,5.9,26.1,HIGH GAP,2.11,0.15
2023,Assam,Bongaigaon,32.0,5.9,26.1,HIGH GAP,9.77,0.15
2023,Assam,CID,32.0,5.9,26.1,HIGH GAP,0.0,0.15
2023,Assam,Cachar,32.0,5.9,26.1,HIGH GAP,20.98,0.15
2023,Assam,Chirang,32.0,5.9,26.1,HIGH GAP,6.49,0.15
2023,Assam,Darrang,32.0,5.9,26.1,HIGH GAP,13.67,0.15
2023,Assam,Dhemaji,32.0,5.9,26.1,HIGH GAP,6.84,0.15
2023,Assam,Dhubri,32.0,5.9,26.1,HIGH GAP,7.0,0.15
2023,Assam,Dibrugarh,32.0,5.9,26.1,HIGH GAP,9.7,0.15
2023,Assam,GRP,32.0,5.9,26.1,HIGH GAP,0.08,0.15
2023,Assam,Goalpara,32.0,5.9,26.1,HIGH GAP,12.08,0.15
2023,Assam,Golaghat,32.0,5.9,26.1,HIGH GAP,3.67,0.15
2023,Assam,Guwahati City,32.0,5.9,26.1,HIGH GAP,23.02,0.15
2023,Assam,Hailakandi,32.0,5.9,26.1,HIGH GAP,16.49,0.15
2023,Assam,Hamren,32.0,5.9,26.1,HIGH GAP,0.45,0.15
2023,Assam,Jorhat,32.0,5.9,26.1,HIGH GAP,7.09,0.15
2023,Assam,Kamrup,32.0,5.9,26.1,HIGH GAP,21.43,0.15
2023,Assam,Karbi Anglong,32.0,5.9,26.1,HIGH GAP,1.82,0.15
2023,Assam,Karimganj,32.0,5.9,26.1,HIGH GAP,27.81,0.15
2023,Assam,Kokrajhar,32.0,5.9,26.1,HIGH GAP,7.65,0.15
2023,Assam,Lakhimpur,32.0,5.9,26.1,HIGH GAP,12.52,0.15
2023,Assam,Morigaon,32.0,5.9,26.1,HIGH GAP,12.44,0.15
2023,Assam,Dima Hasao,32.0,5.9,26.1,HIGH GAP,2.44,0.15
2023,Assam,Nagaon,32.0,5.9,26.1,HIGH GAP,6.5,0.15
2023,Assam,Nalbari,32.0,5.9,26.1,HIGH GAP,14.76,0.15
2023,Assam,RPO,32.0,5.9,26.1,HIGH GAP,0.0,0.15
2023,Assam,SOU,32.0,5.9,26.1,HIGH GAP,0.0,0.15
2023,Assam,STF,32.0,5.9,26.1,HIGH GAP,0.0,0.15
2023,Assam,Sibsagar,32.0,5.9,26.1,HIGH GAP,0.98,0.15
2023,Assam,Sonitpur,32.0,5.9,26.1,HIGH GAP,7.37,0.15
2023,Assam,Tinsukia,32.0,5.9,26.1,HIGH GAP,6.88,0.15
2023,Assam,Udalguri,32.0,5.9,26.1,HIGH GAP,4.71,0.15
2023,Assam,Sadia,32.0,5.9,26.1,HIGH GAP,0.53,0.15
2023,Assam,Majuli,32.0,5.9,26.1,HIGH GAP,1.36,0.15
2023,Assam,Biswanath,32.0,5.9,26.1,HIGH GAP,3.93,0.15
2023,Assam,Hojai,32.0,5.9,26.1,HIGH GAP,7.47,0.15
2023,Assam,South Salmara,32.0,5.9,26.1,HIGH GAP,5.74,0.15
2023,Assam,Charaideo,32.0,5.9,26.1,HIGH GAP,1.59,0.15
2023,Assam,Bajali,32.0,5.9,26.1,HIGH GAP,2.26,0.15
2023,Assam,Tamulpur,32.0,5.9,26.1,HIGH GAP,1.59,0.15
2023,Assam,Total Districts ,32.0,5.9,26.1,HIGH GAP,303.81,0.15
2024,Assam,BIEO,32.0,5.9,26.1,HIGH GAP,0.0,0.15
2024,Assam,Barpeta,32.0,5.9,26.1,HIGH GAP,2.82,0.15
2024,Assam,Baksa,32.0,5.9,26.1,HIGH GAP,1.01,0.15
2024,Assam,Bongaigaon,32.0,5.9,26.1,HIGH GAP,11.3,0.15
2024,Assam,CID,32.0,5.9,26.1,HIGH GAP,0.0,0.15
2024,Assam,Cachar,32.0,5.9,26.1,HIGH GAP,4.11,0.15
2024,Assam,Chirang,32.0,5.9,26.1,HIGH GAP,6.31,0.15
2024,Assam,Darrang,32.0,5.9,26.1,HIGH GAP,5.15,0.15
2024,Assam,Dhemaji,32.0,5.9,26.1,HIGH GAP,3.55,0.15
2024,Assam,Dhubri,32.0,5.9,26.1,HIGH GAP,7.67,0.15
2024,Assam,Dibrugarh,32.0,5.9,26.1,HIGH GAP,2.69,0.15
2024,Assam,GRP,32.0,5.9,26.1,HIGH GAP,0.15,0.15
2024,Assam,Goalpara,32.0,5.9,26.1,HIGH GAP,5.52,0.15
2024,Assam,Golaghat,32.0,5.9,26.1,HIGH GAP,5.13,0.15
2024,Assam,Guwahati City,32.0,5.9,26.1,HIGH GAP,12.45,0.15
2024,Assam,Hailakandi,32.0,5.9,26.1,HIGH GAP,7.39,0.15
2024,Assam,Hamren,32.0,5.9,26.1,HIGH GAP,0.75,0.15
2024,Assam,Jorhat,32.0,5.9,26.1,HIGH GAP,3.42,0.15
2024,Assam,Kamrup,32.0,5.9,26.1,HIGH GAP,6.76,0.15
2024,Assam,Karbi Anglong,32.0,5.9,26.1,HIGH GAP,1.0,0.15
2024,Assam,Karimganj,32.0,5.9,26.1,HIGH GAP,7.5,0.15
2024,Assam,Kokrajhar,32.0,5.9,26.1,HIGH GAP,5.19,0.15
2024,Assam,Lakhimpur,32.0,5.9,26.1,HIGH GAP,4.67,0.15
2024,Assam,Morigaon,32.0,5.9,26.1,HIGH GAP,9.35,0.15
2024,Assam,Dima Hasao,32.0,5.9,26.1,HIGH GAP,0.81,0.15
2024,Assam,Nagaon,32.0,5.9,26.1,HIGH GAP,4.03,0.15
2024,Assam,Nalbari,32.0,5.9,26.1,HIGH GAP,6.09,0.15
2024,Assam,RPO,32.0,5.9,26.1,HIGH GAP,0.0,0.15
2024,Assam,SOU,32.0,5.9,26.1,HIGH GAP,0.0,0.15
2024,Assam,STF,32.0,5.9,26.1,HIGH GAP,0.0,0.15
2024,Assam,Sibsagar,32.0,5.9,26.1,HIGH GAP,1.21,0.15
2024,Assam,Sonitpur,32.0,5.9,26.1,HIGH GAP,4.84,0.15
2024,Assam,Tinsukia,32.0,5.9,26.1,HIGH GAP,2.29,0.15
2024,Assam,Udalguri,32.0,5.9,26.1,HIGH GAP,5.23,0.15
2024,Assam,Sadia,32.0,5.9,26.1,HIGH GAP,0.45,0.15
2024,Assam,Majuli,32.0,5.9,26.1,HIGH GAP,0.53,0.15
2024,Assam,Biswanath,32.0,5.9,26.1,HIGH GAP,2.72,0.15
2024,Assam,Hojai,32.0,5.9,26.1,HIGH GAP,6.26,0.15
2024,Assam,South Salmara,32.0,5.9,26.1,HIGH GAP,2.94,0.15
2024,Assam,Charaideo,32.0,5.9,26.1,HIGH GAP,1.06,0.15
2024,Assam,Bajali,32.0,5.9,26.1,HIGH GAP,1.06,0.15
2024,Assam,Tamulpur,32.0,5.9,26.1,HIGH GAP,2.11,0.15
2024,Assam,Total Districts ,32.0,5.9,26.1,HIGH GAP,154.51,0.15
2021,Andhra Pradesh,Anantapur,30.0,4.4,25.6,HIGH GAP,8.63,0.17
2021,Andhra Pradesh,Chittoor,30.0,4.4,25.6,HIGH GAP,7.33,0.17
2021,Andhra Pradesh,Cuddapah,30.0,4.4,25.6,HIGH GAP,7.7,0.17
2021,Andhra Pradesh,East Godavari,30.0,4.4,25.6,HIGH GAP,8.82,0.17
2021,Andhra Pradesh,Guntakal Railway,30.0,4.4,25.6,HIGH GAP,0.07,0.17
2021,Andhra Pradesh,Guntur,30.0,4.4,25.6,HIGH GAP,11.28,0.17
2021,Andhra Pradesh,Guntur Urban,30.0,4.4,25.6,HIGH GAP,5.16,0.17
2021,Andhra Pradesh,Krishna,30.0,4.4,25.6,HIGH GAP,7.82,0.17
2021,Andhra Pradesh,Kurnool,30.0,4.4,25.6,HIGH GAP,7.81,0.17
2021,Andhra Pradesh,Nellore,30.0,4.4,25.6,HIGH GAP,8.74,0.17
2021,Andhra Pradesh,Prakasham,30.0,4.4,25.6,HIGH GAP,9.85,0.17
2021,Andhra Pradesh,Rajahmundry,30.0,4.4,25.6,HIGH GAP,6.41,0.17
2021,Andhra Pradesh,Srikakulam,30.0,4.4,25.6,HIGH GAP,7.98,0.17
2021,Andhra Pradesh,Tirupathi Urban,30.0,4.4,25.6,HIGH GAP,3.43,0.17
2021,Andhra Pradesh,Vijayawada City,30.0,4.4,25.6,HIGH GAP,18.36,0.17
2021,Andhra Pradesh,Vijayawada Railway,30.0,4.4,25.6,HIGH GAP,0.0,0.17
2021,Andhra Pradesh,Visakha Rural,30.0,4.4,25.6,HIGH GAP,4.68,0.17
2021,Andhra Pradesh,Visakhapatnam,30.0,4.4,25.6,HIGH GAP,24.66,0.17
2021,Andhra Pradesh,Vizianagaram,30.0,4.4,25.6,HIGH GAP,9.72,0.17
2021,Andhra Pradesh,West Godavari,30.0,4.4,25.6,HIGH GAP,9.98,0.17
2021,Andhra Pradesh,Total Districts ,30.0,4.4,25.6,HIGH GAP,175.63,0.17
2022,Andhra Pradesh,Alluri Sitharama Raju,30.0,4.4,25.6,HIGH GAP,2.15,0.17
2022,Andhra Pradesh,Anakapalli,30.0,4.4,25.6,HIGH GAP,7.18,0.17
2022,Andhra Pradesh,Anantapuramu,30.0,4.4,25.6,HIGH GAP,8.06,0.17
2022,Andhra Pradesh,Annamayya,30.0,4.4,25.6,HIGH GAP,8.47,0.17
2022,Andhra Pradesh,Bapatla,30.0,4.4,25.6,HIGH GAP,10.66,0.17
2022,Andhra Pradesh,Chittoor,30.0,4.4,25.6,HIGH GAP,7.73,0.17
2022,Andhra Pradesh,Dr BR Ambedkar Konaseema,30.0,4.4,25.6,HIGH GAP,9.31,0.17
2022,Andhra Pradesh,East Godavari,30.0,4.4,25.6,HIGH GAP,11.81,0.17
2022,Andhra Pradesh,Eluru,30.0,4.4,25.6,HIGH GAP,15.56,0.17
2022,Andhra Pradesh,Guntakal Railway,30.0,4.4,25.6,HIGH GAP,0.02,0.17
2022,Andhra Pradesh,Guntur,30.0,4.4,25.6,HIGH GAP,19.37,0.17
2022,Andhra Pradesh,Kakinada,30.0,4.4,25.6,HIGH GAP,9.83,0.17
2022,Andhra Pradesh,Krishna,30.0,4.4,25.6,HIGH GAP,15.51,0.17
2022,Andhra Pradesh,Kurnool,30.0,4.4,25.6,HIGH GAP,7.72,0.17
2022,Andhra Pradesh,Nandyal,30.0,4.4,25.6,HIGH GAP,3.64,0.17
2022,Andhra Pradesh,NTR,30.0,4.4,25.6,HIGH GAP,28.41,0.17
2022,Andhra Pradesh,Palnadu,30.0,4.4,25.6,HIGH GAP,9.31,0.17
2022,Andhra Pradesh,Parvathipuram Manyam,30.0,4.4,25.6,HIGH GAP,2.73,0.17
2022,Andhra Pradesh,Prakasam,30.0,4.4,25.6,HIGH GAP,14.41,0.17
2022,Andhra Pradesh,Sri Potti Sriramulu Nellore,30.0,4.4,25.6,HIGH GAP,17.66,0.17
2022,Andhra Pradesh,Sri Sathya Sai,30.0,4.4,25.6,HIGH GAP,6.23,0.17
2022,Andhra Pradesh,Srikakulam,30.0,4.4,25.6,HIGH GAP,12.55,0.17
2022,Andhra Pradesh,Tirupati,30.0,4.4,25.6,HIGH GAP,9.35,0.17
2022,Andhra Pradesh,Viiayawada Railway,30.0,4.4,25.6,HIGH GAP,0.02,0.17
2022,Andhra Pradesh,Visakhapatnam,30.0,4.4,25.6,HIGH GAP,15.99,0.17
2022,Andhra Pradesh,Vizianagaram,30.0,4.4,25.6,HIGH GAP,13.06,0.17
2022,Andhra Pradesh,West Godavari,30.0,4.4,25.6,HIGH GAP,11.18,0.17
2022,Andhra Pradesh,YSR,30.0,4.4,25.6,HIGH GAP,11.1,0.17
2022,Andhra Pradesh,Total Districts ,30.0,4.4,25.6,HIGH GAP,286.69,0.17
2023,Andhra Pradesh,Alluri Sitharama Raju,30.0,4.4,25.6,HIGH GAP,1.31,0.17
2023,Andhra Pradesh,Anakapalli,30.0,4.4,25.6,HIGH GAP,6.03,0.17
2023,Andhra Pradesh,Anantapuramu,30.0,4.4,25.6,HIGH GAP,8.76,0.17
2023,Andhra Pradesh,Annamayya,30.0,4.4,25.6,HIGH GAP,5.56,0.17
2023,Andhra Pradesh,Bapatla,30.0,4.4,25.6,HIGH GAP,11.63,0.17
2023,Andhra Pradesh,Chittoor,30.0,4.4,25.6,HIGH GAP,8.29,0.17
2023,Andhra Pradesh,Dr BR Ambedkar Konaseema,30.0,4.4,25.6,HIGH GAP,8.4,0.17
2023,Andhra Pradesh,East Godavari,30.0,4.4,25.6,HIGH GAP,10.02,0.17
2023,Andhra Pradesh,Eluru,30.0,4.4,25.6,HIGH GAP,14.03,0.17
2023,Andhra Pradesh,Guntakal Railway,30.0,4.4,25.6,HIGH GAP,0.05,0.17
2023,Andhra Pradesh,Guntur,30.0,4.4,25.6,HIGH GAP,16.67,0.17
2023,Andhra Pradesh,Kakinada,30.0,4.4,25.6,HIGH GAP,7.72,0.17
2023,Andhra Pradesh,Krishna,30.0,4.4,25.6,HIGH GAP,11.9,0.17
2023,Andhra Pradesh,Kurnool,30.0,4.4,25.6,HIGH GAP,7.92,0.17
2023,Andhra Pradesh,Nandyal,30.0,4.4,25.6,HIGH GAP,9.06,0.17
2023,Andhra Pradesh,NTR,30.0,4.4,25.6,HIGH GAP,27.26,0.17
2023,Andhra Pradesh,Palnadu,30.0,4.4,25.6,HIGH GAP,3.68,0.17
2023,Andhra Pradesh,Parvathipuram Manyam,30.0,4.4,25.6,HIGH GAP,2.6,0.17
2023,Andhra Pradesh,Prakasam,30.0,4.4,25.6,HIGH GAP,14.72,0.17
2023,Andhra Pradesh,Sri Potti Sriramulu Nellore,30.0,4.4,25.6,HIGH GAP,15.49,0.17
2023,Andhra Pradesh,Sri Sathya Sai,30.0,4.4,25.6,HIGH GAP,6.19,0.17
2023,Andhra Pradesh,Srikakulam,30.0,4.4,25.6,HIGH GAP,11.84,0.17
2023,Andhra Pradesh,Tirupati,30.0,4.4,25.6,HIGH GAP,9.03,0.17
2023,Andhra Pradesh,Viiayawada Railway,30.0,4.4,25.6,HIGH GAP,0.0,0.17
2023,Andhra Pradesh,Visakhapatnam,30.0,4.4,25.6,HIGH GAP,10.52,0.17
2023,Andhra Pradesh,Vizianagaram,30.0,4.4,25.6,HIGH GAP,11.35,0.17
2023,Andhra Pradesh,West Godavari,30.0,4.4,25.6,HIGH GAP,2.96,0.17
2023,Andhra Pradesh,YSR,30.0,4.4,25.6,HIGH GAP,12.52,0.17
2023,Andhra Pradesh,Total Districts ,30.0,4.4,25.6,HIGH GAP,251.43,0.17
2024,Andhra Pradesh,Alluri Sitharama Raju,30.0,4.4,25.6,HIGH GAP,0.84,0.17
2024,Andhra Pradesh,Anakapalli,30.0,4.4,25.6,HIGH GAP,0.86,0.17
2024,Andhra Pradesh,Anantapuramu,30.0,4.4,25.6,HIGH GAP,1.17,0.17
2024,Andhra Pradesh,Annamayya,30.0,4.4,25.6,HIGH GAP,0.36,0.17
2024,Andhra Pradesh,Bapatla,30.0,4.4,25.6,HIGH GAP,0.95,0.17
2024,Andhra Pradesh,Chittoor,30.0,4.4,25.6,HIGH GAP,0.58,0.17
2024,Andhra Pradesh,Dr BR Ambedkar Konaseema,30.0,4.4,25.6,HIGH GAP,1.63,0.17
2024,Andhra Pradesh,East Godavari,30.0,4.4,25.6,HIGH GAP,1.35,0.17
2024,Andhra Pradesh,Eluru,30.0,4.4,25.6,HIGH GAP,1.63,0.17
2024,Andhra Pradesh,Guntakal Railway,30.0,4.4,25.6,HIGH GAP,0.0,0.17
2024,Andhra Pradesh,Guntur,30.0,4.4,25.6,HIGH GAP,1.57,0.17
2024,Andhra Pradesh,Kakinada,30.0,4.4,25.6,HIGH GAP,1.63,0.17
2024,Andhra Pradesh,Krishna,30.0,4.4,25.6,HIGH GAP,1.6,0.17
2024,Andhra Pradesh,Kurnool,30.0,4.4,25.6,HIGH GAP,0.88,0.17
2024,Andhra Pradesh,Nandyal,30.0,4.4,25.6,HIGH GAP,0.34,0.17
2024,Andhra Pradesh,NTR,30.0,4.4,25.6,HIGH GAP,2.96,0.17
2024,Andhra Pradesh,Palnadu,30.0,4.4,25.6,HIGH GAP,0.9,0.17
2024,Andhra Pradesh,Parvathipuram Manyam,30.0,4.4,25.6,HIGH GAP,0.47,0.17
2024,Andhra Pradesh,Prakasam,30.0,4.4,25.6,HIGH GAP,1.28,0.17
2024,Andhra Pradesh,Sri Potti Sriramulu Nellore,30.0,4.4,25.6,HIGH GAP,2.05,0.17
2024,Andhra Pradesh,Sri Sathya Sai,30.0,4.4,25.6,HIGH GAP,1.15,0.17
2024,Andhra Pradesh,Srikakulam,30.0,4.4,25.6,HIGH GAP,1.13,0.17
2024,Andhra Pradesh,Tirupati,30.0,4.4,25.6,HIGH GAP,1.26,0.17
2024,Andhra Pradesh,Viiayawada Railway,30.0,4.4,25.6,HIGH GAP,0.0,0.17
2024,Andhra Pradesh,Visakhapatnam,30.0,4.4,25.6,HIGH GAP,2.72,0.17
2024,Andhra Pradesh,Vizianagaram,30.0,4.4,25.6,HIGH GAP,1.89,0.17
2024,Andhra Pradesh,West Godavari,30.0,4.4,25.6,HIGH GAP,1.92,0.17
2024,Andhra Pradesh,YSR,30.0,4.4,25.6,HIGH GAP,0.66,0.17
2024,Andhra Pradesh,Total Districts ,30.0,4.4,25.6,HIGH GAP,33.52,0.17
2021,Odisha,Angul,30.4,5.4,25.0,HIGH GAP,30.94,0.07
2021,Odisha,Balasore,30.4,5.4,25.0,HIGH GAP,13.24,0.07
2021,Odisha,Baragarh,30.4,5.4,25.0,HIGH GAP,7.08,0.07
2021,Odisha,Berhampur,30.4,5.4,25.0,HIGH GAP,10.25,0.07
2021,Odisha,Bhadrak,30.4,5.4,25.0,HIGH GAP,10.62,0.07
2021,Odisha,Bolangir,30.4,5.4,25.0,HIGH GAP,10.01,0.07
2021,Odisha,Boudh,30.4,5.4,25.0,HIGH GAP,3.11,0.07
2021,Odisha,Cuttack,30.4,5.4,25.0,HIGH GAP,5.63,0.07
2021,Odisha,DCP BBSR,30.4,5.4,25.0,HIGH GAP,13.06,0.07
2021,Odisha,DCP CTC,30.4,5.4,25.0,HIGH GAP,10.68,0.07
2021,Odisha,Deogarh,30.4,5.4,25.0,HIGH GAP,5.49,0.07
2021,Odisha,Dhenkanal,30.4,5.4,25.0,HIGH GAP,13.34,0.07
2021,Odisha,Gajapati,30.4,5.4,25.0,HIGH GAP,8.73,0.07
2021,Odisha,Ganjam,30.4,5.4,25.0,HIGH GAP,18.38,0.07
2021,Odisha,Jagatsinghpur,30.4,5.4,25.0,HIGH GAP,10.13,0.07
2021,Odisha,Jajpur,30.4,5.4,25.0,HIGH GAP,20.02,0.07
2021,Odisha,Jharsuguda,30.4,5.4,25.0,HIGH GAP,16.51,0.07
2021,Odisha,Kalahandi,30.4,5.4,25.0,HIGH GAP,15.0,0.07
2021,Odisha,Kandhamal,30.4,5.4,25.0,HIGH GAP,17.08,0.07
2021,Odisha,Kendrapara,30.4,5.4,25.0,HIGH GAP,13.28,0.07
2021,Odisha,Keonjhar,30.4,5.4,25.0,HIGH GAP,12.39,0.07
2021,Odisha,Khurda,30.4,5.4,25.0,HIGH GAP,7.75,0.07
2021,Odisha,Koraput,30.4,5.4,25.0,HIGH GAP,11.66,0.07
2021,Odisha,Malkangiri,30.4,5.4,25.0,HIGH GAP,23.26,0.07
2021,Odisha,Mayurbhanj,30.4,5.4,25.0,HIGH GAP,17.67,0.07
2021,Odisha,Nayagarh,30.4,5.4,25.0,HIGH GAP,7.41,0.07
2021,Odisha,Nabarangpur,30.4,5.4,25.0,HIGH GAP,11.35,0.07
2021,Odisha,Nuapada,30.4,5.4,25.0,HIGH GAP,7.55,0.07
2021,Odisha,Puri,30.4,5.4,25.0,HIGH GAP,10.65,0.07
2021,Odisha,Rayagada,30.4,5.4,25.0,HIGH GAP,10.96,0.07
2021,Odisha,Rourkela,30.4,5.4,25.0,HIGH GAP,8.36,0.07
2021,Odisha,Sambalpur,30.4,5.4,25.0,HIGH GAP,18.71,0.07
2021,Odisha,Sonepur,30.4,5.4,25.0,HIGH GAP,3.05,0.07
2021,Odisha,SRP(Cuttack),30.4,5.4,25.0,HIGH GAP,0.0,0.07
2021,Odisha,SRP(Rourkela),30.4,5.4,25.0,HIGH GAP,0.12,0.07
2021,Odisha,Sundargarh,30.4,5.4,25.0,HIGH GAP,4.65,0.07
2021,Odisha,CID CB,30.4,5.4,25.0,HIGH GAP,0.0,0.07
2021,Odisha,Total Districts ,30.4,5.4,25.0,HIGH GAP,405.84,0.07
2022,Odisha,Angul,30.4,5.4,25.0,HIGH GAP,37.04,0.07
2022,Odisha,Balasore,30.4,5.4,25.0,HIGH GAP,10.68,0.07
2022,Odisha,Baragarh,30.4,5.4,25.0,HIGH GAP,9.46,0.07
2022,Odisha,Berhampur,30.4,5.4,25.0,HIGH GAP,20.51,0.07
2022,Odisha,Bhadrak,30.4,5.4,25.0,HIGH GAP,7.97,0.07
2022,Odisha,Bolangir,30.4,5.4,25.0,HIGH GAP,7.45,0.07
2022,Odisha,Boudh,30.4,5.4,25.0,HIGH GAP,2.93,0.07
2022,Odisha,Cuttack,30.4,5.4,25.0,HIGH GAP,4.01,0.07
2022,Odisha,DCP BBSR,30.4,5.4,25.0,HIGH GAP,5.37,0.07
2022,Odisha,DCP CTC,30.4,5.4,25.0,HIGH GAP,11.17,0.07
2022,Odisha,Deogarh,30.4,5.4,25.0,HIGH GAP,14.04,0.07
2022,Odisha,Dhenkanal,30.4,5.4,25.0,HIGH GAP,11.66,0.07
2022,Odisha,Gajapati,30.4,5.4,25.0,HIGH GAP,7.37,0.07
2022,Odisha,Ganjam,30.4,5.4,25.0,HIGH GAP,25.92,0.07
2022,Odisha,Jagatsinghpur,30.4,5.4,25.0,HIGH GAP,10.56,0.07
2022,Odisha,Jajpur,30.4,5.4,25.0,HIGH GAP,17.03,0.07
2022,Odisha,Jharsuguda,30.4,5.4,25.0,HIGH GAP,18.16,0.07
2022,Odisha,Kalahandi,30.4,5.4,25.0,HIGH GAP,16.65,0.07
2022,Odisha,Kandhamal,30.4,5.4,25.0,HIGH GAP,15.06,0.07
2022,Odisha,Kendrapara,30.4,5.4,25.0,HIGH GAP,14.79,0.07
2022,Odisha,Keonjhar,30.4,5.4,25.0,HIGH GAP,9.52,0.07
2022,Odisha,Khurda,30.4,5.4,25.0,HIGH GAP,7.75,0.07
2022,Odisha,Koraput,30.4,5.4,25.0,HIGH GAP,12.23,0.07
2022,Odisha,Malkangiri,30.4,5.4,25.0,HIGH GAP,25.53,0.07
2022,Odisha,Mayurbhanj,30.4,5.4,25.0,HIGH GAP,15.98,0.07
2022,Odisha,Nayagarh,30.4,5.4,25.0,HIGH GAP,10.48,0.07
2022,Odisha,Nabarangpur,30.4,5.4,25.0,HIGH GAP,10.5,0.07
2022,Odisha,Nuapada,30.4,5.4,25.0,HIGH GAP,5.7,0.07
2022,Odisha,Puri,30.4,5.4,25.0,HIGH GAP,9.16,0.07
2022,Odisha,Rayagada,30.4,5.4,25.0,HIGH GAP,9.34,0.07
2022,Odisha,Rourkela,30.4,5.4,25.0,HIGH GAP,9.52,0.07
2022,Odisha,Sambalpur,30.4,5.4,25.0,HIGH GAP,18.38,0.07
2022,Odisha,Sonepur,30.4,5.4,25.0,HIGH GAP,2.5,0.07
2022,Odisha,SRP(Cuttack),30.4,5.4,25.0,HIGH GAP,0.06,0.07
2022,Odisha,SRP(Rourkela),30.4,5.4,25.0,HIGH GAP,0.0,0.07
2022,Odisha,Sundargarh,30.4,5.4,25.0,HIGH GAP,8.39,0.07
2022,Odisha,CID CB,30.4,5.4,25.0,HIGH GAP,0.0,0.07
2022,Odisha,Total Districts ,30.4,5.4,25.0,HIGH GAP,430.99,0.07
2023,Odisha,Angul,30.4,5.4,25.0,HIGH GAP,22.58,0.07
2023,Odisha,Balasore,30.4,5.4,25.0,HIGH GAP,15.26,0.07
2023,Odisha,Baragarh,30.4,5.4,25.0,HIGH GAP,6.22,0.07
2023,Odisha,Berhampur,30.4,5.4,25.0,HIGH GAP,16.05,0.07
2023,Odisha,Bhadrak,30.4,5.4,25.0,HIGH GAP,12.82,0.07
2023,Odisha,Bolangir,30.4,5.4,25.0,HIGH GAP,11.23,0.07
2023,Odisha,Boudh,30.4,5.4,25.0,HIGH GAP,2.07,0.07
2023,Odisha,Cuttack,30.4,5.4,25.0,HIGH GAP,5.7,0.07
2023,Odisha,DCP BBSR,30.4,5.4,25.0,HIGH GAP,5.55,0.07
2023,Odisha,DCP CTC,30.4,5.4,25.0,HIGH GAP,12.21,0.07
2023,Odisha,Deogarh,30.4,5.4,25.0,HIGH GAP,7.14,0.07
2023,Odisha,Dhenkanal,30.4,5.4,25.0,HIGH GAP,15.16,0.07
2023,Odisha,Gajapati,30.4,5.4,25.0,HIGH GAP,8.13,0.07
2023,Odisha,Ganjam,30.4,5.4,25.0,HIGH GAP,24.47,0.07
2023,Odisha,Jagatsinghpur,30.4,5.4,25.0,HIGH GAP,8.97,0.07
2023,Odisha,Jajpur,30.4,5.4,25.0,HIGH GAP,20.51,0.07
2023,Odisha,Jharsuguda,30.4,5.4,25.0,HIGH GAP,9.0,0.07
2023,Odisha,Kalahandi,30.4,5.4,25.0,HIGH GAP,14.5,0.07
2023,Odisha,Kandhamal,30.4,5.4,25.0,HIGH GAP,19.45,0.07
2023,Odisha,Kendrapara,30.4,5.4,25.0,HIGH GAP,17.39,0.07
2023,Odisha,Keonjhar,30.4,5.4,25.0,HIGH GAP,17.15,0.07
2023,Odisha,Khurda,30.4,5.4,25.0,HIGH GAP,10.62,0.07
2023,Odisha,Koraput,30.4,5.4,25.0,HIGH GAP,16.2,0.07
2023,Odisha,Malkangiri,30.4,5.4,25.0,HIGH GAP,25.81,0.07
2023,Odisha,Mayurbhanj,30.4,5.4,25.0,HIGH GAP,18.15,0.07
2023,Odisha,Nayagarh,30.4,5.4,25.0,HIGH GAP,11.56,0.07
2023,Odisha,Nabarangpur,30.4,5.4,25.0,HIGH GAP,7.93,0.07
2023,Odisha,Nuapada,30.4,5.4,25.0,HIGH GAP,7.12,0.07
2023,Odisha,Puri,30.4,5.4,25.0,HIGH GAP,10.19,0.07
2023,Odisha,Rayagada,30.4,5.4,25.0,HIGH GAP,7.82,0.07
2023,Odisha,Rourkela,30.4,5.4,25.0,HIGH GAP,7.75,0.07
2023,Odisha,Sambalpur,30.4,5.4,25.0,HIGH GAP,14.7,0.07
2023,Odisha,Sonepur,30.4,5.4,25.0,HIGH GAP,1.77,0.07
2023,Odisha,SRP(Cuttack),30.4,5.4,25.0,HIGH GAP,0.06,0.07
2023,Odisha,SRP(Rourkela),30.4,5.4,25.0,HIGH GAP,0.0,0.07
2023,Odisha,Sundargarh,30.4,5.4,25.0,HIGH GAP,4.49,0.07
2023,Odisha,CID CB,30.4,5.4,25.0,HIGH GAP,0.0,0.07
2023,Odisha,Total Districts ,30.4,5.4,25.0,HIGH GAP,425.55,0.07
2024,Odisha,Angul,30.4,5.4,25.0,HIGH GAP,5.31,0.07
2024,Odisha,Balasore,30.4,5.4,25.0,HIGH GAP,7.38,0.07
2024,Odisha,Baragarh,30.4,5.4,25.0,HIGH GAP,5.37,0.07
2024,Odisha,Berhampur,30.4,5.4,25.0,HIGH GAP,5.86,0.07
2024,Odisha,Bhadrak,30.4,5.4,25.0,HIGH GAP,5.43,0.07
2024,Odisha,Bolangir,30.4,5.4,25.0,HIGH GAP,2.62,0.07
2024,Odisha,Boudh,30.4,5.4,25.0,HIGH GAP,0.67,0.07
2024,Odisha,Cuttack,30.4,5.4,25.0,HIGH GAP,2.29,0.07
2024,Odisha,DCP BBSR,30.4,5.4,25.0,HIGH GAP,9.28,0.07
2024,Odisha,DCP CTC,30.4,5.4,25.0,HIGH GAP,4.21,0.07
2024,Odisha,Deogarh,30.4,5.4,25.0,HIGH GAP,3.17,0.07
2024,Odisha,Dhenkanal,30.4,5.4,25.0,HIGH GAP,7.07,0.07
2024,Odisha,Gajapati,30.4,5.4,25.0,HIGH GAP,7.37,0.07
2024,Odisha,Ganjam,30.4,5.4,25.0,HIGH GAP,5.03,0.07
2024,Odisha,Jagatsinghpur,30.4,5.4,25.0,HIGH GAP,7.69,0.07
2024,Odisha,Jajpur,30.4,5.4,25.0,HIGH GAP,9.64,0.07
2024,Odisha,Jharsuguda,30.4,5.4,25.0,HIGH GAP,4.65,0.07
2024,Odisha,Kalahandi,30.4,5.4,25.0,HIGH GAP,6.84,0.07
2024,Odisha,Kandhamal,30.4,5.4,25.0,HIGH GAP,10.68,0.07
2024,Odisha,Kendrapara,30.4,5.4,25.0,HIGH GAP,6.34,0.07
2024,Odisha,Keonjhar,30.4,5.4,25.0,HIGH GAP,7.26,0.07
2024,Odisha,Khurda,30.4,5.4,25.0,HIGH GAP,3.23,0.07
2024,Odisha,Koraput,30.4,5.4,25.0,HIGH GAP,10.9,0.07
2024,Odisha,Malkangiri,30.4,5.4,25.0,HIGH GAP,6.81,0.07
2024,Odisha,Mayurbhanj,30.4,5.4,25.0,HIGH GAP,4.59,0.07
2024,Odisha,Nayagarh,30.4,5.4,25.0,HIGH GAP,6.41,0.07
2024,Odisha,Nabarangpur,30.4,5.4,25.0,HIGH GAP,2.81,0.07
2024,Odisha,Nuapada,30.4,5.4,25.0,HIGH GAP,2.56,0.07
2024,Odisha,Puri,30.4,5.4,25.0,HIGH GAP,4.76,0.07
2024,Odisha,Rayagada,30.4,5.4,25.0,HIGH GAP,2.87,0.07
2024,Odisha,Rourkela,30.4,5.4,25.0,HIGH GAP,4.58,0.07
2024,Odisha,Sambalpur,30.4,5.4,25.0,HIGH GAP,3.59,0.07
2024,Odisha,Sonepur,30.4,5.4,25.0,HIGH GAP,1.4,0.07
2024,Odisha,SRP(Cuttack),30.4,5.4,25.0,HIGH GAP,0.12,0.07
2024,Odisha,SRP(Rourkela),30.4,5.4,25.0,HIGH GAP,0.06,0.07
2024,Odisha,Sundargarh,30.4,5.4,25.0,HIGH GAP,1.95,0.07
2024,Odisha,CID CB,30.4,5.4,25.0,HIGH GAP,0.12,0.07
2024,Odisha,Total Districts ,30.4,5.4,25.0,HIGH GAP,173.63,0.07
2021,Madhya Pradesh,Agar,28.1,4.4,23.7,MODERATE GAP,5.18,0.14
2021,Madhya Pradesh,Alirajpur,28.1,4.4,23.7,MODERATE GAP,7.28,0.14
2021,Madhya Pradesh,Anuppur,28.1,4.4,23.7,MODERATE GAP,16.71,0.14
2021,Madhya Pradesh,Ashok Nagar,28.1,4.4,23.7,MODERATE GAP,8.07,0.14
2021,Madhya Pradesh,Balaghat,28.1,4.4,23.7,MODERATE GAP,20.39,0.14
2021,Madhya Pradesh,Barwani,28.1,4.4,23.7,MODERATE GAP,6.4,0.14
2021,Madhya Pradesh,Betul,28.1,4.4,23.7,MODERATE GAP,3.64,0.14
2021,Madhya Pradesh,Bhind,28.1,4.4,23.7,MODERATE GAP,13.89,0.14
2021,Madhya Pradesh,Bhopal,28.1,4.4,23.7,MODERATE GAP,32.9,0.14
2021,Madhya Pradesh,Bhopal Railway,28.1,4.4,23.7,MODERATE GAP,0.12,0.14
2021,Madhya Pradesh,Burhanpur,28.1,4.4,23.7,MODERATE GAP,12.85,0.14
2021,Madhya Pradesh,Chhatarpur,28.1,4.4,23.7,MODERATE GAP,11.6,0.14
2021,Madhya Pradesh,Chhindwara,28.1,4.4,23.7,MODERATE GAP,5.7,0.14
2021,Madhya Pradesh,Damoh,28.1,4.4,23.7,MODERATE GAP,14.79,0.14
2021,Madhya Pradesh,Datia,28.1,4.4,23.7,MODERATE GAP,11.72,0.14
2021,Madhya Pradesh,Dewas,28.1,4.4,23.7,MODERATE GAP,16.07,0.14
2021,Madhya Pradesh,Dhar,28.1,4.4,23.7,MODERATE GAP,11.34,0.14
2021,Madhya Pradesh,Dindori,28.1,4.4,23.7,MODERATE GAP,13.58,0.14
2021,Madhya Pradesh,Guna,28.1,4.4,23.7,MODERATE GAP,14.43,0.14
2021,Madhya Pradesh,Gwalior,28.1,4.4,23.7,MODERATE GAP,36.12,0.14
2021,Madhya Pradesh,Harda,28.1,4.4,23.7,MODERATE GAP,17.53,0.14
2021,Madhya Pradesh,Hoshangabad,28.1,4.4,23.7,MODERATE GAP,19.96,0.14
2021,Madhya Pradesh,Indore,28.1,4.4,23.7,MODERATE GAP,24.07,0.14
2021,Madhya Pradesh,Indore Railway,28.1,4.4,23.7,MODERATE GAP,0.24,0.14
2021,Madhya Pradesh,Jabalpur,28.1,4.4,23.7,MODERATE GAP,13.45,0.14
2021,Madhya Pradesh,Jabalpur Railway,28.1,4.4,23.7,MODERATE GAP,0.06,0.14
2021,Madhya Pradesh,Jhabua,28.1,4.4,23.7,MODERATE GAP,3.9,0.14
2021,Madhya Pradesh,Katni,28.1,4.4,23.7,MODERATE GAP,7.4,0.14
2021,Madhya Pradesh,Khandwa,28.1,4.4,23.7,MODERATE GAP,7.97,0.14
2021,Madhya Pradesh,Khargone,28.1,4.4,23.7,MODERATE GAP,5.29,0.14
2021,Madhya Pradesh,Mandla,28.1,4.4,23.7,MODERATE GAP,7.01,0.14
2021,Madhya Pradesh,Mandsaur,28.1,4.4,23.7,MODERATE GAP,11.68,0.14
2021,Madhya Pradesh,Morena,28.1,4.4,23.7,MODERATE GAP,16.06,0.14
2021,Madhya Pradesh,Narsinghpur,28.1,4.4,23.7,MODERATE GAP,8.3,0.14
2021,Madhya Pradesh,Neemuch,28.1,4.4,23.7,MODERATE GAP,11.79,0.14
2021,Madhya Pradesh,Panna,28.1,4.4,23.7,MODERATE GAP,12.49,0.14
2021,Madhya Pradesh,Raisen,28.1,4.4,23.7,MODERATE GAP,13.71,0.14
2021,Madhya Pradesh,Rajgarh,28.1,4.4,23.7,MODERATE GAP,19.29,0.14
2021,Madhya Pradesh,Ratlam,28.1,4.4,23.7,MODERATE GAP,9.32,0.14
2021,Madhya Pradesh,Rewa,28.1,4.4,23.7,MODERATE GAP,9.19,0.14
2021,Madhya Pradesh,Sagar,28.1,4.4,23.7,MODERATE GAP,13.31,0.14
2021,Madhya Pradesh,Satna,28.1,4.4,23.7,MODERATE GAP,6.98,0.14
2021,Madhya Pradesh,Seoni,28.1,4.4,23.7,MODERATE GAP,11.29,0.14
2021,Madhya Pradesh,Shahdol,28.1,4.4,23.7,MODERATE GAP,18.84,0.14
2021,Madhya Pradesh,Shajapur,28.1,4.4,23.7,MODERATE GAP,8.34,0.14
2021,Madhya Pradesh,Sheopur,28.1,4.4,23.7,MODERATE GAP,6.57,0.14
2021,Madhya Pradesh,Shivpuri,28.1,4.4,23.7,MODERATE GAP,13.7,0.14
2021,Madhya Pradesh,Sidhi,28.1,4.4,23.7,MODERATE GAP,9.34,0.14
2021,Madhya Pradesh,Sehore,28.1,4.4,23.7,MODERATE GAP,14.72,0.14
2021,Madhya Pradesh,Singrauli,28.1,4.4,23.7,MODERATE GAP,11.44,0.14
2021,Madhya Pradesh,Tikamgarh,28.1,4.4,23.7,MODERATE GAP,7.88,0.14
2021,Madhya Pradesh,Ujjain,28.1,4.4,23.7,MODERATE GAP,11.03,0.14
2021,Madhya Pradesh,Umaria,28.1,4.4,23.7,MODERATE GAP,8.23,0.14
2021,Madhya Pradesh,Vidisha,28.1,4.4,23.7,MODERATE GAP,13.71,0.14
2021,Madhya Pradesh,Cyber Crime Cell,28.1,4.4,23.7,MODERATE GAP,0.0,0.14
2021,Madhya Pradesh,Niwari,28.1,4.4,23.7,MODERATE GAP,3.71,0.14
2021,Madhya Pradesh,Total Districts ,28.1,4.4,23.7,MODERATE GAP,673.39,0.14
2022,Madhya Pradesh,Agar,28.1,4.4,23.7,MODERATE GAP,5.42,0.14
2022,Madhya Pradesh,Alirajpur,28.1,4.4,23.7,MODERATE GAP,4.53,0.14
2022,Madhya Pradesh,Anuppur,28.1,4.4,23.7,MODERATE GAP,14.86,0.14
2022,Madhya Pradesh,Ashok Nagar,28.1,4.4,23.7,MODERATE GAP,9.48,0.14
2022,Madhya Pradesh,Balaghat,28.1,4.4,23.7,MODERATE GAP,9.86,0.14
2022,Madhya Pradesh,Barwani,28.1,4.4,23.7,MODERATE GAP,6.96,0.14
2022,Madhya Pradesh,Betul,28.1,4.4,23.7,MODERATE GAP,4.64,0.14
2022,Madhya Pradesh,Bhind,28.1,4.4,23.7,MODERATE GAP,7.71,0.14
2022,Madhya Pradesh,Bhopal Commissionarate,28.1,4.4,23.7,MODERATE GAP,55.84,0.14
2022,Madhya Pradesh,Bhopal Railway,28.1,4.4,23.7,MODERATE GAP,0.06,0.14
2022,Madhya Pradesh,Burhanpur,28.1,4.4,23.7,MODERATE GAP,16.98,0.14
2022,Madhya Pradesh,Chhatarpur,28.1,4.4,23.7,MODERATE GAP,11.64,0.14
2022,Madhya Pradesh,Chhindwara,28.1,4.4,23.7,MODERATE GAP,6.03,0.14
2022,Madhya Pradesh,Damoh,28.1,4.4,23.7,MODERATE GAP,14.17,0.14
2022,Madhya Pradesh,Datia,28.1,4.4,23.7,MODERATE GAP,13.15,0.14
2022,Madhya Pradesh,Dewas,28.1,4.4,23.7,MODERATE GAP,6.9,0.14
2022,Madhya Pradesh,Dhar,28.1,4.4,23.7,MODERATE GAP,14.56,0.14
2022,Madhya Pradesh,Dindori,28.1,4.4,23.7,MODERATE GAP,19.75,0.14
2022,Madhya Pradesh,Guna,28.1,4.4,23.7,MODERATE GAP,9.32,0.14
2022,Madhya Pradesh,Gwalior,28.1,4.4,23.7,MODERATE GAP,33.72,0.14
2022,Madhya Pradesh,Harda,28.1,4.4,23.7,MODERATE GAP,17.83,0.14
2022,Madhya Pradesh,Narmadapuram,28.1,4.4,23.7,MODERATE GAP,14.31,0.14
2022,Madhya Pradesh,Indore Commissionarate,28.1,4.4,23.7,MODERATE GAP,42.29,0.14
2022,Madhya Pradesh,Indore Railway,28.1,4.4,23.7,MODERATE GAP,0.06,0.14
2022,Madhya Pradesh,Jabalpur,28.1,4.4,23.7,MODERATE GAP,21.0,0.14
2022,Madhya Pradesh,Jabalpur Railway,28.1,4.4,23.7,MODERATE GAP,0.18,0.14
2022,Madhya Pradesh,Jhabua,28.1,4.4,23.7,MODERATE GAP,5.43,0.14
2022,Madhya Pradesh,Katni,28.1,4.4,23.7,MODERATE GAP,7.54,0.14
2022,Madhya Pradesh,Khandwa,28.1,4.4,23.7,MODERATE GAP,9.76,0.14
2022,Madhya Pradesh,Khargone,28.1,4.4,23.7,MODERATE GAP,7.43,0.14
2022,Madhya Pradesh,Mandla,28.1,4.4,23.7,MODERATE GAP,8.41,0.14
2022,Madhya Pradesh,Mandsaur,28.1,4.4,23.7,MODERATE GAP,9.99,0.14
2022,Madhya Pradesh,Morena,28.1,4.4,23.7,MODERATE GAP,16.98,0.14
2022,Madhya Pradesh,Narsinghpur,28.1,4.4,23.7,MODERATE GAP,10.43,0.14
2022,Madhya Pradesh,Neemuch,28.1,4.4,23.7,MODERATE GAP,19.47,0.14
2022,Madhya Pradesh,Panna,28.1,4.4,23.7,MODERATE GAP,14.37,0.14
2022,Madhya Pradesh,Raisen,28.1,4.4,23.7,MODERATE GAP,14.17,0.14
2022,Madhya Pradesh,Rajgarh,28.1,4.4,23.7,MODERATE GAP,28.3,0.14
2022,Madhya Pradesh,Ratlam,28.1,4.4,23.7,MODERATE GAP,14.64,0.14
2022,Madhya Pradesh,Rewa,28.1,4.4,23.7,MODERATE GAP,12.06,0.14
2022,Madhya Pradesh,Sagar,28.1,4.4,23.7,MODERATE GAP,18.97,0.14
2022,Madhya Pradesh,Satna,28.1,4.4,23.7,MODERATE GAP,6.63,0.14
2022,Madhya Pradesh,Seoni,28.1,4.4,23.7,MODERATE GAP,13.68,0.14
2022,Madhya Pradesh,Shahdol,28.1,4.4,23.7,MODERATE GAP,20.07,0.14
2022,Madhya Pradesh,Shajapur,28.1,4.4,23.7,MODERATE GAP,10.06,0.14
2022,Madhya Pradesh,Sheopur,28.1,4.4,23.7,MODERATE GAP,10.49,0.14
2022,Madhya Pradesh,Shivpuri,28.1,4.4,23.7,MODERATE GAP,12.54,0.14
2022,Madhya Pradesh,Sidhi,28.1,4.4,23.7,MODERATE GAP,12.42,0.14
2022,Madhya Pradesh,Sehore,28.1,4.4,23.7,MODERATE GAP,11.21,0.14
2022,Madhya Pradesh,Singrauli,28.1,4.4,23.7,MODERATE GAP,15.57,0.14
2022,Madhya Pradesh,Tikamgarh,28.1,4.4,23.7,MODERATE GAP,7.1,0.14
2022,Madhya Pradesh,Ujjain,28.1,4.4,23.7,MODERATE GAP,12.12,0.14
2022,Madhya Pradesh,Umaria,28.1,4.4,23.7,MODERATE GAP,11.19,0.14
2022,Madhya Pradesh,Vidisha,28.1,4.4,23.7,MODERATE GAP,10.43,0.14
2022,Madhya Pradesh,Cyber Crime Cell,28.1,4.4,23.7,MODERATE GAP,0.0,0.14
2022,Madhya Pradesh,Niwari,28.1,4.4,23.7,MODERATE GAP,3.18,0.14
2022,Madhya Pradesh,Bhopal Rural,28.1,4.4,23.7,MODERATE GAP,2.93,0.14
2022,Madhya Pradesh,Indore Rural,28.1,4.4,23.7,MODERATE GAP,3.5,0.14
2022,Madhya Pradesh,Total Districts ,28.1,4.4,23.7,MODERATE GAP,711.14,0.14
2023,Madhya Pradesh,Agar,28.1,4.4,23.7,MODERATE GAP,4.42,0.14
2023,Madhya Pradesh,Alirajpur,28.1,4.4,23.7,MODERATE GAP,4.89,0.14
2023,Madhya Pradesh,Anuppur,28.1,4.4,23.7,MODERATE GAP,13.11,0.14
2023,Madhya Pradesh,Ashok Nagar,28.1,4.4,23.7,MODERATE GAP,6.07,0.14
2023,Madhya Pradesh,Balaghat,28.1,4.4,23.7,MODERATE GAP,6.49,0.14
2023,Madhya Pradesh,Barwani,28.1,4.4,23.7,MODERATE GAP,7.28,0.14
2023,Madhya Pradesh,Betul,28.1,4.4,23.7,MODERATE GAP,8.72,0.14
2023,Madhya Pradesh,Bhind,28.1,4.4,23.7,MODERATE GAP,7.4,0.14
2023,Madhya Pradesh,Bhopal Commissionarate,28.1,4.4,23.7,MODERATE GAP,47.71,0.14
2023,Madhya Pradesh,Bhopal Railway,28.1,4.4,23.7,MODERATE GAP,0.18,0.14
2023,Madhya Pradesh,Burhanpur,28.1,4.4,23.7,MODERATE GAP,15.6,0.14
2023,Madhya Pradesh,Chhatarpur,28.1,4.4,23.7,MODERATE GAP,11.15,0.14
2023,Madhya Pradesh,Chhindwara,28.1,4.4,23.7,MODERATE GAP,7.4,0.14
2023,Madhya Pradesh,Damoh,28.1,4.4,23.7,MODERATE GAP,11.14,0.14
2023,Madhya Pradesh,Datia,28.1,4.4,23.7,MODERATE GAP,16.47,0.14
2023,Madhya Pradesh,Dewas,28.1,4.4,23.7,MODERATE GAP,11.23,0.14
2023,Madhya Pradesh,Dhar,28.1,4.4,23.7,MODERATE GAP,9.55,0.14
2023,Madhya Pradesh,Dindori,28.1,4.4,23.7,MODERATE GAP,15.55,0.14
2023,Madhya Pradesh,Guna,28.1,4.4,23.7,MODERATE GAP,17.51,0.14
2023,Madhya Pradesh,Gwalior,28.1,4.4,23.7,MODERATE GAP,32.01,0.14
2023,Madhya Pradesh,Harda,28.1,4.4,23.7,MODERATE GAP,10.67,0.14
2023,Madhya Pradesh,Narmadapuram,28.1,4.4,23.7,MODERATE GAP,10.78,0.14
2023,Madhya Pradesh,Indore Commissionarate,28.1,4.4,23.7,MODERATE GAP,40.7,0.14
2023,Madhya Pradesh,Indore Railway,28.1,4.4,23.7,MODERATE GAP,0.06,0.14
2023,Madhya Pradesh,Jabalpur,28.1,4.4,23.7,MODERATE GAP,16.31,0.14
2023,Madhya Pradesh,Jabalpur Railway,28.1,4.4,23.7,MODERATE GAP,0.18,0.14
2023,Madhya Pradesh,Jhabua,28.1,4.4,23.7,MODERATE GAP,7.97,0.14
2023,Madhya Pradesh,Katni,28.1,4.4,23.7,MODERATE GAP,7.13,0.14
2023,Madhya Pradesh,Khandwa,28.1,4.4,23.7,MODERATE GAP,10.29,0.14
2023,Madhya Pradesh,Khargone,28.1,4.4,23.7,MODERATE GAP,4.92,0.14
2023,Madhya Pradesh,Mandla,28.1,4.4,23.7,MODERATE GAP,8.24,0.14
2023,Madhya Pradesh,Mandsaur,28.1,4.4,23.7,MODERATE GAP,9.54,0.14
2023,Madhya Pradesh,Morena,28.1,4.4,23.7,MODERATE GAP,11.54,0.14
2023,Madhya Pradesh,Narsinghpur,28.1,4.4,23.7,MODERATE GAP,9.13,0.14
2023,Madhya Pradesh,Neemuch,28.1,4.4,23.7,MODERATE GAP,12.21,0.14
2023,Madhya Pradesh,Panna,28.1,4.4,23.7,MODERATE GAP,13.0,0.14
2023,Madhya Pradesh,Raisen,28.1,4.4,23.7,MODERATE GAP,12.6,0.14
2023,Madhya Pradesh,Rajgarh,28.1,4.4,23.7,MODERATE GAP,22.33,0.14
2023,Madhya Pradesh,Ratlam,28.1,4.4,23.7,MODERATE GAP,13.75,0.14
2023,Madhya Pradesh,Rewa,28.1,4.4,23.7,MODERATE GAP,11.4,0.14
2023,Madhya Pradesh,Sagar,28.1,4.4,23.7,MODERATE GAP,16.27,0.14
2023,Madhya Pradesh,Satna,28.1,4.4,23.7,MODERATE GAP,7.72,0.14
2023,Madhya Pradesh,Seoni,28.1,4.4,23.7,MODERATE GAP,11.1,0.14
2023,Madhya Pradesh,Shahdol,28.1,4.4,23.7,MODERATE GAP,16.15,0.14
2023,Madhya Pradesh,Shajapur,28.1,4.4,23.7,MODERATE GAP,8.22,0.14
2023,Madhya Pradesh,Sheopur,28.1,4.4,23.7,MODERATE GAP,9.48,0.14
2023,Madhya Pradesh,Shivpuri,28.1,4.4,23.7,MODERATE GAP,14.36,0.14
2023,Madhya Pradesh,Sidhi,28.1,4.4,23.7,MODERATE GAP,13.81,0.14
2023,Madhya Pradesh,Sehore,28.1,4.4,23.7,MODERATE GAP,11.47,0.14
2023,Madhya Pradesh,Singrauli,28.1,4.4,23.7,MODERATE GAP,16.75,0.14
2023,Madhya Pradesh,Tikamgarh,28.1,4.4,23.7,MODERATE GAP,6.56,0.14
2023,Madhya Pradesh,Ujjain,28.1,4.4,23.7,MODERATE GAP,11.86,0.14
2023,Madhya Pradesh,Umaria,28.1,4.4,23.7,MODERATE GAP,6.61,0.14
2023,Madhya Pradesh,Vidisha,28.1,4.4,23.7,MODERATE GAP,10.61,0.14
2023,Madhya Pradesh,Cyber Crime Cell,28.1,4.4,23.7,MODERATE GAP,0.0,0.14
2023,Madhya Pradesh,Niwari,28.1,4.4,23.7,MODERATE GAP,3.0,0.14
2023,Madhya Pradesh,Bhopal Rural,28.1,4.4,23.7,MODERATE GAP,2.6,0.14
2023,Madhya Pradesh,Indore Rural,28.1,4.4,23.7,MODERATE GAP,4.91,0.14
2023,Madhya Pradesh,Total Districts ,28.1,4.4,23.7,MODERATE GAP,651.01,0.14
2024,Madhya Pradesh,Agar,28.1,4.4,23.7,MODERATE GAP,2.47,0.14
2024,Madhya Pradesh,Alirajpur,28.1,4.4,23.7,MODERATE GAP,9.9,0.14
2024,Madhya Pradesh,Anuppur,28.1,4.4,23.7,MODERATE GAP,8.12,0.14
2024,Madhya Pradesh,Ashok Nagar,28.1,4.4,23.7,MODERATE GAP,2.06,0.14
2024,Madhya Pradesh,Balaghat,28.1,4.4,23.7,MODERATE GAP,4.14,0.14
2024,Madhya Pradesh,Barwani,28.1,4.4,23.7,MODERATE GAP,4.71,0.14
2024,Madhya Pradesh,Betul,28.1,4.4,23.7,MODERATE GAP,7.78,0.14
2024,Madhya Pradesh,Bhind,28.1,4.4,23.7,MODERATE GAP,3.22,0.14
2024,Madhya Pradesh,Bhopal Commissionarate,28.1,4.4,23.7,MODERATE GAP,23.97,0.14
2024,Madhya Pradesh,Bhopal Railway,28.1,4.4,23.7,MODERATE GAP,0.35,0.14
2024,Madhya Pradesh,Burhanpur,28.1,4.4,23.7,MODERATE GAP,4.13,0.14
2024,Madhya Pradesh,Chhatarpur,28.1,4.4,23.7,MODERATE GAP,7.85,0.14
2024,Madhya Pradesh,Chhindwara,28.1,4.4,23.7,MODERATE GAP,5.57,0.14
2024,Madhya Pradesh,Damoh,28.1,4.4,23.7,MODERATE GAP,5.85,0.14
2024,Madhya Pradesh,Datia,28.1,4.4,23.7,MODERATE GAP,7.96,0.14
2024,Madhya Pradesh,Dewas,28.1,4.4,23.7,MODERATE GAP,10.79,0.14
2024,Madhya Pradesh,Dhar,28.1,4.4,23.7,MODERATE GAP,7.68,0.14
2024,Madhya Pradesh,Dindori,28.1,4.4,23.7,MODERATE GAP,9.87,0.14
2024,Madhya Pradesh,Guna,28.1,4.4,23.7,MODERATE GAP,8.76,0.14
2024,Madhya Pradesh,Gwalior,28.1,4.4,23.7,MODERATE GAP,11.17,0.14
2024,Madhya Pradesh,Harda,28.1,4.4,23.7,MODERATE GAP,5.94,0.14
2024,Madhya Pradesh,Narmadapuram,28.1,4.4,23.7,MODERATE GAP,7.07,0.14
2024,Madhya Pradesh,Indore Commissionarate,28.1,4.4,23.7,MODERATE GAP,26.39,0.14
2024,Madhya Pradesh,Indore Railway,28.1,4.4,23.7,MODERATE GAP,0.12,0.14
2024,Madhya Pradesh,Jabalpur,28.1,4.4,23.7,MODERATE GAP,8.9,0.14
2024,Madhya Pradesh,Jabalpur Railway,28.1,4.4,23.7,MODERATE GAP,0.35,0.14
2024,Madhya Pradesh,Jhabua,28.1,4.4,23.7,MODERATE GAP,9.93,0.14
2024,Madhya Pradesh,Katni,28.1,4.4,23.7,MODERATE GAP,3.1,0.14
2024,Madhya Pradesh,Khandwa,28.1,4.4,23.7,MODERATE GAP,5.64,0.14
2024,Madhya Pradesh,Khargone,28.1,4.4,23.7,MODERATE GAP,5.52,0.14
2024,Madhya Pradesh,Mandla,28.1,4.4,23.7,MODERATE GAP,6.51,0.14
2024,Madhya Pradesh,Mandsaur,28.1,4.4,23.7,MODERATE GAP,4.22,0.14
2024,Madhya Pradesh,Morena,28.1,4.4,23.7,MODERATE GAP,4.78,0.14
2024,Madhya Pradesh,Narsinghpur,28.1,4.4,23.7,MODERATE GAP,5.77,0.14
2024,Madhya Pradesh,Neemuch,28.1,4.4,23.7,MODERATE GAP,4.21,0.14
2024,Madhya Pradesh,Panna,28.1,4.4,23.7,MODERATE GAP,4.11,0.14
2024,Madhya Pradesh,Raisen,28.1,4.4,23.7,MODERATE GAP,4.57,0.14
2024,Madhya Pradesh,Rajgarh,28.1,4.4,23.7,MODERATE GAP,9.73,0.14
2024,Madhya Pradesh,Ratlam,28.1,4.4,23.7,MODERATE GAP,11.12,0.14
2024,Madhya Pradesh,Rewa,28.1,4.4,23.7,MODERATE GAP,4.74,0.14
2024,Madhya Pradesh,Sagar,28.1,4.4,23.7,MODERATE GAP,7.9,0.14
2024,Madhya Pradesh,Satna,28.1,4.4,23.7,MODERATE GAP,3.63,0.14
2024,Madhya Pradesh,Seoni,28.1,4.4,23.7,MODERATE GAP,4.92,0.14
2024,Madhya Pradesh,Shahdol,28.1,4.4,23.7,MODERATE GAP,11.58,0.14
2024,Madhya Pradesh,Shajapur,28.1,4.4,23.7,MODERATE GAP,5.52,0.14
2024,Madhya Pradesh,Sheopur,28.1,4.4,23.7,MODERATE GAP,4.05,0.14
2024,Madhya Pradesh,Shivpuri,28.1,4.4,23.7,MODERATE GAP,9.98,0.14
2024,Madhya Pradesh,Sidhi,28.1,4.4,23.7,MODERATE GAP,5.4,0.14
2024,Madhya Pradesh,Sehore,28.1,4.4,23.7,MODERATE GAP,12.47,0.14
2024,Madhya Pradesh,Singrauli,28.1,4.4,23.7,MODERATE GAP,13.14,0.14
2024,Madhya Pradesh,Tikamgarh,28.1,4.4,23.7,MODERATE GAP,5.54,0.14
2024,Madhya Pradesh,Ujjain,28.1,4.4,23.7,MODERATE GAP,8.45,0.14
2024,Madhya Pradesh,Umaria,28.1,4.4,23.7,MODERATE GAP,6.74,0.14
2024,Madhya Pradesh,Vidisha,28.1,4.4,23.7,MODERATE GAP,7.45,0.14
2024,Madhya Pradesh,Cyber Crime Cell,28.1,4.4,23.7,MODERATE GAP,0.0,0.14
2024,Madhya Pradesh,Niwari,28.1,4.4,23.7,MODERATE GAP,1.83,0.14
2024,Madhya Pradesh,Bhopal Rural,28.1,4.4,23.7,MODERATE GAP,0.95,0.14
2024,Madhya Pradesh,Indore Rural,28.1,4.4,23.7,MODERATE GAP,2.76,0.14
2024,Madhya Pradesh,Pandhurna,28.1,4.4,23.7,MODERATE GAP,0.24,0.14
2024,Madhya Pradesh,Maihar,28.1,4.4,23.7,MODERATE GAP,1.53,0.14
2024,Madhya Pradesh,Mauganj,28.1,4.4,23.7,MODERATE GAP,2.71,0.14
2024,Madhya Pradesh,Total Districts ,28.1,4.4,23.7,MODERATE GAP,386.37,0.14
2021,Chhattisgarh,Balod,29.6,6.8,22.8,MODERATE GAP,2.07,0.2
2021,Chhattisgarh,Balodbazar,29.6,6.8,22.8,MODERATE GAP,3.23,0.2
2021,Chhattisgarh,Balrampur,29.6,6.8,22.8,MODERATE GAP,4.25,0.2
2021,Chhattisgarh,Bemetra,29.6,6.8,22.8,MODERATE GAP,2.92,0.2
2021,Chhattisgarh,Bilaspur,29.6,6.8,22.8,MODERATE GAP,50.54,0.2
2021,Chhattisgarh,Bilaspur,29.6,6.8,22.8,MODERATE GAP,7.25,0.2
2021,Chhattisgarh,Bizapur,29.6,6.8,22.8,MODERATE GAP,0.48,0.2
2021,Chhattisgarh,Dantewara,29.6,6.8,22.8,MODERATE GAP,0.69,0.2
2021,Chhattisgarh,Dhamtari,29.6,6.8,22.8,MODERATE GAP,4.13,0.2
2021,Chhattisgarh,Durg,29.6,6.8,22.8,MODERATE GAP,5.25,0.2
2021,Chhattisgarh,Gariyaband,29.6,6.8,22.8,MODERATE GAP,1.38,0.2
2021,Chhattisgarh,GRP Raipur,29.6,6.8,22.8,MODERATE GAP,0.05,0.2
2021,Chhattisgarh,Jagdalpur,29.6,6.8,22.8,MODERATE GAP,3.13,0.2
2021,Chhattisgarh,Janjgir,29.6,6.8,22.8,MODERATE GAP,5.89,0.2
2021,Chhattisgarh,Jashpur,29.6,6.8,22.8,MODERATE GAP,7.86,0.2
2021,Chhattisgarh,Kabirdham,29.6,6.8,22.8,MODERATE GAP,2.7,0.2
2021,Chhattisgarh,Kanker,29.6,6.8,22.8,MODERATE GAP,2.33,0.2
2021,Chhattisgarh,Kondagaon,29.6,6.8,22.8,MODERATE GAP,0.74,0.2
2021,Chhattisgarh,Korba,29.6,6.8,22.8,MODERATE GAP,6.41,0.2
2021,Chhattisgarh,Koriya,29.6,6.8,22.8,MODERATE GAP,10.56,0.2
2021,Chhattisgarh,Mahasamund,29.6,6.8,22.8,MODERATE GAP,3.62,0.2
2021,Chhattisgarh,Mungali,29.6,6.8,22.8,MODERATE GAP,2.44,0.2
2021,Chhattisgarh,Narayanpur,29.6,6.8,22.8,MODERATE GAP,5.6,0.2
2021,Chhattisgarh,Raigarh,29.6,6.8,22.8,MODERATE GAP,5.88,0.2
2021,Chhattisgarh,Raigarh,29.6,6.8,22.8,MODERATE GAP,3.33,0.2
2021,Chhattisgarh,Raipur,29.6,6.8,22.8,MODERATE GAP,5.33,0.2
2021,Chhattisgarh,Rajnandgaon,29.6,6.8,22.8,MODERATE GAP,6.51,0.2
2021,Chhattisgarh,Sarguja,29.6,6.8,22.8,MODERATE GAP,6.95,0.2
2021,Chhattisgarh,Sukma,29.6,6.8,22.8,MODERATE GAP,0.53,0.2
2021,Chhattisgarh,Surajpur,29.6,6.8,22.8,MODERATE GAP,6.05,0.2
2021,Chhattisgarh,Gaurela-Pendra-Marwari,29.6,6.8,22.8,MODERATE GAP,0.8,0.2
2021,Chhattisgarh,Total Districts ,29.6,6.8,22.8,MODERATE GAP,112.9,0.2
2022,Chhattisgarh,Balod,29.6,6.8,22.8,MODERATE GAP,2.33,0.2
2022,Chhattisgarh,Balodbazar,29.6,6.8,22.8,MODERATE GAP,2.76,0.2
2022,Chhattisgarh,Balrampur,29.6,6.8,22.8,MODERATE GAP,3.44,0.2
2022,Chhattisgarh,Bemetra,29.6,6.8,22.8,MODERATE GAP,1.43,0.2
2022,Chhattisgarh,Bilaspur,29.6,6.8,22.8,MODERATE GAP,68.75,0.2
2022,Chhattisgarh,Bilaspur,29.6,6.8,22.8,MODERATE GAP,9.86,0.2
2022,Chhattisgarh,Bizapur,29.6,6.8,22.8,MODERATE GAP,0.74,0.2
2022,Chhattisgarh,Dantewara,29.6,6.8,22.8,MODERATE GAP,0.53,0.2
2022,Chhattisgarh,Dhamtari,29.6,6.8,22.8,MODERATE GAP,3.7,0.2
2022,Chhattisgarh,Durg,29.6,6.8,22.8,MODERATE GAP,5.59,0.2
2022,Chhattisgarh,Gariyaband,29.6,6.8,22.8,MODERATE GAP,1.96,0.2
2022,Chhattisgarh,GRP Raipur,29.6,6.8,22.8,MODERATE GAP,0.0,0.2
2022,Chhattisgarh,Jagdalpur,29.6,6.8,22.8,MODERATE GAP,2.81,0.2
2022,Chhattisgarh,Janjgir,29.6,6.8,22.8,MODERATE GAP,5.36,0.2
2022,Chhattisgarh,Jashpur,29.6,6.8,22.8,MODERATE GAP,7.86,0.2
2022,Chhattisgarh,Kabirdham,29.6,6.8,22.8,MODERATE GAP,3.18,0.2
2022,Chhattisgarh,Kanker,29.6,6.8,22.8,MODERATE GAP,2.33,0.2
2022,Chhattisgarh,Kondagaon,29.6,6.8,22.8,MODERATE GAP,0.69,0.2
2022,Chhattisgarh,Korba,29.6,6.8,22.8,MODERATE GAP,5.98,0.2
2022,Chhattisgarh,Koriya,29.6,6.8,22.8,MODERATE GAP,4.75,0.2
2022,Chhattisgarh,Mahasamund,29.6,6.8,22.8,MODERATE GAP,2.02,0.2
2022,Chhattisgarh,Mungali,29.6,6.8,22.8,MODERATE GAP,1.59,0.2
2022,Chhattisgarh,Narayanpur,29.6,6.8,22.8,MODERATE GAP,5.6,0.2
2022,Chhattisgarh,Raigarh,29.6,6.8,22.8,MODERATE GAP,5.82,0.2
2022,Chhattisgarh,Raigarh,29.6,6.8,22.8,MODERATE GAP,3.3,0.2
2022,Chhattisgarh,Raipur,29.6,6.8,22.8,MODERATE GAP,6.42,0.2
2022,Chhattisgarh,Rajnandgaon,29.6,6.8,22.8,MODERATE GAP,2.72,0.2
2022,Chhattisgarh,Sarguja,29.6,6.8,22.8,MODERATE GAP,6.52,0.2
2022,Chhattisgarh,Sukma,29.6,6.8,22.8,MODERATE GAP,0.58,0.2
2022,Chhattisgarh,Surajpur,29.6,6.8,22.8,MODERATE GAP,5.04,0.2
2022,Chhattisgarh,Gaurela-Pendra-Marwari,29.6,6.8,22.8,MODERATE GAP,0.95,0.2
2022,Chhattisgarh,Khairagarh - Chhuikhadan-Gandai,29.6,6.8,22.8,MODERATE GAP,1.01,0.2
2022,Chhattisgarh,Manendragarh-Chirmiri-Bharatpur,29.6,6.8,22.8,MODERATE GAP,2.65,0.2
2022,Chhattisgarh,Mohla-Manpur-Ambagarh Chouki,29.6,6.8,22.8,MODERATE GAP,0.69,0.2
2022,Chhattisgarh,Sakti,29.6,6.8,22.8,MODERATE GAP,3.71,0.2
2022,Chhattisgarh,Sarangarh-Bilaigarh,29.6,6.8,22.8,MODERATE GAP,2.92,0.2
2022,Chhattisgarh,Total Districts ,29.6,6.8,22.8,MODERATE GAP,119.42,0.2
2023,Chhattisgarh,Balod,29.6,6.8,22.8,MODERATE GAP,1.22,0.2
2023,Chhattisgarh,Balodbazar,29.6,6.8,22.8,MODERATE GAP,2.02,0.2
2023,Chhattisgarh,Balrampur,29.6,6.8,22.8,MODERATE GAP,3.2,0.2
2023,Chhattisgarh,Bemetra,29.6,6.8,22.8,MODERATE GAP,1.27,0.2
2023,Chhattisgarh,Bilaspur,29.6,6.8,22.8,MODERATE GAP,59.42,0.2
2023,Chhattisgarh,Bilaspur,29.6,6.8,22.8,MODERATE GAP,8.52,0.2
2023,Chhattisgarh,Bizapur,29.6,6.8,22.8,MODERATE GAP,0.74,0.2
2023,Chhattisgarh,Dantewara,29.6,6.8,22.8,MODERATE GAP,0.69,0.2
2023,Chhattisgarh,Dhamtari,29.6,6.8,22.8,MODERATE GAP,3.26,0.2
2023,Chhattisgarh,Durg,29.6,6.8,22.8,MODERATE GAP,5.25,0.2
2023,Chhattisgarh,Gariyaband,29.6,6.8,22.8,MODERATE GAP,2.7,0.2
2023,Chhattisgarh,GRP Raipur,29.6,6.8,22.8,MODERATE GAP,0.11,0.2
2023,Chhattisgarh,Jagdalpur,29.6,6.8,22.8,MODERATE GAP,2.33,0.2
2023,Chhattisgarh,Janjgir,29.6,6.8,22.8,MODERATE GAP,6.84,0.2
2023,Chhattisgarh,Jashpur,29.6,6.8,22.8,MODERATE GAP,5.11,0.2
2023,Chhattisgarh,Kabirdham,29.6,6.8,22.8,MODERATE GAP,2.28,0.2
2023,Chhattisgarh,Kanker,29.6,6.8,22.8,MODERATE GAP,1.86,0.2
2023,Chhattisgarh,Kondagaon,29.6,6.8,22.8,MODERATE GAP,0.58,0.2
2023,Chhattisgarh,Korba,29.6,6.8,22.8,MODERATE GAP,5.84,0.2
2023,Chhattisgarh,Koriya,29.6,6.8,22.8,MODERATE GAP,3.43,0.2
2023,Chhattisgarh,Mahasamund,29.6,6.8,22.8,MODERATE GAP,2.95,0.2
2023,Chhattisgarh,Mungali,29.6,6.8,22.8,MODERATE GAP,1.7,0.2
2023,Chhattisgarh,Narayanpur,29.6,6.8,22.8,MODERATE GAP,5.6,0.2
2023,Chhattisgarh,Raigarh,29.6,6.8,22.8,MODERATE GAP,5.01,0.2
2023,Chhattisgarh,Raigarh,29.6,6.8,22.8,MODERATE GAP,2.84,0.2
2023,Chhattisgarh,Raipur,29.6,6.8,22.8,MODERATE GAP,5.2,0.2
2023,Chhattisgarh,Rajnandgaon,29.6,6.8,22.8,MODERATE GAP,3.11,0.2
2023,Chhattisgarh,Sarguja,29.6,6.8,22.8,MODERATE GAP,6.1,0.2
2023,Chhattisgarh,Sukma,29.6,6.8,22.8,MODERATE GAP,0.64,0.2
2023,Chhattisgarh,Surajpur,29.6,6.8,22.8,MODERATE GAP,2.55,0.2
2023,Chhattisgarh,Gaurela-Pendra-Marwari,29.6,6.8,22.8,MODERATE GAP,1.54,0.2
2023,Chhattisgarh,Khairagarh - Chhuikhadan-Gandai,29.6,6.8,22.8,MODERATE GAP,1.33,0.2
2023,Chhattisgarh,Manendragarh-Chirmiri-Bharatpur,29.6,6.8,22.8,MODERATE GAP,2.65,0.2
2023,Chhattisgarh,Mohla-Manpur-Ambagarh Chouki,29.6,6.8,22.8,MODERATE GAP,0.53,0.2
2023,Chhattisgarh,Sakti,29.6,6.8,22.8,MODERATE GAP,2.28,0.2
2023,Chhattisgarh,Sarangarh-Bilaigarh,29.6,6.8,22.8,MODERATE GAP,1.54,0.2
2023,Chhattisgarh,Total Districts ,29.6,6.8,22.8,MODERATE GAP,104.84,0.2
2024,Chhattisgarh,Balod,29.6,6.8,22.8,MODERATE GAP,2.39,0.2
2024,Chhattisgarh,Balodbazar,29.6,6.8,22.8,MODERATE GAP,3.18,0.2
2024,Chhattisgarh,Balrampur,29.6,6.8,22.8,MODERATE GAP,5.26,0.2
2024,Chhattisgarh,Bemetra,29.6,6.8,22.8,MODERATE GAP,1.48,0.2
2024,Chhattisgarh,Bilaspur,29.6,6.8,22.8,MODERATE GAP,50.09,0.2
2024,Chhattisgarh,Bilaspur,29.6,6.8,22.8,MODERATE GAP,7.18,0.2
2024,Chhattisgarh,Bizapur,29.6,6.8,22.8,MODERATE GAP,1.17,0.2
2024,Chhattisgarh,Dantewara,29.6,6.8,22.8,MODERATE GAP,0.9,0.2
2024,Chhattisgarh,Dhamtari,29.6,6.8,22.8,MODERATE GAP,3.37,0.2
2024,Chhattisgarh,Durg,29.6,6.8,22.8,MODERATE GAP,3.61,0.2
2024,Chhattisgarh,Gariyaband,29.6,6.8,22.8,MODERATE GAP,1.91,0.2
2024,Chhattisgarh,GRP Raipur,29.6,6.8,22.8,MODERATE GAP,0.21,0.2
2024,Chhattisgarh,Jagdalpur,29.6,6.8,22.8,MODERATE GAP,4.14,0.2
2024,Chhattisgarh,Janjgir,29.6,6.8,22.8,MODERATE GAP,4.08,0.2
2024,Chhattisgarh,Jashpur,29.6,6.8,22.8,MODERATE GAP,11.23,0.2
2024,Chhattisgarh,Kabirdham,29.6,6.8,22.8,MODERATE GAP,1.11,0.2
2024,Chhattisgarh,Kanker,29.6,6.8,22.8,MODERATE GAP,2.39,0.2
2024,Chhattisgarh,Kondagaon,29.6,6.8,22.8,MODERATE GAP,3.29,0.2
2024,Chhattisgarh,Korba,29.6,6.8,22.8,MODERATE GAP,13.69,0.2
2024,Chhattisgarh,Koriya,29.6,6.8,22.8,MODERATE GAP,3.96,0.2
2024,Chhattisgarh,Mahasamund,29.6,6.8,22.8,MODERATE GAP,8.25,0.2
2024,Chhattisgarh,Mungali,29.6,6.8,22.8,MODERATE GAP,1.27,0.2
2024,Chhattisgarh,Narayanpur,29.6,6.8,22.8,MODERATE GAP,8.71,0.2
2024,Chhattisgarh,Raigarh,29.6,6.8,22.8,MODERATE GAP,6.17,0.2
2024,Chhattisgarh,Raigarh,29.6,6.8,22.8,MODERATE GAP,3.5,0.2
2024,Chhattisgarh,Raipur,29.6,6.8,22.8,MODERATE GAP,4.88,0.2
2024,Chhattisgarh,Rajnandgaon,29.6,6.8,22.8,MODERATE GAP,3.56,0.2
2024,Chhattisgarh,Sarguja,29.6,6.8,22.8,MODERATE GAP,10.23,0.2
2024,Chhattisgarh,Sukma,29.6,6.8,22.8,MODERATE GAP,0.9,0.2
2024,Chhattisgarh,Surajpur,29.6,6.8,22.8,MODERATE GAP,2.97,0.2
2024,Chhattisgarh,Gaurela-Pendra-Marwari,29.6,6.8,22.8,MODERATE GAP,1.86,0.2
2024,Chhattisgarh,Khairagarh - Chhuikhadan-Gandai,29.6,6.8,22.8,MODERATE GAP,1.17,0.2
2024,Chhattisgarh,Manendragarh-Chirmiri-Bharatpur,29.6,6.8,22.8,MODERATE GAP,3.87,0.2
2024,Chhattisgarh,Mohla-Manpur-Ambagarh Chouki,29.6,6.8,22.8,MODERATE GAP,0.64,0.2
2024,Chhattisgarh,Sakti,29.6,6.8,22.8,MODERATE GAP,2.02,0.2
2024,Chhattisgarh,Sarangarh-Bilaigarh,29.6,6.8,22.8,MODERATE GAP,2.65,0.2
2024,Chhattisgarh,Total Districts ,29.6,6.8,22.8,MODERATE GAP,125.89,0.2
2021,Rajasthan,Ajmer,24.3,2.7,21.6,MODERATE GAP,40.23,0.13
2021,Rajasthan,Alwar,24.3,2.7,21.6,MODERATE GAP,22.58,0.13
2021,Rajasthan,Banswara,24.3,2.7,21.6,MODERATE GAP,16.21,0.13
2021,Rajasthan,Baran,24.3,2.7,21.6,MODERATE GAP,31.08,0.13
2021,Rajasthan,Barmer,24.3,2.7,21.6,MODERATE GAP,21.81,0.13
2021,Rajasthan,Bharatpur,24.3,2.7,21.6,MODERATE GAP,41.29,0.13
2021,Rajasthan,Bhilwara,24.3,2.7,21.6,MODERATE GAP,36.36,0.13
2021,Rajasthan,Bikaner,24.3,2.7,21.6,MODERATE GAP,23.28,0.13
2021,Rajasthan,Bundi,24.3,2.7,21.6,MODERATE GAP,31.54,0.13
2021,Rajasthan,Chittorgarh,24.3,2.7,21.6,MODERATE GAP,24.18,0.13
2021,Rajasthan,Churu,24.3,2.7,21.6,MODERATE GAP,25.79,0.13
2021,Rajasthan,Dausa,24.3,2.7,21.6,MODERATE GAP,25.11,0.13
2021,Rajasthan,Dholpur,24.3,2.7,21.6,MODERATE GAP,16.86,0.13
2021,Rajasthan,Dungarpur,24.3,2.7,21.6,MODERATE GAP,11.33,0.13
2021,Rajasthan,GRP Ajmer,24.3,2.7,21.6,MODERATE GAP,0.12,0.13
2021,Rajasthan,GRP Jodhpur,24.3,2.7,21.6,MODERATE GAP,0.08,0.13
2021,Rajasthan,Ganganagar,24.3,2.7,21.6,MODERATE GAP,37.89,0.13
2021,Rajasthan,Hanumangarh,24.3,2.7,21.6,MODERATE GAP,37.29,0.13
2021,Rajasthan,Jaipur East,24.3,2.7,21.6,MODERATE GAP,14.28,0.13
2021,Rajasthan,Jaipur North,24.3,2.7,21.6,MODERATE GAP,15.29,0.13
2021,Rajasthan,Jaipur Rural,24.3,2.7,21.6,MODERATE GAP,7.24,0.13
2021,Rajasthan,Jaipur South,24.3,2.7,21.6,MODERATE GAP,15.01,0.13
2021,Rajasthan,Jaipur West,24.3,2.7,21.6,MODERATE GAP,21.13,0.13
2021,Rajasthan,Jaisalmer,24.3,2.7,21.6,MODERATE GAP,12.46,0.13
2021,Rajasthan,Jalore,24.3,2.7,21.6,MODERATE GAP,11.95,0.13
2021,Rajasthan,Jhalawar,24.3,2.7,21.6,MODERATE GAP,34.69,0.13
2021,Rajasthan,Jhunjhunu,24.3,2.7,21.6,MODERATE GAP,28.57,0.13
2021,Rajasthan,Jodhpur East,24.3,2.7,21.6,MODERATE GAP,9.98,0.13
2021,Rajasthan,Jodhpur West,24.3,2.7,21.6,MODERATE GAP,9.38,0.13
2021,Rajasthan,Jodhpur Rural,24.3,2.7,21.6,MODERATE GAP,7.88,0.13
2021,Rajasthan,Karauli,24.3,2.7,21.6,MODERATE GAP,26.36,0.13
2021,Rajasthan,Kota City,24.3,2.7,21.6,MODERATE GAP,23.13,0.13
2021,Rajasthan,Kota Rural,24.3,2.7,21.6,MODERATE GAP,13.1,0.13
2021,Rajasthan,Nagaur,24.3,2.7,21.6,MODERATE GAP,21.45,0.13
2021,Rajasthan,Pali,24.3,2.7,21.6,MODERATE GAP,35.51,0.13
2021,Rajasthan,Pratapgarh,24.3,2.7,21.6,MODERATE GAP,41.98,0.13
2021,Rajasthan,Pratapgarh,24.3,2.7,21.6,MODERATE GAP,11.35,0.13
2021,Rajasthan,Rajsamand,24.3,2.7,21.6,MODERATE GAP,26.77,0.13
2021,Rajasthan,Sawai Madhopur,24.3,2.7,21.6,MODERATE GAP,24.35,0.13
2021,Rajasthan,Sikar,24.3,2.7,21.6,MODERATE GAP,25.11,0.13
2021,Rajasthan,Sirohi,24.3,2.7,21.6,MODERATE GAP,26.77,0.13
2021,Rajasthan,Tonk,24.3,2.7,21.6,MODERATE GAP,20.07,0.13
2021,Rajasthan,Udaipur,24.3,2.7,21.6,MODERATE GAP,21.88,0.13
2021,Rajasthan,Jaipur Metro,24.3,2.7,21.6,MODERATE GAP,0.0,0.13
2021,Rajasthan,SCRB,24.3,2.7,21.6,MODERATE GAP,0.0,0.13
2021,Rajasthan,SOG,24.3,2.7,21.6,MODERATE GAP,0.0,0.13
2021,Rajasthan,SSB,24.3,2.7,21.6,MODERATE GAP,0.0,0.13
2021,Rajasthan,Jaipur Crime,24.3,2.7,21.6,MODERATE GAP,0.0,0.13
2021,Rajasthan,Bhiwadi,24.3,2.7,21.6,MODERATE GAP,26.6,0.13
2021,Rajasthan,Total Districts ,24.3,2.7,21.6,MODERATE GAP,897.32,0.13
2022,Rajasthan,Ajmer,24.3,2.7,21.6,MODERATE GAP,42.11,0.13
2022,Rajasthan,Alwar,24.3,2.7,21.6,MODERATE GAP,24.68,0.13
2022,Rajasthan,Banswara,24.3,2.7,21.6,MODERATE GAP,16.88,0.13
2022,Rajasthan,Baran,24.3,2.7,21.6,MODERATE GAP,31.72,0.13
2022,Rajasthan,Barmer,24.3,2.7,21.6,MODERATE GAP,19.4,0.13
2022,Rajasthan,Bharatpur,24.3,2.7,21.6,MODERATE GAP,44.87,0.13
2022,Rajasthan,Bhilwara,24.3,2.7,21.6,MODERATE GAP,42.89,0.13
2022,Rajasthan,Bikaner,24.3,2.7,21.6,MODERATE GAP,25.71,0.13
2022,Rajasthan,Bundi,24.3,2.7,21.6,MODERATE GAP,31.47,0.13
2022,Rajasthan,Chittorgarh,24.3,2.7,21.6,MODERATE GAP,25.67,0.13
2022,Rajasthan,Churu,24.3,2.7,21.6,MODERATE GAP,25.79,0.13
2022,Rajasthan,Dausa,24.3,2.7,21.6,MODERATE GAP,26.34,0.13
2022,Rajasthan,Dholpur,24.3,2.7,21.6,MODERATE GAP,20.36,0.13
2022,Rajasthan,Dungarpur,24.3,2.7,21.6,MODERATE GAP,13.46,0.13
2022,Rajasthan,GRP Ajmer,24.3,2.7,21.6,MODERATE GAP,0.16,0.13
2022,Rajasthan,GRP Jodhpur,24.3,2.7,21.6,MODERATE GAP,0.0,0.13
2022,Rajasthan,Ganganagar,24.3,2.7,21.6,MODERATE GAP,46.68,0.13
2022,Rajasthan,Hanumangarh,24.3,2.7,21.6,MODERATE GAP,44.15,0.13
2022,Rajasthan,Jaipur East,24.3,2.7,21.6,MODERATE GAP,17.95,0.13
2022,Rajasthan,Jaipur North,24.3,2.7,21.6,MODERATE GAP,16.78,0.13
2022,Rajasthan,Jaipur Rural,24.3,2.7,21.6,MODERATE GAP,8.81,0.13
2022,Rajasthan,Jaipur South,24.3,2.7,21.6,MODERATE GAP,19.48,0.13
2022,Rajasthan,Jaipur West,24.3,2.7,21.6,MODERATE GAP,28.13,0.13
2022,Rajasthan,Jaisalmer,24.3,2.7,21.6,MODERATE GAP,12.46,0.13
2022,Rajasthan,Jalore,24.3,2.7,21.6,MODERATE GAP,12.55,0.13
2022,Rajasthan,Jhalawar,24.3,2.7,21.6,MODERATE GAP,41.1,0.13
2022,Rajasthan,Jhunjhunu,24.3,2.7,21.6,MODERATE GAP,25.63,0.13
2022,Rajasthan,Jodhpur East,24.3,2.7,21.6,MODERATE GAP,13.0,0.13
2022,Rajasthan,Jodhpur West,24.3,2.7,21.6,MODERATE GAP,12.59,0.13
2022,Rajasthan,Jodhpur Rural,24.3,2.7,21.6,MODERATE GAP,7.74,0.13
2022,Rajasthan,Karauli,24.3,2.7,21.6,MODERATE GAP,27.73,0.13
2022,Rajasthan,Kota City,24.3,2.7,21.6,MODERATE GAP,26.74,0.13
2022,Rajasthan,Kota Rural,24.3,2.7,21.6,MODERATE GAP,12.88,0.13
2022,Rajasthan,Nagaur,24.3,2.7,21.6,MODERATE GAP,20.35,0.13
2022,Rajasthan,Pali,24.3,2.7,21.6,MODERATE GAP,37.34,0.13
2022,Rajasthan,Pratapgarh,24.3,2.7,21.6,MODERATE GAP,42.78,0.13
2022,Rajasthan,Pratapgarh,24.3,2.7,21.6,MODERATE GAP,11.57,0.13
2022,Rajasthan,Rajsamand,24.3,2.7,21.6,MODERATE GAP,29.1,0.13
2022,Rajasthan,Sawai Madhopur,24.3,2.7,21.6,MODERATE GAP,28.52,0.13
2022,Rajasthan,Sikar,24.3,2.7,21.6,MODERATE GAP,28.61,0.13
2022,Rajasthan,Sirohi,24.3,2.7,21.6,MODERATE GAP,29.28,0.13
2022,Rajasthan,Tonk,24.3,2.7,21.6,MODERATE GAP,26.98,0.13
2022,Rajasthan,Udaipur,24.3,2.7,21.6,MODERATE GAP,30.04,0.13
2022,Rajasthan,Jaipur Metro,24.3,2.7,21.6,MODERATE GAP,0.0,0.13
2022,Rajasthan,SCRB,24.3,2.7,21.6,MODERATE GAP,0.0,0.13
2022,Rajasthan,SOG,24.3,2.7,21.6,MODERATE GAP,0.0,0.13
2022,Rajasthan,SSB,24.3,2.7,21.6,MODERATE GAP,0.0,0.13
2022,Rajasthan,Jaipur Crime,24.3,2.7,21.6,MODERATE GAP,0.0,0.13
2022,Rajasthan,Bhiwadi,24.3,2.7,21.6,MODERATE GAP,25.43,0.13
2022,Rajasthan,Total Districts ,24.3,2.7,21.6,MODERATE GAP,994.13,0.13
2023,Rajasthan,Ajmer,24.3,2.7,21.6,MODERATE GAP,20.23,0.13
2023,Rajasthan,Alwar,24.3,2.7,21.6,MODERATE GAP,21.61,0.13
2023,Rajasthan,Banswara,24.3,2.7,21.6,MODERATE GAP,14.8,0.13
2023,Rajasthan,Baran,24.3,2.7,21.6,MODERATE GAP,34.21,0.13
2023,Rajasthan,Barmer,24.3,2.7,21.6,MODERATE GAP,9.62,0.13
2023,Rajasthan,Bharatpur,24.3,2.7,21.6,MODERATE GAP,19.45,0.13
2023,Rajasthan,Bhilwara,24.3,2.7,21.6,MODERATE GAP,23.86,0.13
2023,Rajasthan,Bikaner,24.3,2.7,21.6,MODERATE GAP,30.83,0.13
2023,Rajasthan,Bundi,24.3,2.7,21.6,MODERATE GAP,31.0,0.13
2023,Rajasthan,Chittorgarh,24.3,2.7,21.6,MODERATE GAP,24.26,0.13
2023,Rajasthan,Churu,24.3,2.7,21.6,MODERATE GAP,24.0,0.13
2023,Rajasthan,Dausa,24.3,2.7,21.6,MODERATE GAP,25.06,0.13
2023,Rajasthan,Dholpur,24.3,2.7,21.6,MODERATE GAP,20.48,0.13
2023,Rajasthan,Dungarpur,24.3,2.7,21.6,MODERATE GAP,14.59,0.13
2023,Rajasthan,GRP Ajmer,24.3,2.7,21.6,MODERATE GAP,0.24,0.13
2023,Rajasthan,GRP Jodhpur,24.3,2.7,21.6,MODERATE GAP,0.04,0.13
2023,Rajasthan,Ganganagar,24.3,2.7,21.6,MODERATE GAP,28.04,0.13
2023,Rajasthan,Hanumangarh,24.3,2.7,21.6,MODERATE GAP,41.65,0.13
2023,Rajasthan,Jaipur East,24.3,2.7,21.6,MODERATE GAP,20.24,0.13
2023,Rajasthan,Jaipur North,24.3,2.7,21.6,MODERATE GAP,19.31,0.13
2023,Rajasthan,Jaipur Rural,24.3,2.7,21.6,MODERATE GAP,4.99,0.13
2023,Rajasthan,Jaipur South,24.3,2.7,21.6,MODERATE GAP,20.56,0.13
2023,Rajasthan,Jaipur West,24.3,2.7,21.6,MODERATE GAP,29.94,0.13
2023,Rajasthan,Jaisalmer,24.3,2.7,21.6,MODERATE GAP,11.55,0.13
2023,Rajasthan,Jalore,24.3,2.7,21.6,MODERATE GAP,7.52,0.13
2023,Rajasthan,Jhalawar,24.3,2.7,21.6,MODERATE GAP,39.07,0.13
2023,Rajasthan,Jhunjhunu,24.3,2.7,21.6,MODERATE GAP,19.23,0.13
2023,Rajasthan,Jodhpur East,24.3,2.7,21.6,MODERATE GAP,9.54,0.13
2023,Rajasthan,Jodhpur West,24.3,2.7,21.6,MODERATE GAP,13.76,0.13
2023,Rajasthan,Jodhpur Rural,24.3,2.7,21.6,MODERATE GAP,4.88,0.13
2023,Rajasthan,Karauli,24.3,2.7,21.6,MODERATE GAP,18.84,0.13
2023,Rajasthan,Kota City,24.3,2.7,21.6,MODERATE GAP,24.11,0.13
2023,Rajasthan,Kota Rural,24.3,2.7,21.6,MODERATE GAP,11.9,0.13
2023,Rajasthan,Nagaur,24.3,2.7,21.6,MODERATE GAP,10.67,0.13
2023,Rajasthan,Pali,24.3,2.7,21.6,MODERATE GAP,26.16,0.13
2023,Rajasthan,Pratapgarh,24.3,2.7,21.6,MODERATE GAP,32.06,0.13
2023,Rajasthan,Pratapgarh,24.3,2.7,21.6,MODERATE GAP,8.67,0.13
2023,Rajasthan,Rajsamand,24.3,2.7,21.6,MODERATE GAP,26.46,0.13
2023,Rajasthan,Sawai Madhopur,24.3,2.7,21.6,MODERATE GAP,15.11,0.13
2023,Rajasthan,Sikar,24.3,2.7,21.6,MODERATE GAP,19.78,0.13
2023,Rajasthan,Sirohi,24.3,2.7,21.6,MODERATE GAP,24.17,0.13
2023,Rajasthan,Tonk,24.3,2.7,21.6,MODERATE GAP,28.57,0.13
2023,Rajasthan,Udaipur,24.3,2.7,21.6,MODERATE GAP,25.14,0.13
2023,Rajasthan,Jaipur Metro,24.3,2.7,21.6,MODERATE GAP,0.0,0.13
2023,Rajasthan,SCRB,24.3,2.7,21.6,MODERATE GAP,0.0,0.13
2023,Rajasthan,ATS & SOG,24.3,2.7,21.6,MODERATE GAP,0.0,0.13
2023,Rajasthan,SSB,24.3,2.7,21.6,MODERATE GAP,0.0,0.13
2023,Rajasthan,Jaipur Crime,24.3,2.7,21.6,MODERATE GAP,0.0,0.13
2023,Rajasthan,Bhiwadi,24.3,2.7,21.6,MODERATE GAP,8.85,0.13
2023,Rajasthan,Beawar,24.3,2.7,21.6,MODERATE GAP,21.17,0.13
2023,Rajasthan,Didwana-Kuchaman,24.3,2.7,21.6,MODERATE GAP,18.27,0.13
2023,Rajasthan,Kekri,24.3,2.7,21.6,MODERATE GAP,11.35,0.13
2023,Rajasthan,Shahpura,24.3,2.7,21.6,MODERATE GAP,11.19,0.13
2023,Rajasthan,Deeg,24.3,2.7,21.6,MODERATE GAP,21.29,0.13
2023,Rajasthan,Gangapur City,24.3,2.7,21.6,MODERATE GAP,8.37,0.13
2023,Rajasthan,Anupgarh,24.3,2.7,21.6,MODERATE GAP,19.19,0.13
2023,Rajasthan,Dudu,24.3,2.7,21.6,MODERATE GAP,3.14,0.13
2023,Rajasthan,Khairtal-Tijara,24.3,2.7,21.6,MODERATE GAP,8.81,0.13
2023,Rajasthan,Kotputli-Behror,24.3,2.7,21.6,MODERATE GAP,15.69,0.13
2023,Rajasthan,Balotra,24.3,2.7,21.6,MODERATE GAP,7.08,0.13
2023,Rajasthan,Phalodi,24.3,2.7,21.6,MODERATE GAP,3.9,0.13
2023,Rajasthan,Jodhpur Crime,24.3,2.7,21.6,MODERATE GAP,0.0,0.13
2023,Rajasthan,Sanchore,24.3,2.7,21.6,MODERATE GAP,5.63,0.13
2023,Rajasthan,Neem Ka Thana,24.3,2.7,21.6,MODERATE GAP,14.49,0.13
2023,Rajasthan,Salumbar,24.3,2.7,21.6,MODERATE GAP,4.43,0.13
2023,Rajasthan,Total Districts ,24.3,2.7,21.6,MODERATE GAP,947.98,0.13
2024,Rajasthan,Ajmer,24.3,2.7,21.6,MODERATE GAP,7.51,0.13
2024,Rajasthan,Alwar,24.3,2.7,21.6,MODERATE GAP,12.71,0.13
2024,Rajasthan,Banswara,24.3,2.7,21.6,MODERATE GAP,9.14,0.13
2024,Rajasthan,Baran,24.3,2.7,21.6,MODERATE GAP,13.94,0.13
2024,Rajasthan,Barmer,24.3,2.7,21.6,MODERATE GAP,6.98,0.13
2024,Rajasthan,Bharatpur,24.3,2.7,21.6,MODERATE GAP,10.51,0.13
2024,Rajasthan,Bhilwara,24.3,2.7,21.6,MODERATE GAP,10.11,0.13
2024,Rajasthan,Bikaner,24.3,2.7,21.6,MODERATE GAP,11.07,0.13
2024,Rajasthan,Bundi,24.3,2.7,21.6,MODERATE GAP,10.96,0.13
2024,Rajasthan,Chittorgarh,24.3,2.7,21.6,MODERATE GAP,7.12,0.13
2024,Rajasthan,Churu,24.3,2.7,21.6,MODERATE GAP,7.46,0.13
2024,Rajasthan,Dausa,24.3,2.7,21.6,MODERATE GAP,13.62,0.13
2024,Rajasthan,Dholpur,24.3,2.7,21.6,MODERATE GAP,11.79,0.13
2024,Rajasthan,Dungarpur,24.3,2.7,21.6,MODERATE GAP,7.26,0.13
2024,Rajasthan,GRP Ajmer,24.3,2.7,21.6,MODERATE GAP,0.2,0.13
2024,Rajasthan,GRP Jodhpur,24.3,2.7,21.6,MODERATE GAP,0.0,0.13
2024,Rajasthan,Ganganagar,24.3,2.7,21.6,MODERATE GAP,13.56,0.13
2024,Rajasthan,Hanumangarh,24.3,2.7,21.6,MODERATE GAP,15.73,0.13
2024,Rajasthan,Jaipur East,24.3,2.7,21.6,MODERATE GAP,13.92,0.13
2024,Rajasthan,Jaipur North,24.3,2.7,21.6,MODERATE GAP,5.96,0.13
2024,Rajasthan,Jaipur Rural,24.3,2.7,21.6,MODERATE GAP,2.55,0.13
2024,Rajasthan,Jaipur South,24.3,2.7,21.6,MODERATE GAP,11.03,0.13
2024,Rajasthan,Jaipur West,24.3,2.7,21.6,MODERATE GAP,10.82,0.13
2024,Rajasthan,Jaisalmer,24.3,2.7,21.6,MODERATE GAP,5.19,0.13
2024,Rajasthan,Jalore,24.3,2.7,21.6,MODERATE GAP,3.26,0.13
2024,Rajasthan,Jhalawar,24.3,2.7,21.6,MODERATE GAP,15.96,0.13
2024,Rajasthan,Jhunjhunu,24.3,2.7,21.6,MODERATE GAP,7.12,0.13
2024,Rajasthan,Jodhpur East,24.3,2.7,21.6,MODERATE GAP,5.11,0.13
2024,Rajasthan,Jodhpur West,24.3,2.7,21.6,MODERATE GAP,7.08,0.13
2024,Rajasthan,Jodhpur Rural,24.3,2.7,21.6,MODERATE GAP,3.23,0.13
2024,Rajasthan,Karauli,24.3,2.7,21.6,MODERATE GAP,11.69,0.13
2024,Rajasthan,Kota City,24.3,2.7,21.6,MODERATE GAP,10.07,0.13
2024,Rajasthan,Kota Rural,24.3,2.7,21.6,MODERATE GAP,4.37,0.13
2024,Rajasthan,Nagaur,24.3,2.7,21.6,MODERATE GAP,6.26,0.13
2024,Rajasthan,Pali,24.3,2.7,21.6,MODERATE GAP,7.68,0.13
2024,Rajasthan,Pratapgarh,24.3,2.7,21.6,MODERATE GAP,24.55,0.13
2024,Rajasthan,Pratapgarh,24.3,2.7,21.6,MODERATE GAP,6.64,0.13
2024,Rajasthan,Rajsamand,24.3,2.7,21.6,MODERATE GAP,11.28,0.13
2024,Rajasthan,Sawai Madhopur,24.3,2.7,21.6,MODERATE GAP,8.99,0.13
2024,Rajasthan,Sikar,24.3,2.7,21.6,MODERATE GAP,8.74,0.13
2024,Rajasthan,Sirohi,24.3,2.7,21.6,MODERATE GAP,14.1,0.13
2024,Rajasthan,Tonk,24.3,2.7,21.6,MODERATE GAP,8.2,0.13
2024,Rajasthan,Udaipur,24.3,2.7,21.6,MODERATE GAP,9.69,0.13
2024,Rajasthan,Jaipur Metro,24.3,2.7,21.6,MODERATE GAP,0.0,0.13
2024,Rajasthan,SCRB,24.3,2.7,21.6,MODERATE GAP,0.0,0.13
2024,Rajasthan,ATS & SOG,24.3,2.7,21.6,MODERATE GAP,0.0,0.13
2024,Rajasthan,SSB,24.3,2.7,21.6,MODERATE GAP,0.0,0.13
2024,Rajasthan,Jaipur Crime,24.3,2.7,21.6,MODERATE GAP,0.0,0.13
2024,Rajasthan,Bhiwadi,24.3,2.7,21.6,MODERATE GAP,6.36,0.13
2024,Rajasthan,Beawar,24.3,2.7,21.6,MODERATE GAP,8.25,0.13
2024,Rajasthan,Didwana-Kuchaman,24.3,2.7,21.6,MODERATE GAP,7.12,0.13
2024,Rajasthan,Kekri,24.3,2.7,21.6,MODERATE GAP,3.14,0.13
2024,Rajasthan,Shahpura,24.3,2.7,21.6,MODERATE GAP,2.98,0.13
2024,Rajasthan,Deeg,24.3,2.7,21.6,MODERATE GAP,11.51,0.13
2024,Rajasthan,Gangapur City,24.3,2.7,21.6,MODERATE GAP,6.32,0.13
2024,Rajasthan,Anupgarh,24.3,2.7,21.6,MODERATE GAP,6.36,0.13
2024,Rajasthan,Dudu,24.3,2.7,21.6,MODERATE GAP,1.69,0.13
2024,Rajasthan,Khairtal-Tijara,24.3,2.7,21.6,MODERATE GAP,3.22,0.13
2024,Rajasthan,Kotputli-Behror,24.3,2.7,21.6,MODERATE GAP,6.88,0.13
2024,Rajasthan,Balotra,24.3,2.7,21.6,MODERATE GAP,4.39,0.13
2024,Rajasthan,Phalodi,24.3,2.7,21.6,MODERATE GAP,2.41,0.13
2024,Rajasthan,Jodhpur Crime,24.3,2.7,21.6,MODERATE GAP,0.0,0.13
2024,Rajasthan,Sanchore,24.3,2.7,21.6,MODERATE GAP,3.7,0.13
2024,Rajasthan,Neem Ka Thana,24.3,2.7,21.6,MODERATE GAP,5.35,0.13
2024,Rajasthan,Salumbar,24.3,2.7,21.6,MODERATE GAP,2.25,0.13
2024,Rajasthan,Total Districts ,24.3,2.7,21.6,MODERATE GAP,429.79,0.13
2021,Maharashtra,Ahmednagar,25.2,3.7,21.5,MODERATE GAP,19.61,0.11
2021,Maharashtra,Akola,25.2,3.7,21.5,MODERATE GAP,15.0,0.11
2021,Maharashtra,Amravati Commr.,25.2,3.7,21.5,MODERATE GAP,4.62,0.11
2021,Maharashtra,Amravati Rural,25.2,3.7,21.5,MODERATE GAP,8.04,0.11
2021,Maharashtra,Aurangabad Commr.,25.2,3.7,21.5,MODERATE GAP,10.01,0.11
2021,Maharashtra,Aurangabad Rural,25.2,3.7,21.5,MODERATE GAP,9.11,0.11
2021,Maharashtra,Aurangabad Rural,25.2,3.7,21.5,MODERATE GAP,6.25,0.11
2021,Maharashtra,Beed,25.2,3.7,21.5,MODERATE GAP,15.83,0.11
2021,Maharashtra,Bhandara,25.2,3.7,21.5,MODERATE GAP,3.69,0.11
2021,Maharashtra,Buldhana,25.2,3.7,21.5,MODERATE GAP,7.96,0.11
2021,Maharashtra,Chandrapur,25.2,3.7,21.5,MODERATE GAP,7.02,0.11
2021,Maharashtra,Dhule,25.2,3.7,21.5,MODERATE GAP,15.94,0.11
2021,Maharashtra,Gadchiroli,25.2,3.7,21.5,MODERATE GAP,3.73,0.11
2021,Maharashtra,Gondia,25.2,3.7,21.5,MODERATE GAP,2.08,0.11
2021,Maharashtra,Hingoli,25.2,3.7,21.5,MODERATE GAP,11.08,0.11
2021,Maharashtra,Jalgaon,25.2,3.7,21.5,MODERATE GAP,10.75,0.11
2021,Maharashtra,Jalna,25.2,3.7,21.5,MODERATE GAP,21.35,0.11
2021,Maharashtra,Kolhapur,25.2,3.7,21.5,MODERATE GAP,7.4,0.11
2021,Maharashtra,Latur,25.2,3.7,21.5,MODERATE GAP,11.3,0.11
2021,Maharashtra,Mumbai Commr.,25.2,3.7,21.5,MODERATE GAP,35.29,0.11
2021,Maharashtra,Mumbai Railway,25.2,3.7,21.5,MODERATE GAP,0.15,0.11
2021,Maharashtra,Nagpur Commr.,25.2,3.7,21.5,MODERATE GAP,8.55,0.11
2021,Maharashtra,Nagpur Railway,25.2,3.7,21.5,MODERATE GAP,0.03,0.11
2021,Maharashtra,Nagpur Rural,25.2,3.7,21.5,MODERATE GAP,1.1,0.11
2021,Maharashtra,Nanded,25.2,3.7,21.5,MODERATE GAP,8.85,0.11
2021,Maharashtra,Nandurbar,25.2,3.7,21.5,MODERATE GAP,5.7,0.11
2021,Maharashtra,Nasik Commr.,25.2,3.7,21.5,MODERATE GAP,2.55,0.11
2021,Maharashtra,Nasik Rural,25.2,3.7,21.5,MODERATE GAP,16.74,0.11
2021,Maharashtra,Navi Mumbai,25.2,3.7,21.5,MODERATE GAP,8.31,0.11
2021,Maharashtra,Osmanabad,25.2,3.7,21.5,MODERATE GAP,9.39,0.11
2021,Maharashtra,Palghar,25.2,3.7,21.5,MODERATE GAP,1.58,0.11
2021,Maharashtra,Parbhani,25.2,3.7,21.5,MODERATE GAP,12.31,0.11
2021,Maharashtra,Pune Commr.,25.2,3.7,21.5,MODERATE GAP,12.03,0.11
2021,Maharashtra,Pune Railway,25.2,3.7,21.5,MODERATE GAP,0.0,0.11
2021,Maharashtra,Pune Rural,25.2,3.7,21.5,MODERATE GAP,3.83,0.11
2021,Maharashtra,Raigad,25.2,3.7,21.5,MODERATE GAP,2.14,0.11
2021,Maharashtra,Ratnagiri,25.2,3.7,21.5,MODERATE GAP,1.72,0.11
2021,Maharashtra,Sangli,25.2,3.7,21.5,MODERATE GAP,6.29,0.11
2021,Maharashtra,Satara,25.2,3.7,21.5,MODERATE GAP,6.31,0.11
2021,Maharashtra,Sindhudurg,25.2,3.7,21.5,MODERATE GAP,1.23,0.11
2021,Maharashtra,Solapur Commr.,25.2,3.7,21.5,MODERATE GAP,4.42,0.11
2021,Maharashtra,Solapur Rural,25.2,3.7,21.5,MODERATE GAP,5.48,0.11
2021,Maharashtra,Thane Commr.,25.2,3.7,21.5,MODERATE GAP,19.72,0.11
2021,Maharashtra,Thane Rural,25.2,3.7,21.5,MODERATE GAP,0.62,0.11
2021,Maharashtra,Wardha,25.2,3.7,21.5,MODERATE GAP,3.68,0.11
2021,Maharashtra,Washim,25.2,3.7,21.5,MODERATE GAP,17.94,0.11
2021,Maharashtra,Yavatmal,25.2,3.7,21.5,MODERATE GAP,11.29,0.11
2021,Maharashtra,Pimpri Chinchwad City,25.2,3.7,21.5,MODERATE GAP,9.54,0.11
2021,Maharashtra,Aurangabad Railway,25.2,3.7,21.5,MODERATE GAP,0.03,0.11
2021,Maharashtra,Mira Bhayandar Vasai Virar Commr.,25.2,3.7,21.5,MODERATE GAP,12.44,0.11
2021,Maharashtra,Total Districts ,25.2,3.7,21.5,MODERATE GAP,373.35,0.11
2022,Maharashtra,Ahmednagar,25.2,3.7,21.5,MODERATE GAP,17.09,0.11
2022,Maharashtra,Akola,25.2,3.7,21.5,MODERATE GAP,13.47,0.11
2022,Maharashtra,Amravati Commr.,25.2,3.7,21.5,MODERATE GAP,5.18,0.11
2022,Maharashtra,Amravati Rural,25.2,3.7,21.5,MODERATE GAP,7.23,0.11
2022,Maharashtra,Aurangabad Commr.,25.2,3.7,21.5,MODERATE GAP,8.95,0.11
2022,Maharashtra,Aurangabad Rural,25.2,3.7,21.5,MODERATE GAP,11.84,0.11
2022,Maharashtra,Aurangabad Rural,25.2,3.7,21.5,MODERATE GAP,8.13,0.11
2022,Maharashtra,Beed,25.2,3.7,21.5,MODERATE GAP,19.75,0.11
2022,Maharashtra,Bhandara,25.2,3.7,21.5,MODERATE GAP,5.43,0.11
2022,Maharashtra,Buldhana,25.2,3.7,21.5,MODERATE GAP,8.81,0.11
2022,Maharashtra,Chandrapur,25.2,3.7,21.5,MODERATE GAP,9.66,0.11
2022,Maharashtra,Dhule,25.2,3.7,21.5,MODERATE GAP,17.0,0.11
2022,Maharashtra,Gadchiroli,25.2,3.7,21.5,MODERATE GAP,2.51,0.11
2022,Maharashtra,Gondia,25.2,3.7,21.5,MODERATE GAP,1.87,0.11
2022,Maharashtra,Hingoli,25.2,3.7,21.5,MODERATE GAP,15.21,0.11
2022,Maharashtra,Jalgaon,25.2,3.7,21.5,MODERATE GAP,12.7,0.11
2022,Maharashtra,Jalna,25.2,3.7,21.5,MODERATE GAP,24.99,0.11
2022,Maharashtra,Kolhapur,25.2,3.7,21.5,MODERATE GAP,6.64,0.11
2022,Maharashtra,Latur,25.2,3.7,21.5,MODERATE GAP,15.2,0.11
2022,Maharashtra,Mumbai Commr.,25.2,3.7,21.5,MODERATE GAP,37.37,0.11
2022,Maharashtra,Mumbai Railway,25.2,3.7,21.5,MODERATE GAP,0.03,0.11
2022,Maharashtra,Nagpur Commr.,25.2,3.7,21.5,MODERATE GAP,10.3,0.11
2022,Maharashtra,Nagpur Railway,25.2,3.7,21.5,MODERATE GAP,0.0,0.11
2022,Maharashtra,Nagpur Rural,25.2,3.7,21.5,MODERATE GAP,1.27,0.11
2022,Maharashtra,Nanded,25.2,3.7,21.5,MODERATE GAP,10.37,0.11
2022,Maharashtra,Nandurbar,25.2,3.7,21.5,MODERATE GAP,6.96,0.11
2022,Maharashtra,Nasik Commr.,25.2,3.7,21.5,MODERATE GAP,2.78,0.11
2022,Maharashtra,Nasik Rural,25.2,3.7,21.5,MODERATE GAP,20.07,0.11
2022,Maharashtra,Navi Mumbai,25.2,3.7,21.5,MODERATE GAP,9.74,0.11
2022,Maharashtra,Osmanabad,25.2,3.7,21.5,MODERATE GAP,9.39,0.11
2022,Maharashtra,Palghar,25.2,3.7,21.5,MODERATE GAP,1.9,0.11
2022,Maharashtra,Parbhani,25.2,3.7,21.5,MODERATE GAP,14.54,0.11
2022,Maharashtra,Pune Commr.,25.2,3.7,21.5,MODERATE GAP,22.83,0.11
2022,Maharashtra,Pune Railway,25.2,3.7,21.5,MODERATE GAP,0.06,0.11
2022,Maharashtra,Pune Rural,25.2,3.7,21.5,MODERATE GAP,4.12,0.11
2022,Maharashtra,Raigad,25.2,3.7,21.5,MODERATE GAP,2.6,0.11
2022,Maharashtra,Ratnagiri,25.2,3.7,21.5,MODERATE GAP,1.18,0.11
2022,Maharashtra,Sangli,25.2,3.7,21.5,MODERATE GAP,7.58,0.11
2022,Maharashtra,Satara,25.2,3.7,21.5,MODERATE GAP,6.98,0.11
2022,Maharashtra,Sindhudurg,25.2,3.7,21.5,MODERATE GAP,1.33,0.11
2022,Maharashtra,Solapur Commr.,25.2,3.7,21.5,MODERATE GAP,4.57,0.11
2022,Maharashtra,Solapur Rural,25.2,3.7,21.5,MODERATE GAP,5.2,0.11
2022,Maharashtra,Thane Commr.,25.2,3.7,21.5,MODERATE GAP,19.23,0.11
2022,Maharashtra,Thane Rural,25.2,3.7,21.5,MODERATE GAP,0.75,0.11
2022,Maharashtra,Wardha,25.2,3.7,21.5,MODERATE GAP,6.08,0.11
2022,Maharashtra,Washim,25.2,3.7,21.5,MODERATE GAP,19.1,0.11
2022,Maharashtra,Yavatmal,25.2,3.7,21.5,MODERATE GAP,14.62,0.11
2022,Maharashtra,Pimpri Chinchwad City,25.2,3.7,21.5,MODERATE GAP,13.02,0.11
2022,Maharashtra,Aurangabad Railway,25.2,3.7,21.5,MODERATE GAP,0.03,0.11
2022,Maharashtra,Mira Bhayandar Vasai Virar Commr.,25.2,3.7,21.5,MODERATE GAP,13.64,0.11
2022,Maharashtra,Total Districts ,25.2,3.7,21.5,MODERATE GAP,423.53,0.11
2023,Maharashtra,Ahmednagar,25.2,3.7,21.5,MODERATE GAP,15.13,0.11
2023,Maharashtra,Akola,25.2,3.7,21.5,MODERATE GAP,16.25,0.11
2023,Maharashtra,Amravati Commr,25.2,3.7,21.5,MODERATE GAP,5.74,0.11
2023,Maharashtra,Amravati Rural,25.2,3.7,21.5,MODERATE GAP,8.28,0.11
2023,Maharashtra,Chhatrapati Sambhajinagar Commr,25.2,3.7,21.5,MODERATE GAP,9.04,0.11
2023,Maharashtra,Chhatrapati Sambhajinagar Rural,25.2,3.7,21.5,MODERATE GAP,13.05,0.11
2023,Maharashtra,Beed,25.2,3.7,21.5,MODERATE GAP,20.78,0.11
2023,Maharashtra,Bhandara,25.2,3.7,21.5,MODERATE GAP,3.48,0.11
2023,Maharashtra,Buldhana,25.2,3.7,21.5,MODERATE GAP,8.14,0.11
2023,Maharashtra,Chandrapur,25.2,3.7,21.5,MODERATE GAP,8.56,0.11
2023,Maharashtra,Dhule,25.2,3.7,21.5,MODERATE GAP,15.98,0.11
2023,Maharashtra,Gadchiroli,25.2,3.7,21.5,MODERATE GAP,2.11,0.11
2023,Maharashtra,Gondia,25.2,3.7,21.5,MODERATE GAP,1.81,0.11
2023,Maharashtra,Hingoli,25.2,3.7,21.5,MODERATE GAP,12.48,0.11
2023,Maharashtra,Jalgaon,25.2,3.7,21.5,MODERATE GAP,10.9,0.11
2023,Maharashtra,Jalna,25.2,3.7,21.5,MODERATE GAP,22.9,0.11
2023,Maharashtra,Kolhapur,25.2,3.7,21.5,MODERATE GAP,5.41,0.11
2023,Maharashtra,Latur,25.2,3.7,21.5,MODERATE GAP,16.16,0.11
2023,Maharashtra,Mumbai Commr,25.2,3.7,21.5,MODERATE GAP,38.48,0.11
2023,Maharashtra,Mumbai Railway,25.2,3.7,21.5,MODERATE GAP,0.06,0.11
2023,Maharashtra,Nagpur Commr,25.2,3.7,21.5,MODERATE GAP,12.29,0.11
2023,Maharashtra,Nagpur Railway,25.2,3.7,21.5,MODERATE GAP,0.0,0.11
2023,Maharashtra,Nagpur Rural,25.2,3.7,21.5,MODERATE GAP,1.42,0.11
2023,Maharashtra,Nanded,25.2,3.7,21.5,MODERATE GAP,11.1,0.11
2023,Maharashtra,Nandurbar,25.2,3.7,21.5,MODERATE GAP,5.86,0.11
2023,Maharashtra,Nasik Commr,25.2,3.7,21.5,MODERATE GAP,6.5,0.11
2023,Maharashtra,Nasik Rural,25.2,3.7,21.5,MODERATE GAP,18.32,0.11
2023,Maharashtra,Navi Mumbai,25.2,3.7,21.5,MODERATE GAP,9.01,0.11
2023,Maharashtra,Dharashiv,25.2,3.7,21.5,MODERATE GAP,4.62,0.11
2023,Maharashtra,Palghar,25.2,3.7,21.5,MODERATE GAP,1.93,0.11
2023,Maharashtra,Parbhani,25.2,3.7,21.5,MODERATE GAP,15.87,0.11
2023,Maharashtra,Pune Commr,25.2,3.7,21.5,MODERATE GAP,23.73,0.11
2023,Maharashtra,Pune Railway,25.2,3.7,21.5,MODERATE GAP,0.0,0.11
2023,Maharashtra,Pune Rural,25.2,3.7,21.5,MODERATE GAP,3.38,0.11
2023,Maharashtra,Raigad,25.2,3.7,21.5,MODERATE GAP,2.05,0.11
2023,Maharashtra,Ratnagiri,25.2,3.7,21.5,MODERATE GAP,1.78,0.11
2023,Maharashtra,Sangli,25.2,3.7,21.5,MODERATE GAP,6.19,0.11
2023,Maharashtra,Satara,25.2,3.7,21.5,MODERATE GAP,6.37,0.11
2023,Maharashtra,Sindhudurg,25.2,3.7,21.5,MODERATE GAP,1.43,0.11
2023,Maharashtra,Solapur Commr,25.2,3.7,21.5,MODERATE GAP,5.3,0.11
2023,Maharashtra,Solapur Rural,25.2,3.7,21.5,MODERATE GAP,5.1,0.11
2023,Maharashtra,Thane Commr,25.2,3.7,21.5,MODERATE GAP,19.67,0.11
2023,Maharashtra,Thane Rural,25.2,3.7,21.5,MODERATE GAP,0.6,0.11
2023,Maharashtra,Wardha,25.2,3.7,21.5,MODERATE GAP,5.15,0.11
2023,Maharashtra,Washim,25.2,3.7,21.5,MODERATE GAP,20.41,0.11
2023,Maharashtra,Yavatmal,25.2,3.7,21.5,MODERATE GAP,13.33,0.11
2023,Maharashtra,Pimpri Chinchwad City,25.2,3.7,21.5,MODERATE GAP,11.91,0.11
2023,Maharashtra,Chhatrapati Sambhajinagar Railway,25.2,3.7,21.5,MODERATE GAP,0.03,0.11
2023,Maharashtra,Mira Bhayandar Vasai Virar Commr,25.2,3.7,21.5,MODERATE GAP,14.25,0.11
2023,Maharashtra,Total Districts ,25.2,3.7,21.5,MODERATE GAP,420.08,0.11
2024,Maharashtra,Ahilyanagar,25.2,3.7,21.5,MODERATE GAP,8.28,0.11
2024,Maharashtra,Akola,25.2,3.7,21.5,MODERATE GAP,4.31,0.11
2024,Maharashtra,Amravati Commr,25.2,3.7,21.5,MODERATE GAP,3.8,0.11
2024,Maharashtra,Amravati Rural,25.2,3.7,21.5,MODERATE GAP,3.46,0.11
2024,Maharashtra,Chhatrapati Sambhajinagar Commr,25.2,3.7,21.5,MODERATE GAP,6.58,0.11
2024,Maharashtra,Chhatrapati Sambhajinagar Rural,25.2,3.7,21.5,MODERATE GAP,3.01,0.11
2024,Maharashtra,Beed,25.2,3.7,21.5,MODERATE GAP,5.44,0.11
2024,Maharashtra,Bhandara,25.2,3.7,21.5,MODERATE GAP,3.48,0.11
2024,Maharashtra,Buldhana,25.2,3.7,21.5,MODERATE GAP,3.92,0.11
2024,Maharashtra,Chandrapur,25.2,3.7,21.5,MODERATE GAP,4.22,0.11
2024,Maharashtra,Dhule,25.2,3.7,21.5,MODERATE GAP,1.31,0.11
2024,Maharashtra,Gadchiroli,25.2,3.7,21.5,MODERATE GAP,2.03,0.11
2024,Maharashtra,Gondia,25.2,3.7,21.5,MODERATE GAP,2.31,0.11
2024,Maharashtra,Hingoli,25.2,3.7,21.5,MODERATE GAP,2.29,0.11
2024,Maharashtra,Jalgaon,25.2,3.7,21.5,MODERATE GAP,2.51,0.11
2024,Maharashtra,Jalna,25.2,3.7,21.5,MODERATE GAP,5.24,0.11
2024,Maharashtra,Kolhapur,25.2,3.7,21.5,MODERATE GAP,2.89,0.11
2024,Maharashtra,Latur,25.2,3.7,21.5,MODERATE GAP,3.37,0.11
2024,Maharashtra,Mumbai Commr,25.2,3.7,21.5,MODERATE GAP,31.58,0.11
2024,Maharashtra,Mumbai Railway,25.2,3.7,21.5,MODERATE GAP,0.29,0.11
2024,Maharashtra,Nagpur Commr,25.2,3.7,21.5,MODERATE GAP,9.42,0.11
2024,Maharashtra,Nagpur Railway,25.2,3.7,21.5,MODERATE GAP,0.12,0.11
2024,Maharashtra,Nagpur Rural,25.2,3.7,21.5,MODERATE GAP,1.68,0.11
2024,Maharashtra,Nanded,25.2,3.7,21.5,MODERATE GAP,2.28,0.11
2024,Maharashtra,Nandurbar,25.2,3.7,21.5,MODERATE GAP,1.69,0.11
2024,Maharashtra,Nasik Commr,25.2,3.7,21.5,MODERATE GAP,3.78,0.11
2024,Maharashtra,Nasik Rural,25.2,3.7,21.5,MODERATE GAP,3.25,0.11
2024,Maharashtra,Navi Mumbai,25.2,3.7,21.5,MODERATE GAP,5.68,0.11
2024,Maharashtra,Dharashiv,25.2,3.7,21.5,MODERATE GAP,2.6,0.11
2024,Maharashtra,Palghar,25.2,3.7,21.5,MODERATE GAP,1.55,0.11
2024,Maharashtra,Parbhani,25.2,3.7,21.5,MODERATE GAP,3.6,0.11
2024,Maharashtra,Pune Commr,25.2,3.7,21.5,MODERATE GAP,16.83,0.11
2024,Maharashtra,Pune Railway,25.2,3.7,21.5,MODERATE GAP,0.0,0.11
2024,Maharashtra,Pune Rural,25.2,3.7,21.5,MODERATE GAP,2.07,0.11
2024,Maharashtra,Raigad,25.2,3.7,21.5,MODERATE GAP,2.02,0.11
2024,Maharashtra,Ratnagiri,25.2,3.7,21.5,MODERATE GAP,3.23,0.11
2024,Maharashtra,Sangli,25.2,3.7,21.5,MODERATE GAP,3.82,0.11
2024,Maharashtra,Satara,25.2,3.7,21.5,MODERATE GAP,3.27,0.11
2024,Maharashtra,Sindhudurg,25.2,3.7,21.5,MODERATE GAP,2.35,0.11
2024,Maharashtra,Solapur Commr,25.2,3.7,21.5,MODERATE GAP,3.1,0.11
2024,Maharashtra,Solapur Rural,25.2,3.7,21.5,MODERATE GAP,3.95,0.11
2024,Maharashtra,Thane Commr,25.2,3.7,21.5,MODERATE GAP,13.49,0.11
2024,Maharashtra,Thane Rural,25.2,3.7,21.5,MODERATE GAP,0.88,0.11
2024,Maharashtra,Wardha,25.2,3.7,21.5,MODERATE GAP,3.01,0.11
2024,Maharashtra,Washim,25.2,3.7,21.5,MODERATE GAP,3.78,0.11
2024,Maharashtra,Yavatmal,25.2,3.7,21.5,MODERATE GAP,4.61,0.11
2024,Maharashtra,Pimpri Chinchwad Commr,25.2,3.7,21.5,MODERATE GAP,7.52,0.11
2024,Maharashtra,Chhatrapati Sambhajinagar Railway,25.2,3.7,21.5,MODERATE GAP,0.06,0.11
2024,Maharashtra,Mira Bhayandar Vasai Virar Commr,25.2,3.7,21.5,MODERATE GAP,13.17,0.11
2024,Maharashtra,Total Districts ,25.2,3.7,21.5,MODERATE GAP,214.91,0.11
2021,West Bengal,Alipurduar,27.0,5.9,21.1,MODERATE GAP,8.33,0.19
2021,West Bengal,Asansol-Durgapur PC,27.0,5.9,21.1,MODERATE GAP,13.03,0.19
2021,West Bengal,Bankura,27.0,5.9,21.1,MODERATE GAP,7.81,0.19
2021,West Bengal,Barrackpur PC,27.0,5.9,21.1,MODERATE GAP,34.66,0.19
2021,West Bengal,Bidhannagar PC,27.0,5.9,21.1,MODERATE GAP,7.74,0.19
2021,West Bengal,Birbhum,27.0,5.9,21.1,MODERATE GAP,9.83,0.19
2021,West Bengal,Coochbehar,27.0,5.9,21.1,MODERATE GAP,15.54,0.19
2021,West Bengal,Dakshin Dinajpur,27.0,5.9,21.1,MODERATE GAP,9.96,0.19
2021,West Bengal,Darjeeling,27.0,5.9,21.1,MODERATE GAP,3.53,0.19
2021,West Bengal,Hooghly Rural Police,27.0,5.9,21.1,MODERATE GAP,14.21,0.19
2021,West Bengal,Howrah GRP,27.0,5.9,21.1,MODERATE GAP,0.0,0.19
2021,West Bengal,Howrah PC,27.0,5.9,21.1,MODERATE GAP,12.9,0.19
2021,West Bengal,Howrah Rural,27.0,5.9,21.1,MODERATE GAP,11.2,0.19
2021,West Bengal,Jalpaiguri,27.0,5.9,21.1,MODERATE GAP,7.41,0.19
2021,West Bengal,Jhargram,27.0,5.9,21.1,MODERATE GAP,2.33,0.19
2021,West Bengal,Kharagpur GRP,27.0,5.9,21.1,MODERATE GAP,0.0,0.19
2021,West Bengal,Kolkata,27.0,5.9,21.1,MODERATE GAP,16.57,0.19
2021,West Bengal,Malda,27.0,5.9,21.1,MODERATE GAP,15.18,0.19
2021,West Bengal,Murshidabad Police District,27.0,5.9,21.1,MODERATE GAP,35.16,0.19
2021,West Bengal,Paschim Medinipur,27.0,5.9,21.1,MODERATE GAP,13.94,0.19
2021,West Bengal,Purab Medinipur,27.0,5.9,21.1,MODERATE GAP,20.61,0.19
2021,West Bengal,Purulia,27.0,5.9,21.1,MODERATE GAP,5.39,0.19
2021,West Bengal,Sealdah GRP,27.0,5.9,21.1,MODERATE GAP,0.0,0.19
2021,West Bengal,Siliguri GRP,27.0,5.9,21.1,MODERATE GAP,0.0,0.19
2021,West Bengal,Siliguri PC,27.0,5.9,21.1,MODERATE GAP,11.79,0.19
2021,West Bengal,Baruipur Police,27.0,5.9,21.1,MODERATE GAP,30.75,0.19
2021,West Bengal,Chandannagar PC,27.0,5.9,21.1,MODERATE GAP,11.86,0.19
2021,West Bengal,Diamond Harbour Police,27.0,5.9,21.1,MODERATE GAP,15.11,0.19
2021,West Bengal,Kalimpong,27.0,5.9,21.1,MODERATE GAP,0.59,0.19
2021,West Bengal,Purba Bardhaman,27.0,5.9,21.1,MODERATE GAP,24.23,0.19
2021,West Bengal,Sundarban Police,27.0,5.9,21.1,MODERATE GAP,17.65,0.19
2021,West Bengal,Barasat,27.0,5.9,21.1,MODERATE GAP,17.51,0.19
2021,West Bengal,Basirhat,27.0,5.9,21.1,MODERATE GAP,16.63,0.19
2021,West Bengal,Bangaon,27.0,5.9,21.1,MODERATE GAP,15.39,0.19
2021,West Bengal,Islampur,27.0,5.9,21.1,MODERATE GAP,4.64,0.19
2021,West Bengal,Jangipur Police District,27.0,5.9,21.1,MODERATE GAP,12.38,0.19
2021,West Bengal,Krishnagar,27.0,5.9,21.1,MODERATE GAP,17.45,0.19
2021,West Bengal,Raiganj,27.0,5.9,21.1,MODERATE GAP,5.27,0.19
2021,West Bengal,Ranaghat,27.0,5.9,21.1,MODERATE GAP,17.26,0.19
2021,West Bengal,Total Districts ,27.0,5.9,21.1,MODERATE GAP,487.25,0.19
2022,West Bengal,Alipurduar,27.0,5.9,21.1,MODERATE GAP,8.08,0.19
2022,West Bengal,Asansol-Durgapur PC,27.0,5.9,21.1,MODERATE GAP,6.58,0.19
2022,West Bengal,Bankura,27.0,5.9,21.1,MODERATE GAP,7.95,0.19
2022,West Bengal,Barrackpur PC,27.0,5.9,21.1,MODERATE GAP,31.27,0.19
2022,West Bengal,Bidhannagar PC,27.0,5.9,21.1,MODERATE GAP,8.37,0.19
2022,West Bengal,Birbhum,27.0,5.9,21.1,MODERATE GAP,10.1,0.19
2022,West Bengal,Coochbehar,27.0,5.9,21.1,MODERATE GAP,14.87,0.19
2022,West Bengal,Dakshin Dinajpur,27.0,5.9,21.1,MODERATE GAP,10.12,0.19
2022,West Bengal,Darjeeling,27.0,5.9,21.1,MODERATE GAP,3.37,0.19
2022,West Bengal,Hooghly Rural Police,27.0,5.9,21.1,MODERATE GAP,14.35,0.19
2022,West Bengal,Howrah GRP,27.0,5.9,21.1,MODERATE GAP,0.0,0.19
2022,West Bengal,Howrah PC,27.0,5.9,21.1,MODERATE GAP,13.17,0.19
2022,West Bengal,Howrah Rural,27.0,5.9,21.1,MODERATE GAP,11.16,0.19
2022,West Bengal,Jalpaiguri,27.0,5.9,21.1,MODERATE GAP,7.59,0.19
2022,West Bengal,Jhargram,27.0,5.9,21.1,MODERATE GAP,2.38,0.19
2022,West Bengal,Kharagpur GRP,27.0,5.9,21.1,MODERATE GAP,0.0,0.19
2022,West Bengal,Kolkata,27.0,5.9,21.1,MODERATE GAP,16.92,0.19
2022,West Bengal,Malda,27.0,5.9,21.1,MODERATE GAP,20.48,0.19
2022,West Bengal,Murshidabad Police District,27.0,5.9,21.1,MODERATE GAP,34.35,0.19
2022,West Bengal,Paschim Medinipur,27.0,5.9,21.1,MODERATE GAP,8.97,0.19
2022,West Bengal,Purab Medinipur,27.0,5.9,21.1,MODERATE GAP,20.77,0.19
2022,West Bengal,Purulia,27.0,5.9,21.1,MODERATE GAP,5.39,0.19
2022,West Bengal,Sealdah GRP,27.0,5.9,21.1,MODERATE GAP,0.02,0.19
2022,West Bengal,Siliguri GRP,27.0,5.9,21.1,MODERATE GAP,0.02,0.19
2022,West Bengal,Siliguri PC,27.0,5.9,21.1,MODERATE GAP,11.7,0.19
2022,West Bengal,Baruipur Police,27.0,5.9,21.1,MODERATE GAP,32.18,0.19
2022,West Bengal,Chandannagar PC,27.0,5.9,21.1,MODERATE GAP,11.65,0.19
2022,West Bengal,Diamond Harbour Police,27.0,5.9,21.1,MODERATE GAP,16.34,0.19
2022,West Bengal,Kalimpong,27.0,5.9,21.1,MODERATE GAP,0.48,0.19
2022,West Bengal,Purba Bardhaman,27.0,5.9,21.1,MODERATE GAP,25.3,0.19
2022,West Bengal,Sundarban Police,27.0,5.9,21.1,MODERATE GAP,18.71,0.19
2022,West Bengal,Barasat,27.0,5.9,21.1,MODERATE GAP,17.99,0.19
2022,West Bengal,Basirhat,27.0,5.9,21.1,MODERATE GAP,15.02,0.19
2022,West Bengal,Bangaon,27.0,5.9,21.1,MODERATE GAP,14.87,0.19
2022,West Bengal,Islampur,27.0,5.9,21.1,MODERATE GAP,4.14,0.19
2022,West Bengal,Jangipur Police District,27.0,5.9,21.1,MODERATE GAP,14.21,0.19
2022,West Bengal,Krishnagar,27.0,5.9,21.1,MODERATE GAP,17.38,0.19
2022,West Bengal,Raiganj,27.0,5.9,21.1,MODERATE GAP,5.27,0.19
2022,West Bengal,Ranaghat,27.0,5.9,21.1,MODERATE GAP,16.9,0.19
2022,West Bengal,Total Districts ,27.0,5.9,21.1,MODERATE GAP,479.06,0.19
2023,West Bengal,Alipurduar,27.0,5.9,21.1,MODERATE GAP,8.28,0.19
2023,West Bengal,Asansol-Durgapur PC,27.0,5.9,21.1,MODERATE GAP,11.27,0.19
2023,West Bengal,Bankura,27.0,5.9,21.1,MODERATE GAP,9.07,0.19
2023,West Bengal,Barrackpur PC,27.0,5.9,21.1,MODERATE GAP,29.53,0.19
2023,West Bengal,Bidhannagar PC,27.0,5.9,21.1,MODERATE GAP,8.89,0.19
2023,West Bengal,Birbhum,27.0,5.9,21.1,MODERATE GAP,10.45,0.19
2023,West Bengal,Coochbehar,27.0,5.9,21.1,MODERATE GAP,11.83,0.19
2023,West Bengal,Dakshin Dinajpur,27.0,5.9,21.1,MODERATE GAP,12.97,0.19
2023,West Bengal,Darjeeling,27.0,5.9,21.1,MODERATE GAP,2.72,0.19
2023,West Bengal,Hooghly Rural Police,27.0,5.9,21.1,MODERATE GAP,14.78,0.19
2023,West Bengal,Howrah GRP,27.0,5.9,21.1,MODERATE GAP,0.0,0.19
2023,West Bengal,Howrah PC,27.0,5.9,21.1,MODERATE GAP,13.64,0.19
2023,West Bengal,Howrah Rural,27.0,5.9,21.1,MODERATE GAP,11.49,0.19
2023,West Bengal,Jalpaiguri,27.0,5.9,21.1,MODERATE GAP,6.22,0.19
2023,West Bengal,Jhargram,27.0,5.9,21.1,MODERATE GAP,3.12,0.19
2023,West Bengal,Kharagpur GRP,27.0,5.9,21.1,MODERATE GAP,0.0,0.19
2023,West Bengal,Kolkata,27.0,5.9,21.1,MODERATE GAP,17.02,0.19
2023,West Bengal,Malda,27.0,5.9,21.1,MODERATE GAP,19.32,0.19
2023,West Bengal,Murshidabad Police District,27.0,5.9,21.1,MODERATE GAP,36.93,0.19
2023,West Bengal,Paschim Medinipur,27.0,5.9,21.1,MODERATE GAP,6.85,0.19
2023,West Bengal,Purab Medinipur,27.0,5.9,21.1,MODERATE GAP,20.0,0.19
2023,West Bengal,Purulia,27.0,5.9,21.1,MODERATE GAP,5.97,0.19
2023,West Bengal,Sealdah GRP,27.0,5.9,21.1,MODERATE GAP,0.05,0.19
2023,West Bengal,Siliguri GRP,27.0,5.9,21.1,MODERATE GAP,0.05,0.19
2023,West Bengal,Siliguri PC,27.0,5.9,21.1,MODERATE GAP,12.04,0.19
2023,West Bengal,Baruipur Police,27.0,5.9,21.1,MODERATE GAP,26.7,0.19
2023,West Bengal,Chandannagar PC,27.0,5.9,21.1,MODERATE GAP,11.77,0.19
2023,West Bengal,Diamond Harbour Police,27.0,5.9,21.1,MODERATE GAP,21.9,0.19
2023,West Bengal,Kalimpong,27.0,5.9,21.1,MODERATE GAP,0.52,0.19
2023,West Bengal,Purba Bardhaman,27.0,5.9,21.1,MODERATE GAP,26.22,0.19
2023,West Bengal,Sundarban Police,27.0,5.9,21.1,MODERATE GAP,19.21,0.19
2023,West Bengal,Barasat,27.0,5.9,21.1,MODERATE GAP,17.99,0.19
2023,West Bengal,Basirhat,27.0,5.9,21.1,MODERATE GAP,15.77,0.19
2023,West Bengal,Bangaon,27.0,5.9,21.1,MODERATE GAP,11.86,0.19
2023,West Bengal,Islampur,27.0,5.9,21.1,MODERATE GAP,2.62,0.19
2023,West Bengal,Jangipur Police District,27.0,5.9,21.1,MODERATE GAP,14.48,0.19
2023,West Bengal,Krishnagar,27.0,5.9,21.1,MODERATE GAP,16.18,0.19
2023,West Bengal,Raiganj,27.0,5.9,21.1,MODERATE GAP,6.0,0.19
2023,West Bengal,Ranaghat,27.0,5.9,21.1,MODERATE GAP,17.38,0.19
2023,West Bengal,Total Districts ,27.0,5.9,21.1,MODERATE GAP,478.9,0.19
2024,West Bengal,Alipurduar,27.0,5.9,21.1,MODERATE GAP,1.7,0.19
2024,West Bengal,Asansol-Durgapur PC,27.0,5.9,21.1,MODERATE GAP,0.95,0.19
2024,West Bengal,Bankura,27.0,5.9,21.1,MODERATE GAP,1.16,0.19
2024,West Bengal,Barrackpur PC,27.0,5.9,21.1,MODERATE GAP,1.24,0.19
2024,West Bengal,Bidhannagar PC,27.0,5.9,21.1,MODERATE GAP,0.59,0.19
2024,West Bengal,Birbhum,27.0,5.9,21.1,MODERATE GAP,1.91,0.19
2024,West Bengal,Coochbehar,27.0,5.9,21.1,MODERATE GAP,4.32,0.19
2024,West Bengal,Dakshin Dinajpur,27.0,5.9,21.1,MODERATE GAP,4.1,0.19
2024,West Bengal,Darjeeling,27.0,5.9,21.1,MODERATE GAP,0.57,0.19
2024,West Bengal,Hooghly Rural Police,27.0,5.9,21.1,MODERATE GAP,1.99,0.19
2024,West Bengal,Howrah GRP,27.0,5.9,21.1,MODERATE GAP,0.0,0.19
2024,West Bengal,Howrah PC,27.0,5.9,21.1,MODERATE GAP,0.59,0.19
2024,West Bengal,Howrah Rural,27.0,5.9,21.1,MODERATE GAP,0.77,0.19
2024,West Bengal,Jalpaiguri,27.0,5.9,21.1,MODERATE GAP,1.86,0.19
2024,West Bengal,Jhargram,27.0,5.9,21.1,MODERATE GAP,0.36,0.19
2024,West Bengal,Kharagpur GRP,27.0,5.9,21.1,MODERATE GAP,0.07,0.19
2024,West Bengal,Kolkata,27.0,5.9,21.1,MODERATE GAP,1.47,0.19
2024,West Bengal,Malda,27.0,5.9,21.1,MODERATE GAP,8.08,0.19
2024,West Bengal,Murshidabad Police District,27.0,5.9,21.1,MODERATE GAP,8.67,0.19
2024,West Bengal,Paschim Medinipur,27.0,5.9,21.1,MODERATE GAP,1.87,0.19
2024,West Bengal,Purab Medinipur,27.0,5.9,21.1,MODERATE GAP,3.51,0.19
2024,West Bengal,Purulia,27.0,5.9,21.1,MODERATE GAP,1.2,0.19
2024,West Bengal,Sealdah GRP,27.0,5.9,21.1,MODERATE GAP,0.05,0.19
2024,West Bengal,Siliguri GRP,27.0,5.9,21.1,MODERATE GAP,0.05,0.19
2024,West Bengal,Siliguri PC,27.0,5.9,21.1,MODERATE GAP,0.52,0.19
2024,West Bengal,Baruipur Police,27.0,5.9,21.1,MODERATE GAP,4.53,0.19
2024,West Bengal,Chandannagar PC,27.0,5.9,21.1,MODERATE GAP,0.45,0.19
2024,West Bengal,Diamond Harbour Police,27.0,5.9,21.1,MODERATE GAP,1.63,0.19
2024,West Bengal,Kalimpong,27.0,5.9,21.1,MODERATE GAP,0.2,0.19
2024,West Bengal,Purba Bardhaman,27.0,5.9,21.1,MODERATE GAP,2.4,0.19
2024,West Bengal,Sundarban Police,27.0,5.9,21.1,MODERATE GAP,1.97,0.19
2024,West Bengal,Barasat,27.0,5.9,21.1,MODERATE GAP,1.29,0.19
2024,West Bengal,Basirhat,27.0,5.9,21.1,MODERATE GAP,2.15,0.19
2024,West Bengal,Bangaon,27.0,5.9,21.1,MODERATE GAP,2.1,0.19
2024,West Bengal,Islampur,27.0,5.9,21.1,MODERATE GAP,1.13,0.19
2024,West Bengal,Jangipur Police District,27.0,5.9,21.1,MODERATE GAP,1.0,0.19
2024,West Bengal,Krishnagar,27.0,5.9,21.1,MODERATE GAP,5.59,0.19
2024,West Bengal,Raiganj,27.0,5.9,21.1,MODERATE GAP,1.38,0.19
2024,West Bengal,Ranaghat,27.0,5.9,21.1,MODERATE GAP,2.81,0.19
2024,West Bengal,Total Districts ,27.0,5.9,21.1,MODERATE GAP,74.92,0.19
2021,Haryana,Ambala,21.6,4.9,16.7,MODERATE GAP,24.74,0.18
2021,Haryana,Bhiwani,21.6,4.9,16.7,MODERATE GAP,25.01,0.18
2021,Haryana,Faridabad,21.6,4.9,16.7,MODERATE GAP,30.32,0.18
2021,Haryana,Fatehabad,21.6,4.9,16.7,MODERATE GAP,14.68,0.18
2021,Haryana,GRP,21.6,4.9,16.7,MODERATE GAP,0.22,0.18
2021,Haryana,Gurugram,21.6,4.9,16.7,MODERATE GAP,43.36,0.18
2021,Haryana,Hissar,21.6,4.9,16.7,MODERATE GAP,30.62,0.18
2021,Haryana,Jhajjar,21.6,4.9,16.7,MODERATE GAP,36.84,0.18
2021,Haryana,Jind,21.6,4.9,16.7,MODERATE GAP,14.8,0.18
2021,Haryana,Kaithal,21.6,4.9,16.7,MODERATE GAP,17.48,0.18
2021,Haryana,Karnal,21.6,4.9,16.7,MODERATE GAP,29.0,0.18
2021,Haryana,Kurukshetra,21.6,4.9,16.7,MODERATE GAP,31.19,0.18
2021,Haryana,Mahendergarh,21.6,4.9,16.7,MODERATE GAP,11.78,0.18
2021,Haryana,Nuh,21.6,4.9,16.7,MODERATE GAP,14.35,0.18
2021,Haryana,Palwal,21.6,4.9,16.7,MODERATE GAP,29.02,0.18
2021,Haryana,Panchkula,21.6,4.9,16.7,MODERATE GAP,29.9,0.18
2021,Haryana,Panipat,21.6,4.9,16.7,MODERATE GAP,38.23,0.18
2021,Haryana,Rewari,21.6,4.9,16.7,MODERATE GAP,19.41,0.18
2021,Haryana,Rohtak,21.6,4.9,16.7,MODERATE GAP,27.29,0.18
2021,Haryana,Sirsa,21.6,4.9,16.7,MODERATE GAP,20.28,0.18
2021,Haryana,Sonipat,21.6,4.9,16.7,MODERATE GAP,32.98,0.18
2021,Haryana,Yamunanagar,21.6,4.9,16.7,MODERATE GAP,30.51,0.18
2021,Haryana,Irrigation & Power,21.6,4.9,16.7,MODERATE GAP,0.0,0.18
2021,Haryana,Charkhi Dadri,21.6,4.9,16.7,MODERATE GAP,7.95,0.18
2021,Haryana,Hansi,21.6,4.9,16.7,MODERATE GAP,9.2,0.18
2021,Haryana,Total Districts ,21.6,4.9,16.7,MODERATE GAP,571.01,0.18
2022,Haryana,Ambala,21.6,4.9,16.7,MODERATE GAP,32.29,0.18
2022,Haryana,Bhiwani,21.6,4.9,16.7,MODERATE GAP,25.8,0.18
2022,Haryana,Faridabad,21.6,4.9,16.7,MODERATE GAP,28.64,0.18
2022,Haryana,Fatehabad,21.6,4.9,16.7,MODERATE GAP,15.78,0.18
2022,Haryana,GRP,21.6,4.9,16.7,MODERATE GAP,0.52,0.18
2022,Haryana,Gurugram,21.6,4.9,16.7,MODERATE GAP,48.95,0.18
2022,Haryana,Hissar,21.6,4.9,16.7,MODERATE GAP,29.22,0.18
2022,Haryana,Jhajjar,21.6,4.9,16.7,MODERATE GAP,32.75,0.18
2022,Haryana,Jind,21.6,4.9,16.7,MODERATE GAP,17.27,0.18
2022,Haryana,Kaithal,21.6,4.9,16.7,MODERATE GAP,14.89,0.18
2022,Haryana,Karnal,21.6,4.9,16.7,MODERATE GAP,28.25,0.18
2022,Haryana,Kurukshetra,21.6,4.9,16.7,MODERATE GAP,35.43,0.18
2022,Haryana,Mahendergarh,21.6,4.9,16.7,MODERATE GAP,10.38,0.18
2022,Haryana,Nuh,21.6,4.9,16.7,MODERATE GAP,12.88,0.18
2022,Haryana,Palwal,21.6,4.9,16.7,MODERATE GAP,25.35,0.18
2022,Haryana,Panchkula,21.6,4.9,16.7,MODERATE GAP,26.49,0.18
2022,Haryana,Panipat,21.6,4.9,16.7,MODERATE GAP,35.92,0.18
2022,Haryana,Rewari,21.6,4.9,16.7,MODERATE GAP,25.3,0.18
2022,Haryana,Rohtak,21.6,4.9,16.7,MODERATE GAP,27.7,0.18
2022,Haryana,Sirsa,21.6,4.9,16.7,MODERATE GAP,23.9,0.18
2022,Haryana,Sonipat,21.6,4.9,16.7,MODERATE GAP,31.72,0.18
2022,Haryana,Yamunanagar,21.6,4.9,16.7,MODERATE GAP,33.09,0.18
2022,Haryana,Irrigation & Power,21.6,4.9,16.7,MODERATE GAP,0.0,0.18
2022,Haryana,Charkhi Dadri,21.6,4.9,16.7,MODERATE GAP,8.02,0.18
2022,Haryana,Hansi,21.6,4.9,16.7,MODERATE GAP,9.94,0.18
2022,Haryana,Total Districts ,21.6,4.9,16.7,MODERATE GAP,582.42,0.18
2023,Haryana,Ambala,21.6,4.9,16.7,MODERATE GAP,26.13,0.18
2023,Haryana,Bhiwani,21.6,4.9,16.7,MODERATE GAP,16.81,0.18
2023,Haryana,Faridabad,21.6,4.9,16.7,MODERATE GAP,31.23,0.18
2023,Haryana,Fatehabad,21.6,4.9,16.7,MODERATE GAP,12.92,0.18
2023,Haryana,GRP,21.6,4.9,16.7,MODERATE GAP,0.29,0.18
2023,Haryana,Gurugram,21.6,4.9,16.7,MODERATE GAP,48.36,0.18
2023,Haryana,Hissar,21.6,4.9,16.7,MODERATE GAP,27.31,0.18
2023,Haryana,Jhajjar,21.6,4.9,16.7,MODERATE GAP,26.77,0.18
2023,Haryana,Jind,21.6,4.9,16.7,MODERATE GAP,19.29,0.18
2023,Haryana,Kaithal,21.6,4.9,16.7,MODERATE GAP,14.08,0.18
2023,Haryana,Karnal,21.6,4.9,16.7,MODERATE GAP,24.49,0.18
2023,Haryana,Kurukshetra,21.6,4.9,16.7,MODERATE GAP,29.66,0.18
2023,Haryana,Mahendergarh,21.6,4.9,16.7,MODERATE GAP,13.03,0.18
2023,Haryana,Nuh,21.6,4.9,16.7,MODERATE GAP,13.32,0.18
2023,Haryana,Palwal,21.6,4.9,16.7,MODERATE GAP,20.77,0.18
2023,Haryana,Panchkula,21.6,4.9,16.7,MODERATE GAP,26.49,0.18
2023,Haryana,Panipat,21.6,4.9,16.7,MODERATE GAP,26.11,0.18
2023,Haryana,Rewari,21.6,4.9,16.7,MODERATE GAP,29.94,0.18
2023,Haryana,Rohtak,21.6,4.9,16.7,MODERATE GAP,26.55,0.18
2023,Haryana,Sirsa,21.6,4.9,16.7,MODERATE GAP,17.19,0.18
2023,Haryana,Sonipat,21.6,4.9,16.7,MODERATE GAP,27.35,0.18
2023,Haryana,Yamunanagar,21.6,4.9,16.7,MODERATE GAP,32.44,0.18
2023,Haryana,Irrigation & Power,21.6,4.9,16.7,MODERATE GAP,0.0,0.18
2023,Haryana,Charkhi Dadri,21.6,4.9,16.7,MODERATE GAP,8.1,0.18
2023,Haryana,Hansi,21.6,4.9,16.7,MODERATE GAP,9.72,0.18
2023,Haryana,Total Districts ,21.6,4.9,16.7,MODERATE GAP,528.24,0.18
2024,Haryana,Ambala,21.6,4.9,16.7,MODERATE GAP,8.17,0.18
2024,Haryana,Bhiwani,21.6,4.9,16.7,MODERATE GAP,3.3,0.18
2024,Haryana,Faridabad,21.6,4.9,16.7,MODERATE GAP,10.47,0.18
2024,Haryana,Fatehabad,21.6,4.9,16.7,MODERATE GAP,6.46,0.18
2024,Haryana,GRP,21.6,4.9,16.7,MODERATE GAP,0.0,0.18
2024,Haryana,Gurugram,21.6,4.9,16.7,MODERATE GAP,29.44,0.18
2024,Haryana,Hissar,21.6,4.9,16.7,MODERATE GAP,10.31,0.18
2024,Haryana,Jhajjar,21.6,4.9,16.7,MODERATE GAP,8.98,0.18
2024,Haryana,Jind,21.6,4.9,16.7,MODERATE GAP,7.63,0.18
2024,Haryana,Kaithal,21.6,4.9,16.7,MODERATE GAP,7.53,0.18
2024,Haryana,Karnal,21.6,4.9,16.7,MODERATE GAP,12.54,0.18
2024,Haryana,Kurukshetra,21.6,4.9,16.7,MODERATE GAP,10.37,0.18
2024,Haryana,Mahendergarh,21.6,4.9,16.7,MODERATE GAP,3.53,0.18
2024,Haryana,Nuh,21.6,4.9,16.7,MODERATE GAP,7.88,0.18
2024,Haryana,Palwal,21.6,4.9,16.7,MODERATE GAP,10.92,0.18
2024,Haryana,Panchkula,21.6,4.9,16.7,MODERATE GAP,9.45,0.18
2024,Haryana,Panipat,21.6,4.9,16.7,MODERATE GAP,16.01,0.18
2024,Haryana,Rewari,21.6,4.9,16.7,MODERATE GAP,18.35,0.18
2024,Haryana,Rohtak,21.6,4.9,16.7,MODERATE GAP,14.09,0.18
2024,Haryana,Sirsa,21.6,4.9,16.7,MODERATE GAP,4.97,0.18
2024,Haryana,Sonipat,21.6,4.9,16.7,MODERATE GAP,10.55,0.18
2024,Haryana,Yamunanagar,21.6,4.9,16.7,MODERATE GAP,9.74,0.18
2024,Haryana,Irrigation & Power,21.6,4.9,16.7,MODERATE GAP,0.0,0.18
2024,Haryana,Charkhi Dadri,21.6,4.9,16.7,MODERATE GAP,3.09,0.18
2024,Haryana,Hansi,21.6,4.9,16.7,MODERATE GAP,2.87,0.18
2024,Haryana,Dabwali,21.6,4.9,16.7,MODERATE GAP,1.25,0.18
2024,Haryana,Total Districts ,21.6,4.9,16.7,MODERATE GAP,224.66,0.18
2021,Gujarat,Ahmedabad City,17.0,1.5,15.5,MODERATE GAP,30.61,0.21
2021,Gujarat,Ahmedabad Rural,17.0,1.5,15.5,MODERATE GAP,0.83,0.21
2021,Gujarat,Amreli,17.0,1.5,15.5,MODERATE GAP,4.42,0.21
2021,Gujarat,Anand,17.0,1.5,15.5,MODERATE GAP,2.41,0.21
2021,Gujarat,Arvalli,17.0,1.5,15.5,MODERATE GAP,0.73,0.21
2021,Gujarat,Banaskantha,17.0,1.5,15.5,MODERATE GAP,3.11,0.21
2021,Gujarat,Bharuch,17.0,1.5,15.5,MODERATE GAP,3.42,0.21
2021,Gujarat,Bhavnagar,17.0,1.5,15.5,MODERATE GAP,2.93,0.21
2021,Gujarat,Botad,17.0,1.5,15.5,MODERATE GAP,0.24,0.21
2021,Gujarat,Chhotaudepur,17.0,1.5,15.5,MODERATE GAP,0.69,0.21
2021,Gujarat,CID Crime,17.0,1.5,15.5,MODERATE GAP,0.0,0.21
2021,Gujarat,Dahod,17.0,1.5,15.5,MODERATE GAP,0.55,0.21
2021,Gujarat,Dang,17.0,1.5,15.5,MODERATE GAP,0.03,0.21
2021,Gujarat,Devbhumi Dwarka,17.0,1.5,15.5,MODERATE GAP,1.42,0.21
2021,Gujarat,Gandhinagar,17.0,1.5,15.5,MODERATE GAP,2.94,0.21
2021,Gujarat,Gir Somnath,17.0,1.5,15.5,MODERATE GAP,1.14,0.21
2021,Gujarat,Jamnagar,17.0,1.5,15.5,MODERATE GAP,1.77,0.21
2021,Gujarat,Junagadh,17.0,1.5,15.5,MODERATE GAP,2.98,0.21
2021,Gujarat,Kachchh East(G),17.0,1.5,15.5,MODERATE GAP,2.69,0.21
2021,Gujarat,Kachchh West(B),17.0,1.5,15.5,MODERATE GAP,2.69,0.21
2021,Gujarat,Kheda,17.0,1.5,15.5,MODERATE GAP,1.55,0.21
2021,Gujarat,Mahisagar,17.0,1.5,15.5,MODERATE GAP,0.62,0.21
2021,Gujarat,Mehsana,17.0,1.5,15.5,MODERATE GAP,2.69,0.21
2021,Gujarat,Morbi,17.0,1.5,15.5,MODERATE GAP,0.52,0.21
2021,Gujarat,Narmada,17.0,1.5,15.5,MODERATE GAP,1.62,0.21
2021,Gujarat,Navsari,17.0,1.5,15.5,MODERATE GAP,0.72,0.21
2021,Gujarat,Panchmahal,17.0,1.5,15.5,MODERATE GAP,1.9,0.21
2021,Gujarat,Patan,17.0,1.5,15.5,MODERATE GAP,3.17,0.21
2021,Gujarat,Porbandar,17.0,1.5,15.5,MODERATE GAP,1.19,0.21
2021,Gujarat,Rajkot City,17.0,1.5,15.5,MODERATE GAP,2.77,0.21
2021,Gujarat,Rajkot Rural,17.0,1.5,15.5,MODERATE GAP,1.85,0.21
2021,Gujarat,Sabarkantha,17.0,1.5,15.5,MODERATE GAP,2.59,0.21
2021,Gujarat,Surat City,17.0,1.5,15.5,MODERATE GAP,4.72,0.21
2021,Gujarat,Surat Rural,17.0,1.5,15.5,MODERATE GAP,0.3,0.21
2021,Gujarat,Surendranagar,17.0,1.5,15.5,MODERATE GAP,1.24,0.21
2021,Gujarat,Tapi,17.0,1.5,15.5,MODERATE GAP,0.43,0.21
2021,Gujarat,Vadodara City,17.0,1.5,15.5,MODERATE GAP,2.02,0.21
2021,Gujarat,Vadodara Rural,17.0,1.5,15.5,MODERATE GAP,0.65,0.21
2021,Gujarat,Valsad,17.0,1.5,15.5,MODERATE GAP,1.22,0.21
2021,Gujarat,W.Rly Ahmedabad,17.0,1.5,15.5,MODERATE GAP,0.03,0.21
2021,Gujarat,W.Rly Vadodara,17.0,1.5,15.5,MODERATE GAP,0.07,0.21
2021,Gujarat,Cyber Ahmedabad Range,17.0,1.5,15.5,MODERATE GAP,0.0,0.21
2021,Gujarat,Cyber Bhavnagar Range,17.0,1.5,15.5,MODERATE GAP,0.0,0.21
2021,Gujarat,Cyber Border Range,17.0,1.5,15.5,MODERATE GAP,0.0,0.21
2021,Gujarat,Cyber Gandhinagar Range,17.0,1.5,15.5,MODERATE GAP,0.0,0.21
2021,Gujarat,Cyber Junagadh Range,17.0,1.5,15.5,MODERATE GAP,0.0,0.21
2021,Gujarat,Cyber Panchmahal Range,17.0,1.5,15.5,MODERATE GAP,0.0,0.21
2021,Gujarat,Cyber Rajkot Range,17.0,1.5,15.5,MODERATE GAP,0.0,0.21
2021,Gujarat,Cyber Surat Range,17.0,1.5,15.5,MODERATE GAP,0.0,0.21
2021,Gujarat,Cyber Vadodara Range,17.0,1.5,15.5,MODERATE GAP,0.0,0.21
2021,Gujarat,Total Districts ,17.0,1.5,15.5,MODERATE GAP,99.19,0.21
2022,Gujarat,Ahmedabad City,17.0,1.5,15.5,MODERATE GAP,24.98,0.21
2022,Gujarat,Ahmedabad Rural,17.0,1.5,15.5,MODERATE GAP,0.86,0.21
2022,Gujarat,Amreli,17.0,1.5,15.5,MODERATE GAP,3.96,0.21
2022,Gujarat,Anand,17.0,1.5,15.5,MODERATE GAP,2.2,0.21
2022,Gujarat,Arvalli,17.0,1.5,15.5,MODERATE GAP,0.73,0.21
2022,Gujarat,Banaskantha,17.0,1.5,15.5,MODERATE GAP,3.01,0.21
2022,Gujarat,Bharuch,17.0,1.5,15.5,MODERATE GAP,2.35,0.21
2022,Gujarat,Bhavnagar,17.0,1.5,15.5,MODERATE GAP,3.14,0.21
2022,Gujarat,Botad,17.0,1.5,15.5,MODERATE GAP,0.52,0.21
2022,Gujarat,Chhotaudepur,17.0,1.5,15.5,MODERATE GAP,0.59,0.21
2022,Gujarat,CID Crime,17.0,1.5,15.5,MODERATE GAP,0.0,0.21
2022,Gujarat,Dahod,17.0,1.5,15.5,MODERATE GAP,0.83,0.21
2022,Gujarat,Dang,17.0,1.5,15.5,MODERATE GAP,0.1,0.21
2022,Gujarat,Devbhumi Dwarka,17.0,1.5,15.5,MODERATE GAP,1.59,0.21
2022,Gujarat,Gandhinagar,17.0,1.5,15.5,MODERATE GAP,3.31,0.21
2022,Gujarat,Gir Somnath,17.0,1.5,15.5,MODERATE GAP,1.11,0.21
2022,Gujarat,Jamnagar,17.0,1.5,15.5,MODERATE GAP,2.05,0.21
2022,Gujarat,Junagadh,17.0,1.5,15.5,MODERATE GAP,3.49,0.21
2022,Gujarat,Kachchh East(G),17.0,1.5,15.5,MODERATE GAP,2.21,0.21
2022,Gujarat,Kachchh West(B),17.0,1.5,15.5,MODERATE GAP,2.07,0.21
2022,Gujarat,Kheda,17.0,1.5,15.5,MODERATE GAP,2.76,0.21
2022,Gujarat,Mahisagar,17.0,1.5,15.5,MODERATE GAP,0.45,0.21
2022,Gujarat,Mehsana,17.0,1.5,15.5,MODERATE GAP,2.76,0.21
2022,Gujarat,Morbi,17.0,1.5,15.5,MODERATE GAP,0.73,0.21
2022,Gujarat,Narmada,17.0,1.5,15.5,MODERATE GAP,1.03,0.21
2022,Gujarat,Navsari,17.0,1.5,15.5,MODERATE GAP,1.44,0.21
2022,Gujarat,Panchmahal,17.0,1.5,15.5,MODERATE GAP,1.73,0.21
2022,Gujarat,Patan,17.0,1.5,15.5,MODERATE GAP,2.2,0.21
2022,Gujarat,Porbandar,17.0,1.5,15.5,MODERATE GAP,2.23,0.21
2022,Gujarat,Rajkot City,17.0,1.5,15.5,MODERATE GAP,4.14,0.21
2022,Gujarat,Rajkot Rural,17.0,1.5,15.5,MODERATE GAP,2.17,0.21
2022,Gujarat,Sabarkantha,17.0,1.5,15.5,MODERATE GAP,1.97,0.21
2022,Gujarat,Surat City,17.0,1.5,15.5,MODERATE GAP,4.72,0.21
2022,Gujarat,Surat Rural,17.0,1.5,15.5,MODERATE GAP,0.67,0.21
2022,Gujarat,Surendranagar,17.0,1.5,15.5,MODERATE GAP,1.04,0.21
2022,Gujarat,Tapi,17.0,1.5,15.5,MODERATE GAP,0.65,0.21
2022,Gujarat,Vadodara City,17.0,1.5,15.5,MODERATE GAP,1.86,0.21
2022,Gujarat,Vadodara Rural,17.0,1.5,15.5,MODERATE GAP,0.83,0.21
2022,Gujarat,Valsad,17.0,1.5,15.5,MODERATE GAP,0.92,0.21
2022,Gujarat,W.Rly Ahmedabad,17.0,1.5,15.5,MODERATE GAP,0.0,0.21
2022,Gujarat,W.Rly Vadodara,17.0,1.5,15.5,MODERATE GAP,0.0,0.21
2022,Gujarat,Cyber Ahmedabad Range,17.0,1.5,15.5,MODERATE GAP,0.0,0.21
2022,Gujarat,Cyber Bhavnagar Range,17.0,1.5,15.5,MODERATE GAP,0.0,0.21
2022,Gujarat,Cyber Border Range,17.0,1.5,15.5,MODERATE GAP,0.0,0.21
2022,Gujarat,Cyber Gandhinagar Range,17.0,1.5,15.5,MODERATE GAP,0.0,0.21
2022,Gujarat,Cyber Junagadh Range,17.0,1.5,15.5,MODERATE GAP,0.0,0.21
2022,Gujarat,Cyber Panchmahal Range,17.0,1.5,15.5,MODERATE GAP,0.0,0.21
2022,Gujarat,Cyber Rajkot Range,17.0,1.5,15.5,MODERATE GAP,0.0,0.21
2022,Gujarat,Cyber Surat Range,17.0,1.5,15.5,MODERATE GAP,0.0,0.21
2022,Gujarat,Cyber Vadodara Range,17.0,1.5,15.5,MODERATE GAP,0.0,0.21
2022,Gujarat,Total Districts ,17.0,1.5,15.5,MODERATE GAP,96.67,0.21
2023,Gujarat,Ahmedabad City,17.0,1.5,15.5,MODERATE GAP,22.77,0.21
2023,Gujarat,Ahmedabad Rural,17.0,1.5,15.5,MODERATE GAP,1.21,0.21
2023,Gujarat,Amreli,17.0,1.5,15.5,MODERATE GAP,3.39,0.21
2023,Gujarat,Anand,17.0,1.5,15.5,MODERATE GAP,1.41,0.21
2023,Gujarat,Arvalli,17.0,1.5,15.5,MODERATE GAP,0.62,0.21
2023,Gujarat,Banaskantha,17.0,1.5,15.5,MODERATE GAP,3.56,0.21
2023,Gujarat,Bharuch,17.0,1.5,15.5,MODERATE GAP,2.86,0.21
2023,Gujarat,Bhavnagar,17.0,1.5,15.5,MODERATE GAP,2.35,0.21
2023,Gujarat,Botad,17.0,1.5,15.5,MODERATE GAP,0.66,0.21
2023,Gujarat,Chhotaudepur,17.0,1.5,15.5,MODERATE GAP,0.55,0.21
2023,Gujarat,CID Crime,17.0,1.5,15.5,MODERATE GAP,0.0,0.21
2023,Gujarat,Dahod,17.0,1.5,15.5,MODERATE GAP,0.59,0.21
2023,Gujarat,Dang,17.0,1.5,15.5,MODERATE GAP,0.07,0.21
2023,Gujarat,Devbhumi Dwarka,17.0,1.5,15.5,MODERATE GAP,1.07,0.21
2023,Gujarat,Gandhinagar,17.0,1.5,15.5,MODERATE GAP,3.62,0.21
2023,Gujarat,Gir Somnath,17.0,1.5,15.5,MODERATE GAP,1.04,0.21
2023,Gujarat,Jamnagar,17.0,1.5,15.5,MODERATE GAP,2.29,0.21
2023,Gujarat,Junagadh,17.0,1.5,15.5,MODERATE GAP,3.99,0.21
2023,Gujarat,Kachchh East(G),17.0,1.5,15.5,MODERATE GAP,2.49,0.21
2023,Gujarat,Kachchh West(B),17.0,1.5,15.5,MODERATE GAP,2.38,0.21
2023,Gujarat,Kheda,17.0,1.5,15.5,MODERATE GAP,2.46,0.21
2023,Gujarat,Mahisagar,17.0,1.5,15.5,MODERATE GAP,0.66,0.21
2023,Gujarat,Mehsana,17.0,1.5,15.5,MODERATE GAP,2.04,0.21
2023,Gujarat,Morbi,17.0,1.5,15.5,MODERATE GAP,1.28,0.21
2023,Gujarat,Narmada,17.0,1.5,15.5,MODERATE GAP,1.18,0.21
2023,Gujarat,Navsari,17.0,1.5,15.5,MODERATE GAP,0.78,0.21
2023,Gujarat,Panchmahal,17.0,1.5,15.5,MODERATE GAP,2.14,0.21
2023,Gujarat,Patan,17.0,1.5,15.5,MODERATE GAP,3.24,0.21
2023,Gujarat,Porbandar,17.0,1.5,15.5,MODERATE GAP,1.63,0.21
2023,Gujarat,Rajkot City,17.0,1.5,15.5,MODERATE GAP,3.91,0.21
2023,Gujarat,Rajkot Rural,17.0,1.5,15.5,MODERATE GAP,2.22,0.21
2023,Gujarat,Sabarkantha,17.0,1.5,15.5,MODERATE GAP,1.87,0.21
2023,Gujarat,Surat City,17.0,1.5,15.5,MODERATE GAP,5.59,0.21
2023,Gujarat,Surat Rural,17.0,1.5,15.5,MODERATE GAP,0.49,0.21
2023,Gujarat,Surendranagar,17.0,1.5,15.5,MODERATE GAP,0.99,0.21
2023,Gujarat,Tapi,17.0,1.5,15.5,MODERATE GAP,0.54,0.21
2023,Gujarat,Vadodara City,17.0,1.5,15.5,MODERATE GAP,3.15,0.21
2023,Gujarat,Vadodara Rural,17.0,1.5,15.5,MODERATE GAP,0.75,0.21
2023,Gujarat,Valsad,17.0,1.5,15.5,MODERATE GAP,0.56,0.21
2023,Gujarat,W Rly Ahmedabad,17.0,1.5,15.5,MODERATE GAP,0.0,0.21
2023,Gujarat,W Rly Vadodara,17.0,1.5,15.5,MODERATE GAP,0.0,0.21
2023,Gujarat,Cyber Ahmedabad Range,17.0,1.5,15.5,MODERATE GAP,0.0,0.21
2023,Gujarat,Cyber Bhavnagar Range,17.0,1.5,15.5,MODERATE GAP,0.0,0.21
2023,Gujarat,Cyber Border Range,17.0,1.5,15.5,MODERATE GAP,0.0,0.21
2023,Gujarat,Cyber Gandhinagar Range,17.0,1.5,15.5,MODERATE GAP,0.0,0.21
2023,Gujarat,Cyber Junagadh Range,17.0,1.5,15.5,MODERATE GAP,0.0,0.21
2023,Gujarat,Cyber Panchmahal Range,17.0,1.5,15.5,MODERATE GAP,0.0,0.21
2023,Gujarat,Cyber Rajkot Range,17.0,1.5,15.5,MODERATE GAP,0.0,0.21
2023,Gujarat,Cyber Surat Range,17.0,1.5,15.5,MODERATE GAP,0.0,0.21
2023,Gujarat,Cyber Vadodara Range,17.0,1.5,15.5,MODERATE GAP,0.0,0.21
2023,Gujarat,Total Districts ,17.0,1.5,15.5,MODERATE GAP,97.67,0.21
2024,Gujarat,Ahmedabad City,17.0,1.5,15.5,MODERATE GAP,5.22,0.21
2024,Gujarat,Ahmedabad Rural,17.0,1.5,15.5,MODERATE GAP,0.79,0.21
2024,Gujarat,Amreli,17.0,1.5,15.5,MODERATE GAP,1.84,0.21
2024,Gujarat,Anand,17.0,1.5,15.5,MODERATE GAP,1.12,0.21
2024,Gujarat,Arvalli,17.0,1.5,15.5,MODERATE GAP,0.79,0.21
2024,Gujarat,Banaskantha,17.0,1.5,15.5,MODERATE GAP,3.52,0.21
2024,Gujarat,Bharuch,17.0,1.5,15.5,MODERATE GAP,1.57,0.21
2024,Gujarat,Bhavnagar,17.0,1.5,15.5,MODERATE GAP,0.94,0.21
2024,Gujarat,Botad,17.0,1.5,15.5,MODERATE GAP,0.55,0.21
2024,Gujarat,Chhotaudepur,17.0,1.5,15.5,MODERATE GAP,0.55,0.21
2024,Gujarat,CID Crime,17.0,1.5,15.5,MODERATE GAP,0.0,0.21
2024,Gujarat,Dahod,17.0,1.5,15.5,MODERATE GAP,0.76,0.21
2024,Gujarat,Dang,17.0,1.5,15.5,MODERATE GAP,0.14,0.21
2024,Gujarat,Devbhumi Dwarka,17.0,1.5,15.5,MODERATE GAP,0.66,0.21
2024,Gujarat,Gandhinagar,17.0,1.5,15.5,MODERATE GAP,2.0,0.21
2024,Gujarat,Gir Somnath,17.0,1.5,15.5,MODERATE GAP,1.11,0.21
2024,Gujarat,Jamnagar,17.0,1.5,15.5,MODERATE GAP,1.65,0.21
2024,Gujarat,Junagadh,17.0,1.5,15.5,MODERATE GAP,1.3,0.21
2024,Gujarat,Kachchh East(G),17.0,1.5,15.5,MODERATE GAP,1.38,0.21
2024,Gujarat,Kachchh West(B),17.0,1.5,15.5,MODERATE GAP,1.14,0.21
2024,Gujarat,Kheda,17.0,1.5,15.5,MODERATE GAP,1.44,0.21
2024,Gujarat,Mahisagar,17.0,1.5,15.5,MODERATE GAP,0.48,0.21
2024,Gujarat,Mehsana,17.0,1.5,15.5,MODERATE GAP,0.83,0.21
2024,Gujarat,Morbi,17.0,1.5,15.5,MODERATE GAP,0.45,0.21
2024,Gujarat,Narmada,17.0,1.5,15.5,MODERATE GAP,1.62,0.21
2024,Gujarat,Navsari,17.0,1.5,15.5,MODERATE GAP,0.92,0.21
2024,Gujarat,Panchmahal,17.0,1.5,15.5,MODERATE GAP,1.04,0.21
2024,Gujarat,Patan,17.0,1.5,15.5,MODERATE GAP,2.52,0.21
2024,Gujarat,Porbandar,17.0,1.5,15.5,MODERATE GAP,1.34,0.21
2024,Gujarat,Rajkot City,17.0,1.5,15.5,MODERATE GAP,1.69,0.21
2024,Gujarat,Rajkot Rural,17.0,1.5,15.5,MODERATE GAP,0.69,0.21
2024,Gujarat,Sabarkantha,17.0,1.5,15.5,MODERATE GAP,0.59,0.21
2024,Gujarat,Surat City,17.0,1.5,15.5,MODERATE GAP,2.43,0.21
2024,Gujarat,Surat Rural,17.0,1.5,15.5,MODERATE GAP,0.47,0.21
2024,Gujarat,Surendranagar,17.0,1.5,15.5,MODERATE GAP,0.89,0.21
2024,Gujarat,Tapi,17.0,1.5,15.5,MODERATE GAP,0.43,0.21
2024,Gujarat,Vadodara City,17.0,1.5,15.5,MODERATE GAP,1.71,0.21
2024,Gujarat,Vadodara Rural,17.0,1.5,15.5,MODERATE GAP,0.65,0.21
2024,Gujarat,Valsad,17.0,1.5,15.5,MODERATE GAP,0.92,0.21
2024,Gujarat,W Rly Ahmedabad,17.0,1.5,15.5,MODERATE GAP,0.0,0.21
2024,Gujarat,W Rly Vadodara,17.0,1.5,15.5,MODERATE GAP,0.0,0.21
2024,Gujarat,Cyber Ahmedabad Range,17.0,1.5,15.5,MODERATE GAP,0.0,0.21
2024,Gujarat,Cyber Bhavnagar Range,17.0,1.5,15.5,MODERATE GAP,0.0,0.21
2024,Gujarat,Cyber Border Range,17.0,1.5,15.5,MODERATE GAP,0.0,0.21
2024,Gujarat,Cyber Gandhinagar Range,17.0,1.5,15.5,MODERATE GAP,0.0,0.21
2024,Gujarat,Cyber Junagadh Range,17.0,1.5,15.5,MODERATE GAP,0.0,0.21
2024,Gujarat,Cyber Panchmahal Range,17.0,1.5,15.5,MODERATE GAP,0.0,0.21
2024,Gujarat,Cyber Rajkot Range,17.0,1.5,15.5,MODERATE GAP,0.0,0.21
2024,Gujarat,Cyber Surat Range,17.0,1.5,15.5,MODERATE GAP,0.0,0.21
2024,Gujarat,Cyber Vadodara Range,17.0,1.5,15.5,MODERATE GAP,0.0,0.21
2024,Gujarat,Total Districts ,17.0,1.5,15.5,MODERATE GAP,47.75,0.21
2021,Tripura,Dhalai,17.7,4.6,13.1,MODERATE GAP,5.29,0.16
2021,Tripura,Gomati,17.7,4.6,13.1,MODERATE GAP,6.82,0.16
2021,Tripura,GRP,17.7,4.6,13.1,MODERATE GAP,0.0,0.16
2021,Tripura,Kowai,17.7,4.6,13.1,MODERATE GAP,1.86,0.16
2021,Tripura,North,17.7,4.6,13.1,MODERATE GAP,3.62,0.16
2021,Tripura,North,17.7,4.6,13.1,MODERATE GAP,73.61,0.16
2021,Tripura,Sipahijala,17.7,4.6,13.1,MODERATE GAP,5.76,0.16
2021,Tripura,South,17.7,4.6,13.1,MODERATE GAP,1.11,0.16
2021,Tripura,South,17.7,4.6,13.1,MODERATE GAP,20.73,0.16
2021,Tripura,Unakoti,17.7,4.6,13.1,MODERATE GAP,6.56,0.16
2021,Tripura,West,17.7,4.6,13.1,MODERATE GAP,3.66,0.16
2021,Tripura,West,17.7,4.6,13.1,MODERATE GAP,68.2,0.16
2021,Tripura,Total Districts ,17.7,4.6,13.1,MODERATE GAP,38.91,0.16
2022,Tripura,Dhalai,17.7,4.6,13.1,MODERATE GAP,9.2,0.16
2022,Tripura,Gomati,17.7,4.6,13.1,MODERATE GAP,7.27,0.16
2022,Tripura,GRP,17.7,4.6,13.1,MODERATE GAP,0.0,0.16
2022,Tripura,Kowai,17.7,4.6,13.1,MODERATE GAP,1.51,0.16
2022,Tripura,North,17.7,4.6,13.1,MODERATE GAP,5.48,0.16
2022,Tripura,North,17.7,4.6,13.1,MODERATE GAP,111.41,0.16
2022,Tripura,Sipahijala,17.7,4.6,13.1,MODERATE GAP,4.61,0.16
2022,Tripura,South,17.7,4.6,13.1,MODERATE GAP,1.4,0.16
2022,Tripura,South,17.7,4.6,13.1,MODERATE GAP,26.05,0.16
2022,Tripura,Unakoti,17.7,4.6,13.1,MODERATE GAP,5.05,0.16
2022,Tripura,West,17.7,4.6,13.1,MODERATE GAP,2.8,0.16
2022,Tripura,West,17.7,4.6,13.1,MODERATE GAP,52.26,0.16
2022,Tripura,Total Districts ,17.7,4.6,13.1,MODERATE GAP,38.11,0.16
2023,Tripura,Dhalai,17.7,4.6,13.1,MODERATE GAP,6.67,0.16
2023,Tripura,Gomati,17.7,4.6,13.1,MODERATE GAP,4.87,0.16
2023,Tripura,GRP,17.7,4.6,13.1,MODERATE GAP,0.0,0.16
2023,Tripura,Kowai,17.7,4.6,13.1,MODERATE GAP,2.3,0.16
2023,Tripura,North,17.7,4.6,13.1,MODERATE GAP,5.58,0.16
2023,Tripura,North,17.7,4.6,13.1,MODERATE GAP,113.4,0.16
2023,Tripura,Sipahijala,17.7,4.6,13.1,MODERATE GAP,4.08,0.16
2023,Tripura,South,17.7,4.6,13.1,MODERATE GAP,1.15,0.16
2023,Tripura,South,17.7,4.6,13.1,MODERATE GAP,21.32,0.16
2023,Tripura,Unakoti,17.7,4.6,13.1,MODERATE GAP,6.11,0.16
2023,Tripura,West,17.7,4.6,13.1,MODERATE GAP,2.7,0.16
2023,Tripura,West,17.7,4.6,13.1,MODERATE GAP,50.35,0.16
2023,Tripura,Total Districts ,17.7,4.6,13.1,MODERATE GAP,35.18,0.16
2024,Tripura,Dhalai,17.7,4.6,13.1,MODERATE GAP,3.22,0.16
2024,Tripura,Gomati,17.7,4.6,13.1,MODERATE GAP,1.15,0.16
2024,Tripura,GRP,17.7,4.6,13.1,MODERATE GAP,0.0,0.16
2024,Tripura,Kowai,17.7,4.6,13.1,MODERATE GAP,0.8,0.16
2024,Tripura,North,17.7,4.6,13.1,MODERATE GAP,2.15,0.16
2024,Tripura,North,17.7,4.6,13.1,MODERATE GAP,43.77,0.16
2024,Tripura,Sipahijala,17.7,4.6,13.1,MODERATE GAP,1.68,0.16
2024,Tripura,South,17.7,4.6,13.1,MODERATE GAP,0.41,0.16
2024,Tripura,South,17.7,4.6,13.1,MODERATE GAP,7.7,0.16
2024,Tripura,Unakoti,17.7,4.6,13.1,MODERATE GAP,1.95,0.16
2024,Tripura,West,17.7,4.6,13.1,MODERATE GAP,0.85,0.16
2024,Tripura,West,17.7,4.6,13.1,MODERATE GAP,15.93,0.16
2024,Tripura,Crime Branch,17.7,4.6,13.1,MODERATE GAP,0.0,0.16
2024,Tripura,Total Districts ,17.7,4.6,13.1,MODERATE GAP,12.14,0.16
2021,Mizoram,Aizawl,16.8,4.4,12.4,MODERATE GAP,4.34,0.17
2021,Mizoram,Champhai,16.8,4.4,12.4,MODERATE GAP,1.38,0.17
2021,Mizoram,Kolasib,16.8,4.4,12.4,MODERATE GAP,4.14,0.17
2021,Mizoram,Lawngtlai,16.8,4.4,12.4,MODERATE GAP,1.48,0.17
2021,Mizoram,Lunglei,16.8,4.4,12.4,MODERATE GAP,1.62,0.17
2021,Mizoram,Mamit,16.8,4.4,12.4,MODERATE GAP,2.01,0.17
2021,Mizoram,Saiha,16.8,4.4,12.4,MODERATE GAP,0.0,0.17
2021,Mizoram,Serchhip,16.8,4.4,12.4,MODERATE GAP,0.0,0.17
2021,Mizoram,Spl Narcotic,16.8,4.4,12.4,MODERATE GAP,0.0,0.17
2021,Mizoram,Saitual,16.8,4.4,12.4,MODERATE GAP,0.0,0.17
2021,Mizoram,Khawzawl,16.8,4.4,12.4,MODERATE GAP,1.27,0.17
2021,Mizoram,Hnahthial,16.8,4.4,12.4,MODERATE GAP,0.0,0.17
2021,Mizoram,Cyber,16.8,4.4,12.4,MODERATE GAP,0.0,0.17
2021,Mizoram,Total Districts ,16.8,4.4,12.4,MODERATE GAP,22.19,0.17
2022,Mizoram,Aizawl,16.8,4.4,12.4,MODERATE GAP,2.82,0.17
2022,Mizoram,Champhai,16.8,4.4,12.4,MODERATE GAP,0.0,0.17
2022,Mizoram,Kolasib,16.8,4.4,12.4,MODERATE GAP,2.07,0.17
2022,Mizoram,Lawngtlai,16.8,4.4,12.4,MODERATE GAP,0.0,0.17
2022,Mizoram,Lunglei,16.8,4.4,12.4,MODERATE GAP,0.0,0.17
2022,Mizoram,Mamit,16.8,4.4,12.4,MODERATE GAP,0.0,0.17
2022,Mizoram,Saiha,16.8,4.4,12.4,MODERATE GAP,0.0,0.17
2022,Mizoram,Serchhip,16.8,4.4,12.4,MODERATE GAP,0.0,0.17
2022,Mizoram,Spl Narcotic,16.8,4.4,12.4,MODERATE GAP,0.0,0.17
2022,Mizoram,Saitual,16.8,4.4,12.4,MODERATE GAP,0.0,0.17
2022,Mizoram,Khawzawl,16.8,4.4,12.4,MODERATE GAP,0.0,0.17
2022,Mizoram,Hnahthial,16.8,4.4,12.4,MODERATE GAP,1.27,0.17
2022,Mizoram,Cyber,16.8,4.4,12.4,MODERATE GAP,0.0,0.17
2022,Mizoram,Total Districts ,16.8,4.4,12.4,MODERATE GAP,10.78,0.17
2023,Mizoram,Aizawl,16.8,4.4,12.4,MODERATE GAP,2.82,0.17
2023,Mizoram,Champhai,16.8,4.4,12.4,MODERATE GAP,2.07,0.17
2023,Mizoram,Kolasib,16.8,4.4,12.4,MODERATE GAP,1.04,0.17
2023,Mizoram,Lawngtlai,16.8,4.4,12.4,MODERATE GAP,4.43,0.17
2023,Mizoram,Lunglei,16.8,4.4,12.4,MODERATE GAP,2.15,0.17
2023,Mizoram,Mamit,16.8,4.4,12.4,MODERATE GAP,2.01,0.17
2023,Mizoram,Saiha,16.8,4.4,12.4,MODERATE GAP,1.54,0.17
2023,Mizoram,Serchhip,16.8,4.4,12.4,MODERATE GAP,1.34,0.17
2023,Mizoram,Spl Narcotic,16.8,4.4,12.4,MODERATE GAP,0.0,0.17
2023,Mizoram,Hnahthial,16.8,4.4,12.4,MODERATE GAP,1.27,0.17
2023,Mizoram,Khawzawl,16.8,4.4,12.4,MODERATE GAP,0.0,0.17
2023,Mizoram,Saitual,16.8,4.4,12.4,MODERATE GAP,0.0,0.17
2023,Mizoram,Cyber,16.8,4.4,12.4,MODERATE GAP,0.0,0.17
2023,Mizoram,Crime and EOU,16.8,4.4,12.4,MODERATE GAP,0.0,0.17
2023,Mizoram,Total Districts ,16.8,4.4,12.4,MODERATE GAP,20.92,0.17
2024,Mizoram,Aizawl,16.8,4.4,12.4,MODERATE GAP,5.87,0.17
2024,Mizoram,Champhai,16.8,4.4,12.4,MODERATE GAP,2.77,0.17
2024,Mizoram,Kolasib,16.8,4.4,12.4,MODERATE GAP,0.0,0.17
2024,Mizoram,Lawngtlai,16.8,4.4,12.4,MODERATE GAP,1.48,0.17
2024,Mizoram,Lunglei,16.8,4.4,12.4,MODERATE GAP,0.0,0.17
2024,Mizoram,Mamit,16.8,4.4,12.4,MODERATE GAP,2.01,0.17
2024,Mizoram,Saiha,16.8,4.4,12.4,MODERATE GAP,6.15,0.17
2024,Mizoram,Serchhip,16.8,4.4,12.4,MODERATE GAP,2.68,0.17
2024,Mizoram,Spl Narcotic,16.8,4.4,12.4,MODERATE GAP,0.0,0.17
2024,Mizoram,Hnahthial,16.8,4.4,12.4,MODERATE GAP,0.0,0.17
2024,Mizoram,Khawzawl,16.8,4.4,12.4,MODERATE GAP,1.27,0.17
2024,Mizoram,Saitual,16.8,4.4,12.4,MODERATE GAP,0.0,0.17
2024,Mizoram,Cyber,16.8,4.4,12.4,MODERATE GAP,0.0,0.17
2024,Mizoram,Crime and EOU,16.8,4.4,12.4,MODERATE GAP,0.0,0.17
2024,Mizoram,Total Districts ,16.8,4.4,12.4,MODERATE GAP,27.26,0.17
2021,Nagaland,Dimapur,15.6,3.8,11.8,MODERATE GAP,0.69,0.15
2021,Nagaland,Kiphire,15.6,3.8,11.8,MODERATE GAP,0.0,0.15
2021,Nagaland,Kohima,15.6,3.8,11.8,MODERATE GAP,0.32,0.15
2021,Nagaland,Longleng,15.6,3.8,11.8,MODERATE GAP,0.0,0.15
2021,Nagaland,Mokokchung,15.6,3.8,11.8,MODERATE GAP,0.0,0.15
2021,Nagaland,Mon,15.6,3.8,11.8,MODERATE GAP,0.69,0.15
2021,Nagaland,Peren,15.6,3.8,11.8,MODERATE GAP,0.0,0.15
2021,Nagaland,Phek,15.6,3.8,11.8,MODERATE GAP,0.0,0.15
2021,Nagaland,Tuensang,15.6,3.8,11.8,MODERATE GAP,0.0,0.15
2021,Nagaland,Wokha,15.6,3.8,11.8,MODERATE GAP,0.0,0.15
2021,Nagaland,Zunheboto,15.6,3.8,11.8,MODERATE GAP,0.0,0.15
2021,Nagaland,Total Districts ,15.6,3.8,11.8,MODERATE GAP,2.9,0.15
2023,Nagaland,Dimapur,15.6,3.8,11.8,MODERATE GAP,0.46,0.15
2023,Nagaland,Kiphire,15.6,3.8,11.8,MODERATE GAP,0.0,0.15
2023,Nagaland,Kohima,15.6,3.8,11.8,MODERATE GAP,0.65,0.15
2023,Nagaland,Longleng,15.6,3.8,11.8,MODERATE GAP,1.72,0.15
2023,Nagaland,Mokokchung,15.6,3.8,11.8,MODERATE GAP,0.0,0.15
2023,Nagaland,Mon,15.6,3.8,11.8,MODERATE GAP,0.35,0.15
2023,Nagaland,Peren,15.6,3.8,11.8,MODERATE GAP,1.83,0.15
2023,Nagaland,Phek,15.6,3.8,11.8,MODERATE GAP,0.0,0.15
2023,Nagaland,Tuensang,15.6,3.8,11.8,MODERATE GAP,0.44,0.15
2023,Nagaland,Wokha,15.6,3.8,11.8,MODERATE GAP,0.0,0.15
2023,Nagaland,Zunheboto,15.6,3.8,11.8,MODERATE GAP,0.0,0.15
2023,Nagaland,Noklak,15.6,3.8,11.8,MODERATE GAP,0.0,0.15
2023,Nagaland,Shamator,15.6,3.8,11.8,MODERATE GAP,0.0,0.15
2023,Nagaland,Tseminyu,15.6,3.8,11.8,MODERATE GAP,0.0,0.15
2023,Nagaland,Crime,15.6,3.8,11.8,MODERATE GAP,0.0,0.15
2023,Nagaland,Cyber Security,15.6,3.8,11.8,MODERATE GAP,0.0,0.15
2023,Nagaland,Narcotics,15.6,3.8,11.8,MODERATE GAP,0.0,0.15
2023,Nagaland,Total Districts ,15.6,3.8,11.8,MODERATE GAP,4.35,0.15
2024,Nagaland,Dimapur,15.6,3.8,11.8,MODERATE GAP,0.92,0.15
2024,Nagaland,Kiphire,15.6,3.8,11.8,MODERATE GAP,1.18,0.15
2024,Nagaland,Kohima,15.6,3.8,11.8,MODERATE GAP,3.24,0.15
2024,Nagaland,Longleng,15.6,3.8,11.8,MODERATE GAP,0.0,0.15
2024,Nagaland,Mokokchung,15.6,3.8,11.8,MODERATE GAP,0.89,0.15
2024,Nagaland,Mon,15.6,3.8,11.8,MODERATE GAP,0.0,0.15
2024,Nagaland,Peren,15.6,3.8,11.8,MODERATE GAP,3.65,0.15
2024,Nagaland,Phek,15.6,3.8,11.8,MODERATE GAP,0.0,0.15
2024,Nagaland,Tuensang,15.6,3.8,11.8,MODERATE GAP,0.0,0.15
2024,Nagaland,Wokha,15.6,3.8,11.8,MODERATE GAP,0.0,0.15
2024,Nagaland,Zunheboto,15.6,3.8,11.8,MODERATE GAP,0.62,0.15
2024,Nagaland,Noklak,15.6,3.8,11.8,MODERATE GAP,0.97,0.15
2024,Nagaland,Shamator,15.6,3.8,11.8,MODERATE GAP,0.0,0.15
2024,Nagaland,Tseminyu,15.6,3.8,11.8,MODERATE GAP,0.0,0.15
2024,Nagaland,Crime,15.6,3.8,11.8,MODERATE GAP,0.0,0.15
2024,Nagaland,Cyber Security,15.6,3.8,11.8,MODERATE GAP,0.0,0.15
2024,Nagaland,Narcotics,15.6,3.8,11.8,MODERATE GAP,0.0,0.15
2024,Nagaland,Total Districts ,15.6,3.8,11.8,MODERATE GAP,11.6,0.15
2021,Uttarakhand,Almora,15.0,3.6,11.4,MODERATE GAP,3.21,0.15
2021,Uttarakhand,Bageshwar,15.0,3.6,11.4,MODERATE GAP,3.01,0.15
2021,Uttarakhand,Chamoli,15.0,3.6,11.4,MODERATE GAP,1.33,0.15
2021,Uttarakhand,Champawat,15.0,3.6,11.4,MODERATE GAP,2.68,0.15
2021,Uttarakhand,Dehradun,15.0,3.6,11.4,MODERATE GAP,10.46,0.15
2021,Uttarakhand,Haridwar,15.0,3.6,11.4,MODERATE GAP,28.84,0.15
2021,Uttarakhand,Nainital,15.0,3.6,11.4,MODERATE GAP,10.2,0.15
2021,Uttarakhand,Pauri Garhwal,15.0,3.6,11.4,MODERATE GAP,6.97,0.15
2021,Uttarakhand,Pithoragarh,15.0,3.6,11.4,MODERATE GAP,2.7,0.15
2021,Uttarakhand,Rudra Prayag,15.0,3.6,11.4,MODERATE GAP,0.14,0.15
2021,Uttarakhand,Tehri Garhwal,15.0,3.6,11.4,MODERATE GAP,1.12,0.15
2021,Uttarakhand,Udhamsingh Nagar,15.0,3.6,11.4,MODERATE GAP,63.67,0.15
2021,Uttarakhand,Uttarkashi,15.0,3.6,11.4,MODERATE GAP,6.59,0.15
2021,Uttarakhand,GRP,15.0,3.6,11.4,MODERATE GAP,0.0,0.15
2021,Uttarakhand,Cyber Cell,15.0,3.6,11.4,MODERATE GAP,0.0,0.15
2021,Uttarakhand,Total Districts ,15.0,3.6,11.4,MODERATE GAP,156.73,0.15
2022,Uttarakhand,Almora,15.0,3.6,11.4,MODERATE GAP,3.07,0.15
2022,Uttarakhand,Bageshwar,15.0,3.6,11.4,MODERATE GAP,5.02,0.15
2022,Uttarakhand,Chamoli,15.0,3.6,11.4,MODERATE GAP,2.89,0.15
2022,Uttarakhand,Champawat,15.0,3.6,11.4,MODERATE GAP,4.02,0.15
2022,Uttarakhand,Dehradun,15.0,3.6,11.4,MODERATE GAP,28.39,0.15
2022,Uttarakhand,Haridwar,15.0,3.6,11.4,MODERATE GAP,62.69,0.15
2022,Uttarakhand,Nainital,15.0,3.6,11.4,MODERATE GAP,17.31,0.15
2022,Uttarakhand,Pauri Garhwal,15.0,3.6,11.4,MODERATE GAP,6.13,0.15
2022,Uttarakhand,Pithoragarh,15.0,3.6,11.4,MODERATE GAP,4.68,0.15
2022,Uttarakhand,Rudra Prayag,15.0,3.6,11.4,MODERATE GAP,0.14,0.15
2022,Uttarakhand,Tehri Garhwal,15.0,3.6,11.4,MODERATE GAP,4.21,0.15
2022,Uttarakhand,Udhamsingh Nagar,15.0,3.6,11.4,MODERATE GAP,72.03,0.15
2022,Uttarakhand,Uttarkashi,15.0,3.6,11.4,MODERATE GAP,4.48,0.15
2022,Uttarakhand,GRP,15.0,3.6,11.4,MODERATE GAP,0.14,0.15
2022,Uttarakhand,Cyber Cell,15.0,3.6,11.4,MODERATE GAP,0.0,0.15
2022,Uttarakhand,Total Districts ,15.0,3.6,11.4,MODERATE GAP,263.59,0.15
2023,Uttarakhand,Almora,15.0,3.6,11.4,MODERATE GAP,2.1,0.15
2023,Uttarakhand,Bageshwar,15.0,3.6,11.4,MODERATE GAP,3.01,0.15
2023,Uttarakhand,Chamoli,15.0,3.6,11.4,MODERATE GAP,0.89,0.15
2023,Uttarakhand,Champawat,15.0,3.6,11.4,MODERATE GAP,4.69,0.15
2023,Uttarakhand,Dehradun,15.0,3.6,11.4,MODERATE GAP,24.09,0.15
2023,Uttarakhand,Haridwar,15.0,3.6,11.4,MODERATE GAP,37.48,0.15
2023,Uttarakhand,Nainital,15.0,3.6,11.4,MODERATE GAP,12.94,0.15
2023,Uttarakhand,Pauri Garhwal,15.0,3.6,11.4,MODERATE GAP,4.04,0.15
2023,Uttarakhand,Pithoragarh,15.0,3.6,11.4,MODERATE GAP,4.14,0.15
2023,Uttarakhand,Rudra Prayag,15.0,3.6,11.4,MODERATE GAP,0.42,0.15
2023,Uttarakhand,Tehri Garhwal,15.0,3.6,11.4,MODERATE GAP,4.78,0.15
2023,Uttarakhand,Udhamsingh Nagar,15.0,3.6,11.4,MODERATE GAP,64.78,0.15
2023,Uttarakhand,Uttarkashi,15.0,3.6,11.4,MODERATE GAP,2.11,0.15
2023,Uttarakhand,GRP,15.0,3.6,11.4,MODERATE GAP,0.0,0.15
2023,Uttarakhand,Cyber Cell,15.0,3.6,11.4,MODERATE GAP,0.0,0.15
2023,Uttarakhand,Total Districts ,15.0,3.6,11.4,MODERATE GAP,206.89,0.15
2024,Uttarakhand,Almora,15.0,3.6,11.4,MODERATE GAP,2.79,0.15
2024,Uttarakhand,Bageshwar,15.0,3.6,11.4,MODERATE GAP,0.67,0.15
2024,Uttarakhand,Chamoli,15.0,3.6,11.4,MODERATE GAP,2.0,0.15
2024,Uttarakhand,Champawat,15.0,3.6,11.4,MODERATE GAP,4.02,0.15
2024,Uttarakhand,Dehradun,15.0,3.6,11.4,MODERATE GAP,7.94,0.15
2024,Uttarakhand,Haridwar,15.0,3.6,11.4,MODERATE GAP,29.81,0.15
2024,Uttarakhand,Nainital,15.0,3.6,11.4,MODERATE GAP,6.56,0.15
2024,Uttarakhand,Pauri Garhwal,15.0,3.6,11.4,MODERATE GAP,2.37,0.15
2024,Uttarakhand,Pithoragarh,15.0,3.6,11.4,MODERATE GAP,2.34,0.15
2024,Uttarakhand,Rudra Prayag,15.0,3.6,11.4,MODERATE GAP,0.0,0.15
2024,Uttarakhand,Tehri Garhwal,15.0,3.6,11.4,MODERATE GAP,0.14,0.15
2024,Uttarakhand,Udhamsingh Nagar,15.0,3.6,11.4,MODERATE GAP,16.16,0.15
2024,Uttarakhand,Uttarkashi,15.0,3.6,11.4,MODERATE GAP,1.58,0.15
2024,Uttarakhand,GRP,15.0,3.6,11.4,MODERATE GAP,0.0,0.15
2024,Uttarakhand,Cyber Cell,15.0,3.6,11.4,MODERATE GAP,0.0,0.15
2024,Uttarakhand,Total Districts ,15.0,3.6,11.4,MODERATE GAP,88.75,0.15
2021,Arunachal Pradesh,Anjaw,15.0,4.5,10.5,MODERATE GAP,0.0,0.17
2021,Arunachal Pradesh,Changlang,15.0,4.5,10.5,MODERATE GAP,0.59,0.17
2021,Arunachal Pradesh,Crime Branch,15.0,4.5,10.5,MODERATE GAP,0.0,0.17
2021,Arunachal Pradesh,Dibang Valley,15.0,4.5,10.5,MODERATE GAP,0.0,0.17
2021,Arunachal Pradesh,Kameng East,15.0,4.5,10.5,MODERATE GAP,4.42,0.17
2021,Arunachal Pradesh,Kameng West,15.0,4.5,10.5,MODERATE GAP,2.65,0.17
2021,Arunachal Pradesh,Kurung Kumey,15.0,4.5,10.5,MODERATE GAP,4.72,0.17
2021,Arunachal Pradesh,Lohit,15.0,4.5,10.5,MODERATE GAP,3.58,0.17
2021,Arunachal Pradesh,Longding,15.0,4.5,10.5,MODERATE GAP,0.0,0.17
2021,Arunachal Pradesh,Lower Dibang Valley,15.0,4.5,10.5,MODERATE GAP,4.82,0.17
2021,Arunachal Pradesh,Papum Pare City,15.0,4.5,10.5,MODERATE GAP,44.81,0.17
2021,Arunachal Pradesh,Papum Pare Rural,15.0,4.5,10.5,MODERATE GAP,0.0,0.17
2021,Arunachal Pradesh,Siang East,15.0,4.5,10.5,MODERATE GAP,2.65,0.17
2021,Arunachal Pradesh,Siang Upper,15.0,4.5,10.5,MODERATE GAP,0.88,0.17
2021,Arunachal Pradesh,Siang West,15.0,4.5,10.5,MODERATE GAP,2.65,0.17
2021,Arunachal Pradesh,Subansiri Lower,15.0,4.5,10.5,MODERATE GAP,0.88,0.17
2021,Arunachal Pradesh,Subansiri Upper,15.0,4.5,10.5,MODERATE GAP,6.18,0.17
2021,Arunachal Pradesh,Tawang,15.0,4.5,10.5,MODERATE GAP,0.0,0.17
2021,Arunachal Pradesh,Tirap,15.0,4.5,10.5,MODERATE GAP,1.55,0.17
2021,Arunachal Pradesh,Namsai,15.0,4.5,10.5,MODERATE GAP,4.42,0.17
2021,Arunachal Pradesh,Siang,15.0,4.5,10.5,MODERATE GAP,0.0,0.17
2021,Arunachal Pradesh,Kamle,15.0,4.5,10.5,MODERATE GAP,0.0,0.17
2021,Arunachal Pradesh,Kra Dadi,15.0,4.5,10.5,MODERATE GAP,0.0,0.17
2021,Arunachal Pradesh,Lower Siang,15.0,4.5,10.5,MODERATE GAP,2.65,0.17
2021,Arunachal Pradesh,Leparada,15.0,4.5,10.5,MODERATE GAP,0.0,0.17
2021,Arunachal Pradesh,Shiyomi,15.0,4.5,10.5,MODERATE GAP,0.0,0.17
2021,Arunachal Pradesh,Pakkessang,15.0,4.5,10.5,MODERATE GAP,1.77,0.17
2021,Arunachal Pradesh,Total Districts ,15.0,4.5,10.5,MODERATE GAP,124.56,0.17
2022,Arunachal Pradesh,Anjaw,15.0,4.5,10.5,MODERATE GAP,0.0,0.17
2022,Arunachal Pradesh,Changlang,15.0,4.5,10.5,MODERATE GAP,1.17,0.17
2022,Arunachal Pradesh,Crime Branch,15.0,4.5,10.5,MODERATE GAP,0.0,0.17
2022,Arunachal Pradesh,Dibang Valley,15.0,4.5,10.5,MODERATE GAP,0.0,0.17
2022,Arunachal Pradesh,Kameng East,15.0,4.5,10.5,MODERATE GAP,7.07,0.17
2022,Arunachal Pradesh,Kameng West,15.0,4.5,10.5,MODERATE GAP,0.88,0.17
2022,Arunachal Pradesh,Kurung Kumey,15.0,4.5,10.5,MODERATE GAP,0.0,0.17
2022,Arunachal Pradesh,Lohit,15.0,4.5,10.5,MODERATE GAP,1.19,0.17
2022,Arunachal Pradesh,Longding,15.0,4.5,10.5,MODERATE GAP,0.88,0.17
2022,Arunachal Pradesh,Lower Dibang Valley,15.0,4.5,10.5,MODERATE GAP,0.0,0.17
2022,Arunachal Pradesh,Papum Pare City,15.0,4.5,10.5,MODERATE GAP,37.92,0.17
2022,Arunachal Pradesh,Papum Pare Rural,15.0,4.5,10.5,MODERATE GAP,0.0,0.17
2022,Arunachal Pradesh,Siang East,15.0,4.5,10.5,MODERATE GAP,0.88,0.17
2022,Arunachal Pradesh,Siang Upper,15.0,4.5,10.5,MODERATE GAP,0.88,0.17
2022,Arunachal Pradesh,Siang West,15.0,4.5,10.5,MODERATE GAP,7.07,0.17
2022,Arunachal Pradesh,Subansiri Lower,15.0,4.5,10.5,MODERATE GAP,2.65,0.17
2022,Arunachal Pradesh,Subansiri Upper,15.0,4.5,10.5,MODERATE GAP,2.65,0.17
2022,Arunachal Pradesh,Tawang,15.0,4.5,10.5,MODERATE GAP,3.48,0.17
2022,Arunachal Pradesh,Tirap,15.0,4.5,10.5,MODERATE GAP,0.78,0.17
2022,Arunachal Pradesh,Namsai,15.0,4.5,10.5,MODERATE GAP,0.88,0.17
2022,Arunachal Pradesh,Siang,15.0,4.5,10.5,MODERATE GAP,1.77,0.17
2022,Arunachal Pradesh,Kamle,15.0,4.5,10.5,MODERATE GAP,0.0,0.17
2022,Arunachal Pradesh,Kra Dadi,15.0,4.5,10.5,MODERATE GAP,0.0,0.17
2022,Arunachal Pradesh,Lower Siang,15.0,4.5,10.5,MODERATE GAP,2.65,0.17
2022,Arunachal Pradesh,Leparada,15.0,4.5,10.5,MODERATE GAP,0.88,0.17
2022,Arunachal Pradesh,Shiyomi,15.0,4.5,10.5,MODERATE GAP,0.88,0.17
2022,Arunachal Pradesh,Pakkessang,15.0,4.5,10.5,MODERATE GAP,0.0,0.17
2022,Arunachal Pradesh,Total Districts ,15.0,4.5,10.5,MODERATE GAP,104.24,0.17
2023,Arunachal Pradesh,Anjaw,15.0,4.5,10.5,MODERATE GAP,4.11,0.17
2023,Arunachal Pradesh,Changlang,15.0,4.5,10.5,MODERATE GAP,2.35,0.17
2023,Arunachal Pradesh,Crime Branch,15.0,4.5,10.5,MODERATE GAP,0.0,0.17
2023,Arunachal Pradesh,Dibang Valley,15.0,4.5,10.5,MODERATE GAP,0.0,0.17
2023,Arunachal Pradesh,Kameng East,15.0,4.5,10.5,MODERATE GAP,4.42,0.17
2023,Arunachal Pradesh,Kameng West,15.0,4.5,10.5,MODERATE GAP,2.65,0.17
2023,Arunachal Pradesh,Kurung Kumey,15.0,4.5,10.5,MODERATE GAP,0.94,0.17
2023,Arunachal Pradesh,Lohit,15.0,4.5,10.5,MODERATE GAP,0.6,0.17
2023,Arunachal Pradesh,Longding,15.0,4.5,10.5,MODERATE GAP,1.77,0.17
2023,Arunachal Pradesh,Lower Dibang Valley,15.0,4.5,10.5,MODERATE GAP,1.61,0.17
2023,Arunachal Pradesh,Papum Pare City,15.0,4.5,10.5,MODERATE GAP,25.61,0.17
2023,Arunachal Pradesh,Papum Pare Rural,15.0,4.5,10.5,MODERATE GAP,0.0,0.17
2023,Arunachal Pradesh,Siang East,15.0,4.5,10.5,MODERATE GAP,5.3,0.17
2023,Arunachal Pradesh,Siang Upper,15.0,4.5,10.5,MODERATE GAP,0.88,0.17
2023,Arunachal Pradesh,Siang West,15.0,4.5,10.5,MODERATE GAP,7.07,0.17
2023,Arunachal Pradesh,Subansiri Lower,15.0,4.5,10.5,MODERATE GAP,0.0,0.17
2023,Arunachal Pradesh,Subansiri Upper,15.0,4.5,10.5,MODERATE GAP,2.65,0.17
2023,Arunachal Pradesh,Tawang,15.0,4.5,10.5,MODERATE GAP,0.0,0.17
2023,Arunachal Pradesh,Tirap,15.0,4.5,10.5,MODERATE GAP,0.0,0.17
2023,Arunachal Pradesh,Namsai,15.0,4.5,10.5,MODERATE GAP,0.0,0.17
2023,Arunachal Pradesh,Siang,15.0,4.5,10.5,MODERATE GAP,1.77,0.17
2023,Arunachal Pradesh,Kamle,15.0,4.5,10.5,MODERATE GAP,0.88,0.17
2023,Arunachal Pradesh,Kra Dadi,15.0,4.5,10.5,MODERATE GAP,0.0,0.17
2023,Arunachal Pradesh,Lower Siang,15.0,4.5,10.5,MODERATE GAP,0.88,0.17
2023,Arunachal Pradesh,Leparada,15.0,4.5,10.5,MODERATE GAP,0.88,0.17
2023,Arunachal Pradesh,Shiyomi,15.0,4.5,10.5,MODERATE GAP,0.88,0.17
2023,Arunachal Pradesh,Pakkessang,15.0,4.5,10.5,MODERATE GAP,0.0,0.17
2023,Arunachal Pradesh,Total Districts ,15.0,4.5,10.5,MODERATE GAP,83.04,0.17
2024,Arunachal Pradesh,Anjaw,15.0,4.5,10.5,MODERATE GAP,0.0,0.17
2024,Arunachal Pradesh,Changlang,15.0,4.5,10.5,MODERATE GAP,2.35,0.17
2024,Arunachal Pradesh,Crime Branch,15.0,4.5,10.5,MODERATE GAP,0.0,0.17
2024,Arunachal Pradesh,Dibang Valley,15.0,4.5,10.5,MODERATE GAP,0.0,0.17
2024,Arunachal Pradesh,Kameng East,15.0,4.5,10.5,MODERATE GAP,9.72,0.17
2024,Arunachal Pradesh,Kameng West,15.0,4.5,10.5,MODERATE GAP,6.18,0.17
2024,Arunachal Pradesh,Kurung Kumey,15.0,4.5,10.5,MODERATE GAP,0.0,0.17
2024,Arunachal Pradesh,Lohit,15.0,4.5,10.5,MODERATE GAP,1.79,0.17
2024,Arunachal Pradesh,Longding,15.0,4.5,10.5,MODERATE GAP,3.53,0.17
2024,Arunachal Pradesh,Lower Dibang Valley,15.0,4.5,10.5,MODERATE GAP,6.43,0.17
2024,Arunachal Pradesh,Papum Pare City,15.0,4.5,10.5,MODERATE GAP,7.88,0.17
2024,Arunachal Pradesh,Papum Pare Rural,15.0,4.5,10.5,MODERATE GAP,0.0,0.17
2024,Arunachal Pradesh,Siang East,15.0,4.5,10.5,MODERATE GAP,20.32,0.17
2024,Arunachal Pradesh,Siang Upper,15.0,4.5,10.5,MODERATE GAP,3.53,0.17
2024,Arunachal Pradesh,Siang West,15.0,4.5,10.5,MODERATE GAP,7.07,0.17
2024,Arunachal Pradesh,Subansiri Lower,15.0,4.5,10.5,MODERATE GAP,0.0,0.17
2024,Arunachal Pradesh,Subansiri Upper,15.0,4.5,10.5,MODERATE GAP,7.95,0.17
2024,Arunachal Pradesh,Tawang,15.0,4.5,10.5,MODERATE GAP,3.48,0.17
2024,Arunachal Pradesh,Tirap,15.0,4.5,10.5,MODERATE GAP,0.78,0.17
2024,Arunachal Pradesh,Namsai,15.0,4.5,10.5,MODERATE GAP,5.3,0.17
2024,Arunachal Pradesh,Siang,15.0,4.5,10.5,MODERATE GAP,2.65,0.17
2024,Arunachal Pradesh,Kamle,15.0,4.5,10.5,MODERATE GAP,2.65,0.17
2024,Arunachal Pradesh,Kra Dadi,15.0,4.5,10.5,MODERATE GAP,0.0,0.17
2024,Arunachal Pradesh,Lower Siang,15.0,4.5,10.5,MODERATE GAP,1.77,0.17
2024,Arunachal Pradesh,Leparada,15.0,4.5,10.5,MODERATE GAP,0.88,0.17
2024,Arunachal Pradesh,Shiyomi,15.0,4.5,10.5,MODERATE GAP,0.0,0.17
2024,Arunachal Pradesh,Pakkessang,15.0,4.5,10.5,MODERATE GAP,1.77,0.17
2024,Arunachal Pradesh,Total Districts ,15.0,4.5,10.5,MODERATE GAP,99.82,0.17
2021,Meghalaya,Garo Hills East,12.7,5.0,7.7,LOW GAP,2.02,0.18
2021,Meghalaya,Garo Hills North,12.7,5.0,7.7,LOW GAP,1.34,0.18
2021,Meghalaya,Garo Hills South,12.7,5.0,7.7,LOW GAP,1.34,0.18
2021,Meghalaya,Garo Hills South West,12.7,5.0,7.7,LOW GAP,0.0,0.18
2021,Meghalaya,Garo Hills West,12.7,5.0,7.7,LOW GAP,6.05,0.18
2021,Meghalaya,Jaintia Hills West,12.7,5.0,7.7,LOW GAP,2.02,0.18
2021,Meghalaya,Jaintia Hills East,12.7,5.0,7.7,LOW GAP,5.04,0.18
2021,Meghalaya,Khasi Hills East,12.7,5.0,7.7,LOW GAP,9.41,0.18
2021,Meghalaya,Khasi Hills South West,12.7,5.0,7.7,LOW GAP,0.67,0.18
2021,Meghalaya,Khasi Hills West,12.7,5.0,7.7,LOW GAP,3.36,0.18
2021,Meghalaya,Ri-Bhoi,12.7,5.0,7.7,LOW GAP,2.02,0.18
2021,Meghalaya,Cyber Cell,12.7,5.0,7.7,LOW GAP,0.0,0.18
2021,Meghalaya,Total Districts ,12.7,5.0,7.7,LOW GAP,33.26,0.18
2022,Meghalaya,Garo Hills East,12.7,5.0,7.7,LOW GAP,2.02,0.18
2022,Meghalaya,Garo Hills North,12.7,5.0,7.7,LOW GAP,1.01,0.18
2022,Meghalaya,Garo Hills South,12.7,5.0,7.7,LOW GAP,1.01,0.18
2022,Meghalaya,Garo Hills South West,12.7,5.0,7.7,LOW GAP,0.34,0.18
2022,Meghalaya,Garo Hills West,12.7,5.0,7.7,LOW GAP,7.39,0.18
2022,Meghalaya,Jaintia Hills West,12.7,5.0,7.7,LOW GAP,2.69,0.18
2022,Meghalaya,Jaintia Hills East,12.7,5.0,7.7,LOW GAP,1.68,0.18
2022,Meghalaya,Khasi Hills East,12.7,5.0,7.7,LOW GAP,9.41,0.18
2022,Meghalaya,Khasi Hills South West,12.7,5.0,7.7,LOW GAP,0.67,0.18
2022,Meghalaya,Khasi Hills West,12.7,5.0,7.7,LOW GAP,3.36,0.18
2022,Meghalaya,Ri-Bhoi,12.7,5.0,7.7,LOW GAP,3.7,0.18
2022,Meghalaya,Cyber Cell,12.7,5.0,7.7,LOW GAP,0.0,0.18
2022,Meghalaya,Khasi Hills Eastern West,12.7,5.0,7.7,LOW GAP,1.01,0.18
2022,Meghalaya,Total Districts ,12.7,5.0,7.7,LOW GAP,34.27,0.18
2023,Meghalaya,Garo Hills East,12.7,5.0,7.7,LOW GAP,0.34,0.18
2023,Meghalaya,Garo Hills North,12.7,5.0,7.7,LOW GAP,0.0,0.18
2023,Meghalaya,Garo Hills South,12.7,5.0,7.7,LOW GAP,1.01,0.18
2023,Meghalaya,Garo Hills South West,12.7,5.0,7.7,LOW GAP,0.0,0.18
2023,Meghalaya,Garo Hills West,12.7,5.0,7.7,LOW GAP,1.68,0.18
2023,Meghalaya,Jaintia Hills West,12.7,5.0,7.7,LOW GAP,4.03,0.18
2023,Meghalaya,Jaintia Hills East,12.7,5.0,7.7,LOW GAP,2.35,0.18
2023,Meghalaya,Khasi Hills East,12.7,5.0,7.7,LOW GAP,9.41,0.18
2023,Meghalaya,Khasi Hills South West,12.7,5.0,7.7,LOW GAP,0.34,0.18
2023,Meghalaya,Khasi Hills West,12.7,5.0,7.7,LOW GAP,4.03,0.18
2023,Meghalaya,Ri-Bhoi,12.7,5.0,7.7,LOW GAP,3.7,0.18
2023,Meghalaya,Cyber Cell,12.7,5.0,7.7,LOW GAP,0.0,0.18
2023,Meghalaya,Khasi Hills Eastern West,12.7,5.0,7.7,LOW GAP,0.0,0.18
2023,Meghalaya,Total Districts ,12.7,5.0,7.7,LOW GAP,26.88,0.18
2024,Meghalaya,Garo Hills East,12.7,5.0,7.7,LOW GAP,1.68,0.18
2024,Meghalaya,Garo Hills North,12.7,5.0,7.7,LOW GAP,0.67,0.18
2024,Meghalaya,Garo Hills South,12.7,5.0,7.7,LOW GAP,1.34,0.18
2024,Meghalaya,Garo Hills South West,12.7,5.0,7.7,LOW GAP,0.67,0.18
2024,Meghalaya,Garo Hills West,12.7,5.0,7.7,LOW GAP,5.71,0.18
2024,Meghalaya,Jaintia Hills West,12.7,5.0,7.7,LOW GAP,2.02,0.18
2024,Meghalaya,Jaintia Hills East,12.7,5.0,7.7,LOW GAP,3.36,0.18
2024,Meghalaya,Khasi Hills East,12.7,5.0,7.7,LOW GAP,10.41,0.18
2024,Meghalaya,Khasi Hills South West,12.7,5.0,7.7,LOW GAP,0.0,0.18
2024,Meghalaya,Khasi Hills West,12.7,5.0,7.7,LOW GAP,0.67,0.18
2024,Meghalaya,Ri-Bhoi,12.7,5.0,7.7,LOW GAP,7.39,0.18
2024,Meghalaya,Cyber Cell,12.7,5.0,7.7,LOW GAP,0.0,0.18
2024,Meghalaya,Khasi Hills Eastern West,12.7,5.0,7.7,LOW GAP,4.03,0.18
2024,Meghalaya,Total Districts ,12.7,5.0,7.7,LOW GAP,37.96,0.18
2021,Delhi,Central,12.5,5.3,7.2,LOW GAP,28.97,0.06
2021,Delhi,Crime Branch,12.5,5.3,7.2,LOW GAP,0.0,0.06
2021,Delhi,East,12.5,5.3,7.2,LOW GAP,17.86,0.06
2021,Delhi,East,12.5,5.3,7.2,LOW GAP,107.63,0.06
2021,Delhi,EOW,12.5,5.3,7.2,LOW GAP,0.0,0.06
2021,Delhi,IGI Airport,12.5,5.3,7.2,LOW GAP,0.09,0.06
2021,Delhi,Metro,12.5,5.3,7.2,LOW GAP,0.09,0.06
2021,Delhi,New Delhi,12.5,5.3,7.2,LOW GAP,13.47,0.06
2021,Delhi,North,12.5,5.3,7.2,LOW GAP,29.77,0.06
2021,Delhi,North,12.5,5.3,7.2,LOW GAP,604.79,0.06
2021,Delhi,North-East,12.5,5.3,7.2,LOW GAP,53.83,0.06
2021,Delhi,North-West,12.5,5.3,7.2,LOW GAP,36.55,0.06
2021,Delhi,Outer,12.5,5.3,7.2,LOW GAP,29.65,0.06
2021,Delhi,RAILWAY,12.5,5.3,7.2,LOW GAP,0.0,0.06
2021,Delhi,South,12.5,5.3,7.2,LOW GAP,14.93,0.06
2021,Delhi,South,12.5,5.3,7.2,LOW GAP,277.72,0.06
2021,Delhi,South-East,12.5,5.3,7.2,LOW GAP,35.7,0.06
2021,Delhi,South-West,12.5,5.3,7.2,LOW GAP,27.39,0.06
2021,Delhi,Spl Cell,12.5,5.3,7.2,LOW GAP,0.0,0.06
2021,Delhi,SPUWAC,12.5,5.3,7.2,LOW GAP,5.86,0.06
2021,Delhi,Vigilance,12.5,5.3,7.2,LOW GAP,0.0,0.06
2021,Delhi,West,12.5,5.3,7.2,LOW GAP,19.11,0.06
2021,Delhi,West,12.5,5.3,7.2,LOW GAP,356.28,0.06
2021,Delhi,Rohini,12.5,5.3,7.2,LOW GAP,45.14,0.06
2021,Delhi,Shahdara,12.5,5.3,7.2,LOW GAP,45.99,0.06
2021,Delhi,Dwarka,12.5,5.3,7.2,LOW GAP,88.3,0.06
2021,Delhi,Outer North,12.5,5.3,7.2,LOW GAP,30.41,0.06
2021,Delhi,Total Districts ,12.5,5.3,7.2,LOW GAP,578.36,0.06
2022,Delhi,Central,12.5,5.3,7.2,LOW GAP,40.32,0.06
2022,Delhi,Crime Branch,12.5,5.3,7.2,LOW GAP,0.0,0.06
2022,Delhi,East,12.5,5.3,7.2,LOW GAP,22.49,0.06
2022,Delhi,East,12.5,5.3,7.2,LOW GAP,135.53,0.06
2022,Delhi,EOW,12.5,5.3,7.2,LOW GAP,0.0,0.06
2022,Delhi,IGI Airport,12.5,5.3,7.2,LOW GAP,0.38,0.06
2022,Delhi,Metro,12.5,5.3,7.2,LOW GAP,0.19,0.06
2022,Delhi,New Delhi,12.5,5.3,7.2,LOW GAP,18.98,0.06
2022,Delhi,North,12.5,5.3,7.2,LOW GAP,33.0,0.06
2022,Delhi,North,12.5,5.3,7.2,LOW GAP,670.45,0.06
2022,Delhi,North-East,12.5,5.3,7.2,LOW GAP,50.15,0.06
2022,Delhi,North-West,12.5,5.3,7.2,LOW GAP,30.13,0.06
2022,Delhi,Outer,12.5,5.3,7.2,LOW GAP,41.84,0.06
2022,Delhi,RAILWAY,12.5,5.3,7.2,LOW GAP,0.19,0.06
2022,Delhi,South,12.5,5.3,7.2,LOW GAP,20.28,0.06
2022,Delhi,South,12.5,5.3,7.2,LOW GAP,377.2,0.06
2022,Delhi,South-East,12.5,5.3,7.2,LOW GAP,45.8,0.06
2022,Delhi,South-West,12.5,5.3,7.2,LOW GAP,29.94,0.06
2022,Delhi,Spl Cell,12.5,5.3,7.2,LOW GAP,0.0,0.06
2022,Delhi,SPUWAC,12.5,5.3,7.2,LOW GAP,4.53,0.06
2022,Delhi,Vigilance,12.5,5.3,7.2,LOW GAP,0.0,0.06
2022,Delhi,West,12.5,5.3,7.2,LOW GAP,16.21,0.06
2022,Delhi,West,12.5,5.3,7.2,LOW GAP,302.1,0.06
2022,Delhi,Rohini,12.5,5.3,7.2,LOW GAP,50.72,0.06
2022,Delhi,Shahdara,12.5,5.3,7.2,LOW GAP,40.23,0.06
2022,Delhi,Dwarka,12.5,5.3,7.2,LOW GAP,54.3,0.06
2022,Delhi,Outer North,12.5,5.3,7.2,LOW GAP,34.38,0.06
2022,Delhi,Total Districts ,12.5,5.3,7.2,LOW GAP,589.7,0.06
2023,Delhi,Central,12.5,5.3,7.2,LOW GAP,35.69,0.06
2023,Delhi,Crime Branch,12.5,5.3,7.2,LOW GAP,0.0,0.06
2023,Delhi,East,12.5,5.3,7.2,LOW GAP,16.18,0.06
2023,Delhi,East,12.5,5.3,7.2,LOW GAP,97.51,0.06
2023,Delhi,EOW,12.5,5.3,7.2,LOW GAP,0.0,0.06
2023,Delhi,IGI Airport,12.5,5.3,7.2,LOW GAP,0.47,0.06
2023,Delhi,Metro,12.5,5.3,7.2,LOW GAP,0.09,0.06
2023,Delhi,New Delhi,12.5,5.3,7.2,LOW GAP,17.15,0.06
2023,Delhi,North,12.5,5.3,7.2,LOW GAP,24.58,0.06
2023,Delhi,North,12.5,5.3,7.2,LOW GAP,499.35,0.06
2023,Delhi,North-East,12.5,5.3,7.2,LOW GAP,46.37,0.06
2023,Delhi,North-West,12.5,5.3,7.2,LOW GAP,36.64,0.06
2023,Delhi,Outer,12.5,5.3,7.2,LOW GAP,38.72,0.06
2023,Delhi,RAILWAY,12.5,5.3,7.2,LOW GAP,0.0,0.06
2023,Delhi,South,12.5,5.3,7.2,LOW GAP,13.85,0.06
2023,Delhi,South,12.5,5.3,7.2,LOW GAP,257.58,0.06
2023,Delhi,South-East,12.5,5.3,7.2,LOW GAP,42.88,0.06
2023,Delhi,South-West,12.5,5.3,7.2,LOW GAP,24.37,0.06
2023,Delhi,Spl Cell,12.5,5.3,7.2,LOW GAP,0.0,0.06
2023,Delhi,SPUWAC,12.5,5.3,7.2,LOW GAP,10.48,0.06
2023,Delhi,Vigilance,12.5,5.3,7.2,LOW GAP,0.0,0.06
2023,Delhi,West,12.5,5.3,7.2,LOW GAP,13.81,0.06
2023,Delhi,West,12.5,5.3,7.2,LOW GAP,257.49,0.06
2023,Delhi,Rohini,12.5,5.3,7.2,LOW GAP,34.28,0.06
2023,Delhi,Shahdara,12.5,5.3,7.2,LOW GAP,33.43,0.06
2023,Delhi,Dwarka,12.5,5.3,7.2,LOW GAP,58.27,0.06
2023,Delhi,Outer North,12.5,5.3,7.2,LOW GAP,30.32,0.06
2023,Delhi,Total Districts ,12.5,5.3,7.2,LOW GAP,514.52,0.06
2024,Delhi,Central,12.5,5.3,7.2,LOW GAP,23.89,0.06
2024,Delhi,Crime Branch,12.5,5.3,7.2,LOW GAP,0.0,0.06
2024,Delhi,East,12.5,5.3,7.2,LOW GAP,9.61,0.06
2024,Delhi,East,12.5,5.3,7.2,LOW GAP,57.95,0.06
2024,Delhi,EOW,12.5,5.3,7.2,LOW GAP,0.0,0.06
2024,Delhi,IGI Airport,12.5,5.3,7.2,LOW GAP,0.94,0.06
2024,Delhi,Metro,12.5,5.3,7.2,LOW GAP,0.19,0.06
2024,Delhi,New Delhi,12.5,5.3,7.2,LOW GAP,15.31,0.06
2024,Delhi,North,12.5,5.3,7.2,LOW GAP,12.83,0.06
2024,Delhi,North,12.5,5.3,7.2,LOW GAP,260.62,0.06
2024,Delhi,North-East,12.5,5.3,7.2,LOW GAP,13.69,0.06
2024,Delhi,North-West,12.5,5.3,7.2,LOW GAP,10.77,0.06
2024,Delhi,Outer,12.5,5.3,7.2,LOW GAP,13.88,0.06
2024,Delhi,RAILWAY,12.5,5.3,7.2,LOW GAP,0.85,0.06
2024,Delhi,South,12.5,5.3,7.2,LOW GAP,5.51,0.06
2024,Delhi,South,12.5,5.3,7.2,LOW GAP,102.44,0.06
2024,Delhi,South-East,12.5,5.3,7.2,LOW GAP,18.7,0.06
2024,Delhi,South-West,12.5,5.3,7.2,LOW GAP,15.68,0.06
2024,Delhi,Spl Cell,12.5,5.3,7.2,LOW GAP,0.0,0.06
2024,Delhi,SPUWAC,12.5,5.3,7.2,LOW GAP,0.0,0.06
2024,Delhi,Vigilance,12.5,5.3,7.2,LOW GAP,0.0,0.06
2024,Delhi,West,12.5,5.3,7.2,LOW GAP,3.86,0.06
2024,Delhi,West,12.5,5.3,7.2,LOW GAP,72.02,0.06
2024,Delhi,Rohini,12.5,5.3,7.2,LOW GAP,12.09,0.06
2024,Delhi,Shahdara,12.5,5.3,7.2,LOW GAP,12.66,0.06
2024,Delhi,Dwarka,12.5,5.3,7.2,LOW GAP,18.7,0.06
2024,Delhi,Outer North,12.5,5.3,7.2,LOW GAP,14.36,0.06
2024,Delhi,Total Districts ,12.5,5.3,7.2,LOW GAP,207.21,0.06
2021,Punjab,Amritsar Rural,11.0,5.5,5.5,LOW GAP,2.41,0.06
2021,Punjab,Barnala,11.0,5.5,5.5,LOW GAP,3.8,0.06
2021,Punjab,Batala,11.0,5.5,5.5,LOW GAP,4.28,0.06
2021,Punjab,Bathinda,11.0,5.5,5.5,LOW GAP,5.51,0.06
2021,Punjab,CP Amritsar,11.0,5.5,5.5,LOW GAP,7.19,0.06
2021,Punjab,CP Jalandhar,11.0,5.5,5.5,LOW GAP,9.21,0.06
2021,Punjab,CP Ludhiana,11.0,5.5,5.5,LOW GAP,11.94,0.06
2021,Punjab,Faridkot,11.0,5.5,5.5,LOW GAP,5.91,0.06
2021,Punjab,Fatehgarh Sahib,11.0,5.5,5.5,LOW GAP,5.36,0.06
2021,Punjab,Fazilka,11.0,5.5,5.5,LOW GAP,5.76,0.06
2021,Punjab,Ferozepur,11.0,5.5,5.5,LOW GAP,3.74,0.06
2021,Punjab,GRP,11.0,5.5,5.5,LOW GAP,0.12,0.06
2021,Punjab,Gurdaspur,11.0,5.5,5.5,LOW GAP,2.95,0.06
2021,Punjab,Hoshiarpur,11.0,5.5,5.5,LOW GAP,6.47,0.06
2021,Punjab,Jalandhar Rural,11.0,5.5,5.5,LOW GAP,2.85,0.06
2021,Punjab,Kapurthala,11.0,5.5,5.5,LOW GAP,6.83,0.06
2021,Punjab,Khanna,11.0,5.5,5.5,LOW GAP,2.97,0.06
2021,Punjab,Ludhiana Rural,11.0,5.5,5.5,LOW GAP,1.04,0.06
2021,Punjab,Mansa,11.0,5.5,5.5,LOW GAP,4.29,0.06
2021,Punjab,Moga,11.0,5.5,5.5,LOW GAP,2.1,0.06
2021,Punjab,Muktsar,11.0,5.5,5.5,LOW GAP,3.28,0.06
2021,Punjab,Pathankot,11.0,5.5,5.5,LOW GAP,2.97,0.06
2021,Punjab,Patiala,11.0,5.5,5.5,LOW GAP,7.29,0.06
2021,Punjab,Ropar,11.0,5.5,5.5,LOW GAP,3.15,0.06
2021,Punjab,Sangrur,11.0,5.5,5.5,LOW GAP,3.31,0.06
2021,Punjab,SAS Nagar,11.0,5.5,5.5,LOW GAP,9.21,0.06
2021,Punjab,SBS Nagar,11.0,5.5,5.5,LOW GAP,5.23,0.06
2021,Punjab,Tarn Taran,11.0,5.5,5.5,LOW GAP,3.34,0.06
2021,Punjab,Bureau of Investigation,11.0,5.5,5.5,LOW GAP,0.0,0.06
2021,Punjab,Intelligence Wing,11.0,5.5,5.5,LOW GAP,0.0,0.06
2021,Punjab,NRI Wing,11.0,5.5,5.5,LOW GAP,5.94,0.06
2021,Punjab,Special Task Force,11.0,5.5,5.5,LOW GAP,0.0,0.06
2021,Punjab,Malerkotla,11.0,5.5,5.5,LOW GAP,2.2,0.06
2021,Punjab,Total Districts ,11.0,5.5,5.5,LOW GAP,133.12,0.06
2022,Punjab,Amritsar Rural,11.0,5.5,5.5,LOW GAP,2.02,0.06
2022,Punjab,Barnala,11.0,5.5,5.5,LOW GAP,4.38,0.06
2022,Punjab,Batala,11.0,5.5,5.5,LOW GAP,3.45,0.06
2022,Punjab,Bathinda,11.0,5.5,5.5,LOW GAP,7.89,0.06
2022,Punjab,CP Amritsar,11.0,5.5,5.5,LOW GAP,4.57,0.06
2022,Punjab,CP Jalandhar,11.0,5.5,5.5,LOW GAP,9.03,0.06
2022,Punjab,CP Ludhiana,11.0,5.5,5.5,LOW GAP,16.75,0.06
2022,Punjab,Faridkot,11.0,5.5,5.5,LOW GAP,2.82,0.06
2022,Punjab,Fatehgarh Sahib,11.0,5.5,5.5,LOW GAP,8.26,0.06
2022,Punjab,Fazilka,11.0,5.5,5.5,LOW GAP,5.11,0.06
2022,Punjab,Ferozepur,11.0,5.5,5.5,LOW GAP,2.49,0.06
2022,Punjab,GRP,11.0,5.5,5.5,LOW GAP,0.0,0.06
2022,Punjab,Gurdaspur,11.0,5.5,5.5,LOW GAP,2.95,0.06
2022,Punjab,Hoshiarpur,11.0,5.5,5.5,LOW GAP,7.02,0.06
2022,Punjab,Jalandhar Rural,11.0,5.5,5.5,LOW GAP,3.33,0.06
2022,Punjab,Kapurthala,11.0,5.5,5.5,LOW GAP,6.08,0.06
2022,Punjab,Khanna,11.0,5.5,5.5,LOW GAP,2.26,0.06
2022,Punjab,Ludhiana Rural,11.0,5.5,5.5,LOW GAP,1.19,0.06
2022,Punjab,Mansa,11.0,5.5,5.5,LOW GAP,5.08,0.06
2022,Punjab,Moga,11.0,5.5,5.5,LOW GAP,3.67,0.06
2022,Punjab,Muktsar,11.0,5.5,5.5,LOW GAP,3.47,0.06
2022,Punjab,Pathankot,11.0,5.5,5.5,LOW GAP,2.85,0.06
2022,Punjab,Patiala,11.0,5.5,5.5,LOW GAP,8.49,0.06
2022,Punjab,Ropar,11.0,5.5,5.5,LOW GAP,2.08,0.06
2022,Punjab,Sangrur,11.0,5.5,5.5,LOW GAP,3.1,0.06
2022,Punjab,SAS Nagar,11.0,5.5,5.5,LOW GAP,10.81,0.06
2022,Punjab,SBS Nagar,11.0,5.5,5.5,LOW GAP,2.91,0.06
2022,Punjab,Tarn Taran,11.0,5.5,5.5,LOW GAP,2.87,0.06
2022,Punjab,Bureau of Investigation,11.0,5.5,5.5,LOW GAP,0.06,0.06
2022,Punjab,Intelligence Wing,11.0,5.5,5.5,LOW GAP,0.0,0.06
2022,Punjab,NRI Wing,11.0,5.5,5.5,LOW GAP,2.79,0.06
2022,Punjab,Special Task Force,11.0,5.5,5.5,LOW GAP,0.0,0.06
2022,Punjab,Malerkotla,11.0,5.5,5.5,LOW GAP,2.61,0.06
2022,Punjab,Total Districts ,11.0,5.5,5.5,LOW GAP,132.52,0.06
2023,Punjab,Amritsar Rural,11.0,5.5,5.5,LOW GAP,2.2,0.06
2023,Punjab,Barnala,11.0,5.5,5.5,LOW GAP,4.23,0.06
2023,Punjab,Batala,11.0,5.5,5.5,LOW GAP,2.44,0.06
2023,Punjab,Bathinda,11.0,5.5,5.5,LOW GAP,6.26,0.06
2023,Punjab,CP Amritsar,11.0,5.5,5.5,LOW GAP,7.42,0.06
2023,Punjab,CP Jalandhar,11.0,5.5,5.5,LOW GAP,7.96,0.06
2023,Punjab,CP Ludhiana,11.0,5.5,5.5,LOW GAP,9.03,0.06
2023,Punjab,Faridkot,11.0,5.5,5.5,LOW GAP,3.24,0.06
2023,Punjab,Fatehgarh Sahib,11.0,5.5,5.5,LOW GAP,7.24,0.06
2023,Punjab,Fazilka,11.0,5.5,5.5,LOW GAP,6.59,0.06
2023,Punjab,Ferozepur,11.0,5.5,5.5,LOW GAP,3.15,0.06
2023,Punjab,GRP,11.0,5.5,5.5,LOW GAP,0.06,0.06
2023,Punjab,Gurdaspur,11.0,5.5,5.5,LOW GAP,2.53,0.06
2023,Punjab,Hoshiarpur,11.0,5.5,5.5,LOW GAP,7.34,0.06
2023,Punjab,Jalandhar Rural,11.0,5.5,5.5,LOW GAP,2.85,0.06
2023,Punjab,Kapurthala,11.0,5.5,5.5,LOW GAP,4.8,0.06
2023,Punjab,Khanna,11.0,5.5,5.5,LOW GAP,1.96,0.06
2023,Punjab,Ludhiana Rural,11.0,5.5,5.5,LOW GAP,0.8,0.06
2023,Punjab,Mansa,11.0,5.5,5.5,LOW GAP,4.29,0.06
2023,Punjab,Moga,11.0,5.5,5.5,LOW GAP,3.84,0.06
2023,Punjab,Muktsar,11.0,5.5,5.5,LOW GAP,1.35,0.06
2023,Punjab,Pathankot,11.0,5.5,5.5,LOW GAP,1.01,0.06
2023,Punjab,Patiala,11.0,5.5,5.5,LOW GAP,8.49,0.06
2023,Punjab,Ropar,11.0,5.5,5.5,LOW GAP,4.16,0.06
2023,Punjab,Sangrur,11.0,5.5,5.5,LOW GAP,3.99,0.06
2023,Punjab,SAS Nagar,11.0,5.5,5.5,LOW GAP,10.45,0.06
2023,Punjab,SBS Nagar,11.0,5.5,5.5,LOW GAP,2.14,0.06
2023,Punjab,Tarn Taran,11.0,5.5,5.5,LOW GAP,2.64,0.06
2023,Punjab,Bureau of Investigation,11.0,5.5,5.5,LOW GAP,0.06,0.06
2023,Punjab,Intelligence Wing,11.0,5.5,5.5,LOW GAP,0.0,0.06
2023,Punjab,NRI Wing,11.0,5.5,5.5,LOW GAP,2.44,0.06
2023,Punjab,Special Task Force,11.0,5.5,5.5,LOW GAP,0.0,0.06
2023,Punjab,Malerkotla,11.0,5.5,5.5,LOW GAP,2.49,0.06
2023,Punjab,Cyber Crime Wing,11.0,5.5,5.5,LOW GAP,0.0,0.06
2023,Punjab,Total Districts ,11.0,5.5,5.5,LOW GAP,121.12,0.06
2024,Punjab,Amritsar Rural,11.0,5.5,5.5,LOW GAP,1.36,0.06
2024,Punjab,Barnala,11.0,5.5,5.5,LOW GAP,3.21,0.06
2024,Punjab,Batala,11.0,5.5,5.5,LOW GAP,1.25,0.06
2024,Punjab,Bathinda,11.0,5.5,5.5,LOW GAP,1.94,0.06
2024,Punjab,CP Amritsar,11.0,5.5,5.5,LOW GAP,4.4,0.06
2024,Punjab,CP Jalandhar,11.0,5.5,5.5,LOW GAP,1.54,0.06
2024,Punjab,CP Ludhiana,11.0,5.5,5.5,LOW GAP,3.92,0.06
2024,Punjab,Faridkot,11.0,5.5,5.5,LOW GAP,2.96,0.06
2024,Punjab,Fatehgarh Sahib,11.0,5.5,5.5,LOW GAP,1.16,0.06
2024,Punjab,Fazilka,11.0,5.5,5.5,LOW GAP,4.93,0.06
2024,Punjab,Ferozepur,11.0,5.5,5.5,LOW GAP,2.61,0.06
2024,Punjab,GRP,11.0,5.5,5.5,LOW GAP,0.12,0.06
2024,Punjab,Gurdaspur,11.0,5.5,5.5,LOW GAP,1.02,0.06
2024,Punjab,Hoshiarpur,11.0,5.5,5.5,LOW GAP,1.64,0.06
2024,Punjab,Jalandhar Rural,11.0,5.5,5.5,LOW GAP,0.87,0.06
2024,Punjab,Kapurthala,11.0,5.5,5.5,LOW GAP,3.41,0.06
2024,Punjab,Khanna,11.0,5.5,5.5,LOW GAP,0.95,0.06
2024,Punjab,Ludhiana Rural,11.0,5.5,5.5,LOW GAP,0.7,0.06
2024,Punjab,Mansa,11.0,5.5,5.5,LOW GAP,2.03,0.06
2024,Punjab,Moga,11.0,5.5,5.5,LOW GAP,3.14,0.06
2024,Punjab,Muktsar,11.0,5.5,5.5,LOW GAP,1.35,0.06
2024,Punjab,Pathankot,11.0,5.5,5.5,LOW GAP,0.59,0.06
2024,Punjab,Patiala,11.0,5.5,5.5,LOW GAP,3.35,0.06
2024,Punjab,Ropar,11.0,5.5,5.5,LOW GAP,1.13,0.06
2024,Punjab,Sangrur,11.0,5.5,5.5,LOW GAP,2.05,0.06
2024,Punjab,SAS Nagar,11.0,5.5,5.5,LOW GAP,8.14,0.06
2024,Punjab,SBS Nagar,11.0,5.5,5.5,LOW GAP,0.95,0.06
2024,Punjab,Tarn Taran,11.0,5.5,5.5,LOW GAP,1.55,0.06
2024,Punjab,Bureau of Investigation,11.0,5.5,5.5,LOW GAP,0.12,0.06
2024,Punjab,Intelligence Wing,11.0,5.5,5.5,LOW GAP,0.0,0.06
2024,Punjab,NRI Wing,11.0,5.5,5.5,LOW GAP,0.48,0.06
2024,Punjab,Special Task Force,11.0,5.5,5.5,LOW GAP,0.0,0.06
2024,Punjab,Malerkotla,11.0,5.5,5.5,LOW GAP,0.48,0.06
2024,Punjab,Cyber Crime Wing,11.0,5.5,5.5,LOW GAP,0.0,0.06
2024,Punjab,Total Districts ,11.0,5.5,5.5,LOW GAP,58.92,0.06
2021,Kerala,Alapuzha,9.9,7.0,2.9,LOW GAP,9.54,0.07
2021,Kerala,Ernakulam Commr.,9.9,7.0,2.9,LOW GAP,8.19,0.07
2021,Kerala,Ernakulam Rural,9.9,7.0,2.9,LOW GAP,8.93,0.07
2021,Kerala,Idukki,9.9,7.0,2.9,LOW GAP,11.21,0.07
2021,Kerala,Kannur City,9.9,7.0,2.9,LOW GAP,7.44,0.07
2021,Kerala,Kasargod,9.9,7.0,2.9,LOW GAP,8.33,0.07
2021,Kerala,Kollam Commr.,9.9,7.0,2.9,LOW GAP,9.81,0.07
2021,Kerala,Kollam Rural,9.9,7.0,2.9,LOW GAP,8.55,0.07
2021,Kerala,Kottayam,9.9,7.0,2.9,LOW GAP,8.63,0.07
2021,Kerala,Kozhikode Commr.,9.9,7.0,2.9,LOW GAP,11.87,0.07
2021,Kerala,Kozhikode Rural,9.9,7.0,2.9,LOW GAP,11.83,0.07
2021,Kerala,Malappuram,9.9,7.0,2.9,LOW GAP,15.18,0.07
2021,Kerala,Palakkad,9.9,7.0,2.9,LOW GAP,12.47,0.07
2021,Kerala,Pathanamthitta,9.9,7.0,2.9,LOW GAP,9.51,0.07
2021,Kerala,Railways,9.9,7.0,2.9,LOW GAP,0.07,0.07
2021,Kerala,Thrissur Commr.,9.9,7.0,2.9,LOW GAP,11.46,0.07
2021,Kerala,Thrissur Rural,9.9,7.0,2.9,LOW GAP,8.64,0.07
2021,Kerala,Trivandrum Commr.,9.9,7.0,2.9,LOW GAP,5.7,0.07
2021,Kerala,Trivandrum Rural,9.9,7.0,2.9,LOW GAP,12.07,0.07
2021,Kerala,Wayanadu,9.9,7.0,2.9,LOW GAP,6.64,0.07
2021,Kerala,Crime Branch,9.9,7.0,2.9,LOW GAP,0.07,0.07
2021,Kerala,Kannur Rural,9.9,7.0,2.9,LOW GAP,5.58,0.07
2021,Kerala,Total Districts ,9.9,7.0,2.9,LOW GAP,194.81,0.07
2022,Kerala,All Districts,9.9,7.0,2.9,LOW GAP,13.55,0.07
2022,Kerala,Alapuzha,9.9,7.0,2.9,LOW GAP,7.96,0.07
2022,Kerala,Ernakulam Commr.,9.9,7.0,2.9,LOW GAP,8.46,0.07
2022,Kerala,Ernakulam Rural,9.9,7.0,2.9,LOW GAP,10.38,0.07
2022,Kerala,Idukki,9.9,7.0,2.9,LOW GAP,11.13,0.07
2022,Kerala,Kannur City,9.9,7.0,2.9,LOW GAP,6.27,0.07
2022,Kerala,Kasargod,9.9,7.0,2.9,LOW GAP,5.46,0.07
2022,Kerala,Kollam Commr.,9.9,7.0,2.9,LOW GAP,13.25,0.07
2022,Kerala,Kollam Rural,9.9,7.0,2.9,LOW GAP,8.02,0.07
2022,Kerala,Kottayam,9.9,7.0,2.9,LOW GAP,8.72,0.07
2022,Kerala,Kozhikode Commr.,9.9,7.0,2.9,LOW GAP,12.94,0.07
2022,Kerala,Kozhikode Rural,9.9,7.0,2.9,LOW GAP,12.74,0.07
2022,Kerala,Malappuram,9.9,7.0,2.9,LOW GAP,14.93,0.07
2022,Kerala,Palakkad,9.9,7.0,2.9,LOW GAP,10.68,0.07
2022,Kerala,Pathanamthitta,9.9,7.0,2.9,LOW GAP,10.17,0.07
2022,Kerala,Railways,9.9,7.0,2.9,LOW GAP,0.0,0.07
2022,Kerala,Thrissur Rural,9.9,7.0,2.9,LOW GAP,8.27,0.07
2022,Kerala,Trivandrum Commr.,9.9,7.0,2.9,LOW GAP,5.26,0.07
2022,Kerala,Trivandrum Rural,9.9,7.0,2.9,LOW GAP,12.1,0.07
2022,Kerala,Wayanadu,9.9,7.0,2.9,LOW GAP,8.36,0.07
2022,Kerala,Crime Branch,9.9,7.0,2.9,LOW GAP,0.0,0.07
2022,Kerala,Kannur Rural,9.9,7.0,2.9,LOW GAP,4.72,0.07
2022,Kerala,Total Districts ,9.9,7.0,2.9,LOW GAP,196.36,0.07
2023,Kerala,Alapuzha,9.9,7.0,2.9,LOW GAP,9.61,0.07
2023,Kerala,Ernakulam Commr,9.9,7.0,2.9,LOW GAP,8.16,0.07
2023,Kerala,Ernakulam Rural,9.9,7.0,2.9,LOW GAP,10.6,0.07
2023,Kerala,Idukki,9.9,7.0,2.9,LOW GAP,7.92,0.07
2023,Kerala,Kannur City,9.9,7.0,2.9,LOW GAP,7.51,0.07
2023,Kerala,Kasargod,9.9,7.0,2.9,LOW GAP,4.25,0.07
2023,Kerala,Kollam Commr,9.9,7.0,2.9,LOW GAP,8.97,0.07
2023,Kerala,Kollam Rural,9.9,7.0,2.9,LOW GAP,7.09,0.07
2023,Kerala,Kottayam,9.9,7.0,2.9,LOW GAP,9.73,0.07
2023,Kerala,Kozhikode Commr,9.9,7.0,2.9,LOW GAP,10.35,0.07
2023,Kerala,Kozhikode Rural,9.9,7.0,2.9,LOW GAP,12.57,0.07
2023,Kerala,Malappuram,9.9,7.0,2.9,LOW GAP,14.29,0.07
2023,Kerala,Palakkad,9.9,7.0,2.9,LOW GAP,12.07,0.07
2023,Kerala,Pathanamthitta,9.9,7.0,2.9,LOW GAP,8.93,0.07
2023,Kerala,Railways,9.9,7.0,2.9,LOW GAP,0.03,0.07
2023,Kerala,Thrissur Commr,9.9,7.0,2.9,LOW GAP,12.34,0.07
2023,Kerala,Thrissur Rural,9.9,7.0,2.9,LOW GAP,8.27,0.07
2023,Kerala,Trivandrum Commr,9.9,7.0,2.9,LOW GAP,5.53,0.07
2023,Kerala,Trivandrum Rural,9.9,7.0,2.9,LOW GAP,11.83,0.07
2023,Kerala,Wayanadu,9.9,7.0,2.9,LOW GAP,8.39,0.07
2023,Kerala,Crime Branch,9.9,7.0,2.9,LOW GAP,0.0,0.07
2023,Kerala,Kannur Rural,9.9,7.0,2.9,LOW GAP,4.17,0.07
2023,Kerala,Total Districts ,9.9,7.0,2.9,LOW GAP,187.6,0.07
2024,Kerala,Alapuzha,9.9,7.0,2.9,LOW GAP,4.28,0.07
2024,Kerala,Ernakulam Commr,9.9,7.0,2.9,LOW GAP,8.12,0.07
2024,Kerala,Ernakulam Rural,9.9,7.0,2.9,LOW GAP,4.48,0.07
2024,Kerala,Idukki,9.9,7.0,2.9,LOW GAP,4.31,0.07
2024,Kerala,Kannur City,9.9,7.0,2.9,LOW GAP,1.9,0.07
2024,Kerala,Kasargod,9.9,7.0,2.9,LOW GAP,1.35,0.07
2024,Kerala,Kollam Commr,9.9,7.0,2.9,LOW GAP,3.03,0.07
2024,Kerala,Kollam Rural,9.9,7.0,2.9,LOW GAP,3.04,0.07
2024,Kerala,Kottayam,9.9,7.0,2.9,LOW GAP,4.54,0.07
2024,Kerala,Kozhikode Commr,9.9,7.0,2.9,LOW GAP,3.64,0.07
2024,Kerala,Kozhikode Rural,9.9,7.0,2.9,LOW GAP,2.28,0.07
2024,Kerala,Malappuram,9.9,7.0,2.9,LOW GAP,3.47,0.07
2024,Kerala,Palakkad,9.9,7.0,2.9,LOW GAP,2.97,0.07
2024,Kerala,Pathanamthitta,9.9,7.0,2.9,LOW GAP,6.25,0.07
2024,Kerala,Railways,9.9,7.0,2.9,LOW GAP,0.2,0.07
2024,Kerala,Thrissur Commr,9.9,7.0,2.9,LOW GAP,4.45,0.07
2024,Kerala,Thrissur Rural,9.9,7.0,2.9,LOW GAP,2.17,0.07
2024,Kerala,Trivandrum Commr,9.9,7.0,2.9,LOW GAP,4.96,0.07
2024,Kerala,Trivandrum Rural,9.9,7.0,2.9,LOW GAP,6.54,0.07
2024,Kerala,Wayanadu,9.9,7.0,2.9,LOW GAP,1.48,0.07
2024,Kerala,Crime Branch,9.9,7.0,2.9,LOW GAP,0.0,0.07
2024,Kerala,Kannur Rural,9.9,7.0,2.9,LOW GAP,1.21,0.07
2024,Kerala,Total Districts ,9.9,7.0,2.9,LOW GAP,72.24,0.07
2021,Himachal Pradesh,Baddi,8.3,5.6,2.7,LOW GAP,2.77,0.07
2021,Himachal Pradesh,Bilaspur,8.3,5.6,2.7,LOW GAP,4.1,0.07
2021,Himachal Pradesh,Bilaspur,8.3,5.6,2.7,LOW GAP,0.59,0.07
2021,Himachal Pradesh,Chamba,8.3,5.6,2.7,LOW GAP,5.03,0.07
2021,Himachal Pradesh,CID,8.3,5.6,2.7,LOW GAP,0.0,0.07
2021,Himachal Pradesh,GRP,8.3,5.6,2.7,LOW GAP,0.0,0.07
2021,Himachal Pradesh,Hamirpur,8.3,5.6,2.7,LOW GAP,4.21,0.07
2021,Himachal Pradesh,Hamirpur,8.3,5.6,2.7,LOW GAP,1.73,0.07
2021,Himachal Pradesh,Kangra,8.3,5.6,2.7,LOW GAP,3.74,0.07
2021,Himachal Pradesh,Kinnaur,8.3,5.6,2.7,LOW GAP,1.03,0.07
2021,Himachal Pradesh,Kullu,8.3,5.6,2.7,LOW GAP,3.18,0.07
2021,Himachal Pradesh,Lahaul & Spiti,8.3,5.6,2.7,LOW GAP,0.11,0.07
2021,Himachal Pradesh,Mandi,8.3,5.6,2.7,LOW GAP,5.65,0.07
2021,Himachal Pradesh,Shimla,8.3,5.6,2.7,LOW GAP,4.17,0.07
2021,Himachal Pradesh,Sirmaur,8.3,5.6,2.7,LOW GAP,7.06,0.07
2021,Himachal Pradesh,Solan,8.3,5.6,2.7,LOW GAP,2.7,0.07
2021,Himachal Pradesh,Una,8.3,5.6,2.7,LOW GAP,3.67,0.07
2021,Himachal Pradesh,Cyber,8.3,5.6,2.7,LOW GAP,0.0,0.07
2021,Himachal Pradesh,Total Districts ,8.3,5.6,2.7,LOW GAP,39.03,0.07
2022,Himachal Pradesh,Baddi,8.3,5.6,2.7,LOW GAP,2.45,0.07
2022,Himachal Pradesh,Bilaspur,8.3,5.6,2.7,LOW GAP,5.24,0.07
2022,Himachal Pradesh,Bilaspur,8.3,5.6,2.7,LOW GAP,0.75,0.07
2022,Himachal Pradesh,Chamba,8.3,5.6,2.7,LOW GAP,4.19,0.07
2022,Himachal Pradesh,CID,8.3,5.6,2.7,LOW GAP,0.0,0.07
2022,Himachal Pradesh,GRP,8.3,5.6,2.7,LOW GAP,0.0,0.07
2022,Himachal Pradesh,Hamirpur,8.3,5.6,2.7,LOW GAP,2.87,0.07
2022,Himachal Pradesh,Hamirpur,8.3,5.6,2.7,LOW GAP,1.18,0.07
2022,Himachal Pradesh,Kangra,8.3,5.6,2.7,LOW GAP,4.03,0.07
2022,Himachal Pradesh,Kinnaur,8.3,5.6,2.7,LOW GAP,6.2,0.07
2022,Himachal Pradesh,Kullu,8.3,5.6,2.7,LOW GAP,3.38,0.07
2022,Himachal Pradesh,Lahaul & Spiti,8.3,5.6,2.7,LOW GAP,0.11,0.07
2022,Himachal Pradesh,Mandi,8.3,5.6,2.7,LOW GAP,4.61,0.07
2022,Himachal Pradesh,Shimla,8.3,5.6,2.7,LOW GAP,2.99,0.07
2022,Himachal Pradesh,Sirmaur,8.3,5.6,2.7,LOW GAP,7.22,0.07
2022,Himachal Pradesh,Solan,8.3,5.6,2.7,LOW GAP,1.5,0.07
2022,Himachal Pradesh,Una,8.3,5.6,2.7,LOW GAP,5.01,0.07
2022,Himachal Pradesh,Cyber,8.3,5.6,2.7,LOW GAP,0.0,0.07
2022,Himachal Pradesh,Total Districts ,8.3,5.6,2.7,LOW GAP,36.79,0.07
2023,Himachal Pradesh,Baddi,8.3,5.6,2.7,LOW GAP,2.67,0.07
2023,Himachal Pradesh,Bilaspur,8.3,5.6,2.7,LOW GAP,7.97,0.07
2023,Himachal Pradesh,Bilaspur,8.3,5.6,2.7,LOW GAP,1.14,0.07
2023,Himachal Pradesh,Chamba,8.3,5.6,2.7,LOW GAP,2.68,0.07
2023,Himachal Pradesh,CID,8.3,5.6,2.7,LOW GAP,0.0,0.07
2023,Himachal Pradesh,GRP,8.3,5.6,2.7,LOW GAP,0.0,0.07
2023,Himachal Pradesh,Hamirpur,8.3,5.6,2.7,LOW GAP,3.06,0.07
2023,Himachal Pradesh,Hamirpur,8.3,5.6,2.7,LOW GAP,1.26,0.07
2023,Himachal Pradesh,Kangra,8.3,5.6,2.7,LOW GAP,2.71,0.07
2023,Himachal Pradesh,Kinnaur,8.3,5.6,2.7,LOW GAP,9.3,0.07
2023,Himachal Pradesh,Kullu,8.3,5.6,2.7,LOW GAP,2.58,0.07
2023,Himachal Pradesh,Lahaul & Spiti,8.3,5.6,2.7,LOW GAP,0.0,0.07
2023,Himachal Pradesh,Mandi,8.3,5.6,2.7,LOW GAP,5.22,0.07
2023,Himachal Pradesh,Shimla,8.3,5.6,2.7,LOW GAP,3.42,0.07
2023,Himachal Pradesh,Sirmaur,8.3,5.6,2.7,LOW GAP,6.07,0.07
2023,Himachal Pradesh,Solan,8.3,5.6,2.7,LOW GAP,3.75,0.07
2023,Himachal Pradesh,Una,8.3,5.6,2.7,LOW GAP,5.84,0.07
2023,Himachal Pradesh,Cyber,8.3,5.6,2.7,LOW GAP,0.0,0.07
2023,Himachal Pradesh,Nurpur,8.3,5.6,2.7,LOW GAP,1.17,0.07
2023,Himachal Pradesh,Total Districts ,8.3,5.6,2.7,LOW GAP,38.5,0.07
2024,Himachal Pradesh,Baddi,8.3,5.6,2.7,LOW GAP,3.73,0.07
2024,Himachal Pradesh,Bilaspur,8.3,5.6,2.7,LOW GAP,4.33,0.07
2024,Himachal Pradesh,Bilaspur,8.3,5.6,2.7,LOW GAP,0.62,0.07
2024,Himachal Pradesh,Chamba,8.3,5.6,2.7,LOW GAP,5.7,0.07
2024,Himachal Pradesh,CID,8.3,5.6,2.7,LOW GAP,0.0,0.07
2024,Himachal Pradesh,GRP,8.3,5.6,2.7,LOW GAP,0.0,0.07
2024,Himachal Pradesh,Hamirpur,8.3,5.6,2.7,LOW GAP,2.49,0.07
2024,Himachal Pradesh,Hamirpur,8.3,5.6,2.7,LOW GAP,1.02,0.07
2024,Himachal Pradesh,Kangra,8.3,5.6,2.7,LOW GAP,3.46,0.07
2024,Himachal Pradesh,Kinnaur,8.3,5.6,2.7,LOW GAP,6.2,0.07
2024,Himachal Pradesh,Kullu,8.3,5.6,2.7,LOW GAP,4.96,0.07
2024,Himachal Pradesh,Lahaul & Spiti,8.3,5.6,2.7,LOW GAP,0.0,0.07
2024,Himachal Pradesh,Mandi,8.3,5.6,2.7,LOW GAP,7.48,0.07
2024,Himachal Pradesh,Shimla,8.3,5.6,2.7,LOW GAP,7.16,0.07
2024,Himachal Pradesh,Sirmaur,8.3,5.6,2.7,LOW GAP,10.34,0.07
2024,Himachal Pradesh,Solan,8.3,5.6,2.7,LOW GAP,6.14,0.07
2024,Himachal Pradesh,Una,8.3,5.6,2.7,LOW GAP,4.34,0.07
2024,Himachal Pradesh,Cyber,8.3,5.6,2.7,LOW GAP,0.0,0.07
2024,Himachal Pradesh,Nurpur,8.3,5.6,2.7,LOW GAP,1.71,0.07
2024,Himachal Pradesh,Total Districts ,8.3,5.6,2.7,LOW GAP,52.36,0.07
2021,Goa,North Goa,8.3,8.0,0.3,LOW GAP,1.7,0.11
2021,Goa,South Goa,8.3,8.0,0.3,LOW GAP,1.22,0.11
2021,Goa,CID,8.3,8.0,0.3,LOW GAP,0.12,0.11
2021,Goa,Total Districts ,8.3,8.0,0.3,LOW GAP,3.1,0.11
2022,Goa,North Goa,8.3,8.0,0.3,LOW GAP,1.49,0.11
2022,Goa,South Goa,8.3,8.0,0.3,LOW GAP,0.81,0.11
2022,Goa,CID,8.3,8.0,0.3,LOW GAP,0.6,0.11
2022,Goa,Total Districts ,8.3,8.0,0.3,LOW GAP,2.98,0.11
2023,Goa,North Goa,8.3,8.0,0.3,LOW GAP,2.55,0.11
2023,Goa,South Goa,8.3,8.0,0.3,LOW GAP,1.36,0.11
2023,Goa,CID,8.3,8.0,0.3,LOW GAP,0.24,0.11
2023,Goa,Total Districts ,8.3,8.0,0.3,LOW GAP,4.29,0.11
2024,Goa,North Goa,8.3,8.0,0.3,LOW GAP,9.04,0.11
2024,Goa,South Goa,8.3,8.0,0.3,LOW GAP,7.33,0.11
2024,Goa,CID,8.3,8.0,0.3,LOW GAP,1.79,0.11
2024,Goa,Total Districts ,8.3,8.0,0.3,LOW GAP,18.36,0.11
2021,Sikkim,East,7.6,9.8,-2.2,LOW GAP,0.41,0.08
2021,Sikkim,East,7.6,9.8,-2.2,LOW GAP,2.45,0.08
2021,Sikkim,North,7.6,9.8,-2.2,LOW GAP,0.0,0.08
2021,Sikkim,North,7.6,9.8,-2.2,LOW GAP,0.0,0.08
2021,Sikkim,South,7.6,9.8,-2.2,LOW GAP,0.06,0.08
2021,Sikkim,South,7.6,9.8,-2.2,LOW GAP,1.18,0.08
2021,Sikkim,West,7.6,9.8,-2.2,LOW GAP,0.07,0.08
2021,Sikkim,West,7.6,9.8,-2.2,LOW GAP,1.27,0.08
2021,Sikkim,CID,7.6,9.8,-2.2,LOW GAP,0.0,0.08
2021,Sikkim,Total Districts ,7.6,9.8,-2.2,LOW GAP,0.98,0.08
2022,Sikkim,Gangtok (East),7.6,9.8,-2.2,LOW GAP,0.41,0.08
2022,Sikkim,Mangan (North),7.6,9.8,-2.2,LOW GAP,0.08,0.08
2022,Sikkim,Namchi (South),7.6,9.8,-2.2,LOW GAP,0.49,0.08
2022,Sikkim,Soreng (West),7.6,9.8,-2.2,LOW GAP,0.0,0.08
2022,Sikkim,Pakyong (East),7.6,9.8,-2.2,LOW GAP,0.16,0.08
2022,Sikkim,Gyalshing (West),7.6,9.8,-2.2,LOW GAP,0.08,0.08
2022,Sikkim,Total Districts ,7.6,9.8,-2.2,LOW GAP,1.23,0.08
2023,Sikkim,Gangtok (East),7.6,9.8,-2.2,LOW GAP,0.25,0.08
2023,Sikkim,Mangan (North),7.6,9.8,-2.2,LOW GAP,0.08,0.08
2023,Sikkim,Namchi (South),7.6,9.8,-2.2,LOW GAP,0.16,0.08
2023,Sikkim,Soreng (West),7.6,9.8,-2.2,LOW GAP,0.08,0.08
2023,Sikkim,CID,7.6,9.8,-2.2,LOW GAP,0.0,0.08
2023,Sikkim,Pakyong (East),7.6,9.8,-2.2,LOW GAP,0.16,0.08
2023,Sikkim,Gyalshing (West),7.6,9.8,-2.2,LOW GAP,0.16,0.08
2023,Sikkim,Total Districts ,7.6,9.8,-2.2,LOW GAP,0.9,0.08
2024,Sikkim,Gangtok (East),7.6,9.8,-2.2,LOW GAP,0.49,0.08
2024,Sikkim,Mangan (North),7.6,9.8,-2.2,LOW GAP,0.0,0.08
2024,Sikkim,Namchi (South),7.6,9.8,-2.2,LOW GAP,0.33,0.08
2024,Sikkim,Soreng (West),7.6,9.8,-2.2,LOW GAP,0.0,0.08
2024,Sikkim,CID,7.6,9.8,-2.2,LOW GAP,0.0,0.08
2024,Sikkim,Pakyong (East),7.6,9.8,-2.2,LOW GAP,0.0,0.08
2024,Sikkim,Gyalshing (West),7.6,9.8,-2.2,LOW GAP,0.41,0.08
2024,Sikkim,Total Districts ,7.6,9.8,-2.2,LOW GAP,1.23,0.08
2021,Jammu & Kashmir,Anantnag,26.73,,,LOW GAP,2.02,0.0
2021,Jammu & Kashmir,Awantipora,26.73,,,LOW GAP,1.39,0.0
2021,Jammu & Kashmir,Bandipora,26.73,,,LOW GAP,2.23,0.0
2021,Jammu & Kashmir,Baramulla,26.73,,,LOW GAP,6.68,0.0
2021,Jammu & Kashmir,Budgam,26.73,,,LOW GAP,4.73,0.0
2021,Jammu & Kashmir,Crime Jammu,26.73,,,LOW GAP,0.0,0.0
2021,Jammu & Kashmir,Crime Srinagar,26.73,,,LOW GAP,0.0,0.0
2021,Jammu & Kashmir,Doda,26.73,,,LOW GAP,9.76,0.0
2021,Jammu & Kashmir,Ganderbal,26.73,,,LOW GAP,5.26,0.0
2021,Jammu & Kashmir,Handwara,26.73,,,LOW GAP,0.97,0.0
2021,Jammu & Kashmir,Jammu,26.73,,,LOW GAP,9.61,0.0
2021,Jammu & Kashmir,Kathua,26.73,,,LOW GAP,4.94,0.0
2021,Jammu & Kashmir,Kishtwar,26.73,,,LOW GAP,3.39,0.0
2021,Jammu & Kashmir,Kulgam,26.73,,,LOW GAP,7.78,0.0
2021,Jammu & Kashmir,Kupwara,26.73,,,LOW GAP,4.9,0.0
2021,Jammu & Kashmir,Poonch,26.73,,,LOW GAP,4.73,0.0
2021,Jammu & Kashmir,Pulwama,26.73,,,LOW GAP,1.86,0.0
2021,Jammu & Kashmir,Railways Jammu,26.73,,,LOW GAP,0.0,0.0
2021,Jammu & Kashmir,Railways Kashmir,26.73,,,LOW GAP,0.0,0.0
2021,Jammu & Kashmir,Railways Katra,26.73,,,LOW GAP,0.0,0.0
2021,Jammu & Kashmir,Rajouri,26.73,,,LOW GAP,11.78,0.0
2021,Jammu & Kashmir,Ramban,26.73,,,LOW GAP,9.19,0.0
2021,Jammu & Kashmir,Reasi,26.73,,,LOW GAP,3.32,0.0
2021,Jammu & Kashmir,Samba,26.73,,,LOW GAP,7.91,0.0
2021,Jammu & Kashmir,Shopian,26.73,,,LOW GAP,1.25,0.0
2021,Jammu & Kashmir,Sopore,26.73,,,LOW GAP,2.23,0.0
2021,Jammu & Kashmir,Srinagar,26.73,,,LOW GAP,4.08,0.0
2021,Jammu & Kashmir,Udhampur,26.73,,,LOW GAP,6.11,0.0
2021,Jammu & Kashmir,Cyber Crime Jammu,26.73,,,LOW GAP,0.0,0.0
2021,Jammu & Kashmir,Cyber Crime Kashmir,26.73,,,LOW GAP,0.0,0.0
2021,Jammu & Kashmir,Anti Narcotic Task Force Jammu,26.73,,,LOW GAP,0.0,0.0
2021,Jammu & Kashmir,Total Districts ,26.73,,,LOW GAP,115.54,0.0
2021,A&N Islands,South Andaman,26.73,,,LOW GAP,6.21,0.05
2021,A&N Islands,North & Middle Andaman,26.73,,,LOW GAP,2.47,0.05
2021,A&N Islands,Nicobar,26.73,,,LOW GAP,0.0,0.05
2021,A&N Islands,Total Districts ,26.73,,,LOW GAP,10.12,0.05
2021,Chandigarh,Chandigarh,26.73,,,LOW GAP,10.55,0.03
2021,Chandigarh,Total Districts ,26.73,,,LOW GAP,10.55,0.03
2021,D&N Haveli and Daman & Diu,D&N Haveli,26.73,,,LOW GAP,5.72,0.13
2021,D&N Haveli and Daman & Diu,Daman,26.73,,,LOW GAP,1.36,0.13
2021,D&N Haveli and Daman & Diu,Diu,26.73,,,LOW GAP,1.67,0.13
2021,D&N Haveli and Daman & Diu,Total Districts ,26.73,,,LOW GAP,8.58,0.13
2021,Ladakh,Kargil,26.73,,,LOW GAP,0.62,0.09
2021,Ladakh,Leh,26.73,,,LOW GAP,5.86,0.09
2021,Ladakh,Total Districts ,26.73,,,LOW GAP,6.34,0.09
2021,Lakshadweep,Lakshadweep,26.73,,,LOW GAP,4.05,0.16
2021,Lakshadweep,Total Districts ,26.73,,,LOW GAP,4.05,0.16
2021,Puducherry,Karaikal,26.73,,,LOW GAP,0.0,0.07
2021,Puducherry,Puducherry,26.73,,,LOW GAP,1.46,0.07
2021,Puducherry,Total Districts ,26.73,,,LOW GAP,2.42,0.07
2022,Nagaland #,Dimapur,26.73,,,LOW GAP,0.46,0.0
2022,Nagaland #,Kiphire,26.73,,,LOW GAP,0.0,0.0
2022,Nagaland #,Kohima,26.73,,,LOW GAP,0.97,0.0
2022,Nagaland #,Longleng,26.73,,,LOW GAP,3.44,0.0
2022,Nagaland #,Mokokchung,26.73,,,LOW GAP,0.45,0.0
2022,Nagaland #,Mon,26.73,,,LOW GAP,0.0,0.0
2022,Nagaland #,Peren,26.73,,,LOW GAP,0.91,0.0
2022,Nagaland #,Phek,26.73,,,LOW GAP,0.0,0.0
2022,Nagaland #,Tuensang,26.73,,,LOW GAP,0.0,0.0
2022,Nagaland #,Wokha,26.73,,,LOW GAP,0.0,0.0
2022,Nagaland #,Zunheboto,26.73,,,LOW GAP,0.0,0.0
2022,Nagaland #,Total Districts ,26.73,,,LOW GAP,4.35,0.0
2022,Nagaland #,# Clarifications are pending,26.73,,,LOW GAP,0.0,0.0
2022,A&N Islands,South Andaman,26.73,,,LOW GAP,5.84,0.05
2022,A&N Islands,North & Middle Andaman,26.73,,,LOW GAP,0.0,0.05
2022,A&N Islands,Nicobar,26.73,,,LOW GAP,1.01,0.05
2022,A&N Islands,Total Districts ,26.73,,,LOW GAP,9.11,0.05
2022,Chandigarh,Chandigarh,26.73,,,LOW GAP,9.39,0.03
2022,Chandigarh,Total Districts ,26.73,,,LOW GAP,9.39,0.03
2022,D&N Haveli and Daman & Diu,D&N Haveli,26.73,,,LOW GAP,10.01,0.13
2022,D&N Haveli and Daman & Diu,Daman,26.73,,,LOW GAP,3.18,0.13
2022,D&N Haveli and Daman & Diu,Diu,26.73,,,LOW GAP,1.67,0.13
2022,D&N Haveli and Daman & Diu,Total Districts ,26.73,,,LOW GAP,15.73,0.13
2022,Jammu & Kashmir,Anantnag,26.73,,,LOW GAP,2.1,0.0
2022,Jammu & Kashmir,Awantipora,26.73,,,LOW GAP,1.25,0.0
2022,Jammu & Kashmir,Bandipora,26.73,,,LOW GAP,2.23,0.0
2022,Jammu & Kashmir,Baramulla,26.73,,,LOW GAP,4.73,0.0
2022,Jammu & Kashmir,Budgam,26.73,,,LOW GAP,4.32,0.0
2022,Jammu & Kashmir,Special Crime Wing Jammu,26.73,,,LOW GAP,0.0,0.0
2022,Jammu & Kashmir,Special Crime Wing Kashmir,26.73,,,LOW GAP,0.0,0.0
2022,Jammu & Kashmir,Doda,26.73,,,LOW GAP,12.94,0.0
2022,Jammu & Kashmir,Ganderbal,26.73,,,LOW GAP,9.65,0.0
2022,Jammu & Kashmir,Handwara,26.73,,,LOW GAP,1.53,0.0
2022,Jammu & Kashmir,Jammu,26.73,,,LOW GAP,6.88,0.0
2022,Jammu & Kashmir,Kathua,26.73,,,LOW GAP,4.09,0.0
2022,Jammu & Kashmir,Kishtwar,26.73,,,LOW GAP,3.77,0.0
2022,Jammu & Kashmir,Kulgam,26.73,,,LOW GAP,2.87,0.0
2022,Jammu & Kashmir,Kupwara,26.73,,,LOW GAP,4.7,0.0
2022,Jammu & Kashmir,Poonch,26.73,,,LOW GAP,6.54,0.0
2022,Jammu & Kashmir,Pulwama,26.73,,,LOW GAP,1.24,0.0
2022,Jammu & Kashmir,Railways Jammu,26.73,,,LOW GAP,0.0,0.0
2022,Jammu & Kashmir,Railways Kashmir,26.73,,,LOW GAP,0.0,0.0
2022,Jammu & Kashmir,Railways Katra,26.73,,,LOW GAP,0.14,0.0
2022,Jammu & Kashmir,Rajouri,26.73,,,LOW GAP,12.45,0.0
2022,Jammu & Kashmir,Ramban,26.73,,,LOW GAP,4.6,0.0
2022,Jammu & Kashmir,Reasi,26.73,,,LOW GAP,6.08,0.0
2022,Jammu & Kashmir,Samba,26.73,,,LOW GAP,6.27,0.0
2022,Jammu & Kashmir,Shopian,26.73,,,LOW GAP,1.11,0.0
2022,Jammu & Kashmir,Sopore,26.73,,,LOW GAP,1.39,0.0
2022,Jammu & Kashmir,Srinagar,26.73,,,LOW GAP,5.84,0.0
2022,Jammu & Kashmir,Udhampur,26.73,,,LOW GAP,7.05,0.0
2022,Jammu & Kashmir,Cyber Crime Jammu,26.73,,,LOW GAP,0.0,0.0
2022,Jammu & Kashmir,Cyber Crime Kashmir,26.73,,,LOW GAP,0.0,0.0
2022,Jammu & Kashmir,Anti Narcotic Task Force Jammu,26.73,,,LOW GAP,0.0,0.0
2022,Jammu & Kashmir,Anti Narcotic Task Force Kashmir,26.73,,,LOW GAP,0.0,0.0
2022,Jammu & Kashmir,EOW Jammu,26.73,,,LOW GAP,0.0,0.0
2022,Jammu & Kashmir,EOW Kashmir,26.73,,,LOW GAP,0.0,0.0
2022,Jammu & Kashmir,CICE Jammu,26.73,,,LOW GAP,0.0,0.0
2022,Jammu & Kashmir,CICE Kashmir,26.73,,,LOW GAP,0.0,0.0
2022,Jammu & Kashmir,Total Districts ,26.73,,,LOW GAP,110.81,0.0
2022,Ladakh,Kargil,26.73,,,LOW GAP,1.85,0.09
2022,Ladakh,Leh,26.73,,,LOW GAP,1.95,0.09
2022,Ladakh,Total Districts ,26.73,,,LOW GAP,3.8,0.09
2022,Lakshadweep,Lakshadweep,26.73,,,LOW GAP,9.44,0.16
2022,Lakshadweep,Total Districts ,26.73,,,LOW GAP,9.44,0.16
2022,Puducherry,Karaikal,26.73,,,LOW GAP,0.0,0.07
2022,Puducherry,Puducherry,26.73,,,LOW GAP,1.74,0.07
2022,Puducherry,Total Districts ,26.73,,,LOW GAP,2.87,0.07
2023,A&N Islands,South Andaman,26.73,,,LOW GAP,6.57,0.05
2023,A&N Islands,North & Middle Andaman,26.73,,,LOW GAP,1.65,0.05
2023,A&N Islands,Nicobar,26.73,,,LOW GAP,0.0,0.05
2023,A&N Islands,Total Districts ,26.73,,,LOW GAP,10.12,0.05
2023,Chandigarh,Chandigarh,26.73,,,LOW GAP,9.23,0.03
2023,Chandigarh,Total Districts ,26.73,,,LOW GAP,9.23,0.03
2023,D&N Haveli and Daman & Diu,D&N Haveli,26.73,,,LOW GAP,2.86,0.13
2023,D&N Haveli and Daman & Diu,Daman,26.73,,,LOW GAP,0.45,0.13
2023,D&N Haveli and Daman & Diu,Diu,26.73,,,LOW GAP,3.34,0.13
2023,D&N Haveli and Daman & Diu,Total Districts ,26.73,,,LOW GAP,5.0,0.13
2023,Jammu & Kashmir,Anantnag,26.73,,,LOW GAP,1.77,0.0
2023,Jammu & Kashmir,Awantipora,26.73,,,LOW GAP,1.53,0.0
2023,Jammu & Kashmir,Bandipora,26.73,,,LOW GAP,1.39,0.0
2023,Jammu & Kashmir,Baramulla,26.73,,,LOW GAP,3.76,0.0
2023,Jammu & Kashmir,Budgam,26.73,,,LOW GAP,3.34,0.0
2023,Jammu & Kashmir,Special Crime Wing Jammu,26.73,,,LOW GAP,0.0,0.0
2023,Jammu & Kashmir,Special Crime Wing Kashmir,26.73,,,LOW GAP,0.0,0.0
2023,Jammu & Kashmir,Doda,26.73,,,LOW GAP,9.12,0.0
2023,Jammu & Kashmir,Ganderbal,26.73,,,LOW GAP,6.43,0.0
2023,Jammu & Kashmir,Handwara,26.73,,,LOW GAP,1.25,0.0
2023,Jammu & Kashmir,Jammu,26.73,,,LOW GAP,7.73,0.0
2023,Jammu & Kashmir,Kathua,26.73,,,LOW GAP,5.36,0.0
2023,Jammu & Kashmir,Kishtwar,26.73,,,LOW GAP,6.78,0.0
2023,Jammu & Kashmir,Kulgam,26.73,,,LOW GAP,2.46,0.0
2023,Jammu & Kashmir,Kupwara,26.73,,,LOW GAP,4.1,0.0
2023,Jammu & Kashmir,Poonch,26.73,,,LOW GAP,4.04,0.0
2023,Jammu & Kashmir,Pulwama,26.73,,,LOW GAP,1.86,0.0
2023,Jammu & Kashmir,Railways Jammu,26.73,,,LOW GAP,0.0,0.0
2023,Jammu & Kashmir,Railways Kashmir,26.73,,,LOW GAP,0.0,0.0
2023,Jammu & Kashmir,Railways Katra,26.73,,,LOW GAP,0.0,0.0
2023,Jammu & Kashmir,Rajouri,26.73,,,LOW GAP,9.88,0.0
2023,Jammu & Kashmir,Ramban,26.73,,,LOW GAP,7.05,0.0
2023,Jammu & Kashmir,Reasi,26.73,,,LOW GAP,5.25,0.0
2023,Jammu & Kashmir,Samba,26.73,,,LOW GAP,4.64,0.0
2023,Jammu & Kashmir,Shopian,26.73,,,LOW GAP,1.67,0.0
2023,Jammu & Kashmir,Sopore,26.73,,,LOW GAP,1.25,0.0
2023,Jammu & Kashmir,Srinagar,26.73,,,LOW GAP,8.65,0.0
2023,Jammu & Kashmir,Udhampur,26.73,,,LOW GAP,5.33,0.0
2023,Jammu & Kashmir,Cyber Crime Jammu,26.73,,,LOW GAP,0.0,0.0
2023,Jammu & Kashmir,Cyber Crime Kashmir,26.73,,,LOW GAP,0.0,0.0
2023,Jammu & Kashmir,Anti Narcotic Task Force Jammu,26.73,,,LOW GAP,0.0,0.0
2023,Jammu & Kashmir,Anti Narcotic Task Force Kashmir,26.73,,,LOW GAP,0.0,0.0
2023,Jammu & Kashmir,EOW Jammu,26.73,,,LOW GAP,0.0,0.0
2023,Jammu & Kashmir,EOW Kashmir,26.73,,,LOW GAP,0.0,0.0
2023,Jammu & Kashmir,CICE Jammu,26.73,,,LOW GAP,0.0,0.0
2023,Jammu & Kashmir,CICE Kashmir,26.73,,,LOW GAP,0.0,0.0
2023,Jammu & Kashmir,Total Districts ,26.73,,,LOW GAP,106.35,0.0
2023,Ladakh,Kargil,26.73,,,LOW GAP,2.47,0.09
2023,Ladakh,Leh,26.73,,,LOW GAP,2.61,0.09
2023,Ladakh,Total Districts ,26.73,,,LOW GAP,5.07,0.09
2023,Lakshadweep,Lakshadweep,26.73,,,LOW GAP,5.39,0.16
2023,Lakshadweep,Total Districts ,26.73,,,LOW GAP,5.39,0.16
2023,Puducherry,Karaikal,26.73,,,LOW GAP,0.87,0.07
2023,Puducherry,Puducherry,26.73,,,LOW GAP,1.56,0.07
2023,Puducherry,Total Districts ,26.73,,,LOW GAP,2.87,0.07
2024,A&N Islands,South Andaman,26.73,,,LOW GAP,5.84,0.05
2024,A&N Islands,North & Middle Andaman,26.73,,,LOW GAP,1.65,0.05
2024,A&N Islands,Nicobar,26.73,,,LOW GAP,0.0,0.05
2024,A&N Islands,Total Districts ,26.73,,,LOW GAP,9.11,0.05
2024,Chandigarh,All Districts,26.73,,,LOW GAP,12.44,0.03
2024,Chandigarh,Total Districts ,26.73,,,LOW GAP,12.44,0.03
2024,D&N Haveli and Daman & Diu,D&N Haveli,26.73,,,LOW GAP,4.29,0.13
2024,D&N Haveli and Daman & Diu,Daman,26.73,,,LOW GAP,3.64,0.13
2024,D&N Haveli and Daman & Diu,Diu,26.73,,,LOW GAP,3.34,0.13
2024,D&N Haveli and Daman & Diu,Total Districts ,26.73,,,LOW GAP,11.44,0.13
2024,Jammu & Kashmir,Anantnag,26.73,,,LOW GAP,2.42,0.0
2024,Jammu & Kashmir,Awantipora,26.73,,,LOW GAP,1.39,0.0
2024,Jammu & Kashmir,Bandipora,26.73,,,LOW GAP,1.39,0.0
2024,Jammu & Kashmir,Baramulla,26.73,,,LOW GAP,3.06,0.0
2024,Jammu & Kashmir,Budgam,26.73,,,LOW GAP,3.34,0.0
2024,Jammu & Kashmir,Special Crime Wing Jammu,26.73,,,LOW GAP,0.0,0.0
2024,Jammu & Kashmir,Special Crime Wing Kashmir,26.73,,,LOW GAP,0.0,0.0
2024,Jammu & Kashmir,Doda,26.73,,,LOW GAP,7.21,0.0
2024,Jammu & Kashmir,Ganderbal,26.73,,,LOW GAP,1.46,0.0
2024,Jammu & Kashmir,Handwara,26.73,,,LOW GAP,0.42,0.0
2024,Jammu & Kashmir,Jammu,26.73,,,LOW GAP,6.25,0.0
2024,Jammu & Kashmir,Kathua,26.73,,,LOW GAP,2.82,0.0
2024,Jammu & Kashmir,Kishtwar,26.73,,,LOW GAP,3.77,0.0
2024,Jammu & Kashmir,Kulgam,26.73,,,LOW GAP,3.28,0.0
2024,Jammu & Kashmir,Kupwara,26.73,,,LOW GAP,1.6,0.0
2024,Jammu & Kashmir,Poonch,26.73,,,LOW GAP,6.96,0.0
2024,Jammu & Kashmir,Pulwama,26.73,,,LOW GAP,0.62,0.0
2024,Jammu & Kashmir,Railways Jammu,26.73,,,LOW GAP,0.0,0.0
2024,Jammu & Kashmir,Railways Kashmir,26.73,,,LOW GAP,0.0,0.0
2024,Jammu & Kashmir,Railways Katra,26.73,,,LOW GAP,0.0,0.0
2024,Jammu & Kashmir,Rajouri,26.73,,,LOW GAP,6.5,0.0
2024,Jammu & Kashmir,Ramban,26.73,,,LOW GAP,10.42,0.0
2024,Jammu & Kashmir,Reasi,26.73,,,LOW GAP,4.97,0.0
2024,Jammu & Kashmir,Samba,26.73,,,LOW GAP,4.36,0.0
2024,Jammu & Kashmir,Shopian,26.73,,,LOW GAP,1.39,0.0
2024,Jammu & Kashmir,Sopore,26.73,,,LOW GAP,0.84,0.0
2024,Jammu & Kashmir,Srinagar,26.73,,,LOW GAP,1.34,0.0
2024,Jammu & Kashmir,Udhampur,26.73,,,LOW GAP,2.66,0.0
2024,Jammu & Kashmir,Cyber Crime Jammu,26.73,,,LOW GAP,0.0,0.0
2024,Jammu & Kashmir,Cyber Crime Kashmir,26.73,,,LOW GAP,0.0,0.0
2024,Jammu & Kashmir,Anti Narcotic Task Force Jammu,26.73,,,LOW GAP,0.0,0.0
2024,Jammu & Kashmir,Anti Narcotic Task Force Kashmir,26.73,,,LOW GAP,0.0,0.0
2024,Jammu & Kashmir,EOW Jammu,26.73,,,LOW GAP,0.0,0.0
2024,Jammu & Kashmir,EOW Kashmir,26.73,,,LOW GAP,0.0,0.0
2024,Jammu & Kashmir,CICE Jammu,26.73,,,LOW GAP,0.0,0.0
2024,Jammu & Kashmir,CICE Kashmir,26.73,,,LOW GAP,0.0,0.0
2024,Jammu & Kashmir,Total Districts ,26.73,,,LOW GAP,74.06,0.0
2024,Ladakh,Kargil,26.73,,,LOW GAP,1.85,0.09
2024,Ladakh,Leh,26.73,,,LOW GAP,0.65,0.09
2024,Ladakh,Total Districts ,26.73,,,LOW GAP,2.54,0.09
2024,Lakshadweep,Lakshadweep,26.73,,,LOW GAP,5.39,0.16
2024,Lakshadweep,Total Districts ,26.73,,,LOW GAP,5.39,0.16
2024,Puducherry,Karaikal,26.73,,,LOW GAP,0.0,0.07
2024,Puducherry,Puducherry,26.73,,,LOW GAP,2.47,0.07
2024,Puducherry,Total Districts ,26.73,,,LOW GAP,4.08,0.07
