Year,State,District,Pop_2024_Est,Total_Violence,Crime_Rate,Police_Vacancy_Rate,Spousal_Violence_Percent,Sought_Help_Percent,Justice_Gap,Crime_Rate_Norm,Vacancy_Rate_Norm,Justice_Gap_Norm,Risk_Score,Risk_Tier,National_Risk_Rank
2021,Uttar Pradesh,Total Districts ,3086497,23234,752.7627598536463,0.2890730391212179,34.8,2.4,32.4,0.6682388609527384,0.8630701322572731,0.7980295566502462,76.56,CRITICAL RED ZONE,1
2021,Assam,Total Districts ,1324826,14924,1126.4875538372587,0.1518562906505433,32.0,5.9,26.1,1.0,0.45338932075538324,0.6428571428571429,72.89,HIGH RISK,2
2021,Bihar,Total Districts ,3064997,3855,125.77500075856516,0.3349357466063348,40.0,3.5,36.5,0.11165236609150819,1.0,0.8990147783251231,61.44,HIGH RISK,3
2021,Rajasthan,Total Districts ,2485185,22300,897.3175035258945,0.1282991202346041,24.3,2.7,21.6,0.7965622882110671,0.3830559190369127,0.5320197044334976,59.31,HIGH RISK,4
2021,Bihar,Motihari,3064997,242,7.895603160459863,0.3349357466063348,40.0,3.5,36.5,0.0070090460685201,1.0,0.8990147783251231,57.25,HIGH RISK,5
2021,Bihar,Purnea,3064997,161,5.252859953859661,0.3349357466063348,40.0,3.5,36.5,0.004663043045585687,1.0,0.8990147783251231,57.16,HIGH RISK,6
2021,Bihar,Nalanda,3309300,156,4.713987852415919,0.3349357466063348,40.0,3.5,36.5,0.004184678149668167,1.0,0.8990147783251231,57.14,HIGH RISK,7
2021,Bihar,Patna,6714234,323,4.810675350308017,0.3349357466063348,40.0,3.5,36.5,0.004270509100540853,1.0,0.8990147783251231,57.14,HIGH RISK,7
2021,Bihar,Bettiah,3064997,130,4.241439714296621,0.3349357466063348,40.0,3.5,36.5,0.0037651900368083184,1.0,0.8990147783251231,57.12,HIGH RISK,8
2021,Bihar,Bhojpur,3137668,130,4.143204443554895,0.3349357466063348,40.0,3.5,36.5,0.0036779851046214534,1.0,0.8990147783251231,57.12,HIGH RISK,8
2021,Bihar,Muzaffarpur,5521221,236,4.274416836420785,0.3349357466063348,40.0,3.5,36.5,0.003794464325735729,1.0,0.8990147783251231,57.12,HIGH RISK,8
2021,Bihar,Saran,4544641,195,4.2907679616497765,0.3349357466063348,40.0,3.5,36.5,0.0038089794663365224,1.0,0.8990147783251231,57.12,HIGH RISK,8
2021,Bihar,Gaya,5050130,196,3.8810882096104455,0.3349357466063348,40.0,3.5,36.5,0.0034453005684704956,1.0,0.8990147783251231,57.11,HIGH RISK,9
2021,Bihar,Kishanganj,1943959,75,3.858106060878856,0.3349357466063348,40.0,3.5,36.5,0.0034248989682457054,1.0,0.8990147783251231,57.11,HIGH RISK,9
2021,Bihar,Madhubani,5160485,201,3.8949827390254983,0.3349357466063348,40.0,3.5,36.5,0.003457634951897745,1.0,0.8990147783251231,57.11,HIGH RISK,9
2021,Bihar,Buxar,1962304,71,3.618195753563159,0.3349357466063348,40.0,3.5,36.5,0.0032119269682458224,1.0,0.8990147783251231,57.1,HIGH RISK,10
2021,Bihar,Sheikhpura,731793,26,3.5529172867190586,0.3349357466063348,40.0,3.5,36.5,0.003153978288190072,1.0,0.8990147783251231,57.1,HIGH RISK,10
2021,Bihar,Bhagalpur,3493430,116,3.320518802437719,0.3349357466063348,40.0,3.5,36.5,0.002947674646849607,1.0,0.8990147783251231,57.09,HIGH RISK,11
2021,Bihar,Gopalganj,2946313,98,3.326191073385618,0.3349357466063348,40.0,3.5,36.5,0.0029527100073634244,1.0,0.8990147783251231,57.09,HIGH RISK,11
2021,Bihar,Katihar,3531683,118,3.3411832262408603,0.3349357466063348,40.0,3.5,36.5,0.002966018767681435,1.0,0.8990147783251231,57.09,HIGH RISK,11
2021,Bihar,Munger,1572929,51,3.242358682432583,0.3349357466063348,40.0,3.5,36.5,0.0028782907289013867,1.0,0.8990147783251231,57.09,HIGH RISK,11
2021,Bihar,Araria,3233304,102,3.1546677949243254,0.3349357466063348,40.0,3.5,36.5,0.002800446204823381,1.0,0.8990147783251231,57.08,HIGH RISK,12
2021,Bihar,Aurangabad,2921083,90,3.081049049273848,0.3349357466063348,40.0,3.5,36.5,0.0027350937334181683,1.0,0.8990147783251231,57.08,HIGH RISK,12
2021,Bihar,Lakhisarai,1151048,34,2.9538299010988247,0.3349357466063348,40.0,3.5,36.5,0.0026221593758731917,1.0,0.8990147783251231,57.08,HIGH RISK,12
2021,Bihar,Sheohar,754682,23,3.0476412581723165,0.3349357466063348,40.0,3.5,36.5,0.002705437133140845,1.0,0.8990147783251231,57.08,HIGH RISK,12
2021,Bihar,Sitamarhi,3937110,117,2.9717229135076235,0.3349357466063348,40.0,3.5,36.5,0.002638043272990251,1.0,0.8990147783251231,57.08,HIGH RISK,12
2021,Bihar,Arwal,805969,22,2.729633521884837,0.3349357466063348,40.0,3.5,36.5,0.0024231368669690436,1.0,0.8990147783251231,57.07,HIGH RISK,13
2021,Bihar,Vaishali,4019274,108,2.6870524378283243,0.3349357466063348,40.0,3.5,36.5,0.002385336996112535,1.0,0.8990147783251231,57.07,HIGH RISK,13
2021,Bihar,Jehanabad,1294109,34,2.6272902823487048,0.3349357466063348,40.0,3.5,36.5,0.0023322852288950044,1.0,0.8990147783251231,57.06,HIGH RISK,14
2021,Bihar,Nawadah,3064997,73,2.3817315318742565,0.3349357466063348,40.0,3.5,36.5,0.0021142990206692866,1.0,0.8990147783251231,57.06,HIGH RISK,14
2021,Bihar,Aurangabad,4256474,90,2.114426165882841,0.3349357466063348,40.0,3.5,36.5,0.0018770080136973337,1.0,0.8990147783251231,57.05,HIGH RISK,15
2021,Bihar,Jamui,2024465,45,2.222809482999212,0.3349357466063348,40.0,3.5,36.5,0.0019732215197828425,1.0,0.8990147783251231,57.05,HIGH RISK,15
2021,Bihar,Rohtas,3403905,79,2.320863831393649,0.3349357466063348,40.0,3.5,36.5,0.0020602658444719394,1.0,0.8990147783251231,57.05,HIGH RISK,15
2021,Bihar,Begusarai,3416122,68,1.9905612270287767,0.3349357466063348,40.0,3.5,36.5,0.0017670512383808805,1.0,0.8990147783251231,57.04,HIGH RISK,16
2021,Bihar,Darbhanga,4527992,85,1.877211797193988,0.3349357466063348,40.0,3.5,36.5,0.0016664292390976428,1.0,0.8990147783251231,57.04,HIGH RISK,16
2021,Bihar,Khagaria,1916918,40,2.086682894103973,0.3349357466063348,40.0,3.5,36.5,0.0018523798926991355,1.0,0.8990147783251231,57.04,HIGH RISK,16
2021,Bihar,Madhepura,2302026,45,1.9547998154668973,0.3349357466063348,40.0,3.5,36.5,0.0017353052937052716,1.0,0.8990147783251231,57.04,HIGH RISK,16
2021,Bihar,Samastipur,4900800,94,1.9180541952334316,0.3349357466063348,40.0,3.5,36.5,0.0017026856521403953,1.0,0.8990147783251231,57.04,HIGH RISK,16
2021,Bihar,Siwan,3830033,74,1.9320982351849183,0.3349357466063348,40.0,3.5,36.5,0.0017151527583269192,1.0,0.8990147783251231,57.04,HIGH RISK,16
2021,Bihar,Bagaha,3064997,54,1.761828804400135,0.3349357466063348,40.0,3.5,36.5,0.0015640020152896093,1.0,0.8990147783251231,57.03,HIGH RISK,17
2021,Bihar,Kaimur(Bhabhua),1870341,29,1.5505193972649909,0.3349357466063348,40.0,3.5,36.5,0.001376419465961531,1.0,0.8990147783251231,57.03,HIGH RISK,17
2021,Bihar,Saharsa,2185760,32,1.4640216675206792,0.3349357466063348,40.0,3.5,36.5,0.0012996341260350785,1.0,0.8990147783251231,57.02,HIGH RISK,18
2021,Bihar,Supaul,2563437,36,1.404364530901286,0.3349357466063348,40.0,3.5,36.5,0.0012466755856444835,1.0,0.8990147783251231,57.02,HIGH RISK,18
2021,Bihar,Banka,2339977,28,1.1965929579649714,0.3349357466063348,40.0,3.5,36.5,0.0010622336251198748,1.0,0.8990147783251231,57.01,HIGH RISK,19
2021,Bihar,Naugachia,3064997,17,0.554649808792635,0.3349357466063348,40.0,3.5,36.5,0.0004923710048133955,1.0,0.8990147783251231,56.99,HIGH RISK,20
2021,Bihar,Jamalpur Railway,3064997,0,0.0,0.3349357466063348,40.0,3.5,36.5,0.0,1.0,0.8990147783251231,56.97,HIGH RISK,21
2021,Bihar,Katihar Railway,3064997,1,0.0326264593407432,0.3349357466063348,40.0,3.5,36.5,2.896300028314088e-05,1.0,0.8990147783251231,56.97,HIGH RISK,21
2021,Bihar,Muzaffarpur Railway,3064997,0,0.0,0.3349357466063348,40.0,3.5,36.5,0.0,1.0,0.8990147783251231,56.97,HIGH RISK,21
2021,Bihar,Patna Railway,3064997,0,0.0,0.3349357466063348,40.0,3.5,36.5,0.0,1.0,0.8990147783251231,56.97,HIGH RISK,21
2021,Bihar,Economic Offences Unit,3064997,0,0.0,0.3349357466063348,40.0,3.5,36.5,0.0,1.0,0.8990147783251231,56.97,HIGH RISK,21
2021,Bihar,Anti Terrorist Squad,3064997,0,0.0,0.3349357466063348,40.0,3.5,36.5,0.0,1.0,0.8990147783251231,56.97,HIGH RISK,21
2021,Telangana,Total Districts ,3550945,10478,295.0763810760234,0.2616064848931466,36.9,7.6,29.299999999999997,0.26194375612129706,0.7810646894033219,0.7216748768472906,55.56,HIGH RISK,22
2021,Madhya Pradesh,Total Districts ,1697834,11433,673.3873865171741,0.1424806456926371,28.1,4.4,23.700000000000003,0.5977761442843753,0.4253969519117978,0.583743842364532,54.19,HIGH RISK,23
2021,Karnataka,Total Districts ,1785149,3067,171.80638702987818,0.1785958402499756,44.4,3.8,40.6,0.15251512228842493,0.5332241842190927,1.0,52.1,HIGH RISK,24
2021,Uttar Pradesh,Pratapgarh,998025,410,41.08113524210316,0.2890730391212179,34.8,2.4,32.4,0.036468343660047274,0.8630701322572731,0.7980295566502462,51.29,HIGH RISK,25
2021,Uttar Pradesh,Lucknow Commissionarate,3086497,1249,40.4665872022555,0.2890730391212179,34.8,2.4,32.4,0.035922800091674714,0.8630701322572731,0.7980295566502462,51.27,HIGH RISK,26
2021,Uttar Pradesh,Bulandshahar,3086497,966,31.29761668324965,0.2890730391212179,34.8,2.4,32.4,0.02778336660412952,0.8630701322572731,0.7980295566502462,50.94,HIGH RISK,27
2021,Uttar Pradesh,Prayagraj,3086497,913,29.580459660255624,0.2890730391212179,34.8,2.4,32.4,0.026259020403281836,0.8630701322572731,0.7980295566502462,50.88,HIGH RISK,28
2021,Uttar Pradesh,Kannauj,1905108,508,26.665154941347154,0.2890730391212179,34.8,2.4,32.4,0.023671060412975866,0.8630701322572731,0.7980295566502462,50.78,HIGH RISK,29
2021,Uttar Pradesh,Mathura,2929261,734,25.05751450621846,0.2890730391212179,34.8,2.4,32.4,0.02224393373975836,0.8630701322572731,0.7980295566502462,50.72,HIGH RISK,30
2021,Uttar Pradesh,Kanpur Dehat,2065611,488,23.624971013419277,0.2890730391212179,34.8,2.4,32.4,0.020972243264422544,0.8630701322572731,0.7980295566502462,50.67,HIGH RISK,31
2021,Uttar Pradesh,Hamirpur,522983,119,22.754085696858212,0.2890730391212179,34.8,2.4,32.4,0.02019914522743626,0.8630701322572731,0.7980295566502462,50.64,HIGH RISK,32
2021,Uttar Pradesh,Aligarh,4224972,889,21.04155956536517,0.2890730391212179,34.8,2.4,32.4,0.018678909938853173,0.8630701322572731,0.7980295566502462,50.58,HIGH RISK,33
2021,Uttar Pradesh,Bareilly,5115612,979,19.1374951814172,0.2890730391212179,34.8,2.4,32.4,0.01698864325329417,0.8630701322572731,0.7980295566502462,50.51,HIGH RISK,34
2021,Uttar Pradesh,Meerut,3960242,722,18.23120910287805,0.2890730391212179,34.8,2.4,32.4,0.01618411942570994,0.8630701322572731,0.7980295566502462,50.48,HIGH RISK,35
2021,Uttar Pradesh,Kanpur Commissionarate,3086497,534,17.301166986392666,0.2890730391212179,34.8,2.4,32.4,0.015358507004767253,0.8630701322572731,0.7980295566502462,50.45,HIGH RISK,36
2021,Uttar Pradesh,Firozabad,2872879,491,17.090869472748416,0.2890730391212179,34.8,2.4,32.4,0.0151718227285603,0.8630701322572731,0.7980295566502462,50.44,HIGH RISK,37
2021,Uttar Pradesh,Auraiya,1586476,268,16.89278627599787,0.2890730391212179,34.8,2.4,32.4,0.014995981285771344,0.8630701322572731,0.7980295566502462,50.43,HIGH RISK,38
2021,Uttar Pradesh,Agra,5081616,793,15.605272023702694,0.2890730391212179,34.8,2.4,32.4,0.013853035455691467,0.8630701322572731,0.7980295566502462,50.39,HIGH RISK,39
2021,Uttar Pradesh,Moradabad,5487806,790,14.3955526124648,0.2890730391212179,34.8,2.4,32.4,0.012779149279925817,0.8630701322572731,0.7980295566502462,50.34,HIGH RISK,40
2021,Uttar Pradesh,Varanasi Commissionarate,3086497,437,14.15844564242246,0.2890730391212179,34.8,2.4,32.4,0.01256866584472526,0.8630701322572731,0.7980295566502462,50.34,HIGH RISK,40
2021,Uttar Pradesh,Jhansi,2298393,312,13.574701976554922,0.2890730391212179,34.8,2.4,32.4,0.012050467783966328,0.8630701322572731,0.7980295566502462,50.32,HIGH RISK,41
2021,Uttar Pradesh,Pilibhit,2335658,317,13.572192504210804,0.2890730391212179,34.8,2.4,32.4,0.01204824008749905,0.8630701322572731,0.7980295566502462,50.31,HIGH RISK,42
2021,Uttar Pradesh,Badaun,3086497,387,12.538486186767717,0.2890730391212179,34.8,2.4,32.4,0.011130603391095367,0.8630701322572731,0.7980295566502462,50.28,HIGH RISK,43
2021,Uttar Pradesh,Khiri,3086497,371,12.0200991609582,0.2890730391212179,34.8,2.4,32.4,0.010670423405933802,0.8630701322572731,0.7980295566502462,50.26,HIGH RISK,44
2021,Uttar Pradesh,Ghaziabad,5383891,639,11.868739541718062,0.2890730391212179,34.8,2.4,32.4,0.010536059187949727,0.8630701322572731,0.7980295566502462,50.25,HIGH RISK,45
2021,Uttar Pradesh,Saharanpur,3986339,455,11.41398160066166,0.2890730391212179,34.8,2.4,32.4,0.010132363701472918,0.8630701322572731,0.7980295566502462,50.24,HIGH RISK,46
2021,Uttar Pradesh,Banda,2069321,231,11.163081996461642,0.2890730391212179,34.8,2.4,32.4,0.00990963633680266,0.8630701322572731,0.7980295566502462,50.23,HIGH RISK,47
2021,Uttar Pradesh,Gautambudh Nagar,3086497,349,11.307317000470112,0.2890730391212179,34.8,2.4,32.4,0.010037675926336649,0.8630701322572731,0.7980295566502462,50.23,HIGH RISK,47
2021,Uttar Pradesh,Pratapgarh,3690512,410,11.109569620692197,0.2890730391212179,34.8,2.4,32.4,0.009862132593341705,0.8630701322572731,0.7980295566502462,50.23,HIGH RISK,47
2021,Uttar Pradesh,Shahjahanpur,3457518,354,10.238558410975736,0.2890730391212179,34.8,2.4,32.4,0.009088922799101675,0.8630701322572731,0.7980295566502462,50.2,HIGH RISK,48
2021,Uttar Pradesh,Gorakhpur,5107029,518,10.142883465122283,0.2890730391212179,34.8,2.4,32.4,0.00900399070595289,0.8630701322572731,0.7980295566502462,50.19,HIGH RISK,49
2021,Uttar Pradesh,Amroha,3086497,300,9.719756733928463,0.2890730391212179,34.8,2.4,32.4,0.008628374721779354,0.8630701322572731,0.7980295566502462,50.18,HIGH RISK,50
2021,Uttar Pradesh,Hamirpur,1269927,119,9.370617366195065,0.2890730391212179,34.8,2.4,32.4,0.008318438436603284,0.8630701322572731,0.7980295566502462,50.17,HIGH RISK,51
2021,Uttar Pradesh,Hapur,3086497,285,9.23376889723204,0.2890730391212179,34.8,2.4,32.4,0.008196955985690386,0.8630701322572731,0.7980295566502462,50.16,HIGH RISK,52
2021,Uttar Pradesh,Sambhal,3086497,282,9.136571329892757,0.2890730391212179,34.8,2.4,32.4,0.008110672238472595,0.8630701322572731,0.7980295566502462,50.16,HIGH RISK,52
2021,Uttar Pradesh,Etawah,1819081,155,8.520786045261316,0.2890730391212179,34.8,2.4,32.4,0.007564030349235706,0.8630701322572731,0.7980295566502462,50.14,HIGH RISK,53
2021,Uttar Pradesh,Mainpuri,2148808,179,8.330199813105684,0.2890730391212179,34.8,2.4,32.4,0.007394844075045263,0.8630701322572731,0.7980295566502462,50.13,HIGH RISK,54
2021,Uttar Pradesh,Fatehpur,3027642,243,8.026047993785262,0.2890730391212179,34.8,2.4,32.4,0.007124843915447971,0.8630701322572731,0.7980295566502462,50.12,HIGH RISK,55
2021,Uttar Pradesh,Muzaffarnagar,4765038,369,7.743904665608124,0.2890730391212179,34.8,2.4,32.4,0.006874381025542045,0.8630701322572731,0.7980295566502462,50.11,HIGH RISK,56
2021,Uttar Pradesh,Jalaun,1943470,147,7.563790539601846,0.2890730391212179,34.8,2.4,32.4,0.006714490998002248,0.8630701322572731,0.7980295566502462,50.1,HIGH RISK,57
2021,Uttar Pradesh,Shamli,3086497,234,7.5814102524642015,0.2890730391212179,34.8,2.4,32.4,0.006730132282987897,0.8630701322572731,0.7980295566502462,50.1,HIGH RISK,57
2021,Uttar Pradesh,Unnao,3574622,264,7.385396274067579,0.2890730391212179,34.8,2.4,32.4,0.006556127716555785,0.8630701322572731,0.7980295566502462,50.1,HIGH RISK,57
2021,Uttar Pradesh,Raibareilly,3086497,211,6.836228902863019,0.2890730391212179,34.8,2.4,32.4,0.0060686235543181465,0.8630701322572731,0.7980295566502462,50.08,HIGH RISK,58
2021,Uttar Pradesh,Vasanasi Dehat,3086497,214,6.933426470202304,0.2890730391212179,34.8,2.4,32.4,0.00615490730153594,0.8630701322572731,0.7980295566502462,50.08,HIGH RISK,58
2021,West Bengal,Total Districts ,4419516,21534,487.2479248858925,0.1918958985340141,27.0,5.9,21.1,0.4325373353892236,0.572933467025716,0.5197044334975369,50.08,HIGH RISK,58
2021,Uttar Pradesh,Fatehgarh,3086497,205,6.6418337681844495,0.2890730391212179,34.8,2.4,32.4,0.005896056059882559,0.8630701322572731,0.7980295566502462,50.07,HIGH RISK,59
2021,Uttar Pradesh,Ghazipur,4163308,278,6.677382504489219,0.2890730391212179,34.8,2.4,32.4,0.005927613209523207,0.8630701322572731,0.7980295566502462,50.07,HIGH RISK,59
2021,Uttar Pradesh,Kaushambi,1839535,121,6.577749268157442,0.2890730391212179,34.8,2.4,32.4,0.005839167282187048,0.8630701322572731,0.7980295566502462,50.07,HIGH RISK,59
2021,Uttar Pradesh,Kanpur Outer,3086497,204,6.609434579071355,0.2890730391212179,34.8,2.4,32.4,0.005867294810809961,0.8630701322572731,0.7980295566502462,50.07,HIGH RISK,59
2021,Uttar Pradesh,Etah,2040651,129,6.321512105695683,0.2890730391212179,34.8,2.4,32.4,0.005611701686505218,0.8630701322572731,0.7980295566502462,50.06,HIGH RISK,60
2021,Uttar Pradesh,Maharajganj,3086497,196,6.350241066166595,0.2890730391212179,34.8,2.4,32.4,0.005637204818229178,0.8630701322572731,0.7980295566502462,50.06,HIGH RISK,60
2021,Uttar Pradesh,Amethi,3086497,185,5.9938499859225525,0.2890730391212179,34.8,2.4,32.4,0.005320831078430602,0.8630701322572731,0.7980295566502462,50.05,HIGH RISK,61
2021,Uttar Pradesh,Baghpat,1498505,92,6.139452320813077,0.2890730391212179,34.8,2.4,32.4,0.0054500844682213246,0.8630701322572731,0.7980295566502462,50.05,HIGH RISK,61
2021,Uttar Pradesh,Sitapur,5156590,318,6.166866087860388,0.2890730391212179,34.8,2.4,32.4,0.005474420082897163,0.8630701322572731,0.7980295566502462,50.05,HIGH RISK,61
2021,Uttar Pradesh,Ambedkar Nagar,2757571,163,5.910999209086548,0.2890730391212179,34.8,2.4,32.4,0.005247283193632602,0.8630701322572731,0.7980295566502462,50.04,HIGH RISK,62
2021,Uttar Pradesh,Chitrakoot,1140489,67,5.874673056908046,0.2890730391212179,34.8,2.4,32.4,0.005215035920189801,0.8630701322572731,0.7980295566502462,50.04,HIGH RISK,62
2021,Uttar Pradesh,Hathras,3086497,177,5.734656473017793,0.2890730391212179,34.8,2.4,32.4,0.00509074108584982,0.8630701322572731,0.7980295566502462,50.04,HIGH RISK,62
2021,Uttar Pradesh,Bijnor,4235119,233,5.501616365443333,0.2890730391212179,34.8,2.4,32.4,0.004883867865830092,0.8630701322572731,0.7980295566502462,50.03,HIGH RISK,63
2021,Uttar Pradesh,Mahoba,1007351,55,5.459864535797354,0.2890730391212179,34.8,2.4,32.4,0.004846804136627087,0.8630701322572731,0.7980295566502462,50.03,HIGH RISK,63
2021,Uttar Pradesh,Azamgarh,5305999,286,5.390125403340634,0.2890730391212179,34.8,2.4,32.4,0.004784895656396514,0.8630701322572731,0.7980295566502462,50.02,HIGH RISK,64
2021,Uttar Pradesh,Hardoi,4706771,253,5.37523495406936,0.2890730391212179,34.8,2.4,32.4,0.0047716771798846785,0.8630701322572731,0.7980295566502462,50.02,HIGH RISK,64
2021,Uttar Pradesh,Kasganj,3086497,164,5.31346701454756,0.2890730391212179,34.8,2.4,32.4,0.004716844847906047,0.8630701322572731,0.7980295566502462,50.02,HIGH RISK,64
2021,Uttar Pradesh,Sonbhadra,2141942,109,5.088839940577289,0.2890730391212179,34.8,2.4,32.4,0.004517440004767654,0.8630701322572731,0.7980295566502462,50.01,HIGH RISK,65
2021,Uttar Pradesh,Jaunpur,5168334,244,4.721057114342843,0.2890730391212179,34.8,2.4,32.4,0.0041909536401543625,0.8630701322572731,0.7980295566502462,50.0,HIGH RISK,66
2021,Uttar Pradesh,Mirzapur,2871515,135,4.7013510289864415,0.2890730391212179,34.8,2.4,32.4,0.00417346025082283,0.8630701322572731,0.7980295566502462,50.0,HIGH RISK,66
2021,Uttar Pradesh,Chandoli,3086497,138,4.471088097607093,0.2890730391212179,34.8,2.4,32.4,0.0039690523720185035,0.8630701322572731,0.7980295566502462,49.99,MODERATE RISK,67
2021,Uttar Pradesh,Ballia,3725740,155,4.1602473602559495,0.2890730391212179,34.8,2.4,32.4,0.003693114358950984,0.8630701322572731,0.7980295566502462,49.98,MODERATE RISK,68
2021,Uttar Pradesh,Kushi Nagar,3086497,121,3.92030188268448,0.2890730391212179,34.8,2.4,32.4,0.0034801111377843396,0.8630701322572731,0.7980295566502462,49.97,MODERATE RISK,69
2021,Uttar Pradesh,Rampur,2686191,102,3.7971983377205865,0.2890730391212179,34.8,2.4,32.4,0.003370830263313464,0.8630701322572731,0.7980295566502462,49.97,MODERATE RISK,69
2021,Uttar Pradesh,Lalitpur,1404830,51,3.630332495746816,0.2890730391212179,34.8,2.4,32.4,0.0032227009374231246,0.8630701322572731,0.7980295566502462,49.96,MODERATE RISK,70
2021,Uttar Pradesh,Shrawasti,1284965,45,3.502040911620161,0.2890730391212179,34.8,2.4,32.4,0.003108814562301053,0.8630701322572731,0.7980295566502462,49.96,MODERATE RISK,70
2021,Uttar Pradesh,Barabanki,3086497,98,3.1751205330832977,0.2890730391212179,34.8,2.4,32.4,0.002818602409114589,0.8630701322572731,0.7980295566502462,49.95,MODERATE RISK,71
2021,Uttar Pradesh,Mau,2536863,84,3.311176046952476,0.2890730391212179,34.8,2.4,32.4,0.0029393809418251544,0.8630701322572731,0.7980295566502462,49.95,MODERATE RISK,71
2021,Uttar Pradesh,Bahraich,4010890,107,2.667737085783953,0.2890730391212179,34.8,2.4,32.4,0.0023681904666381743,0.8630701322572731,0.7980295566502462,49.93,MODERATE RISK,72
2021,Uttar Pradesh,Sant Kabirnagar,3086497,83,2.6891326963868747,0.2890730391212179,34.8,2.4,32.4,0.0023871836730256215,0.8630701322572731,0.7980295566502462,49.93,MODERATE RISK,72
2021,Uttar Pradesh,Sultanpur,4366684,124,2.839683384462901,0.2890730391212179,34.8,2.4,32.4,0.0025208297906087157,0.8630701322572731,0.7980295566502462,49.93,MODERATE RISK,72
2021,Uttar Pradesh,Ayodhya,3086497,77,2.4947375617083054,0.2890730391212179,34.8,2.4,32.4,0.0022146161785900342,0.8630701322572731,0.7980295566502462,49.92,MODERATE RISK,73
2021,Uttar Pradesh,Lucknow Grameen,3086497,74,2.397539994369021,0.2890730391212179,34.8,2.4,32.4,0.002128332431372241,0.8630701322572731,0.7980295566502462,49.92,MODERATE RISK,73
2021,Uttar Pradesh,Basti,2834133,50,1.7642079606002965,0.2890730391212179,34.8,2.4,32.4,0.001566114028149456,0.8630701322572731,0.7980295566502462,49.9,MODERATE RISK,74
2021,Uttar Pradesh,Gonda,3949006,61,1.5446925124955495,0.2890730391212179,34.8,2.4,32.4,0.0013712468524252404,0.8630701322572731,0.7980295566502462,49.89,MODERATE RISK,75
2021,Uttar Pradesh,Balrampur,2470964,36,1.4569212663559648,0.2890730391212179,34.8,2.4,32.4,0.0012933309927776113,0.8630701322572731,0.7980295566502462,49.88,MODERATE RISK,76
2021,Uttar Pradesh,Deoria,3566087,43,1.2058034478687705,0.2890730391212179,34.8,2.4,32.4,0.0010704099159918195,0.8630701322572731,0.7980295566502462,49.88,MODERATE RISK,76
2021,Uttar Pradesh,Sidharthnagar,3086497,32,1.036774051619036,0.2890730391212179,34.8,2.4,32.4,0.0009203599703231311,0.8630701322572731,0.7980295566502462,49.87,MODERATE RISK,77
2021,Uttar Pradesh,Bhadohi,3086497,31,1.0043748625059412,0.2890730391212179,34.8,2.4,32.4,0.0008915987212505333,0.8630701322572731,0.7980295566502462,49.87,MODERATE RISK,77
2021,Uttar Pradesh,GRP,3086497,2,0.0647983782261897,0.2890730391212179,34.8,2.4,32.4,5.752249814519565e-05,0.8630701322572731,0.7980295566502462,49.84,MODERATE RISK,78
2021,Haryana,Total Districts ,1358470,7757,571.0100333463382,0.1847177848775293,21.6,4.9,16.700000000000003,0.5068942230220422,0.5515021515294888,0.4113300492610838,49.16,MODERATE RISK,79
2021,Karnataka,Bengaluru City,1785149,575,32.21019645979131,0.1785958402499756,44.4,3.8,40.6,0.028593477442401153,0.5332241842190927,1.0,47.14,MODERATE RISK,80
2021,Telangana,Hyderabad Commissionerate,3550945,1811,51.0005083153921,0.2616064848931466,36.9,7.6,29.299999999999997,0.045273920818445224,0.7810646894033219,0.7216748768472906,46.89,MODERATE RISK,81
2021,Telangana,Rachakonda Commissionerate,3550945,1646,46.35385791669541,0.2616064848931466,36.9,7.6,29.299999999999997,0.041149019142551535,0.7810646894033219,0.7216748768472906,46.73,MODERATE RISK,82
2021,Jharkhand,Total Districts ,1648218,2362,143.30628594033072,0.2265305090743642,31.5,2.9,28.6,0.1272151524907428,0.6763401976935469,0.7044334975369458,46.51,MODERATE RISK,83
2021,Telangana,Cyberabad Commissionerate,3550945,1385,39.00370183148429,0.2616064848931466,36.9,7.6,29.299999999999997,0.03462417467341062,0.7810646894033219,0.7216748768472906,46.47,MODERATE RISK,84
2021,Karnataka,Belagavi District,1785149,148,8.290624480085416,0.1785958402499756,44.4,3.8,40.6,0.007359712454739775,0.5332241842190927,1.0,46.29,MODERATE RISK,85
2021,Karnataka,Bengaluru District,1785149,122,6.834163422773113,0.1785958402499756,44.4,3.8,40.6,0.006066789996474679,0.5332241842190927,1.0,46.24,MODERATE RISK,86
2021,Karnataka,Ballari,1785149,118,6.610092490878913,0.1785958402499756,44.4,3.8,40.6,0.0058678788490492805,0.5332241842190927,1.0,46.23,MODERATE RISK,87
2021,Karnataka,Vijayapura,1785149,114,6.386021558984712,0.1785958402499756,44.4,3.8,40.6,0.005668967701623881,0.5332241842190927,1.0,46.22,MODERATE RISK,88
2021,Karnataka,Mysuru District,1785149,110,6.161950627090512,0.1785958402499756,44.4,3.8,40.6,0.005470056554198481,0.5332241842190927,1.0,46.22,MODERATE RISK,88
2021,Karnataka,Kalaburgi City,1785149,111,6.217968360064061,0.1785958402499756,44.4,3.8,40.6,0.005519784341054831,0.5332241842190927,1.0,46.22,MODERATE RISK,88
2021,Karnataka,Kodagu,637696,36,5.6453231633881975,0.1785958402499756,44.4,3.8,40.6,0.0050114385588709,0.5332241842190927,1.0,46.2,MODERATE RISK,89
2021,Karnataka,Raichur,2218133,124,5.590286966561519,0.1785958402499756,44.4,3.8,40.6,0.004962582096463301,0.5332241842190927,1.0,46.2,MODERATE RISK,89
2021,Karnataka,Kalaburgi,1785149,99,5.5457555643814604,0.1785958402499756,44.4,3.8,40.6,0.004923050898778633,0.5332241842190927,1.0,46.19,MODERATE RISK,90
2021,Karnataka,Belagavi City,1785149,95,5.32168463248726,0.1785958402499756,44.4,3.8,40.6,0.004724139751353234,0.5332241842190927,1.0,46.19,MODERATE RISK,90
2021,Karnataka,Chikkaballapura,1443369,73,5.057611740310343,0.1785958402499756,44.4,3.8,40.6,0.004489718260163757,0.5332241842190927,1.0,46.18,MODERATE RISK,91
2021,Karnataka,Ramanagara,1245031,66,5.301072824692719,0.1785958402499756,44.4,3.8,40.6,0.004705842338546205,0.5332241842190927,1.0,46.18,MODERATE RISK,91
2021,Karnataka,Chikkamagaluru,1785149,84,4.7054895697782095,0.1785958402499756,44.4,3.8,40.6,0.004177134095933386,0.5332241842190927,1.0,46.16,MODERATE RISK,92
2021,Karnataka,Chitradurga,1908374,80,4.192050405214072,0.1785958402499756,44.4,3.8,40.6,0.0037213464018615236,0.5332241842190927,1.0,46.15,MODERATE RISK,93
2021,Karnataka,Hubballi Dharwad City,1785149,76,4.257347705989808,0.1785958402499756,44.4,3.8,40.6,0.0037793118010825875,0.5332241842190927,1.0,46.15,MODERATE RISK,93
2021,Karnataka,Koppal,1598407,68,4.254235623342491,0.1785958402499756,44.4,3.8,40.6,0.0037765491583558954,0.5332241842190927,1.0,46.15,MODERATE RISK,93
2021,Karnataka,Mandya,2076634,92,4.430246254274946,0.1785958402499756,44.4,3.8,40.6,0.003932796451397789,0.5332241842190927,1.0,46.15,MODERATE RISK,93
2021,Karnataka,Shimoga,2015665,89,4.415416252204607,0.1785958402499756,44.4,3.8,40.6,0.003919631634778357,0.5332241842190927,1.0,46.15,MODERATE RISK,93
2021,Karnataka,Davanagere,2237321,91,4.067364495304876,0.1785958402499756,44.4,3.8,40.6,0.0036106608381511504,0.5332241842190927,1.0,46.14,MODERATE RISK,94
2021,Karnataka,Tumakuru,1785149,74,4.145312240042708,0.1785958402499756,44.4,3.8,40.6,0.0036798562273698877,0.5332241842190927,1.0,46.14,MODERATE RISK,94
2021,Karnataka,Bidar,1958794,76,3.8799383702420975,0.1785958402499756,44.4,3.8,40.6,0.0034442798387123805,0.5332241842190927,1.0,46.13,MODERATE RISK,95
2021,Karnataka,Hassan,2042884,74,3.622330000137061,0.1785958402499756,44.4,3.8,40.6,0.0032155970013143806,0.5332241842190927,1.0,46.13,MODERATE RISK,95
2021,Karnataka,Yadgiri,1785149,64,3.5851349103072065,0.1785958402499756,44.4,3.8,40.6,0.003182578358806389,0.5332241842190927,1.0,46.12,MODERATE RISK,96
2021,Karnataka,Haveri,1837318,57,3.102348096518948,0.1785958402499756,44.4,3.8,40.6,0.002754001219055757,0.5332241842190927,1.0,46.11,MODERATE RISK,97
2021,Karnataka,Udupi,1353965,34,2.5111431979408625,0.1785958402499756,44.4,3.8,40.6,0.0022291797094312524,0.5332241842190927,1.0,46.09,MODERATE RISK,98
2021,Karnataka,Mysuru City,1785149,42,2.3527447848891048,0.1785958402499756,44.4,3.8,40.6,0.002088567047966693,0.5332241842190927,1.0,46.08,MODERATE RISK,99
2021,Karnataka,Bagalkot,2173214,45,2.070665843308574,0.1785958402499756,44.4,3.8,40.6,0.001838161315014155,0.5332241842190927,1.0,46.07,MODERATE RISK,100
2021,Karnataka,Gadag,1224255,25,2.0420582313325246,0.1785958402499756,44.4,3.8,40.6,0.0018127659061802084,0.5332241842190927,1.0,46.07,MODERATE RISK,100
2021,Karnataka,Chamarajnagar,1785149,30,1.6805319892065032,0.1785958402499756,44.4,3.8,40.6,0.0014918336056904949,0.5332241842190927,1.0,46.06,MODERATE RISK,101
2021,Karnataka,Kolar,1766861,33,1.8677190792031744,0.1785958402499756,44.4,3.8,40.6,0.001658002410094093,0.5332241842190927,1.0,46.06,MODERATE RISK,101
2021,Karnataka,Mangaluru City,1785149,32,1.7925674551536033,0.1785958402499756,44.4,3.8,40.6,0.0015912891794031944,0.5332241842190927,1.0,46.06,MODERATE RISK,101
2021,Karnataka,Dakshina Kannada,2403096,36,1.4980674929341151,0.1785958402499756,44.4,3.8,40.6,0.0013298571189988822,0.5332241842190927,1.0,46.05,MODERATE RISK,102
2021,Karnataka,Dharwad,2124076,31,1.459458136149554,0.1785958402499756,44.4,3.8,40.6,0.0012955830103742085,0.5332241842190927,1.0,46.05,MODERATE RISK,102
2021,Karnataka,Uttara Kannada,1652744,24,1.452130517490912,0.1785958402499756,44.4,3.8,40.6,0.0012890781727187182,0.5332241842190927,1.0,46.05,MODERATE RISK,102
2021,Karnataka,K.G.F.,1785149,18,1.0083191935239018,0.1785958402499756,44.4,3.8,40.6,0.0008951001634142969,0.5332241842190927,1.0,46.03,MODERATE RISK,103
2021,Karnataka,K.Railways,1785149,1,0.0560177329735501,0.1785958402499756,44.4,3.8,40.6,4.9727786856349825e-05,0.5332241842190927,1.0,46.0,MODERATE RISK,104
2021,Telangana,Ramagundam Commissionerate,3550945,618,17.403817856936673,0.2616064848931466,36.9,7.6,29.299999999999997,0.01544963173152907,0.7810646894033219,0.7216748768472906,45.7,MODERATE RISK,105
2021,Telangana,Warangal Commissionerate,3550945,571,16.080226531247316,0.2616064848931466,36.9,7.6,29.299999999999997,0.014274659739001778,0.7810646894033219,0.7216748768472906,45.65,MODERATE RISK,106
2021,Telangana,Bhadradri Kothagudem,3550945,403,11.349091579847055,0.2616064848931466,36.9,7.6,29.299999999999997,0.010074759850819119,0.7810646894033219,0.7216748768472906,45.49,MODERATE RISK,107
2021,Telangana,Siddipet Commissionerate,3550945,359,10.109984806861272,0.2616064848931466,36.9,7.6,29.299999999999997,0.008974786070580804,0.7810646894033219,0.7216748768472906,45.44,MODERATE RISK,108
2021,Telangana,Khammam Commissionerate,3550945,344,9.68756204334339,0.2616064848931466,36.9,7.6,29.299999999999997,0.008599795009135922,0.7810646894033219,0.7216748768472906,45.43,MODERATE RISK,109
2021,Telangana,Jagityal,3550945,347,9.772046596046968,0.2616064848931466,36.9,7.6,29.299999999999997,0.0086747932214249,0.7810646894033219,0.7216748768472906,45.43,MODERATE RISK,109
2021,Telangana,Suryapet,3550945,309,8.701908928468336,0.2616064848931466,36.9,7.6,29.299999999999997,0.007724815865764535,0.7810646894033219,0.7216748768472906,45.39,MODERATE RISK,110
2021,Telangana,Karimnagar Commissionerate,3550945,282,7.941547954136152,0.2616064848931466,36.9,7.6,29.299999999999997,0.0070498319551637505,0.7810646894033219,0.7216748768472906,45.36,MODERATE RISK,111
2021,Telangana,Nizamabad Commissionerate,3550945,275,7.744417331161141,0.2616064848931466,36.9,7.6,29.299999999999997,0.006874836126489472,0.7810646894033219,0.7216748768472906,45.36,MODERATE RISK,111
2021,Telangana,Nalgonda,4012130,317,7.901040095909154,0.2616064848931466,36.9,7.6,29.299999999999997,0.00701387251816064,0.7810646894033219,0.7216748768472906,45.36,MODERATE RISK,111
2021,Telangana,Kamareddy ,3550945,267,7.519125190618271,0.2616064848931466,36.9,7.6,29.299999999999997,0.006674840893718869,0.7810646894033219,0.7216748768472906,45.35,MODERATE RISK,112
2021,Telangana,Rajanna Siricilla,3550945,200,5.632303513571739,0.2616064848931466,36.9,7.6,29.299999999999997,0.0049998808192650715,0.7810646894033219,0.7216748768472906,45.28,MODERATE RISK,113
2021,Telangana,Adilabad,3152424,136,4.314140483640526,0.2616064848931466,36.9,7.6,29.299999999999997,0.003829727606794119,0.7810646894033219,0.7216748768472906,45.24,MODERATE RISK,114
2021,Telangana,Sangareddy,3550945,156,4.393196740585957,0.2616064848931466,36.9,7.6,29.299999999999997,0.0038999070390267556,0.7810646894033219,0.7216748768472906,45.24,MODERATE RISK,114
2021,Telangana,Medak,3488281,147,4.214110044460294,0.2616064848931466,36.9,7.6,29.299999999999997,0.00374092907649568,0.7810646894033219,0.7216748768472906,45.23,MODERATE RISK,115
2021,Telangana,Mahabubabad,3550945,136,3.8299663892287823,0.2616064848931466,36.9,7.6,29.299999999999997,0.003399918957100248,0.7810646894033219,0.7216748768472906,45.22,MODERATE RISK,116
2021,Telangana,Mahabubnagar,3550945,129,3.632835766253772,0.2616064848931466,36.9,7.6,29.299999999999997,0.0032249231284259714,0.7810646894033219,0.7216748768472906,45.21,MODERATE RISK,117
2021,Telangana,Vikarabad,3550945,111,3.1259284500323155,0.2616064848931466,36.9,7.6,29.299999999999997,0.0027749338546921147,0.7810646894033219,0.7216748768472906,45.19,MODERATE RISK,118
2021,Telangana,Kumaram Bheem Asifabad,3550945,88,2.478213545971565,0.2616064848931466,36.9,7.6,29.299999999999997,0.002199947560476631,0.7810646894033219,0.7216748768472906,45.17,MODERATE RISK,119
2021,Telangana,Nirmal,3550945,76,2.140275335157261,0.2616064848931466,36.9,7.6,29.299999999999997,0.0018999547113207273,0.7810646894033219,0.7216748768472906,45.16,MODERATE RISK,120
2021,Telangana,Mulug,3550945,80,2.252921405428696,0.2616064848931466,36.9,7.6,29.299999999999997,0.001999952327706029,0.7810646894033219,0.7216748768472906,45.16,MODERATE RISK,120
2021,Telangana,Jayashankar Bhupalpalli,3550945,71,1.999467747317968,0.2616064848931466,36.9,7.6,29.299999999999997,0.001774957690839101,0.7810646894033219,0.7216748768472906,45.15,MODERATE RISK,121
2021,Telangana,Nagarkurnool,3550945,67,1.8868216770465327,0.2616064848931466,36.9,7.6,29.299999999999997,0.0016749600744537989,0.7810646894033219,0.7216748768472906,45.15,MODERATE RISK,121
2021,Telangana,Jogulamba Gadwal,3550945,47,1.3235913256893588,0.2616064848931466,36.9,7.6,29.299999999999997,0.0011749719925272918,0.7810646894033219,0.7216748768472906,45.13,MODERATE RISK,122
2021,Telangana,Wanaparthy,3550945,49,1.379914360825076,0.2616064848931466,36.9,7.6,29.299999999999997,0.0012249708007199423,0.7810646894033219,0.7216748768472906,45.13,MODERATE RISK,122
2021,Telangana,Narayanpet,3550945,50,1.4080758783929348,0.2616064848931466,36.9,7.6,29.299999999999997,0.0012499702048162679,0.7810646894033219,0.7216748768472906,45.13,MODERATE RISK,122
2021,Telangana,Railway Police Secunderabad,3550945,1,0.0281615175678586,0.2616064848931466,36.9,7.6,29.299999999999997,2.4999404096325272e-05,0.7810646894033219,0.7216748768472906,45.08,MODERATE RISK,123
2021,Manipur,Total Districts ,364906,46,12.605986199185542,0.1993166287015945,39.6,4.4,35.2,0.011190524170679566,0.5950891498477778,0.8669950738916257,44.31,MODERATE RISK,124
2021,Manipur,Bishnupur,273008,9,3.2966066928441657,0.1993166287015945,39.6,4.4,35.2,0.002926447506334739,0.5950891498477778,0.8669950738916257,43.98,MODERATE RISK,125
2021,Manipur,Thoubal,485493,10,2.059761932715817,0.1993166287015945,39.6,4.4,35.2,0.0018284817490432624,0.5950891498477778,0.8669950738916257,43.94,MODERATE RISK,126
2021,Manipur,Imphal West,595690,11,1.84659806275076,0.1993166287015945,39.6,4.4,35.2,0.0016392529650776188,0.5950891498477778,0.8669950738916257,43.93,MODERATE RISK,127
2021,Manipur,Imphal East,524529,7,1.334530597926902,0.1993166287015945,39.6,4.4,35.2,0.0011846829495638608,0.5950891498477778,0.8669950738916257,43.91,MODERATE RISK,128
2021,Manipur,Kakching,364906,4,1.096172712972656,0.1993166287015945,39.6,4.4,35.2,0.0009730890583199624,0.5950891498477778,0.8669950738916257,43.9,MODERATE RISK,129
2021,Manipur,Chandel,165809,1,0.6031035709762438,0.1993166287015945,39.6,4.4,35.2,0.0005353841406607968,0.5950891498477778,0.8669950738916257,43.88,MODERATE RISK,130
2021,Manipur,Ukhrul,211597,1,0.4725964923888335,0.1993166287015945,39.6,4.4,35.2,0.0004195310376745703,0.5950891498477778,0.8669950738916257,43.88,MODERATE RISK,130
2021,Manipur,Senapati,551020,1,0.1814816159123081,0.1993166287015945,39.6,4.4,35.2,0.00016110396896451318,0.5950891498477778,0.8669950738916257,43.87,MODERATE RISK,131
2021,Manipur,Jiribam,364906,1,0.274043178243164,0.1993166287015945,39.6,4.4,35.2,0.0002432722645799906,0.5950891498477778,0.8669950738916257,43.87,MODERATE RISK,131
2021,Manipur,Tengnoupal,364906,1,0.274043178243164,0.1993166287015945,39.6,4.4,35.2,0.0002432722645799906,0.5950891498477778,0.8669950738916257,43.87,MODERATE RISK,131
2021,Manipur,Churachandpur,315264,0,0.0,0.1993166287015945,39.6,4.4,35.2,0.0,0.5950891498477778,0.8669950738916257,43.86,MODERATE RISK,132
2021,Manipur,CID,364906,0,0.0,0.1993166287015945,39.6,4.4,35.2,0.0,0.5950891498477778,0.8669950738916257,43.86,MODERATE RISK,132
2021,Manipur,Tamenglong,161748,0,0.0,0.1993166287015945,39.6,4.4,35.2,0.0,0.5950891498477778,0.8669950738916257,43.86,MODERATE RISK,132
2021,Manipur,Kamjong,364906,0,0.0,0.1993166287015945,39.6,4.4,35.2,0.0,0.5950891498477778,0.8669950738916257,43.86,MODERATE RISK,132
2021,Manipur,Kangpokpi,364906,0,0.0,0.1993166287015945,39.6,4.4,35.2,0.0,0.5950891498477778,0.8669950738916257,43.86,MODERATE RISK,132
2021,Manipur,Noney,364906,0,0.0,0.1993166287015945,39.6,4.4,35.2,0.0,0.5950891498477778,0.8669950738916257,43.86,MODERATE RISK,132
2021,Manipur,Pherzawl,364906,0,0.0,0.1993166287015945,39.6,4.4,35.2,0.0,0.5950891498477778,0.8669950738916257,43.86,MODERATE RISK,132
2021,Manipur,Narcotic,364906,0,0.0,0.1993166287015945,39.6,4.4,35.2,0.0,0.5950891498477778,0.8669950738916257,43.86,MODERATE RISK,132
2021,Jharkhand,Jamshedpur,1648218,202,12.2556603556083,0.2265305090743642,31.5,2.9,28.6,0.010879534632993246,0.6763401976935469,0.7044334975369458,41.86,MODERATE RISK,133
2021,Jharkhand,Ranchi,3351390,362,10.801488337674815,0.2265305090743642,31.5,2.9,28.6,0.009588644189525847,0.6763401976935469,0.7044334975369458,41.81,MODERATE RISK,134
2021,Jharkhand,Garhwa,1521201,129,8.480141677529794,0.2265305090743642,31.5,2.9,28.6,0.00752794973068553,0.6763401976935469,0.7044334975369458,41.72,MODERATE RISK,135
2021,Jharkhand,Hazaribagh,1994669,165,8.272049147001333,0.2265305090743642,31.5,2.9,28.6,0.007343222851263192,0.6763401976935469,0.7044334975369458,41.72,MODERATE RISK,135
2021,Jharkhand,Sahebganj,1648218,136,8.251335684964003,0.2265305090743642,31.5,2.9,28.6,0.007324835198450897,0.6763401976935469,0.7044334975369458,41.72,MODERATE RISK,135
2021,Jharkhand,Bokaro,2371679,166,6.99926086118737,0.2265305090743642,31.5,2.9,28.6,0.0062133494838404035,0.6763401976935469,0.7044334975369458,41.67,MODERATE RISK,136
2021,Jharkhand,Godda,1510583,105,6.950958669599751,0.2265305090743642,31.5,2.9,28.6,0.00617047089949823,0.6763401976935469,0.7044334975369458,41.67,MODERATE RISK,136
2021,Jharkhand,Latehar,836024,57,6.817986086523832,0.2265305090743642,31.5,2.9,28.6,0.006052429130973614,0.6763401976935469,0.7044334975369458,41.67,MODERATE RISK,136
2021,Jharkhand,Simdega,689514,47,6.81639531612121,0.2265305090743642,31.5,2.9,28.6,0.006051016980082818,0.6763401976935469,0.7044334975369458,41.67,MODERATE RISK,136
2021,Jharkhand,Giridih,2812295,163,5.795978017953308,0.2265305090743642,31.5,2.9,28.6,0.0051451771466182045,0.6763401976935469,0.7044334975369458,41.63,MODERATE RISK,137
2021,Jharkhand,Deoghar,1715883,81,4.720601579478321,0.2265305090743642,31.5,2.9,28.6,0.004190549254981202,0.6763401976935469,0.7044334975369458,41.59,MODERATE RISK,138
2021,Jharkhand,Dhanbad,3087160,143,4.632089039764703,0.2265305090743642,31.5,2.9,28.6,0.0041119753378419405,0.6763401976935469,0.7044334975369458,41.59,MODERATE RISK,138
2021,Jharkhand,Gumla,1178994,55,4.664994054253032,0.2265305090743642,31.5,2.9,28.6,0.004141185615732932,0.6763401976935469,0.7044334975369458,41.59,MODERATE RISK,138
2021,Jharkhand,Pakur,1035485,48,4.635508964398325,0.2265305090743642,31.5,2.9,28.6,0.004115011256545145,0.6763401976935469,0.7044334975369458,41.59,MODERATE RISK,138
2021,Jharkhand,Chatra,1199318,53,4.4191782329624,0.2265305090743642,31.5,2.9,28.6,0.003922971201864543,0.6763401976935469,0.7044334975369458,41.58,MODERATE RISK,139
2021,Jharkhand,Jamtara,909698,40,4.397063640900607,0.2265305090743642,31.5,2.9,28.6,0.0039033397447867783,0.6763401976935469,0.7044334975369458,41.58,MODERATE RISK,139
2021,Jharkhand,Khunti,611667,26,4.250678882463824,0.2265305090743642,31.5,2.9,28.6,0.0037733917858074366,0.6763401976935469,0.7044334975369458,41.57,MODERATE RISK,140
2021,Jharkhand,Palamu,2230849,95,4.258468412698484,0.2265305090743642,31.5,2.9,28.6,0.0037803066693391056,0.6763401976935469,0.7044334975369458,41.57,MODERATE RISK,140
2021,Jharkhand,Koderma,1648218,62,3.761638326968884,0.2265305090743642,31.5,2.9,28.6,0.0033392631051761446,0.6763401976935469,0.7044334975369458,41.56,MODERATE RISK,141
2021,Jharkhand,Dumka,1519658,56,3.685039660239343,0.2265305090743642,31.5,2.9,28.6,0.003271265312862669,0.6763401976935469,0.7044334975369458,41.55,MODERATE RISK,142
2021,Jharkhand,Ramgarh,1091859,36,3.297129024901567,0.2265305090743642,31.5,2.9,28.6,0.002926911188383974,0.6763401976935469,0.7044334975369458,41.54,MODERATE RISK,143
2021,Jharkhand,Lohardagga,1648218,49,2.9729077100237955,0.2265305090743642,31.5,2.9,28.6,0.0026390950347359855,0.6763401976935469,0.7044334975369458,41.53,MODERATE RISK,144
2021,Jharkhand,Chaibasa,1648218,46,2.7908929522672365,0.2265305090743642,31.5,2.9,28.6,0.002477517787711333,0.6763401976935469,0.7044334975369458,41.52,MODERATE RISK,145
2021,Jharkhand,Saraikela,1648218,40,2.426863436754118,0.2265305090743642,31.5,2.9,28.6,0.0021543632936620286,0.6763401976935469,0.7044334975369458,41.51,MODERATE RISK,146
2021,Jharkhand,Dhanbad Railway,1648218,0,0.0,0.2265305090743642,31.5,2.9,28.6,0.0,0.6763401976935469,0.7044334975369458,41.42,MODERATE RISK,147
2021,Jharkhand,Jamshedpur Railway,1648218,0,0.0,0.2265305090743642,31.5,2.9,28.6,0.0,0.6763401976935469,0.7044334975369458,41.42,MODERATE RISK,147
2021,Andhra Pradesh,Total Districts ,4427452,7776,175.63149188291595,0.171096840622121,30.0,4.4,25.6,0.15591072558648889,0.5108348163960501,0.6305418719211823,40.48,MODERATE RISK,148
2021,Odisha,Total Districts ,1638572,6650,405.8411836648008,0.0744934445768772,30.4,5.4,25.0,0.36027134279677253,0.22241114999418898,0.6157635467980296,39.56,MODERATE RISK,149
2021,Chhattisgarh,Total Districts ,1885744,2129,112.89973612537015,0.2034342762063228,29.6,6.8,22.8,0.10022279939160388,0.607382992910065,0.5615763546798029,39.08,MODERATE RISK,150
2021,Maharashtra,Total Districts ,3417201,12758,373.3464903001024,0.1064679265371306,25.2,3.7,21.5,0.3314253131588873,0.31787567500899566,0.5295566502463054,38.68,MODERATE RISK,151
2021,Chhattisgarh,Bilaspur,439249,222,50.54080942699927,0.2034342762063228,29.6,6.8,22.8,0.044865839178460015,0.607382992910065,0.5615763546798029,36.86,MODERATE RISK,152
2021,Assam,Morigaon,1101036,1004,91.18684584336934,0.1518562906505433,32.0,5.9,26.1,0.08094793904535488,0.45338932075538324,0.6428571428571429,36.13,MODERATE RISK,153
2021,Assam,Guwahati City,1324826,1001,75.55709202566979,0.1518562906505433,32.0,5.9,26.1,0.06707317073170732,0.45338932075538324,0.6428571428571429,35.57,MODERATE RISK,154
2021,Chhattisgarh,Koriya,757754,80,10.55751602762902,0.2034342762063228,29.6,6.8,22.8,0.009372066288407695,0.607382992910065,0.5615763546798029,35.44,MODERATE RISK,155
2021,Assam,Hailakandi,758190,535,70.56278769173954,0.1518562906505433,32.0,5.9,26.1,0.06263965141148253,0.45338932075538324,0.6428571428571429,35.39,MODERATE RISK,156
2021,Chhattisgarh,Jashpur,979419,77,7.861803783671748,0.2034342762063228,29.6,6.8,22.8,0.006979041851719852,0.607382992910065,0.5615763546798029,35.35,MODERATE RISK,157
2021,Chhattisgarh,Bilaspur,3063173,222,7.247386941579859,0.2034342762063228,29.6,6.8,22.8,0.006433614749574831,0.607382992910065,0.5615763546798029,35.33,MODERATE RISK,158
2021,Chhattisgarh,Sarguja,1885744,131,6.946860231293325,0.2034342762063228,29.6,6.8,22.8,0.00616683265396905,0.607382992910065,0.5615763546798029,35.32,MODERATE RISK,159
2021,Chhattisgarh,Korba,1387636,89,6.4137857478474185,0.2034342762063228,29.6,6.8,22.8,0.005693614391033036,0.607382992910065,0.5615763546798029,35.3,MODERATE RISK,160
2021,Chhattisgarh,Rajnandgaon,1767702,115,6.505621422615351,0.2034342762063228,29.6,6.8,22.8,0.005775138305305417,0.607382992910065,0.5615763546798029,35.3,MODERATE RISK,160
2021,Chhattisgarh,Janjgir,1885744,111,5.886270883004268,0.2034342762063228,29.6,6.8,22.8,0.005225331485424156,0.607382992910065,0.5615763546798029,35.28,MODERATE RISK,161
2021,Chhattisgarh,Raigarh,1718081,101,5.878651821421691,0.2034342762063228,29.6,6.8,22.8,0.005218567929487277,0.607382992910065,0.5615763546798029,35.28,MODERATE RISK,161
2021,Chhattisgarh,Surajpur,1885744,114,6.045359285247627,0.2034342762063228,29.6,6.8,22.8,0.005366556660705891,0.607382992910065,0.5615763546798029,35.28,MODERATE RISK,161
2021,Chhattisgarh,Narayanpur,160793,9,5.597258587127549,0.2034342762063228,29.6,6.8,22.8,0.004968770909240044,0.607382992910065,0.5615763546798029,35.27,MODERATE RISK,162
2021,Chhattisgarh,Durg,3845452,202,5.252958559878007,0.2034342762063228,29.6,6.8,22.8,0.004663130579636116,0.607382992910065,0.5615763546798029,35.26,MODERATE RISK,163
2021,Chhattisgarh,Raipur,4673452,249,5.32796742108403,0.2034342762063228,29.6,6.8,22.8,0.0047297170775965364,0.607382992910065,0.5615763546798029,35.26,MODERATE RISK,163
2021,Chhattisgarh,Balrampur,2470964,105,4.249353693538231,0.2034342762063228,29.6,6.8,22.8,0.0037722153956013665,0.607382992910065,0.5615763546798029,35.22,MODERATE RISK,164
2021,Chhattisgarh,Dhamtari,919748,38,4.131566472555526,0.2034342762063228,29.6,6.8,22.8,0.003667653902150795,0.607382992910065,0.5615763546798029,35.22,MODERATE RISK,164
2021,Chhattisgarh,Mahasamund,1187667,43,3.6205434688342777,0.2034342762063228,29.6,6.8,22.8,0.003214011070518521,0.607382992910065,0.5615763546798029,35.2,MODERATE RISK,165
2021,Chhattisgarh,Raigarh,3029329,101,3.3340716706570994,0.2034342762063228,29.6,6.8,22.8,0.0029597057324778626,0.607382992910065,0.5615763546798029,35.19,MODERATE RISK,166
2021,Chhattisgarh,Balodbazar,1885744,61,3.2347975122816246,0.2034342762063228,29.6,6.8,22.8,0.002871578564061924,0.607382992910065,0.5615763546798029,35.18,MODERATE RISK,167
2021,Chhattisgarh,Jagdalpur,1885744,59,3.128738577452719,0.2034342762063228,29.6,6.8,22.8,0.002777428447207435,0.607382992910065,0.5615763546798029,35.18,MODERATE RISK,167
2021,Chhattisgarh,Bemetra,1885744,55,2.916620707794908,0.2034342762063228,29.6,6.8,22.8,0.0025891282134984563,0.607382992910065,0.5615763546798029,35.17,MODERATE RISK,168
2021,Chhattisgarh,Kabirdham,1885744,51,2.704502838137096,0.2034342762063228,29.6,6.8,22.8,0.0024008279797894773,0.607382992910065,0.5615763546798029,35.16,MODERATE RISK,169
2021,Chhattisgarh,Mungali,1885744,46,2.439355501064832,0.2034342762063228,29.6,6.8,22.8,0.0021654526876532542,0.607382992910065,0.5615763546798029,35.16,MODERATE RISK,169
2021,Chhattisgarh,Kanker,1885744,44,2.333296566235926,0.2034342762063228,29.6,6.8,22.8,0.0020713025707987647,0.607382992910065,0.5615763546798029,35.15,MODERATE RISK,170
2021,Chhattisgarh,Balod,1885744,39,2.068149229163662,0.2034342762063228,29.6,6.8,22.8,0.0018359272786625418,0.607382992910065,0.5615763546798029,35.14,MODERATE RISK,171
2021,Andhra Pradesh,Visakhapatnam,4934177,1217,24.66470092175453,0.171096840622121,30.0,4.4,25.6,0.021895227193355914,0.5108348163960501,0.6305418719211823,35.12,MODERATE RISK,172
2021,Chhattisgarh,Gariyaband,1885744,26,1.3787661527757744,0.2034342762063228,29.6,6.8,22.8,0.001223951519108361,0.607382992910065,0.5615763546798029,35.12,MODERATE RISK,172
2021,Chhattisgarh,Kondagaon,1885744,14,0.7424125438023401,0.2034342762063228,29.6,6.8,22.8,0.0006590508179814252,0.607382992910065,0.5615763546798029,35.1,MODERATE RISK,173
2021,Chhattisgarh,Gaurela-Pendra-Marwari,1885744,15,0.7954420112167929,0.2034342762063228,29.6,6.8,22.8,0.0007061258764086699,0.607382992910065,0.5615763546798029,35.1,MODERATE RISK,173
2021,Chhattisgarh,Bizapur,1885744,9,0.4772652067300758,0.2034342762063228,29.6,6.8,22.8,0.0004236755258452019,0.607382992910065,0.5615763546798029,35.09,MODERATE RISK,174
2021,Chhattisgarh,Dantewara,1885744,13,0.6893830763878872,0.2034342762063228,29.6,6.8,22.8,0.0006119757595541805,0.607382992910065,0.5615763546798029,35.09,MODERATE RISK,174
2021,Chhattisgarh,Sukma,1885744,10,0.5302946741445287,0.2034342762063228,29.6,6.8,22.8,0.0004707505842724466,0.607382992910065,0.5615763546798029,35.09,MODERATE RISK,174
2021,Chhattisgarh,GRP Raipur,1885744,1,0.0530294674144528,0.2034342762063228,29.6,6.8,22.8,4.70750584272446e-05,0.607382992910065,0.5615763546798029,35.07,MODERATE RISK,175
2021,Tamil Nadu,Total Districts ,2769939,1329,47.979395936156,0.1012022523208035,38.1,5.3,32.800000000000004,0.042592033771451224,0.3021542291207009,0.8078817733990149,35.0,MODERATE RISK,176
2021,Andhra Pradesh,Vijayawada City,4427452,813,18.362706134363517,0.171096840622121,30.0,4.4,25.6,0.016300851324821952,0.5108348163960501,0.6305418719211823,34.89,MODERATE RISK,177
2021,Assam,Dhubri,2241646,1246,55.58415557139709,0.1518562906505433,32.0,5.9,26.1,0.0493428936538674,0.45338932075538324,0.6428571428571429,34.86,MODERATE RISK,178
2021,Assam,Darrang,1067775,572,53.56933810962047,0.1518562906505433,32.0,5.9,26.1,0.047554309789879415,0.45338932075538324,0.6428571428571429,34.79,MODERATE RISK,179
2021,Assam,Hojai,1324826,665,50.19527092614426,0.1518562906505433,32.0,5.9,26.1,0.04455909943714821,0.45338932075538324,0.6428571428571429,34.67,MODERATE RISK,180
2021,Andhra Pradesh,Guntur,5620984,634,11.279163932863,0.171096840622121,30.0,4.4,25.6,0.010012684023397988,0.5108348163960501,0.6305418719211823,34.64,MODERATE RISK,181
2021,Assam,Barpeta,1947665,951,48.82769880857334,0.1518562906505433,32.0,5.9,26.1,0.04334508503200682,0.45338932075538324,0.6428571428571429,34.62,MODERATE RISK,182
2021,Andhra Pradesh,West Godavari,4527510,452,9.98341251593039,0.171096840622121,30.0,4.4,25.6,0.00886242593797239,0.5108348163960501,0.6305418719211823,34.6,MODERATE RISK,183
2021,Andhra Pradesh,Prakasham,4427452,436,9.847650522241686,0.171096840622121,30.0,4.4,25.6,0.008741907967555189,0.5108348163960501,0.6305418719211823,34.59,MODERATE RISK,184
2021,Andhra Pradesh,Vizianagaram,2696145,262,9.717578245977126,0.171096840622121,30.0,4.4,25.6,0.00862644084515203,0.5108348163960501,0.6305418719211823,34.59,MODERATE RISK,184
2021,Andhra Pradesh,Anantapur,4693320,405,8.629285878653064,0.171096840622121,30.0,4.4,25.6,0.007660347288577073,0.5108348163960501,0.6305418719211823,34.55,MODERATE RISK,185
2021,Andhra Pradesh,East Godavari,5927440,523,8.82337062880434,0.171096840622121,30.0,4.4,25.6,0.007832639249984145,0.5108348163960501,0.6305418719211823,34.55,MODERATE RISK,185
2021,Andhra Pradesh,Nellore,4427452,387,8.740919156209937,0.171096840622121,30.0,4.4,25.6,0.00775944583358683,0.5108348163960501,0.6305418719211823,34.55,MODERATE RISK,185
2021,Andhra Pradesh,Krishna,5195007,406,7.815196399157884,0.171096840622121,30.0,4.4,25.6,0.006937667773191331,0.5108348163960501,0.6305418719211823,34.52,MODERATE RISK,186
2021,Andhra Pradesh,Kurnool,4661482,364,7.8086754384120765,0.171096840622121,30.0,4.4,25.6,0.006931879017937361,0.5108348163960501,0.6305418719211823,34.52,MODERATE RISK,186
2021,Andhra Pradesh,Srikakulam,3108581,248,7.977916612113373,0.171096840622121,30.0,4.4,25.6,0.007082116961645478,0.5108348163960501,0.6305418719211823,34.52,MODERATE RISK,186
2021,Andhra Pradesh,Cuddapah,4427452,341,7.701946853404623,0.171096840622121,30.0,4.4,25.6,0.006837134442514495,0.5108348163960501,0.6305418719211823,34.51,MODERATE RISK,187
2021,Assam,Jorhat,1256094,573,45.617605051851214,0.1518562906505433,32.0,5.9,26.1,0.040495436364529507,0.45338932075538324,0.6428571428571429,34.51,MODERATE RISK,187
2021,Andhra Pradesh,Chittoor,4800173,352,7.333069037303447,0.171096840622121,30.0,4.4,25.6,0.006509676038873342,0.5108348163960501,0.6305418719211823,34.5,MODERATE RISK,188
2021,Assam,Bongaigaon,849624,385,45.3141625001177,0.1518562906505433,32.0,5.9,26.1,0.04022606583247181,0.45338932075538324,0.6428571428571429,34.5,MODERATE RISK,188
2021,Andhra Pradesh,Rajahmundry,4427452,284,6.414524652102383,0.171096840622121,30.0,4.4,25.6,0.005694270327490077,0.5108348163960501,0.6305418719211823,34.47,MODERATE RISK,189
2021,Andhra Pradesh,Guntur Urban,5620984,290,5.159239022918407,0.171096840622121,30.0,4.4,25.6,0.004579934332469111,0.5108348163960501,0.6305418719211823,34.42,MODERATE RISK,190
2021,Andhra Pradesh,Visakha Rural,4427452,207,4.67537536262392,0.171096840622121,30.0,4.4,25.6,0.004150401259825514,0.5108348163960501,0.6305418719211823,34.41,MODERATE RISK,191
2021,Andhra Pradesh,Tirupathi Urban,4427452,152,3.433125870139304,0.171096840622121,30.0,4.4,25.6,0.003047637640065112,0.5108348163960501,0.6305418719211823,34.36,MODERATE RISK,192
2021,Assam,Lakhimpur,1198457,486,40.55214329759015,0.1518562906505433,32.0,5.9,26.1,0.03599874952852664,0.45338932075538324,0.6428571428571429,34.33,MODERATE RISK,193
2021,Andhra Pradesh,Guntakal Railway,4427452,3,0.0677590632264336,0.171096840622121,30.0,4.4,25.6,6.0150742896021926e-05,0.5108348163960501,0.6305418719211823,34.24,MODERATE RISK,194
2021,Andhra Pradesh,Vijayawada Railway,4427452,0,0.0,0.171096840622121,30.0,4.4,25.6,0.0,0.5108348163960501,0.6305418719211823,34.24,MODERATE RISK,194
2021,Assam,Karimganj,1412988,532,37.65070899399005,0.1518562906505433,32.0,5.9,26.1,0.033423102515191545,0.45338932075538324,0.6428571428571429,34.22,MODERATE RISK,195
2021,Assam,Kamrup,1745173,641,36.729882939972136,0.1518562906505433,32.0,5.9,26.1,0.03260567133196966,0.45338932075538324,0.6428571428571429,34.19,MODERATE RISK,196
2021,Assam,Nalbari,887384,303,34.14530800645493,0.1518562906505433,32.0,5.9,26.1,0.03031130516279795,0.45338932075538324,0.6428571428571429,34.1,MODERATE RISK,197
2021,Assam,Cachar,1997109,653,32.697263894960166,0.1518562906505433,32.0,5.9,26.1,0.02902585455434501,0.45338932075538324,0.6428571428571429,34.05,MODERATE RISK,198
2021,Assam,Golaghat,1226921,401,32.68344090613821,0.1518562906505433,32.0,5.9,26.1,0.029013583678581784,0.45338932075538324,0.6428571428571429,34.05,MODERATE RISK,198
2021,Assam,Nagaon,3247333,1066,32.82693829059107,0.1518562906505433,32.0,5.9,26.1,0.02914096847210574,0.45338932075538324,0.6428571428571429,34.05,MODERATE RISK,198
2021,Assam,Chirang,554486,180,32.46249679883712,0.1518562906505433,32.0,5.9,26.1,0.028817448260530815,0.45338932075538324,0.6428571428571429,34.04,MODERATE RISK,199
2021,West Bengal,Murshidabad Police District,4419516,1554,35.162221383518016,0.1918958985340141,27.0,5.9,21.1,0.03121403451262439,0.572933467025716,0.5197044334975369,34.03,MODERATE RISK,200
2021,West Bengal,Barrackpur PC,4419516,1532,34.664429317599485,0.1918958985340141,27.0,5.9,21.1,0.030772136984131636,0.572933467025716,0.5197044334975369,34.01,MODERATE RISK,201
2021,Assam,South Salmara,1324826,399,30.117162555686555,0.1518562906505433,32.0,5.9,26.1,0.026735459662288925,0.45338932075538324,0.6428571428571429,33.96,MODERATE RISK,202
2021,Assam,Dibrugarh,1525285,431,28.257014262908243,0.1518562906505433,32.0,5.9,26.1,0.02508417795354575,0.45338932075538324,0.6428571428571429,33.89,MODERATE RISK,203
2021,Assam,Sonitpur,2212726,625,28.24570235989454,0.1518562906505433,32.0,5.9,26.1,0.025074136206546263,0.45338932075538324,0.6428571428571429,33.89,MODERATE RISK,203
2021,Assam,Sibsagar,1324826,369,27.85271424322892,0.1518562906505433,32.0,5.9,26.1,0.02472527472527472,0.45338932075538324,0.6428571428571429,33.88,MODERATE RISK,204
2021,West Bengal,Baruipur Police,4419516,1359,30.74997352651286,0.1918958985340141,27.0,5.9,21.1,0.027297215510074996,0.572933467025716,0.5197044334975369,33.87,MODERATE RISK,205
2021,Assam,Kokrajhar,1020213,273,26.759117948898908,0.1518562906505433,32.0,5.9,26.1,0.023754472792661446,0.45338932075538324,0.6428571428571429,33.84,MODERATE RISK,206
2021,Assam,Dhemaji,789052,210,26.61421553966025,0.1518562906505433,32.0,5.9,26.1,0.023625840737433616,0.45338932075538324,0.6428571428571429,33.83,MODERATE RISK,207
2021,Assam,Tinsukia,1527118,372,24.359610717704854,0.1518562906505433,32.0,5.9,26.1,0.021624394015474436,0.45338932075538324,0.6428571428571429,33.75,MODERATE RISK,208
2021,West Bengal,Purba Bardhaman,4419516,1071,24.23342284539755,0.1918958985340141,27.0,5.9,21.1,0.021512375137078966,0.572933467025716,0.5197044334975369,33.64,MODERATE RISK,209
2021,Assam,Goalpara,1159410,211,18.1989115153397,0.1518562906505433,32.0,5.9,26.1,0.016155448369888387,0.45338932075538324,0.6428571428571429,33.53,MODERATE RISK,210
2021,Assam,Udalguri,956418,168,17.56554142644743,0.1518562906505433,32.0,5.9,26.1,0.01559319618455819,0.45338932075538324,0.6428571428571429,33.51,MODERATE RISK,211
2021,West Bengal,Purab Medinipur,4419516,911,20.613116911444603,0.1918958985340141,27.0,5.9,21.1,0.018298574929858955,0.572933467025716,0.5197044334975369,33.51,MODERATE RISK,211
2021,Assam,Baksa,1092586,185,16.932305557640312,0.1518562906505433,32.0,5.9,26.1,0.015031063148422931,0.45338932075538324,0.6428571428571429,33.49,MODERATE RISK,212
2021,Tamil Nadu,Theni,1432783,64,4.4668313345426345,0.1012022523208035,38.1,5.3,32.800000000000004,0.00396527357921253,0.3021542291207009,0.8078817733990149,33.46,MODERATE RISK,213
2021,Assam,Biswanath,1324826,198,14.945358862220395,0.1518562906505433,32.0,5.9,26.1,0.013267220584293752,0.45338932075538324,0.6428571428571429,33.42,MODERATE RISK,214
2021,West Bengal,Sundarban Police,4419516,780,17.648991428020626,0.1918958985340141,27.0,5.9,21.1,0.01566727601019757,0.572933467025716,0.5197044334975369,33.41,MODERATE RISK,215
2021,Tamil Nadu,Madurai City,3493989,99,2.8334376553560987,0.1012022523208035,38.1,5.3,32.800000000000004,0.0025152853626338773,0.3021542291207009,0.8078817733990149,33.4,MODERATE RISK,216
2021,Tamil Nadu,Trichy,2769939,81,2.9242521225196656,0.1012022523208035,38.1,5.3,32.800000000000004,0.002595902735506056,0.3021542291207009,0.8078817733990149,33.4,MODERATE RISK,216
2021,West Bengal,Barasat,4419516,774,17.51322995549739,0.1918958985340141,27.0,5.9,21.1,0.015546758502426818,0.572933467025716,0.5197044334975369,33.4,MODERATE RISK,216
2021,West Bengal,Krishnagar,4419516,771,17.44534921923577,0.1918958985340141,27.0,5.9,21.1,0.01548649974854144,0.572933467025716,0.5197044334975369,33.4,MODERATE RISK,216
2021,Tamil Nadu,Chennai,5343741,141,2.63860093518754,0.1012022523208035,38.1,5.3,32.800000000000004,0.002342325866095395,0.3021542291207009,0.8078817733990149,33.39,MODERATE RISK,217
2021,West Bengal,Ranaghat,4419516,763,17.264333922538125,0.1918958985340141,27.0,5.9,21.1,0.015325809738180443,0.572933467025716,0.5197044334975369,33.39,MODERATE RISK,217
2021,Tamil Nadu,Cuddalore,2996801,68,2.269086268991501,0.1012022523208035,38.1,5.3,32.800000000000004,0.002014302121015099,0.3021542291207009,0.8078817733990149,33.38,MODERATE RISK,218
2021,Tamil Nadu,Ariyalur,868128,18,2.07342696007962,0.1012022523208035,38.1,5.3,32.800000000000004,0.0018406124000364796,0.3021542291207009,0.8078817733990149,33.37,MODERATE RISK,219
2021,Tamil Nadu,Madurai,3493989,67,1.9175790192814,0.1012022523208035,38.1,5.3,32.800000000000004,0.0017022638312774725,0.3021542291207009,0.8078817733990149,33.37,MODERATE RISK,219
2021,West Bengal,Kolkata,5171198,857,16.572562102630766,0.1918958985340141,27.0,5.9,21.1,0.014711713454958393,0.572933467025716,0.5197044334975369,33.37,MODERATE RISK,219
2021,West Bengal,Basirhat,4419516,735,16.630780384096358,0.1918958985340141,27.0,5.9,21.1,0.014763394701916939,0.572933467025716,0.5197044334975369,33.37,MODERATE RISK,219
2021,Gujarat,Total Districts ,2894401,2871,99.1915080184121,0.2052152471669115,17.0,1.5,15.5,0.08805379844679764,0.6127003440098925,0.3817733990147783,33.36,MODERATE RISK,220
2021,Tamil Nadu,Dindigul,2483741,39,1.5702120309645815,0.1012022523208035,38.1,5.3,32.800000000000004,0.0013939009140543303,0.3021542291207009,0.8078817733990149,33.36,MODERATE RISK,220
2021,Tamil Nadu,Thanjavur,2766773,45,1.6264435137974818,0.1012022523208035,38.1,5.3,32.800000000000004,0.0014438184498862653,0.3021542291207009,0.8078817733990149,33.36,MODERATE RISK,220
2021,Tamil Nadu,Thoothukudi,2769939,47,1.6967882686225222,0.1012022523208035,38.1,5.3,32.800000000000004,0.0015062645502319093,0.3021542291207009,0.8078817733990149,33.36,MODERATE RISK,220
2021,Tamil Nadu,Dharmapuri,1732869,22,1.2695708677343758,0.1012022523208035,38.1,5.3,32.800000000000004,0.001127017216843381,0.3021542291207009,0.8078817733990149,33.35,MODERATE RISK,221
2021,Tamil Nadu,Karur,1224166,18,1.4703888198169204,0.1012022523208035,38.1,5.3,32.800000000000004,0.0013052863432074318,0.3021542291207009,0.8078817733990149,33.35,MODERATE RISK,221
2021,Tamil Nadu,Nagapattinam,1858917,24,1.2910743190793348,0.1012022523208035,38.1,5.3,32.800000000000004,0.001146106155084829,0.3021542291207009,0.8078817733990149,33.35,MODERATE RISK,221
2021,Tamil Nadu,Perambalur,650006,9,1.384602603668274,0.1012022523208035,38.1,5.3,32.800000000000004,0.001229132624636441,0.3021542291207009,0.8078817733990149,33.35,MODERATE RISK,221
2021,Tamil Nadu,Sivagangai,2769939,38,1.371871366120337,0.1012022523208035,38.1,5.3,32.800000000000004,0.0012178309129534585,0.3021542291207009,0.8078817733990149,33.35,MODERATE RISK,221
2021,Tamil Nadu,Thiruvarur,1453918,22,1.5131527362616048,0.1012022523208035,38.1,5.3,32.800000000000004,0.0013432485171338225,0.3021542291207009,0.8078817733990149,33.35,MODERATE RISK,221
2021,Tamil Nadu,Villupuram,2769939,40,1.4440751222319337,0.1012022523208035,38.1,5.3,32.800000000000004,0.0012819272767931142,0.3021542291207009,0.8078817733990149,33.35,MODERATE RISK,221
2021,Tamil Nadu,Virudhunagar,2233631,33,1.477415025131725,0.1012022523208035,38.1,5.3,32.800000000000004,0.0013115236116893344,0.3021542291207009,0.8078817733990149,33.35,MODERATE RISK,221
2021,Tamil Nadu,Pudukottai,2769939,30,1.0830563416739505,0.1012022523208035,38.1,5.3,32.800000000000004,0.0009614454575948358,0.3021542291207009,0.8078817733990149,33.34,MODERATE RISK,222
2021,Tamil Nadu,Thiruvallur,4287319,48,1.119580791632253,0.1012022523208035,38.1,5.3,32.800000000000004,0.0009938687629690373,0.3021542291207009,0.8078817733990149,33.34,MODERATE RISK,222
2021,Tamil Nadu,Thiruvannamalai,2769939,34,1.2274638538971434,0.1012022523208035,38.1,5.3,32.800000000000004,0.001089638185274147,0.3021542291207009,0.8078817733990149,33.34,MODERATE RISK,222
2021,Tamil Nadu,Trichy City,2769939,28,1.0108525855623536,0.1012022523208035,38.1,5.3,32.800000000000004,0.0008973490937551799,0.3021542291207009,0.8078817733990149,33.34,MODERATE RISK,222
2021,Tamil Nadu,Coimbatore City,3976751,35,0.8801154510302506,0.1012022523208035,38.1,5.3,32.800000000000004,0.0007812917666353542,0.3021542291207009,0.8078817733990149,33.33,MODERATE RISK,223
2021,Tamil Nadu,Namakkal,1985591,18,0.9065311033339696,0.1012022523208035,38.1,5.3,32.800000000000004,0.0008047413397919656,0.3021542291207009,0.8078817733990149,33.33,MODERATE RISK,223
2021,Tamil Nadu,Kallakurichi,2769939,23,0.8303431952833619,0.1012022523208035,38.1,5.3,32.800000000000004,0.0007371081841560407,0.3021542291207009,0.8078817733990149,33.33,MODERATE RISK,223
2021,West Bengal,Coochbehar,4419516,687,15.544688603910474,0.1918958985340141,27.0,5.9,21.1,0.013799254639750937,0.572933467025716,0.5197044334975369,33.33,MODERATE RISK,223
2021,West Bengal,Bangaon,4419516,680,15.386300219300033,0.1918958985340141,27.0,5.9,21.1,0.013658650880685061,0.572933467025716,0.5197044334975369,33.33,MODERATE RISK,223
2021,Tamil Nadu,Coimbatore,3976751,24,0.6035077378493147,0.1012022523208035,38.1,5.3,32.800000000000004,0.0005357429256928144,0.3021542291207009,0.8078817733990149,33.32,MODERATE RISK,224
2021,Tamil Nadu,Erode,2589505,12,0.463409029911122,0.1012022523208035,38.1,5.3,32.800000000000004,0.0004113751885962423,0.3021542291207009,0.8078817733990149,33.32,MODERATE RISK,224
2021,Tamil Nadu,Kanyakumari,2769939,13,0.4693244147253784,0.1012022523208035,38.1,5.3,32.800000000000004,0.00041662636495776206,0.3021542291207009,0.8078817733990149,33.32,MODERATE RISK,224
2021,Tamil Nadu,Krishnagiri,2161780,12,0.5550981135915772,0.1012022523208035,38.1,5.3,32.800000000000004,0.000492768971748241,0.3021542291207009,0.8078817733990149,33.32,MODERATE RISK,224
2021,Tamil Nadu,Ramnathapuram,2769939,16,0.5776300488927734,0.1012022523208035,38.1,5.3,32.800000000000004,0.0005127709107172456,0.3021542291207009,0.8078817733990149,33.32,MODERATE RISK,224
2021,Tamil Nadu,Salem,4004364,25,0.6243188681148867,0.1012022523208035,38.1,5.3,32.800000000000004,0.0005542172800651118,0.3021542291207009,0.8078817733990149,33.32,MODERATE RISK,224
2021,Tamil Nadu,Thirunelveli,2769939,15,0.5415281708369751,0.1012022523208035,38.1,5.3,32.800000000000004,0.0004807227287974178,0.3021542291207009,0.8078817733990149,33.32,MODERATE RISK,224
2021,Tamil Nadu,Vellore,4526780,23,0.5080874263825501,0.1012022523208035,38.1,5.3,32.800000000000004,0.0004510368753314717,0.3021542291207009,0.8078817733990149,33.32,MODERATE RISK,224
2021,Tamil Nadu,Chengalpattu,2769939,16,0.5776300488927734,0.1012022523208035,38.1,5.3,32.800000000000004,0.0005127709107172456,0.3021542291207009,0.8078817733990149,33.32,MODERATE RISK,224
2021,Tamil Nadu,Tenkasi,2769939,14,0.5054262927811768,0.1012022523208035,38.1,5.3,32.800000000000004,0.00044867454687758996,0.3021542291207009,0.8078817733990149,33.32,MODERATE RISK,224
2021,West Bengal,Malda,4419516,671,15.182658010515178,0.1918958985340141,27.0,5.9,21.1,0.013477874619028933,0.572933467025716,0.5197044334975369,33.32,MODERATE RISK,224
2021,West Bengal,Diamond Harbour Police,4419516,668,15.114777274253562,0.1918958985340141,27.0,5.9,21.1,0.01341761586514356,0.572933467025716,0.5197044334975369,33.32,MODERATE RISK,224
2021,Tamil Nadu,Kanchipuram,2769939,8,0.2888150244463867,0.1012022523208035,38.1,5.3,32.800000000000004,0.0002563854553586228,0.3021542291207009,0.8078817733990149,33.31,MODERATE RISK,225
2021,Tamil Nadu,Nilgiris,2769939,7,0.2527131463905884,0.1012022523208035,38.1,5.3,32.800000000000004,0.00022433727343879498,0.3021542291207009,0.8078817733990149,33.31,MODERATE RISK,225
2021,Tamil Nadu,Salem City,4004364,13,0.3246458114197411,0.1012022523208035,38.1,5.3,32.800000000000004,0.0002881929856338581,0.3021542291207009,0.8078817733990149,33.31,MODERATE RISK,225
2021,Tamil Nadu,Thirunelveli City,2769939,8,0.2888150244463867,0.1012022523208035,38.1,5.3,32.800000000000004,0.0002563854553586228,0.3021542291207009,0.8078817733990149,33.31,MODERATE RISK,225
2021,Tamil Nadu,Tiruppur,2850909,11,0.3858418490383242,0.1012022523208035,38.1,5.3,32.800000000000004,0.0003425176316631244,0.3021542291207009,0.8078817733990149,33.31,MODERATE RISK,225
2021,Tamil Nadu,Tiruppur City,2850909,7,0.2455357221152972,0.1012022523208035,38.1,5.3,32.800000000000004,0.00021796576560380643,0.3021542291207009,0.8078817733990149,33.31,MODERATE RISK,225
2021,Tamil Nadu,Ranipet,2769939,5,0.1805093902789917,0.1012022523208035,38.1,5.3,32.800000000000004,0.00016024090959913928,0.3021542291207009,0.8078817733990149,33.31,MODERATE RISK,225
2021,Tamil Nadu,Tiruppattur,2769939,8,0.2888150244463867,0.1012022523208035,38.1,5.3,32.800000000000004,0.0002563854553586228,0.3021542291207009,0.8078817733990149,33.31,MODERATE RISK,225
2021,Tamil Nadu,Railway Chennai,2769939,1,0.0361018780557983,0.1012022523208035,38.1,5.3,32.800000000000004,3.2048181919827817e-05,0.3021542291207009,0.8078817733990149,33.3,MODERATE RISK,226
2021,Tamil Nadu,Railway Trichy,2769939,0,0.0,0.1012022523208035,38.1,5.3,32.800000000000004,0.0,0.3021542291207009,0.8078817733990149,33.3,MODERATE RISK,226
2021,Tamil Nadu,Cyber Cell,2769939,0,0.0,0.1012022523208035,38.1,5.3,32.800000000000004,0.0,0.3021542291207009,0.8078817733990149,33.3,MODERATE RISK,226
2021,Tamil Nadu,Other Units,2769939,0,0.0,0.1012022523208035,38.1,5.3,32.800000000000004,0.0,0.3021542291207009,0.8078817733990149,33.3,MODERATE RISK,226
2021,West Bengal,Hooghly Rural Police,4419516,628,14.209700790765323,0.1918958985340141,27.0,5.9,21.1,0.012614165813338555,0.572933467025716,0.5197044334975369,33.28,MODERATE RISK,227
2021,West Bengal,Paschim Medinipur,6800475,948,13.940202706428597,0.1918958985340141,27.0,5.9,21.1,0.012374928297203814,0.572933467025716,0.5197044334975369,33.27,MODERATE RISK,228
2021,West Bengal,Asansol-Durgapur PC,4419516,576,13.033101362230616,0.1918958985340141,27.0,5.9,21.1,0.01156968074599205,0.572933467025716,0.5197044334975369,33.24,MODERATE RISK,229
2021,West Bengal,Howrah PC,4419516,570,12.89733988970738,0.1918958985340141,27.0,5.9,21.1,0.0114491632382213,0.572933467025716,0.5197044334975369,33.24,MODERATE RISK,229
2021,West Bengal,Jangipur Police District,4419516,547,12.376920911701642,0.1918958985340141,27.0,5.9,21.1,0.010987179458433421,0.572933467025716,0.5197044334975369,33.22,MODERATE RISK,230
2021,Assam,Karbi Anglong,1099759,101,9.183830275542189,0.1518562906505433,32.0,5.9,26.1,0.008152624717653078,0.45338932075538324,0.6428571428571429,33.21,MODERATE RISK,231
2021,West Bengal,Siliguri PC,4419516,521,11.788621197434288,0.1918958985340141,27.0,5.9,21.1,0.01046493692476017,0.572933467025716,0.5197044334975369,33.2,MODERATE RISK,232
2021,West Bengal,Chandannagar PC,4419516,524,11.856501933695906,0.1918958985340141,27.0,5.9,21.1,0.010525195678645545,0.572933467025716,0.5197044334975369,33.2,MODERATE RISK,232
2021,West Bengal,Howrah Rural,4419516,495,11.200321483166936,0.1918958985340141,27.0,5.9,21.1,0.00994269439108692,0.572933467025716,0.5197044334975369,33.18,MODERATE RISK,233
2021,West Bengal,Birbhum,4027764,396,9.831757769323128,0.1918958985340141,27.0,5.9,21.1,0.008727799730971108,0.572933467025716,0.5197044334975369,33.13,MODERATE RISK,234
2021,West Bengal,Dakshin Dinajpur,1927717,192,9.959968190351592,0.1918958985340141,27.0,5.9,21.1,0.008841614056386182,0.572933467025716,0.5197044334975369,33.13,MODERATE RISK,234
2021,West Bengal,Alipurduar,4419516,368,8.326703648091781,0.1918958985340141,27.0,5.9,21.1,0.0073917404766060315,0.572933467025716,0.5197044334975369,33.07,MODERATE RISK,235
2021,West Bengal,Bankura,4136175,323,7.809147340235846,0.1918958985340141,27.0,5.9,21.1,0.00693229793230722,0.572933467025716,0.5197044334975369,33.06,MODERATE RISK,236
2021,Assam,Charaideo,1324826,59,4.453415014500018,0.1518562906505433,32.0,5.9,26.1,0.003953363709461271,0.45338932075538324,0.6428571428571429,33.05,MODERATE RISK,237
2021,West Bengal,Bidhannagar PC,4419516,342,7.738403933824428,0.1918958985340141,27.0,5.9,21.1,0.00686949794293278,0.572933467025716,0.5197044334975369,33.05,MODERATE RISK,237
2021,West Bengal,Jalpaiguri,4453772,330,7.409449787730489,0.1918958985340141,27.0,5.9,21.1,0.006577480383596779,0.572933467025716,0.5197044334975369,33.04,MODERATE RISK,238
2021,Assam,Sadia,1324826,53,4.0005253520084905,0.1518562906505433,32.0,5.9,26.1,0.0035513267220584296,0.45338932075538324,0.6428571428571429,33.03,MODERATE RISK,239
2021,Assam,Majuli,1324826,36,2.717337974949163,0.1518562906505433,32.0,5.9,26.1,0.002412221924417046,0.45338932075538324,0.6428571428571429,32.98,MODERATE RISK,240
2021,Assam,Dima Hasao,246217,6,2.4368747893118674,0.1518562906505433,32.0,5.9,26.1,0.002163250522396733,0.45338932075538324,0.6428571428571429,32.97,MODERATE RISK,241
2021,West Bengal,Purulia,4419516,238,5.385205076755011,0.1918958985340141,27.0,5.9,21.1,0.004780527808239771,0.572933467025716,0.5197044334975369,32.97,MODERATE RISK,241
2021,West Bengal,Raiganj,4419516,233,5.272070516318982,0.1918958985340141,27.0,5.9,21.1,0.004680096551764146,0.572933467025716,0.5197044334975369,32.97,MODERATE RISK,241
2021,Assam,Hamren,1324826,25,1.8870402603813636,0.1518562906505433,32.0,5.9,26.1,0.0016751541141785046,0.45338932075538324,0.6428571428571429,32.95,MODERATE RISK,242
2021,West Bengal,Islampur,4419516,205,4.638516977877216,0.1918958985340141,27.0,5.9,21.1,0.004117681515500643,0.572933467025716,0.5197044334975369,32.94,MODERATE RISK,243
2021,Assam,RPO,1324826,8,0.6038528833220362,0.1518562906505433,32.0,5.9,26.1,0.0005360493165371214,0.45338932075538324,0.6428571428571429,32.91,MODERATE RISK,244
2021,West Bengal,Darjeeling,4419516,156,3.529798285604125,0.1918958985340141,27.0,5.9,21.1,0.0031334552020395134,0.572933467025716,0.5197044334975369,32.9,MODERATE RISK,245
2021,Assam,BIEO,1324826,0,0.0,0.1518562906505433,32.0,5.9,26.1,0.0,0.45338932075538324,0.6428571428571429,32.89,MODERATE RISK,246
2021,Assam,CID,1324826,1,0.0754816104152545,0.1518562906505433,32.0,5.9,26.1,6.700616456714015e-05,0.45338932075538324,0.6428571428571429,32.89,MODERATE RISK,246
2021,Assam,GRP,1324826,0,0.0,0.1518562906505433,32.0,5.9,26.1,0.0,0.45338932075538324,0.6428571428571429,32.89,MODERATE RISK,246
2021,Assam,SOU,1324826,0,0.0,0.1518562906505433,32.0,5.9,26.1,0.0,0.45338932075538324,0.6428571428571429,32.89,MODERATE RISK,246
2021,Assam,STF,1324826,0,0.0,0.1518562906505433,32.0,5.9,26.1,0.0,0.45338932075538324,0.6428571428571429,32.89,MODERATE RISK,246
2021,West Bengal,Jhargram,4419516,103,2.3305719449822107,0.1918958985340141,27.0,5.9,21.1,0.002068883883397884,0.572933467025716,0.5197044334975369,32.86,MODERATE RISK,247
2021,West Bengal,Kalimpong,4419516,26,0.5882997142673542,0.1918958985340141,27.0,5.9,21.1,0.0005222425336732523,0.572933467025716,0.5197044334975369,32.8,MODERATE RISK,248
2021,West Bengal,Howrah GRP,4419516,0,0.0,0.1918958985340141,27.0,5.9,21.1,0.0,0.572933467025716,0.5197044334975369,32.78,MODERATE RISK,249
2021,West Bengal,Kharagpur GRP,4419516,0,0.0,0.1918958985340141,27.0,5.9,21.1,0.0,0.572933467025716,0.5197044334975369,32.78,MODERATE RISK,249
2021,West Bengal,Sealdah GRP,4419516,0,0.0,0.1918958985340141,27.0,5.9,21.1,0.0,0.572933467025716,0.5197044334975369,32.78,MODERATE RISK,249
2021,West Bengal,Siliguri GRP,4419516,0,0.0,0.1918958985340141,27.0,5.9,21.1,0.0,0.572933467025716,0.5197044334975369,32.78,MODERATE RISK,249
2021,Delhi,North,50265,304,604.7945886799961,0.0637484062898427,12.5,5.3,7.2,0.5368852825935168,0.19033025568563483,0.17733990147783252,32.51,MODERATE RISK,250
2021,Delhi,Total Districts ,1058850,6124,578.3633186948105,0.0637484062898427,12.5,5.3,7.2,0.5134218453853999,0.19033025568563483,0.17733990147783252,31.57,MODERATE RISK,251
2021,Madhya Pradesh,Gwalior,2336841,844,36.117134199545454,0.1424806456926371,28.1,4.4,23.700000000000003,0.03206172502884415,0.4253969519117978,0.583743842364532,31.56,MODERATE RISK,252
2021,Madhya Pradesh,Bhopal,2726720,897,32.89666705785706,0.1424806456926371,28.1,4.4,23.700000000000003,0.02920286775100009,0.4253969519117978,0.583743842364532,31.44,MODERATE RISK,253
2021,Madhya Pradesh,Indore,3768201,907,24.06984128500576,0.1424806456926371,28.1,4.4,23.700000000000003,0.021367161317508068,0.4253969519117978,0.583743842364532,31.13,MODERATE RISK,254
2021,Madhya Pradesh,Balaghat,1956952,399,20.38884959876379,0.1424806456926371,28.1,4.4,23.700000000000003,0.01809948945224594,0.4253969519117978,0.583743842364532,31.0,MODERATE RISK,255
2021,Madhya Pradesh,Hoshangabad,1427552,285,19.96424648629262,0.1424806456926371,28.1,4.4,23.700000000000003,0.017722562862134215,0.4253969519117978,0.583743842364532,30.98,MODERATE RISK,256
2021,Madhya Pradesh,Rajgarh,1777686,343,19.29474609126696,0.1424806456926371,28.1,4.4,23.700000000000003,0.017128237258850737,0.4253969519117978,0.583743842364532,30.96,MODERATE RISK,257
2021,Madhya Pradesh,Shahdol,1225972,231,18.842192154470084,0.1424806456926371,28.1,4.4,23.700000000000003,0.016726498300213066,0.4253969519117978,0.583743842364532,30.94,MODERATE RISK,258
2021,Gujarat,Ahmedabad City,2894401,886,30.610824139433344,0.2052152471669115,17.0,1.5,15.5,0.02717369049942972,0.6127003440098925,0.3817733990147783,30.92,MODERATE RISK,259
2021,Madhya Pradesh,Harda,656034,115,17.529579259611545,0.1424806456926371,28.1,4.4,23.700000000000003,0.01556127202639649,0.4253969519117978,0.583743842364532,30.9,MODERATE RISK,260
2021,Madhya Pradesh,Anuppur,861622,144,16.712665182643896,0.1424806456926371,28.1,4.4,23.700000000000003,0.01483608507321186,0.4253969519117978,0.583743842364532,30.87,MODERATE RISK,261
2021,Madhya Pradesh,Dewas,1798272,289,16.070983699907465,0.1424806456926371,28.1,4.4,23.700000000000003,0.014266454738149026,0.4253969519117978,0.583743842364532,30.84,MODERATE RISK,262
2021,Madhya Pradesh,Morena,2260865,363,16.055801651137948,0.1424806456926371,28.1,4.4,23.700000000000003,0.014252977404362424,0.4253969519117978,0.583743842364532,30.84,MODERATE RISK,262
2021,Lakshadweep,Lakshadweep,74143,3,4.046234978352643,0.1589285714285714,26.72809498399146,4.464989059080962,22.263105924910498,0.0035919038471127164,0.47450465660617397,0.5483523626825245,30.83,MODERATE RISK,263
2021,Lakshadweep,Total Districts ,74143,3,4.046234978352643,0.1589285714285714,26.72809498399146,4.464989059080962,22.263105924910498,0.0035919038471127164,0.47450465660617397,0.5483523626825245,30.83,MODERATE RISK,263
2021,Madhya Pradesh,Damoh,1453851,215,14.788310493991474,0.1424806456926371,28.1,4.4,23.700000000000003,0.013127806377990317,0.4253969519117978,0.583743842364532,30.8,MODERATE RISK,264
2021,Madhya Pradesh,Sehore,1508031,222,14.721182787356494,0.1424806456926371,28.1,4.4,23.700000000000003,0.013068216099867564,0.4253969519117978,0.583743842364532,30.8,MODERATE RISK,264
2021,Madhya Pradesh,Guna,1427746,206,14.428336692941182,0.1424806456926371,28.1,4.4,23.700000000000003,0.012808252202869535,0.4253969519117978,0.583743842364532,30.79,MODERATE RISK,265
2021,Madhya Pradesh,Bhind,1958455,272,13.88849884219959,0.1424806456926371,28.1,4.4,23.700000000000003,0.01232902999672736,0.4253969519117978,0.583743842364532,30.77,MODERATE RISK,266
2021,Madhya Pradesh,Dindori,810202,110,13.57686107908892,0.1424806456926371,28.1,4.4,23.700000000000003,0.012052384451866158,0.4253969519117978,0.583743842364532,30.76,MODERATE RISK,267
2021,Madhya Pradesh,Raisen,1531336,210,13.71351551847537,0.1424806456926371,28.1,4.4,23.700000000000003,0.012173694659796067,0.4253969519117978,0.583743842364532,30.76,MODERATE RISK,267
2021,Madhya Pradesh,Shivpuri,1984957,272,13.703067623127351,0.1424806456926371,28.1,4.4,23.700000000000003,0.012164419905439101,0.4253969519117978,0.583743842364532,30.76,MODERATE RISK,267
2021,Madhya Pradesh,Vidisha,1677706,230,13.709195770891922,0.1424806456926371,28.1,4.4,23.700000000000003,0.012169859954682163,0.4253969519117978,0.583743842364532,30.76,MODERATE RISK,267
2021,Madhya Pradesh,Jabalpur,2832782,381,13.44967597224213,0.1424806456926371,28.1,4.4,23.700000000000003,0.011939480313321931,0.4253969519117978,0.583743842364532,30.75,MODERATE RISK,268
2021,Madhya Pradesh,Sagar,2735226,364,13.307858290320434,0.1424806456926371,28.1,4.4,23.700000000000003,0.01181358661708125,0.4253969519117978,0.583743842364532,30.75,MODERATE RISK,268
2021,Madhya Pradesh,Burhanpur,871524,112,12.851051720893516,0.1424806456926371,28.1,4.4,23.700000000000003,0.011408072532286566,0.4253969519117978,0.583743842364532,30.73,MODERATE RISK,269
2021,Madhya Pradesh,Panna,1168998,146,12.489328467627832,0.1424806456926371,28.1,4.4,23.700000000000003,0.01108696534203532,0.4253969519117978,0.583743842364532,30.72,MODERATE RISK,270
2021,Madhya Pradesh,Chhatarpur,2026731,235,11.59502667102837,0.1424806456926371,28.1,4.4,23.700000000000003,0.010293080142369224,0.4253969519117978,0.583743842364532,30.69,MODERATE RISK,271
2021,Madhya Pradesh,Datia,904767,106,11.715723495662418,0.1424806456926371,28.1,4.4,23.700000000000003,0.010400224534886397,0.4253969519117978,0.583743842364532,30.69,MODERATE RISK,271
2021,Madhya Pradesh,Mandsaur,1541472,180,11.677150152581428,0.1424806456926371,28.1,4.4,23.700000000000003,0.010365982396169822,0.4253969519117978,0.583743842364532,30.69,MODERATE RISK,271
2021,Madhya Pradesh,Neemuch,949977,112,11.78975912048397,0.1424806456926371,28.1,4.4,23.700000000000003,0.01046594707622239,0.4253969519117978,0.583743842364532,30.69,MODERATE RISK,271
2021,Madhya Pradesh,Dhar,2513661,285,11.338044390234003,0.1424806456926371,28.1,4.4,23.700000000000003,0.010064953093899862,0.4253969519117978,0.583743842364532,30.68,MODERATE RISK,272
2021,Madhya Pradesh,Singrauli,1355013,155,11.439004644235885,0.1424806456926371,28.1,4.4,23.700000000000003,0.010154577034846186,0.4253969519117978,0.583743842364532,30.68,MODERATE RISK,272
2021,Madhya Pradesh,Seoni,1586000,179,11.28625472887768,0.1424806456926371,28.1,4.4,23.700000000000003,0.010018978630018828,0.4253969519117978,0.583743842364532,30.67,MODERATE RISK,273
2021,Madhya Pradesh,Ujjain,2284893,252,11.02896284421196,0.1424806456926371,28.1,4.4,23.700000000000003,0.00979057674152101,0.4253969519117978,0.583743842364532,30.67,MODERATE RISK,273
2021,Madhya Pradesh,Ratlam,1673329,156,9.322733305883062,0.1424806456926371,28.1,4.4,23.700000000000003,0.00827593103370399,0.4253969519117978,0.583743842364532,30.61,MODERATE RISK,274
2021,Madhya Pradesh,Sidhi,1296087,121,9.335793044757024,0.1424806456926371,28.1,4.4,23.700000000000003,0.0082875243609711,0.4253969519117978,0.583743842364532,30.61,MODERATE RISK,274
2021,Madhya Pradesh,Rewa,2719871,250,9.191612396323208,0.1424806456926371,28.1,4.4,23.700000000000003,0.008159533023700944,0.4253969519117978,0.583743842364532,30.6,MODERATE RISK,275
2021,Madhya Pradesh,Narsinghpur,1697834,141,8.30469881036662,0.1424806456926371,28.1,4.4,23.700000000000003,0.007372206450109064,0.4253969519117978,0.583743842364532,30.57,MODERATE RISK,276
2021,Madhya Pradesh,Shajapur,1739583,145,8.335330938506527,0.1424806456926371,28.1,4.4,23.700000000000003,0.007399399052491187,0.4253969519117978,0.583743842364532,30.57,MODERATE RISK,276
2021,Madhya Pradesh,Umaria,741471,61,8.226889520965756,0.1424806456926371,28.1,4.4,23.700000000000003,0.007303133969782215,0.4253969519117978,0.583743842364532,30.57,MODERATE RISK,276
2021,Madhya Pradesh,Ashok Nagar,1697834,137,8.06910451787395,0.1424806456926371,28.1,4.4,23.700000000000003,0.007163065841595331,0.4253969519117978,0.583743842364532,30.56,MODERATE RISK,277
2021,Madhya Pradesh,Khandwa,1506570,120,7.965112805910114,0.1424806456926371,28.1,4.4,23.700000000000003,0.00707075082967212,0.4253969519117978,0.583743842364532,30.56,MODERATE RISK,277
2021,Madhya Pradesh,Tikamgarh,1661940,131,7.882354356956328,0.1424806456926371,28.1,4.4,23.700000000000003,0.006997284905728373,0.4253969519117978,0.583743842364532,30.55,MODERATE RISK,278
2021,Madhya Pradesh,Katni,1485848,110,7.403179867658065,0.1424806456926371,28.1,4.4,23.700000000000003,0.006571914480936722,0.4253969519117978,0.583743842364532,30.54,MODERATE RISK,279
2021,Madhya Pradesh,Alirajpur,838348,61,7.27621465071784,0.1424806456926371,28.1,4.4,23.700000000000003,0.0064592055419806435,0.4253969519117978,0.583743842364532,30.53,MODERATE RISK,280
2021,Madhya Pradesh,Mandla,1213140,85,7.006610943501986,0.1424806456926371,28.1,4.4,23.700000000000003,0.006219874262822274,0.4253969519117978,0.583743842364532,30.52,MODERATE RISK,281
2021,Madhya Pradesh,Satna,2563275,179,6.983253845178531,0.1424806456926371,28.1,4.4,23.700000000000003,0.006199139814186875,0.4253969519117978,0.583743842364532,30.52,MODERATE RISK,281
2021,Madhya Pradesh,Sheopur,791040,52,6.573624595469256,0.1424806456926371,28.1,4.4,23.700000000000003,0.005835505748001308,0.4253969519117978,0.583743842364532,30.51,MODERATE RISK,282
2021,Madhya Pradesh,Barwani,1593763,102,6.399947796504248,0.1424806456926371,28.1,4.4,23.700000000000003,0.005681330232813949,0.4253969519117978,0.583743842364532,30.5,MODERATE RISK,283
2021,Madhya Pradesh,Chhindwara,2404560,137,5.697508068004126,0.1424806456926371,28.1,4.4,23.700000000000003,0.005057763886157621,0.4253969519117978,0.583743842364532,30.48,MODERATE RISK,284
2021,Madhya Pradesh,Agar,1697834,88,5.183074434838741,0.1424806456926371,28.1,4.4,23.700000000000003,0.004601093387302111,0.4253969519117978,0.583743842364532,30.46,MODERATE RISK,285
2021,Madhya Pradesh,Khargone,2154002,114,5.292474194545781,0.1424806456926371,28.1,4.4,23.700000000000003,0.004698209204813259,0.4253969519117978,0.583743842364532,30.46,MODERATE RISK,285
2021,Haryana,Gurugram,1358470,589,43.3576008303459,0.1847177848775293,21.6,4.9,16.700000000000003,0.03848919651411407,0.5515021515294888,0.4113300492610838,30.42,MODERATE RISK,286
2021,Madhya Pradesh,Jhabua,1178805,46,3.9022569466536026,0.1424806456926371,28.1,4.4,23.700000000000003,0.003464092375775466,0.4253969519117978,0.583743842364532,30.41,MODERATE RISK,287
2021,Madhya Pradesh,Niwari,1697834,63,3.7106101067595536,0.1424806456926371,28.1,4.4,23.700000000000003,0.003293964584091284,0.4253969519117978,0.583743842364532,30.41,MODERATE RISK,287
2021,Madhya Pradesh,Betul,1811666,66,3.6430556184197305,0.1424806456926371,28.1,4.4,23.700000000000003,0.003233995445409098,0.4253969519117978,0.583743842364532,30.4,MODERATE RISK,288
2021,Madhya Pradesh,Bhopal Railway,1697834,2,0.117797146246335,0.1424806456926371,28.1,4.4,23.700000000000003,0.00010457030425686612,0.4253969519117978,0.583743842364532,30.28,MODERATE RISK,289
2021,Madhya Pradesh,Indore Railway,1697834,4,0.23559429249267,0.1424806456926371,28.1,4.4,23.700000000000003,0.00020914060851373223,0.4253969519117978,0.583743842364532,30.28,MODERATE RISK,289
2021,Madhya Pradesh,Jabalpur Railway,1697834,1,0.0588985731231675,0.1424806456926371,28.1,4.4,23.700000000000003,5.228515212843306e-05,0.4253969519117978,0.583743842364532,30.28,MODERATE RISK,289
2021,Madhya Pradesh,Cyber Crime Cell,1697834,0,0.0,0.1424806456926371,28.1,4.4,23.700000000000003,0.0,0.4253969519117978,0.583743842364532,30.27,MODERATE RISK,290
2021,Haryana,Panipat,1386252,530,38.23258686010912,0.1847177848775293,21.6,4.9,16.700000000000003,0.03393964427735924,0.5515021515294888,0.4113300492610838,30.24,MODERATE RISK,291
2021,Haryana,Jhajjar,1102165,406,36.83658980279723,0.1847177848775293,21.6,4.9,16.700000000000003,0.03270039662428346,0.5515021515294888,0.4113300492610838,30.19,MODERATE RISK,292
2021,Haryana,Sonipat,1667501,550,32.983488465674085,0.1847177848775293,21.6,4.9,16.700000000000003,0.029279940424835924,0.5515021515294888,0.4113300492610838,30.06,MODERATE RISK,293
2021,Gujarat,Surat City,6993520,330,4.71865383955433,0.2052152471669115,17.0,1.5,15.5,0.004188820216859692,0.6127003440098925,0.3817733990147783,30.0,MODERATE RISK,294
2021,Gujarat,Amreli,1741318,77,4.421937865455937,0.2052152471669115,17.0,1.5,15.5,0.003925420969271326,0.6127003440098925,0.3817733990147783,29.99,MODERATE RISK,295
2021,Haryana,Kurukshetra,1109353,346,31.189350909944807,0.1847177848775293,21.6,4.9,16.700000000000003,0.027687257443459217,0.5515021515294888,0.4113300492610838,29.99,MODERATE RISK,295
2021,Haryana,Hissar,1358470,416,30.62268581566026,0.1847177848775293,21.6,4.9,16.700000000000003,0.02718422028840654,0.5515021515294888,0.4113300492610838,29.97,MODERATE RISK,296
2021,Haryana,Yamunanagar,1396335,426,30.50843816132948,0.1847177848775293,21.6,4.9,16.700000000000003,0.02708280092168419,0.5515021515294888,0.4113300492610838,29.97,MODERATE RISK,296
2021,Gujarat,Bharuch,1783671,61,3.419913201481664,0.2052152471669115,17.0,1.5,15.5,0.0030359085547213525,0.6127003440098925,0.3817733990147783,29.96,MODERATE RISK,297
2021,Haryana,Faridabad,2081192,631,30.3191632487536,0.1847177848775293,21.6,4.9,16.700000000000003,0.02691477872567223,0.5515021515294888,0.4113300492610838,29.96,MODERATE RISK,297
2021,Gujarat,Patan,1545294,49,3.1709176376793025,0.2052152471669115,17.0,1.5,15.5,0.0028148714354436608,0.6127003440098925,0.3817733990147783,29.95,MODERATE RISK,298
2021,Haryana,Panchkula,645486,193,29.89995135448329,0.1847177848775293,21.6,4.9,16.700000000000003,0.02654263800130975,0.5515021515294888,0.4113300492610838,29.95,MODERATE RISK,298
2021,Gujarat,Banaskantha,2894401,90,3.1094516620191883,0.2052152471669115,17.0,1.5,15.5,0.0027603071613416194,0.6127003440098925,0.3817733990147783,29.94,MODERATE RISK,299
2021,Gujarat,Bhavnagar,3312419,97,2.928373493812226,0.2052152471669115,17.0,1.5,15.5,0.002599561338993082,0.6127003440098925,0.3817733990147783,29.94,MODERATE RISK,299
2021,Gujarat,Gandhinagar,1600515,47,2.936554796424901,0.2052152471669115,17.0,1.5,15.5,0.0026068240047764776,0.6127003440098925,0.3817733990147783,29.94,MODERATE RISK,299
2021,Gujarat,Junagadh,3154544,94,2.979828463321481,0.2052152471669115,17.0,1.5,15.5,0.002645238691871043,0.6127003440098925,0.3817733990147783,29.94,MODERATE RISK,299
2021,Gujarat,Kachchh East(G),2894401,78,2.6948581070832964,0.2052152471669115,17.0,1.5,15.5,0.00239226620649607,0.6127003440098925,0.3817733990147783,29.93,MODERATE RISK,300
2021,Gujarat,Kachchh West(B),2894401,78,2.6948581070832964,0.2052152471669115,17.0,1.5,15.5,0.00239226620649607,0.6127003440098925,0.3817733990147783,29.93,MODERATE RISK,300
2021,Gujarat,Mehsana,2894401,78,2.6948581070832964,0.2052152471669115,17.0,1.5,15.5,0.00239226620649607,0.6127003440098925,0.3817733990147783,29.93,MODERATE RISK,300
2021,Gujarat,Rajkot City,4375241,121,2.7655619427592675,0.2052152471669115,17.0,1.5,15.5,0.002455031068331539,0.6127003440098925,0.3817733990147783,29.93,MODERATE RISK,300
2021,Gujarat,Sabarkantha,2894401,75,2.5912097183493232,0.2052152471669115,17.0,1.5,15.5,0.0023002559677846824,0.6127003440098925,0.3817733990147783,29.93,MODERATE RISK,300
2021,Gujarat,Anand,2406656,58,2.409982980533986,0.2052152471669115,17.0,1.5,15.5,0.002139378257952907,0.6127003440098925,0.3817733990147783,29.92,MODERATE RISK,301
2021,Haryana,Palwal,1199114,348,29.021427487294787,0.1847177848775293,21.6,4.9,16.700000000000003,0.02576275910766738,0.5515021515294888,0.4113300492610838,29.92,MODERATE RISK,301
2021,Gujarat,Vadodara City,4790469,97,2.024853933925885,0.2052152471669115,17.0,1.5,15.5,0.0017974933917631294,0.6127003440098925,0.3817733990147783,29.91,MODERATE RISK,302
2021,Haryana,Karnal,1731122,502,28.998533898824004,0.1847177848775293,21.6,4.9,16.700000000000003,0.025742436123722467,0.5515021515294888,0.4113300492610838,29.91,MODERATE RISK,302
2021,Gujarat,Jamnagar,2484136,44,1.771239577865302,0.2052152471669115,17.0,1.5,15.5,0.001572356100901217,0.6127003440098925,0.3817733990147783,29.9,MODERATE RISK,303
2021,Gujarat,Panchmahal,2894401,55,1.900220460122837,0.2052152471669115,17.0,1.5,15.5,0.0016868543763754339,0.6127003440098925,0.3817733990147783,29.9,MODERATE RISK,303
2021,Gujarat,Rajkot Rural,4375241,81,1.8513265897809967,0.2052152471669115,17.0,1.5,15.5,0.0016434505498748315,0.6127003440098925,0.3817733990147783,29.9,MODERATE RISK,303
2021,Gujarat,Kheda,2644867,41,1.5501724661391292,0.2052152471669115,17.0,1.5,15.5,0.0013761114899659861,0.6127003440098925,0.3817733990147783,29.89,MODERATE RISK,304
2021,Gujarat,Narmada,678841,11,1.620408902821132,0.2052152471669115,17.0,1.5,15.5,0.0014384614346615577,0.6127003440098925,0.3817733990147783,29.89,MODERATE RISK,304
2021,Gujarat,Devbhumi Dwarka,2894401,41,1.4165279793642969,0.2052152471669115,17.0,1.5,15.5,0.00125747326238896,0.6127003440098925,0.3817733990147783,29.88,MODERATE RISK,305
2021,Gujarat,Porbandar,673266,8,1.1882376356447526,0.2052152471669115,17.0,1.5,15.5,0.0010548164794161718,0.6127003440098925,0.3817733990147783,29.88,MODERATE RISK,305
2021,Gujarat,Surendranagar,2019708,25,1.2378026922703678,0.2052152471669115,17.0,1.5,15.5,0.00109881612810894,0.6127003440098925,0.3817733990147783,29.88,MODERATE RISK,305
2021,Gujarat,Valsad,1961529,24,1.223535313523277,0.2052152471669115,17.0,1.5,15.5,0.0010861507607034231,0.6127003440098925,0.3817733990147783,29.88,MODERATE RISK,305
2021,Gujarat,Gir Somnath,2894401,33,1.1401322760737025,0.2052152471669115,17.0,1.5,15.5,0.0010121126258252607,0.6127003440098925,0.3817733990147783,29.87,MODERATE RISK,306
2021,Gujarat,Ahmedabad Rural,2894401,24,0.8291871098717835,0.2052152471669115,17.0,1.5,15.5,0.0007360819096910985,0.6127003440098925,0.3817733990147783,29.86,MODERATE RISK,307
2021,Gujarat,Arvalli,2894401,21,0.7255387211378106,0.2052152471669115,17.0,1.5,15.5,0.0006440716709797112,0.6127003440098925,0.3817733990147783,29.86,MODERATE RISK,307
2021,Gujarat,Chhotaudepur,2894401,20,0.6909892582264863,0.2052152471669115,17.0,1.5,15.5,0.0006134015914092488,0.6127003440098925,0.3817733990147783,29.86,MODERATE RISK,307
2021,Gujarat,Mahisagar,2894401,18,0.6218903324038376,0.2052152471669115,17.0,1.5,15.5,0.0005520614322683238,0.6127003440098925,0.3817733990147783,29.86,MODERATE RISK,307
2021,Gujarat,Navsari,1529122,11,0.7193670616209825,0.2052152471669115,17.0,1.5,15.5,0.0006385929956975876,0.6127003440098925,0.3817733990147783,29.86,MODERATE RISK,307
2021,Gujarat,Vadodara Rural,4790469,31,0.647118267543324,0.2052152471669115,17.0,1.5,15.5,0.0005744566509758455,0.6127003440098925,0.3817733990147783,29.86,MODERATE RISK,307
2021,Gujarat,Dahod,2894401,16,0.552791406581189,0.2052152471669115,17.0,1.5,15.5,0.000490721273127399,0.6127003440098925,0.3817733990147783,29.85,MODERATE RISK,308
2021,Gujarat,Morbi,2894401,15,0.5182419436698646,0.2052152471669115,17.0,1.5,15.5,0.00046005119355693654,0.6127003440098925,0.3817733990147783,29.85,MODERATE RISK,308
2021,Gujarat,Tapi,928075,4,0.4309996498127845,0.2052152471669115,17.0,1.5,15.5,0.0003826048928322648,0.6127003440098925,0.3817733990147783,29.85,MODERATE RISK,308
2021,Haryana,Rohtak,1220384,333,27.28649343157564,0.1847177848775293,21.6,4.9,16.700000000000003,0.024222631966617947,0.5515021515294888,0.4113300492610838,29.85,MODERATE RISK,308
2021,Gujarat,Botad,2894401,7,0.2418462403792702,0.2052152471669115,17.0,1.5,15.5,0.00021469055699323706,0.6127003440098925,0.3817733990147783,29.84,MODERATE RISK,309
2021,Gujarat,Dang,2894401,1,0.0345494629113243,0.2052152471669115,17.0,1.5,15.5,3.0670079570462425e-05,0.6127003440098925,0.3817733990147783,29.84,MODERATE RISK,309
2021,Gujarat,Surat Rural,6993520,21,0.3002779716080028,0.2052152471669115,17.0,1.5,15.5,0.00026656128652743493,0.6127003440098925,0.3817733990147783,29.84,MODERATE RISK,309
2021,Gujarat,W.Rly Ahmedabad,2894401,1,0.0345494629113243,0.2052152471669115,17.0,1.5,15.5,3.0670079570462425e-05,0.6127003440098925,0.3817733990147783,29.84,MODERATE RISK,309
2021,Gujarat,W.Rly Vadodara,2894401,2,0.0690989258226486,0.2052152471669115,17.0,1.5,15.5,6.134015914092485e-05,0.6127003440098925,0.3817733990147783,29.84,MODERATE RISK,309
2021,Gujarat,CID Crime,2894401,0,0.0,0.2052152471669115,17.0,1.5,15.5,0.0,0.6127003440098925,0.3817733990147783,29.83,MODERATE RISK,310
2021,Gujarat,Cyber Ahmedabad Range,2894401,0,0.0,0.2052152471669115,17.0,1.5,15.5,0.0,0.6127003440098925,0.3817733990147783,29.83,MODERATE RISK,310
2021,Gujarat,Cyber Bhavnagar Range,2894401,0,0.0,0.2052152471669115,17.0,1.5,15.5,0.0,0.6127003440098925,0.3817733990147783,29.83,MODERATE RISK,310
2021,Gujarat,Cyber Border Range,2894401,0,0.0,0.2052152471669115,17.0,1.5,15.5,0.0,0.6127003440098925,0.3817733990147783,29.83,MODERATE RISK,310
2021,Gujarat,Cyber Gandhinagar Range,2894401,0,0.0,0.2052152471669115,17.0,1.5,15.5,0.0,0.6127003440098925,0.3817733990147783,29.83,MODERATE RISK,310
2021,Gujarat,Cyber Junagadh Range,2894401,0,0.0,0.2052152471669115,17.0,1.5,15.5,0.0,0.6127003440098925,0.3817733990147783,29.83,MODERATE RISK,310
2021,Gujarat,Cyber Panchmahal Range,2894401,0,0.0,0.2052152471669115,17.0,1.5,15.5,0.0,0.6127003440098925,0.3817733990147783,29.83,MODERATE RISK,310
2021,Gujarat,Cyber Rajkot Range,2894401,0,0.0,0.2052152471669115,17.0,1.5,15.5,0.0,0.6127003440098925,0.3817733990147783,29.83,MODERATE RISK,310
2021,Gujarat,Cyber Surat Range,2894401,0,0.0,0.2052152471669115,17.0,1.5,15.5,0.0,0.6127003440098925,0.3817733990147783,29.83,MODERATE RISK,310
2021,Gujarat,Cyber Vadodara Range,2894401,0,0.0,0.2052152471669115,17.0,1.5,15.5,0.0,0.6127003440098925,0.3817733990147783,29.83,MODERATE RISK,310
2021,Haryana,Bhiwani,1879611,470,25.005173942906275,0.1847177848775293,21.6,4.9,16.700000000000003,0.022197470231898116,0.5515021515294888,0.4113300492610838,29.77,MODERATE RISK,311
2021,Haryana,Ambala,1297602,321,24.737939676418502,0.1847177848775293,21.6,4.9,16.700000000000003,0.021960242341028422,0.5515021515294888,0.4113300492610838,29.76,MODERATE RISK,312
2021,Haryana,Sirsa,1489467,302,20.275709364490787,0.1847177848775293,21.6,4.9,16.700000000000003,0.01799905315901961,0.5515021515294888,0.4113300492610838,29.6,MODERATE RISK,313
2021,Haryana,Rewari,1035381,201,19.413143567440397,0.1847177848775293,21.6,4.9,16.700000000000003,0.017233340485042742,0.5515021515294888,0.4113300492610838,29.57,MODERATE RISK,314
2021,Haryana,Kaithal,1235449,216,17.48352218505175,0.1847177848775293,21.6,4.9,16.700000000000003,0.015520386466318259,0.5515021515294888,0.4113300492610838,29.51,MODERATE RISK,315
2021,Haryana,Fatehabad,1083312,159,14.677212105099915,0.1847177848775293,21.6,4.9,16.700000000000003,0.013029182661720115,0.5515021515294888,0.4113300492610838,29.41,MODERATE RISK,316
2021,Haryana,Jind,1534274,227,14.795271248812142,0.1847177848775293,21.6,4.9,16.700000000000003,0.01313398554508094,0.5515021515294888,0.4113300492610838,29.41,MODERATE RISK,316
2021,Haryana,Nuh,1358470,195,14.35438397609075,0.1847177848775293,21.6,4.9,16.700000000000003,0.012742603260190567,0.5515021515294888,0.4113300492610838,29.39,MODERATE RISK,317
2021,Haryana,Mahendergarh,1358470,160,11.777956082946256,0.1847177848775293,21.6,4.9,16.700000000000003,0.010455469341694824,0.5515021515294888,0.4113300492610838,29.3,MODERATE RISK,318
2021,Haryana,Hansi,1358470,125,9.201528189801762,0.1847177848775293,21.6,4.9,16.700000000000003,0.00816833542319908,0.5515021515294888,0.4113300492610838,29.21,MODERATE RISK,319
2021,Haryana,Charkhi Dadri,1358470,108,7.950120355988723,0.1847177848775293,21.6,4.9,16.700000000000003,0.007057441805644007,0.5515021515294888,0.4113300492610838,29.17,MODERATE RISK,320
2021,Rajasthan,Pratapgarh,998025,419,41.982916259612736,0.1282991202346041,24.3,2.7,21.6,0.03726886827697514,0.3830559190369127,0.5320197044334976,28.94,MODERATE RISK,321
2021,Rajasthan,Bharatpur,2930731,1210,41.28662780719213,0.1282991202346041,24.3,2.7,21.6,0.036650762510916056,0.3830559190369127,0.5320197044334976,28.92,MODERATE RISK,322
2021,Haryana,GRP,1358470,3,0.2208366765552423,0.1847177848775293,21.6,4.9,16.700000000000003,0.00019604005015677796,0.5515021515294888,0.4113300492610838,28.89,MODERATE RISK,323
2021,Haryana,Irrigation & Power,1358470,0,0.0,0.1847177848775293,21.6,4.9,16.700000000000003,0.0,0.5515021515294888,0.4113300492610838,28.88,MODERATE RISK,324
2021,Rajasthan,Ajmer,2970509,1195,40.22879580570199,0.1282991202346041,24.3,2.7,21.6,0.03571170908073234,0.3830559190369127,0.5320197044334976,28.88,MODERATE RISK,324
2021,Rajasthan,Ganganagar,2264543,858,37.88843930099804,0.1282991202346041,24.3,2.7,21.6,0.033634139296022526,0.3830559190369127,0.5320197044334976,28.8,MODERATE RISK,325
2021,Rajasthan,Hanumangarh,2040895,761,37.28756256446314,0.1282991202346041,24.3,2.7,21.6,0.03310073194989777,0.3830559190369127,0.5320197044334976,28.78,MODERATE RISK,326
2021,Rajasthan,Bhilwara,2769801,1007,36.35640249967416,0.1282991202346041,24.3,2.7,21.6,0.03227412710937638,0.3830559190369127,0.5320197044334976,28.74,MODERATE RISK,327
2021,Rajasthan,Pali,2343208,832,35.50687775050273,0.1282991202346041,24.3,2.7,21.6,0.03151999117038832,0.3830559190369127,0.5320197044334976,28.71,MODERATE RISK,328
2021,Rajasthan,Jhalawar,1622798,563,34.69316575445619,0.1282991202346041,24.3,2.7,21.6,0.030797646752756078,0.3830559190369127,0.5320197044334976,28.68,MODERATE RISK,329
2021,Rajasthan,Bundi,1277541,403,31.544975855960782,0.1282991202346041,24.3,2.7,21.6,0.028002951074342735,0.3830559190369127,0.5320197044334976,28.57,MODERATE RISK,330
2021,Rajasthan,Baran,1406168,437,31.07736771139722,0.1282991202346041,24.3,2.7,21.6,0.027587848268305768,0.3830559190369127,0.5320197044334976,28.56,MODERATE RISK,331
2021,D&N Haveli and Daman & Diu,Total Districts ,139866,12,8.579640513062502,0.1311320754716981,26.72809498399146,4.464989059080962,22.263105924910498,0.007616276348404276,0.39151412412788417,0.5483523626825245,28.5,MODERATE RISK,332
2021,Rajasthan,Jhunjhunu,2485185,710,28.56930168176615,0.1282991202346041,24.3,2.7,21.6,0.025361400207616937,0.3830559190369127,0.5320197044334976,28.47,MODERATE RISK,333
2021,Rajasthan,Rajsamand,1330086,356,26.76518661199351,0.1282991202346041,24.3,2.7,21.6,0.023759860036465366,0.3830559190369127,0.5320197044334976,28.4,MODERATE RISK,334
2021,Rajasthan,Sirohi,1191797,319,26.766303321790534,0.1282991202346041,24.3,2.7,21.6,0.023760851356603097,0.3830559190369127,0.5320197044334976,28.4,MODERATE RISK,334
2021,Rajasthan,Bhiwadi,2485185,661,26.597617481193552,0.1282991202346041,24.3,2.7,21.6,0.02361110639047154,0.3830559190369127,0.5320197044334976,28.4,MODERATE RISK,334
2021,D&N Haveli and Daman & Diu,D&N Haveli,139866,8,5.719760342041669,0.1311320754716981,26.72809498399146,4.464989059080962,22.263105924910498,0.005077517565602851,0.39151412412788417,0.5483523626825245,28.4,MODERATE RISK,334
2021,Rajasthan,Karauli,1676985,442,26.356824897062285,0.1282991202346041,24.3,2.7,21.6,0.023397351180029106,0.3830559190369127,0.5320197044334976,28.39,MODERATE RISK,335
2021,Rajasthan,Churu,2345479,605,25.79430470279205,0.1282991202346041,24.3,2.7,21.6,0.022897993515264795,0.3830559190369127,0.5320197044334976,28.37,MODERATE RISK,336
2021,Rajasthan,Dausa,1879570,472,25.11212670983257,0.1282991202346041,24.3,2.7,21.6,0.022292413816993192,0.3830559190369127,0.5320197044334976,28.34,MODERATE RISK,337
2021,Rajasthan,Sikar,3078932,773,25.10610822194189,0.1282991202346041,24.3,2.7,21.6,0.02228707111447493,0.3830559190369127,0.5320197044334976,28.34,MODERATE RISK,337
2021,Rajasthan,Sawai Madhopur,1535883,374,24.35081318043106,0.1282991202346041,24.3,2.7,21.6,0.021616584308883517,0.3830559190369127,0.5320197044334976,28.32,MODERATE RISK,338
2021,Rajasthan,Chittorgarh,2485185,601,24.18331029681895,0.1282991202346041,24.3,2.7,21.6,0.021467889471517995,0.3830559190369127,0.5320197044334976,28.31,MODERATE RISK,339
2021,Rajasthan,Bikaner,2718527,633,23.28466849878629,0.1282991202346041,24.3,2.7,21.6,0.02067015158708995,0.3830559190369127,0.5320197044334976,28.28,MODERATE RISK,340
2021,Rajasthan,Kota City,2243666,519,23.131785212237475,0.1282991202346041,24.3,2.7,21.6,0.020534434786644146,0.3830559190369127,0.5320197044334976,28.27,MODERATE RISK,341
2021,D&N Haveli and Daman & Diu,Diu,59885,1,1.6698672455539785,0.1311320754716981,26.72809498399146,4.464989059080962,22.263105924910498,0.0014823663518214252,0.39151412412788417,0.5483523626825245,28.26,MODERATE RISK,342
2021,Rajasthan,Alwar,4225305,954,22.578251747506982,0.1282991202346041,24.3,2.7,21.6,0.02004305477730011,0.3830559190369127,0.5320197044334976,28.25,MODERATE RISK,343
2021,D&N Haveli and Daman & Diu,Daman,219848,3,1.3645791637858884,0.1311320754716981,26.72809498399146,4.464989059080962,22.263105924910498,0.0012113575149033792,0.39151412412788417,0.5483523626825245,28.24,MODERATE RISK,344
2021,Rajasthan,Barmer,2994313,653,21.80800737932207,0.1282991202346041,24.3,2.7,21.6,0.01935929722883794,0.3830559190369127,0.5320197044334976,28.23,MODERATE RISK,345
2021,Rajasthan,Udaipur,3528682,772,21.87785694488764,0.1282991202346041,24.3,2.7,21.6,0.01942130374220565,0.3830559190369127,0.5320197044334976,28.23,MODERATE RISK,345
2021,Rajasthan,Nagaur,3803904,816,21.4516454673935,0.1282991202346041,24.3,2.7,21.6,0.019042949382193152,0.3830559190369127,0.5320197044334976,28.21,MODERATE RISK,346
2021,Rajasthan,Jaipur West,2485185,525,21.125187863277784,0.1282991202346041,24.3,2.7,21.6,0.018753148040843506,0.3830559190369127,0.5320197044334976,28.2,MODERATE RISK,347
2021,Rajasthan,Tonk,1634524,328,20.06700421651808,0.1282991202346041,24.3,2.7,21.6,0.017813782449847746,0.3830559190369127,0.5320197044334976,28.16,MODERATE RISK,348
2021,Rajasthan,Dholpur,2485185,419,16.85991183754932,0.1282991202346041,24.3,2.7,21.6,0.014966798150692249,0.3830559190369127,0.5320197044334976,28.05,MODERATE RISK,349
2021,Rajasthan,Banswara,2067107,335,16.20622444798455,0.1282991202346041,24.3,2.7,21.6,0.014386509990971307,0.3830559190369127,0.5320197044334976,28.03,MODERATE RISK,350
2021,Rajasthan,Jaipur North,2485185,380,15.290612167705826,0.1282991202346041,24.3,2.7,21.6,0.013573707153372444,0.3830559190369127,0.5320197044334976,28.0,MODERATE RISK,351
2021,Rajasthan,Jaipur South,2485185,373,15.008942996195456,0.1282991202346041,24.3,2.7,21.6,0.013323665179494532,0.3830559190369127,0.5320197044334976,27.99,MODERATE RISK,352
2021,Rajasthan,Jaipur East,2485185,355,14.284650840883074,0.1282991202346041,24.3,2.7,21.6,0.012680700103808468,0.3830559190369127,0.5320197044334976,27.96,MODERATE RISK,353
2021,Rajasthan,Kota Rural,2243666,294,13.103554628897529,0.1282991202346041,24.3,2.7,21.6,0.011632223173937146,0.3830559190369127,0.5320197044334976,27.92,MODERATE RISK,354
2021,Rajasthan,Jaisalmer,770406,96,12.460962142039392,0.1282991202346041,24.3,2.7,21.6,0.011061784126768613,0.3830559190369127,0.5320197044334976,27.89,MODERATE RISK,355
2021,Rajasthan,Jalore,2485185,297,11.95082056265429,0.1282991202346041,24.3,2.7,21.6,0.010608923748820042,0.3830559190369127,0.5320197044334976,27.88,MODERATE RISK,356
2021,Rajasthan,Pratapgarh,3690512,419,11.353438222122024,0.1282991202346041,24.3,2.7,21.6,0.010078618430756522,0.3830559190369127,0.5320197044334976,27.86,MODERATE RISK,357
2021,Rajasthan,Dungarpur,1596834,181,11.334928990740428,0.1282991202346041,24.3,2.7,21.6,0.010062187506758696,0.3830559190369127,0.5320197044334976,27.85,MODERATE RISK,358
2021,Arunachal Pradesh,Total Districts ,113202,141,124.5561032490592,0.1744683609958506,15.0,4.5,10.5,0.11057033237941444,0.5209009870209859,0.25862068965517243,27.81,MODERATE RISK,359
2021,Rajasthan,Jodhpur East,2485185,248,9.979136362081697,0.1282991202346041,24.3,2.7,21.6,0.008858629931674649,0.3830559190369127,0.5320197044334976,27.81,MODERATE RISK,359
2021,Rajasthan,Jodhpur West,2485185,233,9.375559565988045,0.1282991202346041,24.3,2.7,21.6,0.008322825701936262,0.3830559190369127,0.5320197044334976,27.79,MODERATE RISK,360
2021,Rajasthan,Jodhpur Rural,4240239,334,7.876914485244817,0.1282991202346041,24.3,2.7,21.6,0.006992455849523552,0.3830559190369127,0.5320197044334976,27.73,MODERATE RISK,361
2021,Rajasthan,Jaipur Rural,7620104,552,7.243995620007285,0.1282991202346041,24.3,2.7,21.6,0.006430604222240532,0.3830559190369127,0.5320197044334976,27.71,MODERATE RISK,362
2021,Uttarakhand,Total Districts ,717779,1125,156.73347924639756,0.1531393568147013,15.0,3.6,11.4,0.13913467460204226,0.4572201037552822,0.28078817733990147,27.71,MODERATE RISK,362
2021,Rajasthan,GRP Ajmer,2485185,3,0.1207153592187302,0.1282991202346041,24.3,2.7,21.6,0.0001071608459476772,0.3830559190369127,0.5320197044334976,27.46,MODERATE RISK,363
2021,Rajasthan,GRP Jodhpur,2485185,2,0.0804769061458201,0.1282991202346041,24.3,2.7,21.6,7.14405639651181e-05,0.3830559190369127,0.5320197044334976,27.46,MODERATE RISK,363
2021,Rajasthan,Jaipur Metro,2485185,0,0.0,0.1282991202346041,24.3,2.7,21.6,0.0,0.3830559190369127,0.5320197044334976,27.45,MODERATE RISK,364
2021,Rajasthan,SCRB,2485185,0,0.0,0.1282991202346041,24.3,2.7,21.6,0.0,0.3830559190369127,0.5320197044334976,27.45,MODERATE RISK,364
2021,Rajasthan,SOG,2485185,0,0.0,0.1282991202346041,24.3,2.7,21.6,0.0,0.3830559190369127,0.5320197044334976,27.45,MODERATE RISK,364
2021,Rajasthan,SSB,2485185,0,0.0,0.1282991202346041,24.3,2.7,21.6,0.0,0.3830559190369127,0.5320197044334976,27.45,MODERATE RISK,364
2021,Rajasthan,Jaipur Crime,2485185,0,0.0,0.1282991202346041,24.3,2.7,21.6,0.0,0.3830559190369127,0.5320197044334976,27.45,MODERATE RISK,364
2021,Maharashtra,Mumbai Commr.,3417201,1206,35.29204164460914,0.1064679265371306,25.2,3.7,21.5,0.03132927791735523,0.31787567500899566,0.5295566502463054,26.68,MODERATE RISK,365
2021,Tripura,North,50265,37,73.60986770118373,0.1606683804627249,17.7,4.6,13.1,0.06534459031565829,0.4796991127124026,0.3226600985221675,26.68,MODERATE RISK,365
2021,Tripura,West,156900,107,68.19630337794774,0.1606683804627249,17.7,4.6,13.1,0.06053888757638233,0.4796991127124026,0.3226600985221675,26.49,MODERATE RISK,366
2021,Odisha,Angul,1638572,507,30.941575957602108,0.0744934445768772,30.4,5.4,25.0,0.027467303879393036,0.22241114999418898,0.6157635467980296,26.24,MODERATE RISK,367
2021,Maharashtra,Jalna,2252902,481,21.350240711757547,0.1064679265371306,25.2,3.7,21.5,0.018952930850438823,0.31787567500899566,0.5295566502463054,26.18,MODERATE RISK,368
2021,Maharashtra,Ahmednagar,3417201,670,19.606689802560638,0.1064679265371306,25.2,3.7,21.5,0.017405154398530687,0.31787567500899566,0.5295566502463054,26.12,MODERATE RISK,369
2021,Maharashtra,Thane Commr.,3417201,674,19.72374466705353,0.1064679265371306,25.2,3.7,21.5,0.017509065768074147,0.31787567500899566,0.5295566502463054,26.12,MODERATE RISK,369
2021,Maharashtra,Washim,1376734,247,17.94101111761604,0.1064679265371306,25.2,3.7,21.5,0.0159265062951667,0.31787567500899566,0.5295566502463054,26.06,MODERATE RISK,370
2021,Maharashtra,Nasik Rural,3417201,572,16.7388456224846,0.1064679265371306,25.2,3.7,21.5,0.014859325844715748,0.31787567500899566,0.5295566502463054,26.02,MODERATE RISK,371
2021,Maharashtra,Beed,3417201,541,15.831670422664631,0.1064679265371306,25.2,3.7,21.5,0.01405401273075388,0.31787567500899566,0.5295566502463054,25.99,MODERATE RISK,372
2021,Maharashtra,Dhule,2358491,376,15.94239706659894,0.1064679265371306,25.2,3.7,21.5,0.014152306443415977,0.31787567500899566,0.5295566502463054,25.99,MODERATE RISK,372
2021,Odisha,Malkangiri,705170,164,23.25680332402116,0.0744934445768772,30.4,5.4,25.0,0.02064541525097136,0.22241114999418898,0.6157635467980296,25.97,MODERATE RISK,373
2021,Maharashtra,Akola,2085991,313,15.00485860197863,0.1064679265371306,25.2,3.7,21.5,0.013320039401115612,0.31787567500899566,0.5295566502463054,25.96,MODERATE RISK,374
2021,Maharashtra,Parbhani,2111498,260,12.313532856768038,0.1064679265371306,25.2,3.7,21.5,0.010930908925556534,0.31787567500899566,0.5295566502463054,25.86,MODERATE RISK,375
2021,Maharashtra,Mira Bhayandar Vasai Virar Commr.,3417201,425,12.437079352370551,0.1064679265371306,25.2,3.7,21.5,0.011040583013993344,0.31787567500899566,0.5295566502463054,25.86,MODERATE RISK,375
2021,Odisha,Jajpur,1638572,328,20.01742981083529,0.0744934445768772,30.4,5.4,25.0,0.01776977450185585,0.22241114999418898,0.6157635467980296,25.86,MODERATE RISK,375
2021,Maharashtra,Pune Commr.,3417201,411,12.027387326645403,0.1064679265371306,25.2,3.7,21.5,0.01067689322059121,0.31787567500899566,0.5295566502463054,25.85,MODERATE RISK,376
2021,Maharashtra,Hingoli,1353946,150,11.078728398326078,0.1064679265371306,25.2,3.7,21.5,0.009834754374859785,0.31787567500899566,0.5295566502463054,25.82,MODERATE RISK,377
2021,Maharashtra,Latur,2822325,319,11.302737990840884,0.1064679265371306,25.2,3.7,21.5,0.010033611070392497,0.31787567500899566,0.5295566502463054,25.82,MODERATE RISK,377
2021,Maharashtra,Yavatmal,3188200,360,11.291637914810863,0.1064679265371306,25.2,3.7,21.5,0.010023757365402852,0.31787567500899566,0.5295566502463054,25.82,MODERATE RISK,377
2021,Odisha,Sambalpur,1197263,224,18.70933955196143,0.0744934445768772,30.4,5.4,25.0,0.016608563040248495,0.22241114999418898,0.6157635467980296,25.81,MODERATE RISK,378
2021,Maharashtra,Jalgaon,4864404,523,10.751574088007493,0.1064679265371306,25.2,3.7,21.5,0.009544334556900706,0.31787567500899566,0.5295566502463054,25.8,MODERATE RISK,379
2021,Odisha,Ganjam,4058385,746,18.381696167317788,0.0744934445768772,30.4,5.4,25.0,0.016317709063631034,0.22241114999418898,0.6157635467980296,25.8,MODERATE RISK,379
2021,Maharashtra,Aurangabad Commr.,3417201,342,10.00819091414289,0.1064679265371306,25.2,3.7,21.5,0.008884422095966408,0.31787567500899566,0.5295566502463054,25.78,MODERATE RISK,380
2021,Odisha,Mayurbhanj,2897698,512,17.669198101389448,0.0744934445768772,30.4,5.4,25.0,0.015685213779061496,0.22241114999418898,0.6157635467980296,25.77,MODERATE RISK,381
2021,Maharashtra,Osmanabad,1906212,179,9.390351125688014,0.1064679265371306,25.2,3.7,21.5,0.008335956392683428,0.31787567500899566,0.5295566502463054,25.76,MODERATE RISK,382
2021,Maharashtra,Pimpri Chinchwad City,3417201,326,9.539971456171294,0.1064679265371306,25.2,3.7,21.5,0.008468776617792542,0.31787567500899566,0.5295566502463054,25.76,MODERATE RISK,382
2021,Maharashtra,Aurangabad Rural,2921083,266,9.106211634520484,0.1064679265371306,25.2,3.7,21.5,0.008083721478769254,0.31787567500899566,0.5295566502463054,25.75,MODERATE RISK,383
2021,Odisha,Kandhamal,843076,144,17.080310671872997,0.0744934445768772,30.4,5.4,25.0,0.01516244952169312,0.22241114999418898,0.6157635467980296,25.75,MODERATE RISK,383
2021,Maharashtra,Nanded,3865485,342,8.847531422318285,0.1064679265371306,25.2,3.7,21.5,0.007854087150967732,0.31787567500899566,0.5295566502463054,25.74,MODERATE RISK,384
2021,Maharashtra,Nagpur Commr.,3417201,292,8.545005107981648,0.1064679265371306,25.2,3.7,21.5,0.007585529976673073,0.31787567500899566,0.5295566502463054,25.73,MODERATE RISK,385
2021,Odisha,Jharsuguda,666430,110,16.505859580150954,0.0744934445768772,30.4,5.4,25.0,0.014652500619226124,0.22241114999418898,0.6157635467980296,25.73,MODERATE RISK,385
2021,Maharashtra,Navi Mumbai,3417201,284,8.31089537899585,0.1064679265371306,25.2,3.7,21.5,0.00737770723758614,0.31787567500899566,0.5295566502463054,25.72,MODERATE RISK,386
2021,Maharashtra,Amravati Rural,3321711,267,8.038026185902385,0.1064679265371306,25.2,3.7,21.5,0.007135477137338725,0.31787567500899566,0.5295566502463054,25.71,MODERATE RISK,387
2021,Maharashtra,Buldhana,3417201,272,7.959730785517152,0.1064679265371306,25.2,3.7,21.5,0.00706597312895574,0.31787567500899566,0.5295566502463054,25.71,MODERATE RISK,387
2021,Maharashtra,Kolhapur,4457401,330,7.403417372589991,0.1064679265371306,25.2,3.7,21.5,0.006572125317648691,0.31787567500899566,0.5295566502463054,25.69,MODERATE RISK,388
2021,Odisha,Kalahandi,1813399,272,14.999456821140852,0.0744934445768772,30.4,5.4,25.0,0.013315244158754187,0.22241114999418898,0.6157635467980296,25.68,MODERATE RISK,389
2021,Maharashtra,Chandrapur,2534953,178,7.02182644017463,0.1064679265371306,25.2,3.7,21.5,0.006233381288817203,0.31787567500899566,0.5295566502463054,25.67,MODERATE RISK,390
2021,Maharashtra,Sangli,3245464,204,6.285695974443099,0.1064679265371306,25.2,3.7,21.5,0.005579907166334463,0.31787567500899566,0.5295566502463054,25.65,MODERATE RISK,391
2021,Maharashtra,Satara,3454302,218,6.310971073171946,0.1064679265371306,25.2,3.7,21.5,0.005602344252871949,0.31787567500899566,0.5295566502463054,25.65,MODERATE RISK,391
2021,Maharashtra,Aurangabad Rural,4256474,266,6.249304001387063,0.1064679265371306,25.2,3.7,21.5,0.005547601462705452,0.31787567500899566,0.5295566502463054,25.64,MODERATE RISK,392
2021,Maharashtra,Nandurbar,1895539,108,5.697587862871722,0.1064679265371306,25.2,3.7,21.5,0.005057834721265674,0.31787567500899566,0.5295566502463054,25.63,MODERATE RISK,393
2021,Maharashtra,Solapur Rural,4965419,272,5.477886156233744,0.1064679265371306,25.2,3.7,21.5,0.004862802201030907,0.31787567500899566,0.5295566502463054,25.62,MODERATE RISK,394
2021,Odisha,Balasore,1638572,217,13.243238624851395,0.0744934445768772,30.4,5.4,25.0,0.011756222764947316,0.22241114999418898,0.6157635467980296,25.62,MODERATE RISK,394
2021,Odisha,Dhenkanal,1371732,183,13.340798348365425,0.0744934445768772,30.4,5.4,25.0,0.01184282800366629,0.22241114999418898,0.6157635467980296,25.62,MODERATE RISK,394
2021,Odisha,Kendrapara,1656415,220,13.281695710314144,0.0744934445768772,30.4,5.4,25.0,0.011790361700021875,0.22241114999418898,0.6157635467980296,25.62,MODERATE RISK,394
2021,Odisha,DCP BBSR,1638572,214,13.06015237658156,0.0744934445768772,30.4,5.4,25.0,0.011593694339625461,0.22241114999418898,0.6157635467980296,25.61,MODERATE RISK,395
2021,Maharashtra,Amravati Commr.,3417201,158,4.623667147469522,0.1064679265371306,25.2,3.7,21.5,0.004104499096966937,0.31787567500899566,0.5295566502463054,25.59,MODERATE RISK,396
2021,Odisha,Keonjhar,1638572,203,12.3888361329255,0.0744934445768772,30.4,5.4,25.0,0.010997756780112005,0.22241114999418898,0.6157635467980296,25.59,MODERATE RISK,396
2021,Maharashtra,Solapur Commr.,3417201,151,4.418821134606949,0.1064679265371306,25.2,3.7,21.5,0.003922654200265871,0.31787567500899566,0.5295566502463054,25.58,MODERATE RISK,397
2021,Maharashtra,Gadchiroli,1233883,46,3.728068220406635,0.1064679265371306,25.2,3.7,21.5,0.0033094624150150367,0.31787567500899566,0.5295566502463054,25.56,MODERATE RISK,398
2021,Maharashtra,Pune Rural,10843819,415,3.8270649851311607,0.1064679265371306,25.2,3.7,21.5,0.003397343336901216,0.31787567500899566,0.5295566502463054,25.56,MODERATE RISK,398
2021,Odisha,Koraput,1586594,185,11.66019788301229,0.0744934445768772,30.4,5.4,25.0,0.010350933610667138,0.22241114999418898,0.6157635467980296,25.56,MODERATE RISK,398
2021,Maharashtra,Bhandara,1380384,51,3.694624104596981,0.1064679265371306,25.2,3.7,21.5,0.0032797735687461805,0.31787567500899566,0.5295566502463054,25.55,MODERATE RISK,399
2021,Maharashtra,Wardha,1495890,55,3.676740936833591,0.1064679265371306,25.2,3.7,21.5,0.003263898410869404,0.31787567500899566,0.5295566502463054,25.55,MODERATE RISK,399
2021,Odisha,Nabarangpur,1638572,186,11.351347392729767,0.0744934445768772,30.4,5.4,25.0,0.010076762369954842,0.22241114999418898,0.6157635467980296,25.55,MODERATE RISK,399
2021,Odisha,Rayagada,1113097,122,10.960410458387724,0.0744934445768772,30.4,5.4,25.0,0.009729721754183848,0.22241114999418898,0.6157635467980296,25.53,MODERATE RISK,400
2021,Odisha,Bhadrak,1732287,184,10.621796503697135,0.0744934445768772,30.4,5.4,25.0,0.009429129036992133,0.22241114999418898,0.6157635467980296,25.52,MODERATE RISK,401
2021,Odisha,DCP CTC,1638572,175,10.680031149073706,0.0744934445768772,30.4,5.4,25.0,0.009480824810441383,0.22241114999418898,0.6157635467980296,25.52,MODERATE RISK,401
2021,Odisha,Puri,1953539,208,10.647343103976937,0.0744934445768772,30.4,5.4,25.0,0.009451807139553303,0.22241114999418898,0.6157635467980296,25.52,MODERATE RISK,401
2021,Maharashtra,Nasik Commr.,3417201,87,2.54594330272056,0.1064679265371306,25.2,3.7,21.5,0.0022600722875704025,0.31787567500899566,0.5295566502463054,25.51,MODERATE RISK,402
2021,Odisha,Berhampur,1638572,168,10.252829903110758,0.0744934445768772,30.4,5.4,25.0,0.009101591818023728,0.22241114999418898,0.6157635467980296,25.51,MODERATE RISK,402
2021,Maharashtra,Gondia,3417201,71,2.0777238447489625,0.1064679265371306,25.2,3.7,21.5,0.001844426809396535,0.31787567500899566,0.5295566502463054,25.5,MODERATE RISK,403
2021,Maharashtra,Raigad,3417201,73,2.136251276995412,0.1064679265371306,25.2,3.7,21.5,0.0018963824941682682,0.31787567500899566,0.5295566502463054,25.5,MODERATE RISK,403
2021,Odisha,Bolangir,1638572,164,10.008714905417644,0.0744934445768772,30.4,5.4,25.0,0.008884887250927925,0.22241114999418898,0.6157635467980296,25.5,MODERATE RISK,403
2021,Odisha,Jagatsinghpur,1638572,166,10.1307724042642,0.0744934445768772,30.4,5.4,25.0,0.008993239534475825,0.22241114999418898,0.6157635467980296,25.5,MODERATE RISK,403
2021,Maharashtra,Palghar,3417201,54,1.5802406706541403,0.1064679265371306,25.2,3.7,21.5,0.0014028034888368011,0.31787567500899566,0.5295566502463054,25.48,MODERATE RISK,404
2021,Maharashtra,Ratnagiri,1857329,32,1.7229042350601322,0.1064679265371306,25.2,3.7,21.5,0.0015294480877229796,0.31787567500899566,0.5295566502463054,25.48,MODERATE RISK,404
2021,Maharashtra,Sindhudurg,977098,12,1.2281265543476705,0.1064679265371306,25.2,3.7,21.5,0.0010902264744640892,0.31787567500899566,0.5295566502463054,25.47,MODERATE RISK,405
2021,Maharashtra,Nagpur Rural,5351605,59,1.1024729964188311,0.1064679265371306,25.2,3.7,21.5,0.0009786819150050753,0.31787567500899566,0.5295566502463054,25.46,MODERATE RISK,406
2021,Odisha,Gajapati,664489,58,8.728511683413872,0.0744934445768772,30.4,5.4,25.0,0.007748431532759626,0.22241114999418898,0.6157635467980296,25.46,MODERATE RISK,406
2021,Maharashtra,Thane Rural,12719170,79,0.6211097107751528,0.1064679265371306,25.2,3.7,21.5,0.0005513684626691252,0.31787567500899566,0.5295566502463054,25.45,MODERATE RISK,407
2021,Tripura,Total Districts ,1128375,439,38.9055057051069,0.1606683804627249,17.7,4.6,13.1,0.03453700449026665,0.4796991127124026,0.3226600985221675,25.45,MODERATE RISK,407
2021,Odisha,Rourkela,1638572,137,8.36093867098913,0.0744934445768772,30.4,5.4,25.0,0.007422131423031254,0.22241114999418898,0.6157635467980296,25.44,MODERATE RISK,408
2021,Maharashtra,Mumbai Railway,3417201,5,0.1463185806161241,0.1064679265371306,25.2,3.7,21.5,0.00012988921192933343,0.31787567500899566,0.5295566502463054,25.43,MODERATE RISK,409
2021,Maharashtra,Nagpur Railway,3417201,1,0.0292637161232248,0.1064679265371306,25.2,3.7,21.5,2.5977842385866668e-05,0.31787567500899566,0.5295566502463054,25.42,MODERATE RISK,410
2021,Maharashtra,Pune Railway,3417201,0,0.0,0.1064679265371306,25.2,3.7,21.5,0.0,0.31787567500899566,0.5295566502463054,25.42,MODERATE RISK,410
2021,Maharashtra,Aurangabad Railway,3417201,1,0.0292637161232248,0.1064679265371306,25.2,3.7,21.5,2.5977842385866668e-05,0.31787567500899566,0.5295566502463054,25.42,MODERATE RISK,410
2021,Odisha,Khurda,1638572,127,7.750651176756347,0.0744934445768772,30.4,5.4,25.0,0.006880370005291747,0.22241114999418898,0.6157635467980296,25.42,MODERATE RISK,410
2021,Odisha,Nayagarh,1107207,82,7.406022541403731,0.0744934445768772,30.4,5.4,25.0,0.006574437965316094,0.22241114999418898,0.6157635467980296,25.41,MODERATE RISK,411
2021,Odisha,Nuapada,701939,53,7.550513648621888,0.0744934445768772,30.4,5.4,25.0,0.006702704901533865,0.22241114999418898,0.6157635467980296,25.41,MODERATE RISK,411
2021,Odisha,Baragarh,1638572,116,7.079334933100284,0.0744934445768772,30.4,5.4,25.0,0.006284432445778288,0.22241114999418898,0.6157635467980296,25.4,MODERATE RISK,412
2021,Odisha,Cuttack,3018140,170,5.632608162643217,0.0744934445768772,30.4,5.4,25.0,0.005000151260842913,0.22241114999418898,0.6157635467980296,25.35,MODERATE RISK,413
2021,Odisha,Deogarh,1638572,90,5.4925874480950485,0.0744934445768772,30.4,5.4,25.0,0.0048758527596555684,0.22241114999418898,0.6157635467980296,25.34,MODERATE RISK,414
2021,Odisha,Sundargarh,2407452,112,4.652221518850635,0.0744934445768772,30.4,5.4,25.0,0.004129847243321369,0.22241114999418898,0.6157635467980296,25.31,MODERATE RISK,415
2021,Odisha,Boudh,1638572,51,3.1124662205871942,0.0744934445768772,30.4,5.4,25.0,0.002762983230471489,0.22241114999418898,0.6157635467980296,25.26,MODERATE RISK,416
2021,Odisha,Sonepur,1638572,50,3.051437471163916,0.0744934445768772,30.4,5.4,25.0,0.002708807088697538,0.22241114999418898,0.6157635467980296,25.25,MODERATE RISK,417
2021,Odisha,SRP(Cuttack),1638572,0,0.0,0.0744934445768772,30.4,5.4,25.0,0.0,0.22241114999418898,0.6157635467980296,25.15,MODERATE RISK,418
2021,Odisha,SRP(Rourkela),1638572,2,0.1220574988465566,0.0744934445768772,30.4,5.4,25.0,0.00010835228354790149,0.22241114999418898,0.6157635467980296,25.15,MODERATE RISK,418
2021,Odisha,CID CB,1638572,0,0.0,0.0744934445768772,30.4,5.4,25.0,0.0,0.22241114999418898,0.6157635467980296,25.15,MODERATE RISK,418
2021,Arunachal Pradesh,Papum Pare City,203058,91,44.81478198347271,0.1744683609958506,15.0,4.5,10.5,0.0397827582122998,0.5209009870209859,0.25862068965517243,24.98,LOWER RISK,419
2021,Tripura,South,168877,35,20.72514315152448,0.1606683804627249,17.7,4.6,13.1,0.018398022313630105,0.4796991127124026,0.3226600985221675,24.81,LOWER RISK,420
2021,Mizoram,Total Districts ,157723,35,22.19080286324759,0.165016501650165,16.8,4.4,12.4,0.019699110556221422,0.49268106889801877,0.3054187192118227,24.73,LOWER RISK,421
2021,Ladakh,Total Districts ,157716,10,6.340510791549368,0.0891025641025641,26.72809498399146,4.464989059080962,22.263105924910498,0.005628567106623682,0.2660288279330495,0.5483523626825245,24.66,LOWER RISK,422
2021,Ladakh,Leh,153510,9,5.86281024037522,0.0891025641025641,26.72809498399146,4.464989059080962,22.263105924910498,0.005204505118946221,0.2660288279330495,0.5483523626825245,24.64,LOWER RISK,423
2021,Ladakh,Kargil,161922,1,0.6175813045787478,0.0891025641025641,26.72809498399146,4.464989059080962,22.263105924910498,0.0005482362432456742,0.2660288279330495,0.5483523626825245,24.45,LOWER RISK,424
2021,Uttarakhand,Udhamsingh Nagar,717779,457,63.66862223609217,0.1531393568147013,15.0,3.6,11.4,0.0565195967050074,0.4572201037552822,0.28078817733990147,24.4,LOWER RISK,425
2021,Tripura,Gomati,1128375,77,6.823972526863853,0.1606683804627249,17.7,4.6,13.1,0.0060577433843975684,0.4796991127124026,0.3226600985221675,24.31,LOWER RISK,426
2021,Tripura,Unakoti,1128375,74,6.558103467375651,0.1606683804627249,17.7,4.6,13.1,0.005821727408382079,0.4796991127124026,0.3226600985221675,24.3,LOWER RISK,427
2021,Tripura,Sipahijala,1128375,65,5.760496288911044,0.1606683804627249,17.7,4.6,13.1,0.005113679480335608,0.4796991127124026,0.3226600985221675,24.28,LOWER RISK,428
2021,Tripura,Dhalai,434964,23,5.287793932371415,0.1606683804627249,17.7,4.6,13.1,0.00469405446545691,0.4796991127124026,0.3226600985221675,24.26,LOWER RISK,429
2021,Tripura,North,1021174,37,3.623280655402507,0.1606683804627249,17.7,4.6,13.1,0.003216440912338704,0.4796991127124026,0.3226600985221675,24.2,LOWER RISK,430
2021,Tripura,West,2924729,107,3.658458612746685,0.1606683804627249,17.7,4.6,13.1,0.003247668915901058,0.4796991127124026,0.3226600985221675,24.2,LOWER RISK,430
2021,Tripura,Kowai,1128375,21,1.8610834164174144,0.1606683804627249,17.7,4.6,13.1,0.0016521118321084275,0.4796991127124026,0.3226600985221675,24.14,LOWER RISK,431
2021,Tripura,South,3141718,35,1.1140401525534755,0.1606683804627249,17.7,4.6,13.1,0.000988950254051736,0.4796991127124026,0.3226600985221675,24.11,LOWER RISK,432
2021,Mizoram,Aizawl,460355,20,4.344473286919877,0.165016501650165,16.8,4.4,12.4,0.003856654493980778,0.49268106889801877,0.3054187192118227,24.1,LOWER RISK,433
2021,Mizoram,Kolasib,96548,4,4.143016944939305,0.165016501650165,16.8,4.4,12.4,0.0036778186592710794,0.49268106889801877,0.3054187192118227,24.09,LOWER RISK,434
2021,Tripura,GRP,1128375,0,0.0,0.1606683804627249,17.7,4.6,13.1,0.0,0.4796991127124026,0.3226600985221675,24.07,LOWER RISK,435
2021,Mizoram,Mamit,99318,2,2.013733663585654,0.165016501650165,16.8,4.4,12.4,0.0017876217599795817,0.49268106889801877,0.3054187192118227,24.01,LOWER RISK,436
2021,Mizoram,Lawngtlai,135578,2,1.4751655873371785,0.165016501650165,16.8,4.4,12.4,0.0013095267518155754,0.49268106889801877,0.3054187192118227,24.0,LOWER RISK,437
2021,Mizoram,Lunglei,185642,3,1.6160136176080844,0.165016501650165,16.8,4.4,12.4,0.0014345596736540123,0.49268106889801877,0.3054187192118227,24.0,LOWER RISK,437
2021,Mizoram,Champhai,144606,2,1.383068475720233,0.165016501650165,16.8,4.4,12.4,0.0012277707561072992,0.49268106889801877,0.3054187192118227,23.99,LOWER RISK,438
2021,Mizoram,Khawzawl,157723,2,1.2680458778998625,0.165016501650165,16.8,4.4,12.4,0.00112566346035551,0.49268106889801877,0.3054187192118227,23.99,LOWER RISK,438
2021,Mizoram,Saiha,65060,0,0.0,0.165016501650165,16.8,4.4,12.4,0.0,0.49268106889801877,0.3054187192118227,23.94,LOWER RISK,439
2021,Mizoram,Serchhip,74677,0,0.0,0.165016501650165,16.8,4.4,12.4,0.0,0.49268106889801877,0.3054187192118227,23.94,LOWER RISK,439
2021,Mizoram,Spl Narcotic,157723,0,0.0,0.165016501650165,16.8,4.4,12.4,0.0,0.49268106889801877,0.3054187192118227,23.94,LOWER RISK,439
2021,Mizoram,Saitual,157723,0,0.0,0.165016501650165,16.8,4.4,12.4,0.0,0.49268106889801877,0.3054187192118227,23.94,LOWER RISK,439
2021,Mizoram,Hnahthial,157723,0,0.0,0.165016501650165,16.8,4.4,12.4,0.0,0.49268106889801877,0.3054187192118227,23.94,LOWER RISK,439
2021,Mizoram,Cyber,157723,0,0.0,0.165016501650165,16.8,4.4,12.4,0.0,0.49268106889801877,0.3054187192118227,23.94,LOWER RISK,439
2021,Delhi,West,156900,559,356.2778840025494,0.0637484062898427,12.5,5.3,7.2,0.3162732537868946,0.19033025568563483,0.17733990147783252,23.68,LOWER RISK,440
2021,Arunachal Pradesh,Subansiri Upper,113202,7,6.183636331513577,0.1744683609958506,15.0,4.5,10.5,0.005489307281247525,0.5209009870209859,0.25862068965517243,23.61,LOWER RISK,441
2021,Arunachal Pradesh,Lower Dibang Valley,62191,3,4.823849109999839,0.1744683609958506,15.0,4.5,10.5,0.004282203645808527,0.5209009870209859,0.25862068965517243,23.56,LOWER RISK,442
2021,Arunachal Pradesh,Kurung Kumey,105887,5,4.722014978231511,0.1744683609958506,15.0,4.5,10.5,0.004191803950382296,0.5209009870209859,0.25862068965517243,23.55,LOWER RISK,443
2021,Arunachal Pradesh,Kameng East,113202,5,4.41688309393827,0.1744683609958506,15.0,4.5,10.5,0.003920933772319661,0.5209009870209859,0.25862068965517243,23.54,LOWER RISK,444
2021,Arunachal Pradesh,Namsai,113202,5,4.41688309393827,0.1744683609958506,15.0,4.5,10.5,0.003920933772319661,0.5209009870209859,0.25862068965517243,23.54,LOWER RISK,444
2021,Arunachal Pradesh,Lohit,167584,6,3.580294061485584,0.1744683609958506,15.0,4.5,10.5,0.003178281064260051,0.5209009870209859,0.25862068965517243,23.51,LOWER RISK,445
2021,Arunachal Pradesh,Kameng West,113202,3,2.650129856362962,0.1744683609958506,15.0,4.5,10.5,0.0023525602633917967,0.5209009870209859,0.25862068965517243,23.48,LOWER RISK,446
2021,Arunachal Pradesh,Siang East,113202,3,2.650129856362962,0.1744683609958506,15.0,4.5,10.5,0.0023525602633917967,0.5209009870209859,0.25862068965517243,23.48,LOWER RISK,446
2021,Arunachal Pradesh,Siang West,113202,3,2.650129856362962,0.1744683609958506,15.0,4.5,10.5,0.0023525602633917967,0.5209009870209859,0.25862068965517243,23.48,LOWER RISK,446
2021,Arunachal Pradesh,Lower Siang,113202,3,2.650129856362962,0.1744683609958506,15.0,4.5,10.5,0.0023525602633917967,0.5209009870209859,0.25862068965517243,23.48,LOWER RISK,446
2021,Arunachal Pradesh,Pakkessang,113202,2,1.766753237575308,0.1744683609958506,15.0,4.5,10.5,0.0015683735089278646,0.5209009870209859,0.25862068965517243,23.45,LOWER RISK,447
2021,Arunachal Pradesh,Tirap,128771,2,1.5531447297916456,0.1744683609958506,15.0,4.5,10.5,0.0013787500132611543,0.5209009870209859,0.25862068965517243,23.44,LOWER RISK,448
2021,Arunachal Pradesh,Siang Upper,113202,1,0.8833766187876539,0.1744683609958506,15.0,4.5,10.5,0.0007841867544639322,0.5209009870209859,0.25862068965517243,23.42,LOWER RISK,449
2021,Arunachal Pradesh,Subansiri Lower,113202,1,0.8833766187876539,0.1744683609958506,15.0,4.5,10.5,0.0007841867544639322,0.5209009870209859,0.25862068965517243,23.42,LOWER RISK,449
2021,Arunachal Pradesh,Changlang,170459,1,0.5866513355117653,0.1744683609958506,15.0,4.5,10.5,0.0005207792429782296,0.5209009870209859,0.25862068965517243,23.41,LOWER RISK,450
2021,Arunachal Pradesh,Anjaw,24342,0,0.0,0.1744683609958506,15.0,4.5,10.5,0.0,0.5209009870209859,0.25862068965517243,23.39,LOWER RISK,451
2021,Arunachal Pradesh,Crime Branch,113202,0,0.0,0.1744683609958506,15.0,4.5,10.5,0.0,0.5209009870209859,0.25862068965517243,23.39,LOWER RISK,451
2021,Arunachal Pradesh,Dibang Valley,9204,0,0.0,0.1744683609958506,15.0,4.5,10.5,0.0,0.5209009870209859,0.25862068965517243,23.39,LOWER RISK,451
2021,Arunachal Pradesh,Longding,113202,0,0.0,0.1744683609958506,15.0,4.5,10.5,0.0,0.5209009870209859,0.25862068965517243,23.39,LOWER RISK,451
2021,Arunachal Pradesh,Papum Pare Rural,203058,0,0.0,0.1744683609958506,15.0,4.5,10.5,0.0,0.5209009870209859,0.25862068965517243,23.39,LOWER RISK,451
2021,Arunachal Pradesh,Tawang,57473,0,0.0,0.1744683609958506,15.0,4.5,10.5,0.0,0.5209009870209859,0.25862068965517243,23.39,LOWER RISK,451
2021,Arunachal Pradesh,Siang,113202,0,0.0,0.1744683609958506,15.0,4.5,10.5,0.0,0.5209009870209859,0.25862068965517243,23.39,LOWER RISK,451
2021,Arunachal Pradesh,Kamle,113202,0,0.0,0.1744683609958506,15.0,4.5,10.5,0.0,0.5209009870209859,0.25862068965517243,23.39,LOWER RISK,451
2021,Arunachal Pradesh,Kra Dadi,113202,0,0.0,0.1744683609958506,15.0,4.5,10.5,0.0,0.5209009870209859,0.25862068965517243,23.39,LOWER RISK,451
2021,Arunachal Pradesh,Leparada,113202,0,0.0,0.1744683609958506,15.0,4.5,10.5,0.0,0.5209009870209859,0.25862068965517243,23.39,LOWER RISK,451
2021,Arunachal Pradesh,Shiyomi,113202,0,0.0,0.1744683609958506,15.0,4.5,10.5,0.0,0.5209009870209859,0.25862068965517243,23.39,LOWER RISK,451
2021,Uttarakhand,Haridwar,717779,207,28.838960181337157,0.1531393568147013,15.0,3.6,11.4,0.02560078012677578,0.4572201037552822,0.28078817733990147,23.16,LOWER RISK,452
2021,Puducherry,Total Districts ,661543,16,2.4185880585237847,0.0674757281553398,26.72809498399146,4.464989059080962,22.263105924910498,0.002147017115533256,0.20145872406580442,0.5483523626825245,22.58,LOWER RISK,453
2021,Meghalaya,Total Districts ,297666,99,33.25875309911108,0.175233644859813,12.7,5.0,7.699999999999999,0.02952429699362298,0.5231858547059567,0.18965517241379307,22.57,LOWER RISK,454
2021,Puducherry,Puducherry,1092832,16,1.4640859711282246,0.0674757281553398,26.72809498399146,4.464989059080962,22.263105924910498,0.0012996912093178243,0.20145872406580442,0.5483523626825245,22.55,LOWER RISK,455
2021,Nagaland,Total Districts ,206842,6,2.9007648349948267,0.1531393568147013,15.6,3.8,11.8,0.002575052715952061,0.4572201037552822,0.29064039408867,22.54,LOWER RISK,456
2021,Uttarakhand,Dehradun,1951198,204,10.455115267645828,0.1531393568147013,15.0,3.6,11.4,0.009281163588564829,0.4572201037552822,0.28078817733990147,22.51,LOWER RISK,457
2021,Uttarakhand,Nainital,1097795,112,10.202269093956522,0.1531393568147013,15.0,3.6,11.4,0.009056708224785609,0.4572201037552822,0.28078817733990147,22.5,LOWER RISK,458
2021,Puducherry,Karaikal,230255,0,0.0,0.0674757281553398,26.72809498399146,4.464989059080962,22.263105924910498,0.0,0.20145872406580442,0.5483523626825245,22.49,LOWER RISK,459
2021,Nagaland,Dimapur,435632,3,0.688654644286921,0.1531393568147013,15.6,3.8,11.8,0.0006113291193862667,0.4572201037552822,0.29064039408867,22.46,LOWER RISK,460
2021,Nagaland,Mon,287799,2,0.6949294472878641,0.1531393568147013,15.6,3.8,11.8,0.0006168993566956525,0.4572201037552822,0.29064039408867,22.46,LOWER RISK,460
2021,Nagaland,Kohima,308186,1,0.3244793728462681,0.1531393568147013,15.6,3.8,11.8,0.00028804523560066334,0.4572201037552822,0.29064039408867,22.45,LOWER RISK,461
2021,Nagaland,Kiphire,85104,0,0.0,0.1531393568147013,15.6,3.8,11.8,0.0,0.4572201037552822,0.29064039408867,22.44,LOWER RISK,462
2021,Nagaland,Longleng,58056,0,0.0,0.1531393568147013,15.6,3.8,11.8,0.0,0.4572201037552822,0.29064039408867,22.44,LOWER RISK,462
2021,Nagaland,Mokokchung,223815,0,0.0,0.1531393568147013,15.6,3.8,11.8,0.0,0.4572201037552822,0.29064039408867,22.44,LOWER RISK,462
2021,Nagaland,Peren,109501,0,0.0,0.1531393568147013,15.6,3.8,11.8,0.0,0.4572201037552822,0.29064039408867,22.44,LOWER RISK,462
2021,Nagaland,Phek,187930,0,0.0,0.1531393568147013,15.6,3.8,11.8,0.0,0.4572201037552822,0.29064039408867,22.44,LOWER RISK,462
2021,Nagaland,Tuensang,226085,0,0.0,0.1531393568147013,15.6,3.8,11.8,0.0,0.4572201037552822,0.29064039408867,22.44,LOWER RISK,462
2021,Nagaland,Wokha,191294,0,0.0,0.1531393568147013,15.6,3.8,11.8,0.0,0.4572201037552822,0.29064039408867,22.44,LOWER RISK,462
2021,Nagaland,Zunheboto,161870,0,0.0,0.1531393568147013,15.6,3.8,11.8,0.0,0.4572201037552822,0.29064039408867,22.44,LOWER RISK,462
2021,Uttarakhand,Pauri Garhwal,717779,50,6.965932410951003,0.1531393568147013,15.0,3.6,11.4,0.0061837633156463226,0.4572201037552822,0.28078817733990147,22.39,LOWER RISK,463
2021,Uttarakhand,Uttarkashi,379598,25,6.585914572784893,0.1531393568147013,15.0,3.6,11.4,0.005846415746317554,0.4572201037552822,0.28078817733990147,22.37,LOWER RISK,464
2021,Uttarakhand,Almora,715881,23,3.212824477811256,0.1531393568147013,15.0,3.6,11.4,0.00285207276979414,0.4572201037552822,0.28078817733990147,22.25,LOWER RISK,465
2021,Uttarakhand,Bageshwar,298882,9,3.011221819982468,0.1531393568147013,15.0,3.6,11.4,0.0026731070482981056,0.4572201037552822,0.28078817733990147,22.25,LOWER RISK,465
2021,Uttarakhand,Champawat,298595,8,2.6792143204005425,0.1531393568147013,15.0,3.6,11.4,0.002378378980996361,0.4572201037552822,0.28078817733990147,22.24,LOWER RISK,466
2021,Uttarakhand,Pithoragarh,555954,15,2.698064947819424,0.1531393568147013,15.0,3.6,11.4,0.002395112967408078,0.4572201037552822,0.28078817733990147,22.24,LOWER RISK,466
2021,Uttarakhand,Chamoli,450345,6,1.3323118942144356,0.1531393568147013,15.0,3.6,11.4,0.001182713372798535,0.4572201037552822,0.28078817733990147,22.19,LOWER RISK,467
2021,Uttarakhand,Tehri Garhwal,711770,8,1.1239585821262488,0.1531393568147013,15.0,3.6,11.4,0.000997754993650489,0.4572201037552822,0.28078817733990147,22.18,LOWER RISK,468
2021,Uttarakhand,Rudra Prayag,717779,1,0.13931864821902,0.1531393568147013,15.0,3.6,11.4,0.00012367526631292642,0.4572201037552822,0.28078817733990147,22.15,LOWER RISK,469
2021,Uttarakhand,GRP,717779,0,0.0,0.1531393568147013,15.0,3.6,11.4,0.0,0.4572201037552822,0.28078817733990147,22.14,LOWER RISK,470
2021,Uttarakhand,Cyber Cell,717779,0,0.0,0.1531393568147013,15.0,3.6,11.4,0.0,0.4572201037552822,0.28078817733990147,22.14,LOWER RISK,470
2021,Meghalaya,Khasi Hills East,297666,28,9.40651602803142,0.175233644859813,12.7,5.0,7.699999999999999,0.008350306220418624,0.5231858547059567,0.18965517241379307,21.72,LOWER RISK,471
2021,Meghalaya,Garo Hills West,297666,18,6.047046018020197,0.175233644859813,12.7,5.0,7.699999999999999,0.005368053998840542,0.5231858547059567,0.18965517241379307,21.6,LOWER RISK,472
2021,Meghalaya,Jaintia Hills East,297666,15,5.03920501501683,0.175233644859813,12.7,5.0,7.699999999999999,0.004473378332367118,0.5231858547059567,0.18965517241379307,21.56,LOWER RISK,473
2021,Meghalaya,Khasi Hills West,297666,10,3.3594700100112207,0.175233644859813,12.7,5.0,7.699999999999999,0.002982252221578079,0.5231858547059567,0.18965517241379307,21.5,LOWER RISK,474
2021,Meghalaya,Garo Hills East,297666,6,2.0156820060067324,0.175233644859813,12.7,5.0,7.699999999999999,0.0017893513329468474,0.5231858547059567,0.18965517241379307,21.46,LOWER RISK,475
2021,Meghalaya,Jaintia Hills West,297666,6,2.0156820060067324,0.175233644859813,12.7,5.0,7.699999999999999,0.0017893513329468474,0.5231858547059567,0.18965517241379307,21.46,LOWER RISK,475
2021,Meghalaya,Ri-Bhoi,297666,6,2.0156820060067324,0.175233644859813,12.7,5.0,7.699999999999999,0.0017893513329468474,0.5231858547059567,0.18965517241379307,21.46,LOWER RISK,475
2021,Meghalaya,Garo Hills North,297666,4,1.3437880040044885,0.175233644859813,12.7,5.0,7.699999999999999,0.0011929008886312317,0.5231858547059567,0.18965517241379307,21.43,LOWER RISK,476
2021,Meghalaya,Garo Hills South,297666,4,1.3437880040044885,0.175233644859813,12.7,5.0,7.699999999999999,0.0011929008886312317,0.5231858547059567,0.18965517241379307,21.43,LOWER RISK,476
2021,Meghalaya,Khasi Hills South West,297666,2,0.6718940020022441,0.175233644859813,12.7,5.0,7.699999999999999,0.0005964504443156158,0.5231858547059567,0.18965517241379307,21.41,LOWER RISK,477
2021,Meghalaya,Garo Hills South West,297666,0,0.0,0.175233644859813,12.7,5.0,7.699999999999999,0.0,0.5231858547059567,0.18965517241379307,21.39,LOWER RISK,478
2021,Meghalaya,Cyber Cell,297666,0,0.0,0.175233644859813,12.7,5.0,7.699999999999999,0.0,0.5231858547059567,0.18965517241379307,21.39,LOWER RISK,478
2021,Delhi,South,168877,469,277.71691823042806,0.0637484062898427,12.5,5.3,7.2,0.24653349900264343,0.19033025568563483,0.17733990147783252,20.89,LOWER RISK,479
2021,A&N Islands,Total Districts ,197649,20,10.118948236520296,0.0454248366013071,26.72809498399146,4.464989059080962,22.263105924910498,0.008982743042345375,0.13562253973057398,0.5483523626825245,20.88,LOWER RISK,480
2021,A&N Islands,South Andaman,273863,17,6.207483303695644,0.0454248366013071,26.72809498399146,4.464989059080962,22.263105924910498,0.005510476598299306,0.13562253973057398,0.5483523626825245,20.74,LOWER RISK,481
2021,A&N Islands,North & Middle Andaman,121436,3,2.470437102671366,0.0454248366013071,26.72809498399146,4.464989059080962,22.263105924910498,0.0021930442944141618,0.13562253973057398,0.5483523626825245,20.61,LOWER RISK,482
2021,Jammu & Kashmir,Total Districts ,718362,830,115.54063271720942,0.0,26.72809498399146,4.464989059080962,22.263105924910498,0.10256716314674999,0.0,0.5483523626825245,20.55,LOWER RISK,483
2021,A&N Islands,Nicobar,197649,0,0.0,0.0454248366013071,26.72809498399146,4.464989059080962,22.263105924910498,0.0,0.13562253973057398,0.5483523626825245,20.52,LOWER RISK,484
2021,Chandigarh,Chandigarh,1213767,128,10.545681337521946,0.0342364532019704,26.72809498399146,4.464989059080962,22.263105924910498,0.009361560455416678,0.10221797329447209,0.5483523626825245,19.89,LOWER RISK,485
2021,Chandigarh,Total Districts ,1213767,128,10.545681337521946,0.0342364532019704,26.72809498399146,4.464989059080962,22.263105924910498,0.009361560455416678,0.10221797329447209,0.5483523626825245,19.89,LOWER RISK,485
2021,Jammu & Kashmir,Rajouri,738777,87,11.776219346298005,0.0,26.72809498399146,4.464989059080962,22.263105924910498,0.010453927614365184,0.0,0.5483523626825245,16.87,LOWER RISK,486
2021,Jammu & Kashmir,Doda,471426,46,9.757628981006564,0.0,26.72809498399146,4.464989059080962,22.263105924910498,0.008661994486994774,0.0,0.5483523626825245,16.8,LOWER RISK,487
2021,Jammu & Kashmir,Jammu,1759451,169,9.605268916269903,0.0,26.72809498399146,4.464989059080962,22.263105924910498,0.008526742158446924,0.0,0.5483523626825245,16.79,LOWER RISK,488
2021,Jammu & Kashmir,Ramban,326269,30,9.194866812354222,0.0,26.72809498399146,4.464989059080962,22.263105924910498,0.008162422017920124,0.0,0.5483523626825245,16.78,LOWER RISK,489
2021,Jammu & Kashmir,Kulgam,488155,38,7.784412737757475,0.0,26.72809498399146,4.464989059080962,22.263105924910498,0.006910340652447255,0.0,0.5483523626825245,16.73,LOWER RISK,490
2021,Jammu & Kashmir,Samba,366732,29,7.90768190395166,0.0,26.72809498399146,4.464989059080962,22.263105924910498,0.007019768551383451,0.0,0.5483523626825245,16.73,LOWER RISK,490
2021,Jammu & Kashmir,Baramulla,718362,48,6.681867916175967,0.0,26.72809498399146,4.464989059080962,22.263105924910498,0.005931594977161445,0.0,0.5483523626825245,16.69,LOWER RISK,491
2021,Jammu & Kashmir,Udhampur,638232,39,6.110630617079683,0.0,26.72809498399146,4.464989059080962,22.263105924910498,0.005424499006903784,0.0,0.5483523626825245,16.67,LOWER RISK,492
2021,Jammu & Kashmir,Ganderbal,342062,18,5.262203927942887,0.0,26.72809498399146,4.464989059080962,22.263105924910498,0.004671337832377958,0.0,0.5483523626825245,16.64,LOWER RISK,493
2021,Jammu & Kashmir,Kathua,708900,35,4.937226689236845,0.0,26.72809498399146,4.464989059080962,22.263105924910498,0.0043828506337408825,0.0,0.5483523626825245,16.63,LOWER RISK,494
2021,Jammu & Kashmir,Budgam,718362,34,4.732989773957977,0.0,26.72809498399146,4.464989059080962,22.263105924910498,0.004201546442156024,0.0,0.5483523626825245,16.62,LOWER RISK,495
2021,Jammu & Kashmir,Kupwara,1000907,49,4.8955597273273135,0.0,26.72809498399146,4.464989059080962,22.263105924910498,0.004345862242908158,0.0,0.5483523626825245,16.62,LOWER RISK,495
2021,Jammu & Kashmir,Poonch,718362,34,4.732989773957977,0.0,26.72809498399146,4.464989059080962,22.263105924910498,0.004201546442156024,0.0,0.5483523626825245,16.62,LOWER RISK,495
2021,Jammu & Kashmir,Srinagar,1422353,58,4.0777500381410245,0.0,26.72809498399146,4.464989059080962,22.263105924910498,0.003619880241242442,0.0,0.5483523626825245,16.6,LOWER RISK,496
2021,Jammu & Kashmir,Kishtwar,265300,9,3.392385978137957,0.0,26.72809498399146,4.464989059080962,22.263105924910498,0.003011472223179172,0.0,0.5483523626825245,16.57,LOWER RISK,497
2021,Jammu & Kashmir,Reasi,361867,12,3.3161354862421826,0.0,26.72809498399146,4.464989059080962,22.263105924910498,0.002943783510919516,0.0,0.5483523626825245,16.57,LOWER RISK,497
2021,Jammu & Kashmir,Bandipora,718362,16,2.227289305391989,0.0,26.72809498399146,4.464989059080962,22.263105924910498,0.0019771983257204817,0.0,0.5483523626825245,16.53,LOWER RISK,498
2021,Jammu & Kashmir,Sopore,718362,16,2.227289305391989,0.0,26.72809498399146,4.464989059080962,22.263105924910498,0.0019771983257204817,0.0,0.5483523626825245,16.53,LOWER RISK,498
2021,Jammu & Kashmir,Anantnag,1240495,25,2.015324527708697,0.0,26.72809498399146,4.464989059080962,22.263105924910498,0.0017890339940674095,0.0,0.5483523626825245,16.52,LOWER RISK,499
2021,Jammu & Kashmir,Pulwama,644506,12,1.8618911228134416,0.0,26.72809498399146,4.464989059080962,22.263105924910498,0.0016528288452642994,0.0,0.5483523626825245,16.52,LOWER RISK,499
2021,Jammu & Kashmir,Awantipora,718362,10,1.3920558158699932,0.0,26.72809498399146,4.464989059080962,22.263105924910498,0.0012357489535753012,0.0,0.5483523626825245,16.5,LOWER RISK,500
2021,Jammu & Kashmir,Shopian,718362,9,1.252850234282994,0.0,26.72809498399146,4.464989059080962,22.263105924910498,0.0011121740582177712,0.0,0.5483523626825245,16.5,LOWER RISK,500
2021,Jammu & Kashmir,Handwara,718362,7,0.9744390711089952,0.0,26.72809498399146,4.464989059080962,22.263105924910498,0.0008650242675027108,0.0,0.5483523626825245,16.49,LOWER RISK,501
2021,Jammu & Kashmir,Crime Jammu,718362,0,0.0,0.0,26.72809498399146,4.464989059080962,22.263105924910498,0.0,0.0,0.5483523626825245,16.45,LOWER RISK,502
2021,Jammu & Kashmir,Crime Srinagar,718362,0,0.0,0.0,26.72809498399146,4.464989059080962,22.263105924910498,0.0,0.0,0.5483523626825245,16.45,LOWER RISK,502
2021,Jammu & Kashmir,Railways Jammu,718362,0,0.0,0.0,26.72809498399146,4.464989059080962,22.263105924910498,0.0,0.0,0.5483523626825245,16.45,LOWER RISK,502
2021,Jammu & Kashmir,Railways Kashmir,718362,0,0.0,0.0,26.72809498399146,4.464989059080962,22.263105924910498,0.0,0.0,0.5483523626825245,16.45,LOWER RISK,502
2021,Jammu & Kashmir,Railways Katra,718362,0,0.0,0.0,26.72809498399146,4.464989059080962,22.263105924910498,0.0,0.0,0.5483523626825245,16.45,LOWER RISK,502
2021,Jammu & Kashmir,Cyber Crime Jammu,718362,0,0.0,0.0,26.72809498399146,4.464989059080962,22.263105924910498,0.0,0.0,0.5483523626825245,16.45,LOWER RISK,502
2021,Jammu & Kashmir,Cyber Crime Kashmir,718362,0,0.0,0.0,26.72809498399146,4.464989059080962,22.263105924910498,0.0,0.0,0.5483523626825245,16.45,LOWER RISK,502
2021,Jammu & Kashmir,Anti Narcotic Task Force Jammu,718362,0,0.0,0.0,26.72809498399146,4.464989059080962,22.263105924910498,0.0,0.0,0.5483523626825245,16.45,LOWER RISK,502
2021,Kerala,Total Districts ,2966482,5779,194.80987917674875,0.0723662066644227,9.9,7.0,2.9000000000000004,0.1729356693850277,0.21605996791222762,0.07142857142857144,15.54,LOWER RISK,503
2021,Delhi,East,326120,351,107.62909358518336,0.0637484062898427,12.5,5.3,7.2,0.09554397047580013,0.19033025568563483,0.17733990147783252,14.85,LOWER RISK,504
2021,Delhi,Dwarka,1058850,935,88.30334797185625,0.0637484062898427,12.5,5.3,7.2,0.07838821447344038,0.19033025568563483,0.17733990147783252,14.17,LOWER RISK,505
2021,Punjab,Total Districts ,1683506,2241,133.1150586929895,0.0587406015037594,11.0,5.5,5.5,0.11816824627981673,0.1753787169597036,0.1354679802955665,14.05,LOWER RISK,506
2021,Delhi,North-East,1058850,570,53.83198753364499,0.0637484062898427,12.5,5.3,7.2,0.04778746764691018,0.19033025568563483,0.17733990147783252,12.94,LOWER RISK,507
2021,Delhi,Shahdara,1058850,487,45.99329461207915,0.0637484062898427,12.5,5.3,7.2,0.04082894165621976,0.19033025568563483,0.17733990147783252,12.66,LOWER RISK,508
2021,Delhi,Rohini,1058850,478,45.143315861547904,0.0637484062898427,12.5,5.3,7.2,0.0400744026933738,0.19033025568563483,0.17733990147783252,12.63,LOWER RISK,509
2021,Delhi,North-West,1058850,387,36.54908627284318,0.0637484062898427,12.5,5.3,7.2,0.03244517540237586,0.19033025568563483,0.17733990147783252,12.33,LOWER RISK,510
2021,Delhi,South-East,1058850,378,35.69910752231194,0.0637484062898427,12.5,5.3,7.2,0.03169063643952991,0.19033025568563483,0.17733990147783252,12.3,LOWER RISK,511
2021,Delhi,Outer North,1058850,322,30.410350852339803,0.0637484062898427,12.5,5.3,7.2,0.02699572733737733,0.19033025568563483,0.17733990147783252,12.11,LOWER RISK,512
2021,Delhi,North,1021174,304,29.7696572768206,0.0637484062898427,12.5,5.3,7.2,0.02642697398245854,0.19033025568563483,0.17733990147783252,12.09,LOWER RISK,513
2021,Delhi,Outer,1058850,314,29.654814185200923,0.0637484062898427,12.5,5.3,7.2,0.026325026037069817,0.19033025568563483,0.17733990147783252,12.08,LOWER RISK,514
2021,Delhi,Central,669668,194,28.96957895554215,0.0637484062898427,12.5,5.3,7.2,0.0257167323836472,0.19033025568563483,0.17733990147783252,12.06,LOWER RISK,515
2021,Delhi,South-West,1058850,290,27.388204183784296,0.0637484062898427,12.5,5.3,7.2,0.02431292213614729,0.19033025568563483,0.17733990147783252,12.0,LOWER RISK,516
2021,Delhi,West,2924729,559,19.11288191145231,0.0637484062898427,12.5,5.3,7.2,0.016966793682137306,0.19033025568563483,0.17733990147783252,11.71,LOWER RISK,517
2021,Delhi,East,1965747,351,17.85580748692482,0.0637484062898427,12.5,5.3,7.2,0.01585086974649736,0.19033025568563483,0.17733990147783252,11.66,LOWER RISK,518
2021,Delhi,South,3141718,469,14.928138044216572,0.0637484062898427,12.5,5.3,7.2,0.01325193340429326,0.19033025568563483,0.17733990147783252,11.56,LOWER RISK,519
2021,Delhi,New Delhi,163304,22,13.471807181697937,0.0637484062898427,12.5,5.3,7.2,0.011959126521911115,0.19033025568563483,0.17733990147783252,11.51,LOWER RISK,520
2021,Delhi,SPUWAC,1058850,62,5.855409170326297,0.0637484062898427,12.5,5.3,7.2,0.005197935077383213,0.19033025568563483,0.17733990147783252,11.24,LOWER RISK,521
2021,Delhi,Crime Branch,1058850,0,0.0,0.0637484062898427,12.5,5.3,7.2,0.0,0.19033025568563483,0.17733990147783252,11.03,LOWER RISK,522
2021,Delhi,EOW,1058850,0,0.0,0.0637484062898427,12.5,5.3,7.2,0.0,0.19033025568563483,0.17733990147783252,11.03,LOWER RISK,522
2021,Delhi,IGI Airport,1058850,1,0.0944420833923596,0.0637484062898427,12.5,5.3,7.2,8.383766253843888e-05,0.19033025568563483,0.17733990147783252,11.03,LOWER RISK,522
2021,Delhi,Metro,1058850,1,0.0944420833923596,0.0637484062898427,12.5,5.3,7.2,8.383766253843888e-05,0.19033025568563483,0.17733990147783252,11.03,LOWER RISK,522
2021,Delhi,RAILWAY,1058850,0,0.0,0.0637484062898427,12.5,5.3,7.2,0.0,0.19033025568563483,0.17733990147783252,11.03,LOWER RISK,522
2021,Delhi,Spl Cell,1058850,0,0.0,0.0637484062898427,12.5,5.3,7.2,0.0,0.19033025568563483,0.17733990147783252,11.03,LOWER RISK,522
2021,Delhi,Vigilance,1058850,0,0.0,0.0637484062898427,12.5,5.3,7.2,0.0,0.19033025568563483,0.17733990147783252,11.03,LOWER RISK,522
2021,Goa,Total Districts ,838663,26,3.1001725365253985,0.1097227645450995,8.3,8.0,0.3000000000000007,0.0027520699416207434,0.3275934732462631,0.007389162561576372,10.16,LOWER RISK,523
2021,Goa,North Goa,940709,16,1.7008447883458115,0.1097227645450995,8.3,8.0,0.3000000000000007,0.001509865584002297,0.3275934732462631,0.007389162561576372,10.11,LOWER RISK,524
2021,Goa,South Goa,736617,9,1.2218018318882131,0.1097227645450995,8.3,8.0,0.3000000000000007,0.0010846119228981063,0.3275934732462631,0.007389162561576372,10.09,LOWER RISK,525
2021,Goa,CID,838663,1,0.1192374052509768,0.1097227645450995,8.3,8.0,0.3000000000000007,0.00010584884390849007,0.3275934732462631,0.007389162561576372,10.05,LOWER RISK,526
2021,Himachal Pradesh,Total Districts ,937776,366,39.028510006654045,0.0712129099427381,8.3,5.6,2.700000000000001,0.034646197264858916,0.21261663069495496,0.06650246305418722,9.76,LOWER RISK,527
2021,Punjab,CP Ludhiana,1683506,201,11.93936938745689,0.0587406015037594,11.0,5.5,5.5,0.010598758367801503,0.1753787169597036,0.1354679802955665,9.75,LOWER RISK,528
2021,Punjab,CP Jalandhar,1683506,155,9.206976393312528,0.0587406015037594,11.0,5.5,5.5,0.008173171875667826,0.1753787169597036,0.1354679802955665,9.65,LOWER RISK,529
2021,Punjab,SAS Nagar,1683506,155,9.206976393312528,0.0587406015037594,11.0,5.5,5.5,0.008173171875667826,0.1753787169597036,0.1354679802955665,9.65,LOWER RISK,529
2021,Punjab,CP Amritsar,1683506,121,7.187381571553651,0.0587406015037594,11.0,5.5,5.5,0.006380347077134238,0.1753787169597036,0.1354679802955665,9.58,LOWER RISK,530
2021,Punjab,Patiala,2180038,159,7.293450848104483,0.0587406015037594,11.0,5.5,5.5,0.006474506374491335,0.1753787169597036,0.1354679802955665,9.58,LOWER RISK,530
2021,Punjab,Kapurthala,937443,64,6.827081753237263,0.0587406015037594,11.0,5.5,5.5,0.006060503491566812,0.1753787169597036,0.1354679802955665,9.57,LOWER RISK,531
2021,Punjab,Hoshiarpur,1824618,118,6.4671070876205325,0.0587406015037594,11.0,5.5,5.5,0.005740948548957357,0.1753787169597036,0.1354679802955665,9.56,LOWER RISK,532
2021,Punjab,Faridkot,710134,42,5.914376723266313,0.0587406015037594,11.0,5.5,5.5,0.005250281463935953,0.1753787169597036,0.1354679802955665,9.54,LOWER RISK,533
2021,Punjab,NRI Wing,1683506,100,5.93998476987905,0.0587406015037594,11.0,5.5,5.5,0.00527301411333408,0.1753787169597036,0.1354679802955665,9.54,LOWER RISK,533
2021,Punjab,Fazilka,1683506,97,5.761785226782679,0.0587406015037594,11.0,5.5,5.5,0.005114823689934058,0.1753787169597036,0.1354679802955665,9.53,LOWER RISK,534
2021,Punjab,Bathinda,1596803,88,5.511011690233548,0.0587406015037594,11.0,5.5,5.5,0.004892208237419827,0.1753787169597036,0.1354679802955665,9.52,LOWER RISK,535
2021,Punjab,Fatehgarh Sahib,690187,37,5.360865968208616,0.0587406015037594,11.0,5.5,5.5,0.004758921614311141,0.1753787169597036,0.1354679802955665,9.52,LOWER RISK,535
2021,Punjab,SBS Nagar,1683506,88,5.2271865974935645,0.0587406015037594,11.0,5.5,5.5,0.004640252419733992,0.1753787169597036,0.1354679802955665,9.51,LOWER RISK,536
2021,Punjab,Batala,1683506,72,4.276789034312916,0.0587406015037594,11.0,5.5,5.5,0.003796570161600538,0.1753787169597036,0.1354679802955665,9.48,LOWER RISK,537
2021,Punjab,Mansa,885213,38,4.2927521398804585,0.0587406015037594,11.0,5.5,5.5,0.0038107408512927285,0.1753787169597036,0.1354679802955665,9.48,LOWER RISK,537
2021,Punjab,Barnala,684856,26,3.796418517177334,0.0587406015037594,11.0,5.5,5.5,0.0033701380048498917,0.1753787169597036,0.1354679802955665,9.46,LOWER RISK,538
2021,Punjab,Ferozepur,1683506,63,3.742190405023802,0.0587406015037594,11.0,5.5,5.5,0.0033219988914004713,0.1753787169597036,0.1354679802955665,9.46,LOWER RISK,538
2021,Punjab,Muktsar,1037180,34,3.278119516380956,0.0587406015037594,11.0,5.5,5.5,0.0029100361608207694,0.1753787169597036,0.1354679802955665,9.44,LOWER RISK,539
2021,Punjab,Ropar,1683506,53,3.1481919280358968,0.0587406015037594,11.0,5.5,5.5,0.002794697480067063,0.1753787169597036,0.1354679802955665,9.44,LOWER RISK,539
2021,Punjab,Sangrur,1903444,63,3.3097900437312573,0.0587406015037594,11.0,5.5,5.5,0.0029381505658511837,0.1753787169597036,0.1354679802955665,9.44,LOWER RISK,539
2021,Punjab,Tarn Taran,1287571,43,3.3396216596987665,0.0587406015037594,11.0,5.5,5.5,0.0029646325414983098,0.1753787169597036,0.1354679802955665,9.44,LOWER RISK,539
2021,Punjab,Gurdaspur,2643071,78,2.951112550514156,0.0587406015037594,11.0,5.5,5.5,0.0026197471427549367,0.1753787169597036,0.1354679802955665,9.43,LOWER RISK,540
2021,Punjab,Jalandhar Rural,2522628,72,2.85416636935767,0.0587406015037594,11.0,5.5,5.5,0.0025336865548449775,0.1753787169597036,0.1354679802955665,9.43,LOWER RISK,540
2021,Punjab,Khanna,1683506,50,2.969992384939525,0.0587406015037594,11.0,5.5,5.5,0.00263650705666704,0.1753787169597036,0.1354679802955665,9.43,LOWER RISK,540
2021,Punjab,Pathankot,1683506,50,2.969992384939525,0.0587406015037594,11.0,5.5,5.5,0.00263650705666704,0.1753787169597036,0.1354679802955665,9.43,LOWER RISK,540
2021,Punjab,Amritsar Rural,2864254,69,2.409004229373512,0.0587406015037594,11.0,5.5,5.5,0.0021385094057786067,0.1753787169597036,0.1354679802955665,9.41,LOWER RISK,541
2021,Punjab,Moga,1145107,24,2.0958740100270106,0.0587406015037594,11.0,5.5,5.5,0.0018605389849960091,0.1753787169597036,0.1354679802955665,9.4,LOWER RISK,542
2021,Punjab,Malerkotla,1683506,37,2.1977943648552487,0.0587406015037594,11.0,5.5,5.5,0.00195101522193361,0.1753787169597036,0.1354679802955665,9.4,LOWER RISK,542
2021,Punjab,Ludhiana Rural,4023549,42,1.0438545671992563,0.0587406015037594,11.0,5.5,5.5,0.0009266454508471735,0.1753787169597036,0.1354679802955665,9.36,LOWER RISK,543
2021,Punjab,GRP,1683506,2,0.118799695397581,0.0587406015037594,11.0,5.5,5.5,0.00010546028226668162,0.1753787169597036,0.1354679802955665,9.33,LOWER RISK,544
2021,Punjab,Bureau of Investigation,1683506,0,0.0,0.0587406015037594,11.0,5.5,5.5,0.0,0.1753787169597036,0.1354679802955665,9.33,LOWER RISK,544
2021,Punjab,Intelligence Wing,1683506,0,0.0,0.0587406015037594,11.0,5.5,5.5,0.0,0.1753787169597036,0.1354679802955665,9.33,LOWER RISK,544
2021,Punjab,Special Task Force,1683506,0,0.0,0.0587406015037594,11.0,5.5,5.5,0.0,0.1753787169597036,0.1354679802955665,9.33,LOWER RISK,544
2021,Kerala,Malappuram,4729858,718,15.18015974263921,0.0723662066644227,9.9,7.0,2.9000000000000004,0.013475656868937104,0.21605996791222762,0.07142857142857144,9.16,LOWER RISK,545
2021,Kerala,Palakkad,3231424,403,12.471282010655363,0.0723662066644227,9.9,7.0,2.9000000000000004,0.011070945229863642,0.21605996791222762,0.07142857142857144,9.07,LOWER RISK,546
2021,Kerala,Kozhikode Commr.,2966482,352,11.865907158715272,0.0723662066644227,9.9,7.0,2.9000000000000004,0.01053354483881809,0.21605996791222762,0.07142857142857144,9.05,LOWER RISK,547
2021,Kerala,Trivandrum Rural,2966482,358,12.068166939829736,0.0723662066644227,9.9,7.0,2.9000000000000004,0.010713093898570671,0.21605996791222762,0.07142857142857144,9.05,LOWER RISK,547
2021,Kerala,Kozhikode Rural,3549236,420,11.833532625049449,0.0723662066644227,9.9,7.0,2.9000000000000004,0.01050480547675808,0.21605996791222762,0.07142857142857144,9.04,LOWER RISK,548
2021,Kerala,Thrissur Commr.,2966482,340,11.461387596486343,0.0723662066644227,9.9,7.0,2.9000000000000004,0.010174446719312929,0.21605996791222762,0.07142857142857144,9.03,LOWER RISK,549
2021,Kerala,Idukki,1275320,143,11.212872063482108,0.0723662066644227,9.9,7.0,2.9000000000000004,0.009953835730618296,0.21605996791222762,0.07142857142857144,9.02,LOWER RISK,550
2021,Kerala,Kollam Commr.,2966482,291,9.809599384051548,0.0723662066644227,9.9,7.0,2.9000000000000004,0.008708129398000185,0.21605996791222762,0.07142857142857144,8.97,LOWER RISK,551
2021,Kerala,Alapuzha,2966482,283,9.539919675898927,0.0723662066644227,9.9,7.0,2.9000000000000004,0.00846873065166341,0.21605996791222762,0.07142857142857144,8.96,LOWER RISK,552
2021,Kerala,Pathanamthitta,1377023,131,9.513276103594494,0.0723662066644227,9.9,7.0,2.9000000000000004,0.0084450787504829,0.21605996791222762,0.07142857142857144,8.96,LOWER RISK,552
2021,Kerala,Ernakulam Rural,3774746,337,8.927753019673377,0.0723662066644227,9.9,7.0,2.9000000000000004,0.007925301073466765,0.21605996791222762,0.07142857142857144,8.94,LOWER RISK,553
2021,Kerala,Kollam Rural,3030681,259,8.545934065643992,0.0723662066644227,9.9,7.0,2.9000000000000004,0.0075863546264077104,0.21605996791222762,0.07142857142857144,8.93,LOWER RISK,554
2021,Kerala,Kottayam,2270733,196,8.63157403358299,0.0723662066644227,9.9,7.0,2.9000000000000004,0.007662378518236141,0.21605996791222762,0.07142857142857144,8.93,LOWER RISK,554
2021,Kerala,Thrissur Rural,3589379,310,8.636591454956415,0.0723662066644227,9.9,7.0,2.9000000000000004,0.007666832558901157,0.21605996791222762,0.07142857142857144,8.93,LOWER RISK,554
2021,Kerala,Ernakulam Commr.,2966482,243,8.191521135135828,0.0723662066644227,9.9,7.0,2.9000000000000004,0.007271736919979534,0.21605996791222762,0.07142857142857144,8.92,LOWER RISK,555
2021,Kerala,Kasargod,2966482,247,8.326360989212137,0.0723662066644227,9.9,7.0,2.9000000000000004,0.007391436293147922,0.21605996791222762,0.07142857142857144,8.92,LOWER RISK,555
2021,Kerala,Kannur City,2901453,216,7.444545887870664,0.0723662066644227,9.9,7.0,2.9000000000000004,0.006608635721283932,0.21605996791222762,0.07142857142857144,8.89,LOWER RISK,556
2021,Kerala,Wayanadu,2966482,197,6.6408628132582646,0.0723662066644227,9.9,7.0,2.9000000000000004,0.00589519412854308,0.21605996791222762,0.07142857142857144,8.86,LOWER RISK,557
2021,Kerala,Trivandrum Commr.,2966482,169,5.696983834724094,0.0723662066644227,9.9,7.0,2.9000000000000004,0.005057298516364367,0.21605996791222762,0.07142857142857144,8.83,LOWER RISK,558
2021,Kerala,Kannur Rural,2901453,162,5.583409415902997,0.0723662066644227,9.9,7.0,2.9000000000000004,0.0049564767909629475,0.21605996791222762,0.07142857142857144,8.82,LOWER RISK,559
2021,Kerala,Railways,2966482,2,0.0674199270381549,0.0723662066644227,9.9,7.0,2.9000000000000004,5.984968658419365e-05,0.21605996791222762,0.07142857142857144,8.63,LOWER RISK,560
2021,Kerala,Crime Branch,2966482,2,0.0674199270381549,0.0723662066644227,9.9,7.0,2.9000000000000004,5.984968658419365e-05,0.21605996791222762,0.07142857142857144,8.63,LOWER RISK,560
2021,Himachal Pradesh,Sirmaur,609333,43,7.056896639440175,0.0712129099427381,8.3,5.6,2.700000000000001,0.006264513633907108,0.21261663069495496,0.06650246305418722,8.62,LOWER RISK,561
2021,Himachal Pradesh,Mandi,1149743,65,5.653437333386679,0.0712129099427381,8.3,5.6,2.700000000000001,0.00501864163001966,0.21261663069495496,0.06650246305418722,8.57,LOWER RISK,562
2021,Himachal Pradesh,Chamba,596942,30,5.025613878735287,0.0712129099427381,8.3,5.6,2.700000000000001,0.004461313275602623,0.21261663069495496,0.06650246305418722,8.55,LOWER RISK,563
2021,Himachal Pradesh,Bilaspur,439249,18,4.097903467053994,0.0712129099427381,8.3,5.6,2.700000000000001,0.0036377707441994605,0.21261663069495496,0.06650246305418722,8.52,LOWER RISK,564
2021,Himachal Pradesh,Hamirpur,522983,22,4.20663769185614,0.0712129099427381,8.3,5.6,2.700000000000001,0.003734295756332754,0.21261663069495496,0.06650246305418722,8.52,LOWER RISK,564
2021,Himachal Pradesh,Shimla,936111,39,4.166172601326124,0.0712129099427381,8.3,5.6,2.700000000000001,0.003698374284859611,0.21261663069495496,0.06650246305418722,8.52,LOWER RISK,564
2021,Himachal Pradesh,Kangra,1736586,65,3.74297616127275,0.0712129099427381,8.3,5.6,2.700000000000001,0.0033226964190795575,0.21261663069495496,0.06650246305418722,8.51,LOWER RISK,565
2021,Himachal Pradesh,Una,599348,22,3.6706554455842015,0.0712129099427381,8.3,5.6,2.700000000000001,0.003258496228458547,0.21261663069495496,0.06650246305418722,8.5,LOWER RISK,566
2021,Himachal Pradesh,Kullu,503588,16,3.1772004098588527,0.0712129099427381,8.3,5.6,2.700000000000001,0.0028204487471131493,0.21261663069495496,0.06650246305418722,8.49,LOWER RISK,567
2021,Himachal Pradesh,Baddi,937776,26,2.772517104297828,0.0712129099427381,8.3,5.6,2.700000000000001,0.0024612052701812343,0.21261663069495496,0.06650246305418722,8.47,LOWER RISK,568
2021,Himachal Pradesh,Solan,667368,18,2.697162584960622,0.0712129099427381,8.3,5.6,2.700000000000001,0.002394311926281855,0.21261663069495496,0.06650246305418722,8.47,LOWER RISK,568
2021,Himachal Pradesh,Hamirpur,1269927,22,1.732383042489844,0.0712129099427381,8.3,5.6,2.700000000000001,0.0015378625681115319,0.21261663069495496,0.06650246305418722,8.44,LOWER RISK,569
2021,Himachal Pradesh,Kinnaur,96739,1,1.0337092589338324,0.0712129099427381,8.3,5.6,2.700000000000001,0.0009176393076094032,0.21261663069495496,0.06650246305418722,8.41,LOWER RISK,570
2021,Himachal Pradesh,Bilaspur,3063173,18,0.5876259682362047,0.0712129099427381,8.3,5.6,2.700000000000001,0.000521644439154716,0.21261663069495496,0.06650246305418722,8.39,LOWER RISK,571
2021,Himachal Pradesh,Lahaul & Spiti,937776,1,0.1066352732422241,0.0712129099427381,8.3,5.6,2.700000000000001,9.466174116081666e-05,0.21261663069495496,0.06650246305418722,8.38,LOWER RISK,572
2021,Himachal Pradesh,CID,937776,0,0.0,0.0712129099427381,8.3,5.6,2.700000000000001,0.0,0.21261663069495496,0.06650246305418722,8.37,LOWER RISK,573
2021,Himachal Pradesh,GRP,937776,0,0.0,0.0712129099427381,8.3,5.6,2.700000000000001,0.0,0.21261663069495496,0.06650246305418722,8.37,LOWER RISK,573
2021,Himachal Pradesh,Cyber,937776,0,0.0,0.0712129099427381,8.3,5.6,2.700000000000001,0.0,0.21261663069495496,0.06650246305418722,8.37,LOWER RISK,573
2021,Sikkim,East,326120,8,2.4530847540782537,0.0811797752808988,7.6,9.8,0.0,0.0021776403527247897,0.24237417505726278,0.0,7.36,LOWER RISK,574
2021,Sikkim,West,156900,2,1.2746972594008923,0.0811797752808988,7.6,9.8,0.0,0.0011315679920819127,0.24237417505726278,0.0,7.32,LOWER RISK,575
2021,Sikkim,South,168877,2,1.1842938943728276,0.0811797752808988,7.6,9.8,0.0,0.0010513155607788634,0.24237417505726278,0.0,7.31,LOWER RISK,576
2021,Sikkim,Total Districts ,1219441,12,0.9840574492738888,0.0811797752808988,7.6,9.8,0.0,0.0008735626469389768,0.24237417505726278,0.0,7.31,LOWER RISK,576
2021,Sikkim,East,1965747,8,0.4069699712119616,0.0811797752808988,7.6,9.8,0.0,0.0003612733845355523,0.24237417505726278,0.0,7.29,LOWER RISK,577
2021,Sikkim,North,1021174,0,0.0,0.0811797752808988,7.6,9.8,0.0,0.0,0.24237417505726278,0.0,7.27,LOWER RISK,578
2021,Sikkim,North,50265,0,0.0,0.0811797752808988,7.6,9.8,0.0,0.0,0.24237417505726278,0.0,7.27,LOWER RISK,578
2021,Sikkim,South,3141718,2,0.06365943728877,0.0811797752808988,7.6,9.8,0.0,5.6511443088670594e-05,0.24237417505726278,0.0,7.27,LOWER RISK,578
2021,Sikkim,West,2924729,2,0.0683824039765735,0.0811797752808988,7.6,9.8,0.0,6.070409188600104e-05,0.24237417505726278,0.0,7.27,LOWER RISK,578
2021,Sikkim,CID,1219441,0,0.0,0.0811797752808988,7.6,9.8,0.0,0.0,0.24237417505726278,0.0,7.27,LOWER RISK,578
2022,Uttar Pradesh,Total Districts ,3086497,25803,835.996276685187,0.2890730391212179,34.8,2.4,32.4,0.8409315173941053,0.8630701322572731,0.7980295566502462,83.47,CRITICAL RED ZONE,1
2022,Rajasthan,Total Districts ,2485185,24706,994.131221619316,0.1282991202346041,24.3,2.7,21.6,1.0,0.3830559190369127,0.5320197044334976,67.45,HIGH RISK,2
2022,Bihar,Total Districts ,3064997,3788,123.5890279827354,0.3349357466063348,40.0,3.5,36.5,0.12431862644996126,1.0,0.8990147783251231,61.94,HIGH RISK,3
2022,Madhya Pradesh,Total Districts ,1697834,12074,711.1413718891247,0.1424806456926371,28.1,4.4,23.700000000000003,0.7153395411229153,0.4253969519117978,0.583743842364532,58.89,HIGH RISK,4
2022,Telangana,Total Districts ,3550945,10954,308.48126343832416,0.2616064848931466,36.9,7.6,29.299999999999997,0.3103023592155637,0.7810646894033219,0.7216748768472906,57.49,HIGH RISK,5
2022,Bihar,Motihari,3064997,212,6.916809380237567,0.3349357466063348,40.0,3.5,36.5,0.006957642240599733,1.0,0.8990147783251231,57.25,HIGH RISK,6
2022,Bihar,Patna,6714234,401,5.972386425614598,0.3349357466063348,40.0,3.5,36.5,0.0060076439565858565,1.0,0.8990147783251231,57.21,HIGH RISK,7
2022,Bihar,Sitamarhi,3937110,191,4.851274157948343,0.3349357466063348,40.0,3.5,36.5,0.004879913287549929,1.0,0.8990147783251231,57.17,HIGH RISK,8
2022,Bihar,Nalanda,3309300,159,4.804641464962379,0.3349357466063348,40.0,3.5,36.5,0.004833005301992444,1.0,0.8990147783251231,57.16,HIGH RISK,9
2022,Bihar,Purnea,3064997,142,4.63295722638554,0.3349357466063348,40.0,3.5,36.5,0.004660307538514915,1.0,0.8990147783251231,57.16,HIGH RISK,9
2022,Bihar,Gaya,5050130,230,4.554338205155115,0.3349357466063348,40.0,3.5,36.5,0.004581224395846521,1.0,0.8990147783251231,57.15,HIGH RISK,10
2022,Bihar,Muzaffarpur,5521221,242,4.383088450906058,0.3349357466063348,40.0,3.5,36.5,0.0044089636816421005,1.0,0.8990147783251231,57.15,HIGH RISK,10
2022,Bihar,Sheikhpura,731793,33,4.509471940835728,0.3349357466063348,40.0,3.5,36.5,0.004536093266933473,1.0,0.8990147783251231,57.15,HIGH RISK,10
2022,Bihar,Bhojpur,3137668,114,3.633271588963523,0.3349357466063348,40.0,3.5,36.5,0.003654720332639162,1.0,0.8990147783251231,57.12,HIGH RISK,11
2022,Bihar,Arwal,805969,28,3.4740790278534286,0.3349357466063348,40.0,3.5,36.5,0.003494587990300301,1.0,0.8990147783251231,57.11,HIGH RISK,12
2022,Bihar,Aurangabad,2921083,103,3.5260894675022927,0.3349357466063348,40.0,3.5,36.5,0.003546905469640851,1.0,0.8990147783251231,57.11,HIGH RISK,12
2022,Bihar,Saran,4544641,162,3.564637998909045,0.3349357466063348,40.0,3.5,36.5,0.00358568156938346,1.0,0.8990147783251231,57.11,HIGH RISK,12
2022,Bihar,Bettiah,3064997,101,3.295272393415067,0.3349357466063348,40.0,3.5,36.5,0.0033147257844366646,1.0,0.8990147783251231,57.1,HIGH RISK,13
2022,Bihar,Katihar,3531683,118,3.3411832262408603,0.3349357466063348,40.0,3.5,36.5,0.0033609076483871905,1.0,0.8990147783251231,57.1,HIGH RISK,13
2022,Bihar,Kishanganj,1943959,64,3.2922505052832904,0.3349357466063348,40.0,3.5,36.5,0.0033116860568171516,1.0,0.8990147783251231,57.1,HIGH RISK,13
2022,Bihar,Araria,3233304,95,2.938170985468734,0.3349357466063348,40.0,3.5,36.5,0.0029555162553720218,1.0,0.8990147783251231,57.09,HIGH RISK,14
2022,Bihar,Kaimur(Bhabhua),1870341,57,3.0475726084173957,0.3349357466063348,40.0,3.5,36.5,0.0030655637225167113,1.0,0.8990147783251231,57.09,HIGH RISK,14
2022,Bihar,Buxar,1962304,57,2.904748703564789,0.3349357466063348,40.0,3.5,36.5,0.002921896667557946,1.0,0.8990147783251231,57.09,HIGH RISK,14
2022,Bihar,Jehanabad,1294109,38,2.93638325674267,0.3349357466063348,40.0,3.5,36.5,0.002953717972924809,1.0,0.8990147783251231,57.09,HIGH RISK,14
2022,Bihar,Lakhisarai,1151048,35,3.0407072511311437,0.3349357466063348,40.0,3.5,36.5,0.0030586578361136373,1.0,0.8990147783251231,57.09,HIGH RISK,14
2022,Bihar,Sheohar,754682,23,3.0476412581723165,0.3349357466063348,40.0,3.5,36.5,0.003065632777540261,1.0,0.8990147783251231,57.09,HIGH RISK,14
2022,Bihar,Vaishali,4019274,122,3.0353740501394038,0.3349357466063348,40.0,3.5,36.5,0.003053293150973729,1.0,0.8990147783251231,57.09,HIGH RISK,14
2022,Bihar,Samastipur,4900800,133,2.713842637936664,0.3349357466063348,40.0,3.5,36.5,0.0027298636024288146,1.0,0.8990147783251231,57.08,HIGH RISK,15
2022,Bihar,Aurangabad,4256474,103,2.4198432787325848,0.3349357466063348,40.0,3.5,36.5,0.0024341286402724195,1.0,0.8990147783251231,57.07,HIGH RISK,16
2022,Bihar,Madhepura,2302026,57,2.4760797662580702,0.3349357466063348,40.0,3.5,36.5,0.002490697115643189,1.0,0.8990147783251231,57.07,HIGH RISK,16
2022,Bihar,Bagaha,3064997,66,2.1533463164890536,0.3349357466063348,40.0,3.5,36.5,0.002166058433394256,1.0,0.8990147783251231,57.06,HIGH RISK,17
2022,Bihar,Bhagalpur,3493430,82,2.3472632913783875,0.3349357466063348,40.0,3.5,36.5,0.002361120182459402,1.0,0.8990147783251231,57.06,HIGH RISK,17
2022,Bihar,Gopalganj,2946313,66,2.240087865749498,0.3349357466063348,40.0,3.5,36.5,0.0022533120548217703,1.0,0.8990147783251231,57.06,HIGH RISK,17
2022,Bihar,Munger,1572929,35,2.22514811539491,0.3349357466063348,40.0,3.5,36.5,0.0022382841087823604,1.0,0.8990147783251231,57.06,HIGH RISK,17
2022,Bihar,Khagaria,1916918,39,2.034515821751374,0.3349357466063348,40.0,3.5,36.5,0.002046526431829996,1.0,0.8990147783251231,57.05,HIGH RISK,18
2022,Bihar,Nawadah,3064997,63,2.055466938466824,0.3349357466063348,40.0,3.5,36.5,0.0020676012318763355,1.0,0.8990147783251231,57.05,HIGH RISK,18
2022,Bihar,Rohtas,3403905,69,2.0270835995716685,0.3349357466063348,40.0,3.5,36.5,0.0020390503340894997,1.0,0.8990147783251231,57.05,HIGH RISK,18
2022,Bihar,Siwan,3830033,79,2.062645413237954,0.3349357466063348,40.0,3.5,36.5,0.0020748220842296467,1.0,0.8990147783251231,57.05,HIGH RISK,18
2022,Bihar,Banka,2339977,40,1.7094185113785303,0.3349357466063348,40.0,3.5,36.5,0.0017195099341051781,1.0,0.8990147783251231,57.04,HIGH RISK,19
2022,Bihar,Begusarai,3416122,62,1.8149234717027087,0.3349357466063348,40.0,3.5,36.5,0.0018256377349726773,1.0,0.8990147783251231,57.04,HIGH RISK,19
2022,Bihar,Jamui,2024465,33,1.6300602875327554,0.3349357466063348,40.0,3.5,36.5,0.001639683224994775,1.0,0.8990147783251231,57.04,HIGH RISK,19
2022,Bihar,Saharsa,2185760,38,1.7385257301808068,0.3349357466063348,40.0,3.5,36.5,0.001748788985169347,1.0,0.8990147783251231,57.04,HIGH RISK,19
2022,Bihar,Darbhanga,4527992,67,1.47968459308232,0.3349357466063348,40.0,3.5,36.5,0.0014884197990201917,1.0,0.8990147783251231,57.03,HIGH RISK,20
2022,Bihar,Madhubani,5160485,74,1.4339737447158551,0.3349357466063348,40.0,3.5,36.5,0.001442439100122105,1.0,0.8990147783251231,57.03,HIGH RISK,20
2022,Bihar,Supaul,2563437,38,1.482384782618024,0.3349357466063348,40.0,3.5,36.5,0.001491135928920333,1.0,0.8990147783251231,57.03,HIGH RISK,20
2022,Bihar,Naugachia,3064997,19,0.6199027274741215,0.3349357466063348,40.0,3.5,36.5,0.0006235622762801646,1.0,0.8990147783251231,57.0,HIGH RISK,21
2022,Bihar,Jamalpur Railway,3064997,0,0.0,0.3349357466063348,40.0,3.5,36.5,0.0,1.0,0.8990147783251231,56.97,HIGH RISK,22
2022,Bihar,Katihar Railway,3064997,0,0.0,0.3349357466063348,40.0,3.5,36.5,0.0,1.0,0.8990147783251231,56.97,HIGH RISK,22
2022,Bihar,Muzaffarpur Railway,3064997,1,0.0326264593407432,0.3349357466063348,40.0,3.5,36.5,3.281906717264021e-05,1.0,0.8990147783251231,56.97,HIGH RISK,22
2022,Bihar,Patna Railway,3064997,0,0.0,0.3349357466063348,40.0,3.5,36.5,0.0,1.0,0.8990147783251231,56.97,HIGH RISK,22
2022,Bihar,Economic Offences Unit,3064997,0,0.0,0.3349357466063348,40.0,3.5,36.5,0.0,1.0,0.8990147783251231,56.97,HIGH RISK,22
2022,Bihar,Anti Terrorist Squad,3064997,0,0.0,0.3349357466063348,40.0,3.5,36.5,0.0,1.0,0.8990147783251231,56.97,HIGH RISK,22
2022,Karnataka,Total Districts ,1785149,3580,200.54348404530936,0.1785958402499756,44.4,3.8,40.6,0.20172737731609414,0.5332241842190927,1.0,54.07,HIGH RISK,23
2022,Uttar Pradesh,Pratapgarh,998025,630,63.124671225670696,0.2890730391212179,34.8,2.4,32.4,0.06349732294178274,0.8630701322572731,0.7980295566502462,52.37,HIGH RISK,24
2022,Haryana,Total Districts ,1358470,7912,582.4199283016924,0.1847177848775293,21.6,4.9,16.700000000000003,0.5858582002414157,0.5515021515294888,0.4113300492610838,52.32,HIGH RISK,25
2022,West Bengal,Total Districts ,4419516,21172,479.0569827103239,0.1918958985340141,27.0,5.9,21.1,0.4818850593284856,0.572933467025716,0.5197044334975369,52.05,HIGH RISK,26
2022,Uttar Pradesh,Lucknow Commissionarate,3086497,1237,40.07779693289836,0.2890730391212179,34.8,2.4,32.4,0.04031439317197645,0.8630701322572731,0.7980295566502462,51.45,HIGH RISK,27
2022,Uttar Pradesh,Kanpur Commissionarate,3086497,1204,39.00862369216623,0.2890730391212179,34.8,2.4,32.4,0.039238908147986785,0.8630701322572731,0.7980295566502462,51.4,HIGH RISK,28
2022,Uttar Pradesh,Prayagraj,3086497,1101,35.67150721351746,0.2890730391212179,34.8,2.4,32.4,0.03588209125492811,0.8630701322572731,0.7980295566502462,51.27,HIGH RISK,29
2022,Uttar Pradesh,Hamirpur,522983,170,32.50583670979745,0.2890730391212179,34.8,2.4,32.4,0.03269773245512749,0.8630701322572731,0.7980295566502462,51.14,HIGH RISK,30
2022,Assam,Total Districts ,1324826,6002,453.04062571235767,0.1518562906505433,32.0,5.9,26.1,0.45571511673721593,0.45338932075538324,0.6428571428571429,51.12,HIGH RISK,31
2022,Uttar Pradesh,Kannauj,1905108,540,28.344849740802097,0.2890730391212179,34.8,2.4,32.4,0.02851218141467468,0.8630701322572731,0.7980295566502462,50.97,HIGH RISK,32
2022,Uttar Pradesh,Bulandshahar,3086497,781,25.3037666973271,0.2890730391212179,34.8,2.4,32.4,0.025453145567755547,0.8630701322572731,0.7980295566502462,50.85,HIGH RISK,33
2022,Uttar Pradesh,Aligarh,4224972,1031,24.402528584804823,0.2890730391212179,34.8,2.4,32.4,0.024546587064287292,0.8630701322572731,0.7980295566502462,50.81,HIGH RISK,34
2022,Uttar Pradesh,Bareilly,5115612,1240,24.23952402957848,0.2890730391212179,34.8,2.4,32.4,0.0243826202240136,0.8630701322572731,0.7980295566502462,50.81,HIGH RISK,34
2022,Uttar Pradesh,Pilibhit,2335658,536,22.948565243712903,0.2890730391212179,34.8,2.4,32.4,0.023084040360720738,0.8630701322572731,0.7980295566502462,50.76,HIGH RISK,35
2022,Uttar Pradesh,Badaun,3086497,651,21.091872112624767,0.2890730391212179,34.8,2.4,32.4,0.021216386382341693,0.8630701322572731,0.7980295566502462,50.68,HIGH RISK,36
2022,Uttar Pradesh,Firozabad,2872879,568,19.771107658902444,0.2890730391212179,34.8,2.4,32.4,0.019887824895689094,0.8630701322572731,0.7980295566502462,50.63,HIGH RISK,37
2022,Uttar Pradesh,Meerut,3960242,762,19.241248388356063,0.2890730391212179,34.8,2.4,32.4,0.019354837641065596,0.8630701322572731,0.7980295566502462,50.61,HIGH RISK,38
2022,Uttar Pradesh,Agra,5081616,957,18.832591836927467,0.2890730391212179,34.8,2.4,32.4,0.018943768616633445,0.8630701322572731,0.7980295566502462,50.59,HIGH RISK,39
2022,Uttar Pradesh,Auraiya,1586476,298,18.783769814355843,0.2890730391212179,34.8,2.4,32.4,0.01889465837694889,0.8630701322572731,0.7980295566502462,50.59,HIGH RISK,39
2022,Uttar Pradesh,Ghaziabad,5383891,1002,18.611075149924098,0.2890730391212179,34.8,2.4,32.4,0.01872094422264394,0.8630701322572731,0.7980295566502462,50.58,HIGH RISK,40
2022,Uttar Pradesh,Varanasi Commissionarate,3086497,571,18.49993698357717,0.2890730391212179,34.8,2.4,32.4,0.018609149960548545,0.8630701322572731,0.7980295566502462,50.58,HIGH RISK,40
2022,Uttar Pradesh,Mathura,2929261,511,17.44467290555536,0.2890730391212179,34.8,2.4,32.4,0.017547656210957906,0.8630701322572731,0.7980295566502462,50.53,HIGH RISK,41
2022,Uttar Pradesh,Pratapgarh,3690512,630,17.07080210008801,0.2890730391212179,34.8,2.4,32.4,0.017171578287503937,0.8630701322572731,0.7980295566502462,50.52,HIGH RISK,42
2022,Uttar Pradesh,Kanpur Dehat,2065611,342,16.55684443973236,0.2890730391212179,34.8,2.4,32.4,0.016654586517022694,0.8630701322572731,0.7980295566502462,50.5,HIGH RISK,43
2022,Uttar Pradesh,Gorakhpur,5107029,728,14.25486324827997,0.2890730391212179,34.8,2.4,32.4,0.014339015753936962,0.8630701322572731,0.7980295566502462,50.41,HIGH RISK,44
2022,Uttar Pradesh,Jhansi,2298393,329,14.314349199636442,0.2890730391212179,34.8,2.4,32.4,0.014398852876102363,0.8630701322572731,0.7980295566502462,50.41,HIGH RISK,44
2022,Uttar Pradesh,Khiri,3086497,425,13.769655373065325,0.2890730391212179,34.8,2.4,32.4,0.013850943490776067,0.8630701322572731,0.7980295566502462,50.39,HIGH RISK,45
2022,Uttar Pradesh,Bijnor,4235119,578,13.64778652028432,0.2890730391212179,34.8,2.4,32.4,0.01372835519445187,0.8630701322572731,0.7980295566502462,50.38,HIGH RISK,46
2022,Uttar Pradesh,Hamirpur,1269927,170,13.386596237421523,0.2890730391212179,34.8,2.4,32.4,0.013465622994534288,0.8630701322572731,0.7980295566502462,50.37,HIGH RISK,47
2022,Uttar Pradesh,Banda,2069321,262,12.661157935380736,0.2890730391212179,34.8,2.4,32.4,0.012735902122415274,0.8630701322572731,0.7980295566502462,50.34,HIGH RISK,48
2022,Uttar Pradesh,Mainpuri,2148808,256,11.913581855614831,0.2890730391212179,34.8,2.4,32.4,0.01198391278387685,0.8630701322572731,0.7980295566502462,50.31,HIGH RISK,49
2022,Uttar Pradesh,Sambhal,3086497,356,11.534111324261776,0.2890730391212179,34.8,2.4,32.4,0.01160220207697948,0.8630701322572731,0.7980295566502462,50.3,HIGH RISK,50
2022,Uttar Pradesh,Gautambudh Nagar,3086497,354,11.469312946035586,0.2890730391212179,34.8,2.4,32.4,0.011537021166434652,0.8630701322572731,0.7980295566502462,50.29,HIGH RISK,51
2022,Uttar Pradesh,Shahjahanpur,3457518,387,11.19300029674466,0.2890730391212179,34.8,2.4,32.4,0.011259077326343958,0.8630701322572731,0.7980295566502462,50.28,HIGH RISK,52
2022,Uttar Pradesh,Hapur,3086497,337,10.918526731112976,0.2890730391212179,34.8,2.4,32.4,0.010982983426803613,0.8630701322572731,0.7980295566502462,50.27,HIGH RISK,53
2022,Uttar Pradesh,Saharanpur,3986339,430,10.786839754471458,0.2890730391212179,34.8,2.4,32.4,0.010850519046068223,0.8630701322572731,0.7980295566502462,50.27,HIGH RISK,53
2022,Uttar Pradesh,Shamli,3086497,291,9.428164031910608,0.2890730391212179,34.8,2.4,32.4,0.009483822484272552,0.8630701322572731,0.7980295566502462,50.21,HIGH RISK,54
2022,Uttar Pradesh,Azamgarh,5305999,454,8.556352912995273,0.2890730391212179,34.8,2.4,32.4,0.008606864694439472,0.8630701322572731,0.7980295566502462,50.18,HIGH RISK,55
2022,Uttar Pradesh,Fatehpur,3027642,250,8.257251022412822,0.2890730391212179,34.8,2.4,32.4,0.008305997078497131,0.8630701322572731,0.7980295566502462,50.17,HIGH RISK,56
2022,Uttar Pradesh,Baghpat,1498505,120,8.007981288017056,0.2890730391212179,34.8,2.4,32.4,0.008055255799101704,0.8630701322572731,0.7980295566502462,50.16,HIGH RISK,57
2022,Uttar Pradesh,Etawah,1819081,149,8.19094916608991,0.2890730391212179,34.8,2.4,32.4,0.008239303814186494,0.8630701322572731,0.7980295566502462,50.16,HIGH RISK,57
2022,Uttar Pradesh,Moradabad,5487806,442,8.05422057558157,0.2890730391212179,34.8,2.4,32.4,0.008101768056798627,0.8630701322572731,0.7980295566502462,50.16,HIGH RISK,57
2022,Uttar Pradesh,Unnao,3574622,279,7.805021062366873,0.2890730391212179,34.8,2.4,32.4,0.007851097413129693,0.8630701322572731,0.7980295566502462,50.15,HIGH RISK,58
2022,Uttar Pradesh,Muzaffarnagar,4765038,363,7.617987516573845,0.2890730391212179,34.8,2.4,32.4,0.007662959728963237,0.8630701322572731,0.7980295566502462,50.14,HIGH RISK,59
2022,Uttar Pradesh,Sonbhadra,2141942,164,7.656603213345646,0.2890730391212179,34.8,2.4,32.4,0.00770180339057654,0.8630701322572731,0.7980295566502462,50.14,HIGH RISK,59
2022,Uttar Pradesh,Ghazipur,4163308,301,7.229827819608831,0.2890730391212179,34.8,2.4,32.4,0.0072725085606227535,0.8630701322572731,0.7980295566502462,50.12,HIGH RISK,60
2022,Uttar Pradesh,Jalaun,1943470,140,7.203610037716044,0.2890730391212179,34.8,2.4,32.4,0.007246136004040051,0.8630701322572731,0.7980295566502462,50.12,HIGH RISK,60
2022,Uttar Pradesh,Maharajganj,3086497,219,7.0954224157677785,0.2890730391212179,34.8,2.4,32.4,0.007137309704658726,0.8630701322572731,0.7980295566502462,50.12,HIGH RISK,60
2022,Uttar Pradesh,Kaushambi,1839535,126,6.849557089155684,0.2890730391212179,34.8,2.4,32.4,0.006889992930710504,0.8630701322572731,0.7980295566502462,50.11,HIGH RISK,61
2022,Uttar Pradesh,Sitapur,5156590,355,6.884394532045403,0.2890730391212179,34.8,2.4,32.4,0.006925036033806062,0.8630701322572731,0.7980295566502462,50.11,HIGH RISK,61
2022,Uttar Pradesh,Etah,2040651,125,6.125496226449305,0.2890730391212179,34.8,2.4,32.4,0.006161657629534694,0.8630701322572731,0.7980295566502462,50.08,HIGH RISK,62
2022,Uttar Pradesh,Amethi,3086497,179,5.799454851243983,0.2890730391212179,34.8,2.4,32.4,0.005833691493762155,0.8630701322572731,0.7980295566502462,50.07,HIGH RISK,63
2022,Uttar Pradesh,Fatehgarh,3086497,185,5.9938499859225525,0.2890730391212179,34.8,2.4,32.4,0.00602923422539664,0.8630701322572731,0.7980295566502462,50.07,HIGH RISK,63
2022,Uttar Pradesh,Raibareilly,3086497,181,5.864253229470173,0.2890730391212179,34.8,2.4,32.4,0.005898872404306984,0.8630701322572731,0.7980295566502462,50.07,HIGH RISK,63
2022,Uttar Pradesh,Shrawasti,1284965,75,5.8367348527002685,0.2890730391212179,34.8,2.4,32.4,0.005871191574883801,0.8630701322572731,0.7980295566502462,50.07,HIGH RISK,63
2022,Uttar Pradesh,Ballia,3725740,214,5.743825387708214,0.2890730391212179,34.8,2.4,32.4,0.005777733625901255,0.8630701322572731,0.7980295566502462,50.06,HIGH RISK,64
2022,Uttar Pradesh,Hathras,3086497,172,5.572660527452319,0.2890730391212179,34.8,2.4,32.4,0.005605558306855255,0.8630701322572731,0.7980295566502462,50.06,HIGH RISK,64
2022,Uttar Pradesh,Lalitpur,1404830,78,5.552273228789248,0.2890730391212179,34.8,2.4,32.4,0.005585050653318468,0.8630701322572731,0.7980295566502462,50.06,HIGH RISK,64
2022,Uttar Pradesh,Kasganj,3086497,166,5.378265392773749,0.2890730391212179,34.8,2.4,32.4,0.005410015575220769,0.8630701322572731,0.7980295566502462,50.05,HIGH RISK,65
2022,Uttar Pradesh,Rampur,2686191,148,5.509660333163204,0.2890730391212179,34.8,2.4,32.4,0.005542186195690196,0.8630701322572731,0.7980295566502462,50.05,HIGH RISK,65
2022,Uttar Pradesh,Chitrakoot,1140489,59,5.173219557575742,0.2890730391212179,34.8,2.4,32.4,0.005203759267462912,0.8630701322572731,0.7980295566502462,50.04,HIGH RISK,66
2022,Uttar Pradesh,Hardoi,4706771,245,5.205267050383373,0.2890730391212179,34.8,2.4,32.4,0.005235995950217358,0.8630701322572731,0.7980295566502462,50.04,HIGH RISK,66
2022,Uttar Pradesh,Mirzapur,2871515,151,5.258548187977427,0.2890730391212179,34.8,2.4,32.4,0.005289591628972186,0.8630701322572731,0.7980295566502462,50.04,HIGH RISK,66
2022,Uttar Pradesh,Kushi Nagar,3086497,146,4.730281610511852,0.2890730391212179,34.8,2.4,32.4,0.004758206469772484,0.8630701322572731,0.7980295566502462,50.02,HIGH RISK,67
2022,Uttar Pradesh,Jaunpur,5168334,233,4.508222572302796,0.2890730391212179,34.8,2.4,32.4,0.004534836522848023,0.8630701322572731,0.7980295566502462,50.01,HIGH RISK,68
2022,Uttar Pradesh,Chandoli,3086497,130,4.211894584702335,0.2890730391212179,34.8,2.4,32.4,0.004236759185413856,0.8630701322572731,0.7980295566502462,50.0,HIGH RISK,69
2022,Uttar Pradesh,Sant Kabirnagar,3086497,102,3.3047172895356773,0.2890730391212179,34.8,2.4,32.4,0.0033242264377862556,0.8630701322572731,0.7980295566502462,49.97,MODERATE RISK,70
2022,Uttar Pradesh,Balrampur,2470964,78,3.156662743771257,0.2890730391212179,34.8,2.4,32.4,0.003175297863223173,0.8630701322572731,0.7980295566502462,49.96,MODERATE RISK,71
2022,Uttar Pradesh,Mahoba,1007351,33,3.2759187214784125,0.2890730391212179,34.8,2.4,32.4,0.0032952578595633972,0.8630701322572731,0.7980295566502462,49.96,MODERATE RISK,71
2022,Uttar Pradesh,Ambedkar Nagar,2757571,80,2.901103906300146,0.2890730391212179,34.8,2.4,32.4,0.0029182303535086737,0.8630701322572731,0.7980295566502462,49.95,MODERATE RISK,72
2022,Uttar Pradesh,Bahraich,4010890,121,3.016786797942601,0.2890730391212179,34.8,2.4,32.4,0.003034596170341206,0.8630701322572731,0.7980295566502462,49.95,MODERATE RISK,72
2022,Uttar Pradesh,Barabanki,3086497,88,2.851128641952349,0.2890730391212179,34.8,2.4,32.4,0.002867960063972456,0.8630701322572731,0.7980295566502462,49.95,MODERATE RISK,72
2022,Uttar Pradesh,Ayodhya,3086497,87,2.8187294528392544,0.2890730391212179,34.8,2.4,32.4,0.0028353696087000417,0.8630701322572731,0.7980295566502462,49.95,MODERATE RISK,72
2022,Uttar Pradesh,Mau,2536863,74,2.916988422315277,0.2890730391212179,34.8,2.4,32.4,0.002934208642561156,0.8630701322572731,0.7980295566502462,49.95,MODERATE RISK,72
2022,Uttar Pradesh,Gonda,3949006,106,2.6842197758119384,0.2890730391212179,34.8,2.4,32.4,0.0027000658639808922,0.8630701322572731,0.7980295566502462,49.94,MODERATE RISK,73
2022,Uttar Pradesh,Basti,2834133,67,2.3640386672043974,0.2890730391212179,34.8,2.4,32.4,0.0023779945904461915,0.8630701322572731,0.7980295566502462,49.93,MODERATE RISK,74
2022,Uttar Pradesh,Sultanpur,4366684,105,2.404570607811328,0.2890730391212179,34.8,2.4,32.4,0.0024187658082949876,0.8630701322572731,0.7980295566502462,49.93,MODERATE RISK,74
2022,Uttar Pradesh,Sidharthnagar,3086497,56,1.814354590333313,0.2890730391212179,34.8,2.4,32.4,0.0018250654952551991,0.8630701322572731,0.7980295566502462,49.91,MODERATE RISK,75
2022,Uttar Pradesh,Deoria,3566087,55,1.5423067356461018,0.2890730391212179,34.8,2.4,32.4,0.001551411626660187,0.8630701322572731,0.7980295566502462,49.9,MODERATE RISK,76
2022,Uttar Pradesh,Bhadohi,3086497,32,1.036774051619036,0.2890730391212179,34.8,2.4,32.4,0.0010428945687172566,0.8630701322572731,0.7980295566502462,49.87,MODERATE RISK,77
2022,Uttar Pradesh,GRP,3086497,5,0.1619959455654744,0.2890730391212179,34.8,2.4,32.4,0.00016295227636207136,0.8630701322572731,0.7980295566502462,49.84,MODERATE RISK,78
2022,Uttar Pradesh,Lucknow Grameen,3086497,0,0.0,0.2890730391212179,34.8,2.4,32.4,0.0,0.8630701322572731,0.7980295566502462,49.83,MODERATE RISK,79
2022,Uttar Pradesh,Kanpur Outer,3086497,0,0.0,0.2890730391212179,34.8,2.4,32.4,0.0,0.8630701322572731,0.7980295566502462,49.83,MODERATE RISK,79
2022,Uttar Pradesh,Vasanasi Dehat,3086497,0,0.0,0.2890730391212179,34.8,2.4,32.4,0.0,0.8630701322572731,0.7980295566502462,49.83,MODERATE RISK,79
2022,Karnataka,Bengaluru City,1785149,764,42.797547991792285,0.1785958402499756,44.4,3.8,40.6,0.0430502000752782,0.5332241842190927,1.0,47.72,MODERATE RISK,80
2022,Telangana,Rachakonda Commissionerate,3550945,1888,53.16894516811722,0.2616064848931466,36.9,7.6,29.299999999999997,0.053482824009401526,0.7810646894033219,0.7216748768472906,47.22,MODERATE RISK,81
2022,Telangana,Hyderabad Commissionerate,3550945,1692,47.64928772481692,0.2616064848931466,36.9,7.6,29.299999999999997,0.04793058168639163,0.7810646894033219,0.7216748768472906,47.0,MODERATE RISK,82
2022,Jharkhand,Total Districts ,1648218,2179,132.20338571718062,0.2265305090743642,31.5,2.9,28.6,0.13298383839292138,0.6763401976935469,0.7044334975369458,46.74,MODERATE RISK,83
2022,Telangana,Cyberabad Commissionerate,3550945,1344,37.849079611202086,0.2616064848931466,36.9,7.6,29.299999999999997,0.03807251878635363,0.7810646894033219,0.7216748768472906,46.61,MODERATE RISK,84
2022,Karnataka,Bengaluru District,1785149,184,10.30726286713322,0.1785958402499756,44.4,3.8,40.6,0.010368111012894225,0.5332241842190927,1.0,46.41,MODERATE RISK,85
2022,Karnataka,Belagavi District,1785149,152,8.514695411979616,0.1785958402499756,44.4,3.8,40.6,0.008564961271521317,0.5332241842190927,1.0,46.34,MODERATE RISK,86
2022,Karnataka,Vijayapura,1785149,130,7.282305286561514,0.1785958402499756,44.4,3.8,40.6,0.007325295824327442,0.5332241842190927,1.0,46.29,MODERATE RISK,87
2022,Karnataka,Mysuru District,1785149,127,7.114252087640863,0.1785958402499756,44.4,3.8,40.6,0.007156250536073731,0.5332241842190927,1.0,46.28,MODERATE RISK,88
2022,Karnataka,Koppal,1598407,108,6.756727166485131,0.1785958402499756,44.4,3.8,40.6,0.00679661499362153,0.5332241842190927,1.0,46.27,MODERATE RISK,89
2022,Karnataka,Kalaburgi,1785149,117,6.5540747579053615,0.1785958402499756,44.4,3.8,40.6,0.006592766241894697,0.5332241842190927,1.0,46.26,MODERATE RISK,90
2022,Karnataka,Raichur,2218133,145,6.537029114124357,0.1785958402499756,44.4,3.8,40.6,0.0065756199704465074,0.5332241842190927,1.0,46.26,MODERATE RISK,90
2022,Karnataka,Bidar,1958794,125,6.3814775826350285,0.1785958402499756,44.4,3.8,40.6,0.0064191501522710415,0.5332241842190927,1.0,46.25,MODERATE RISK,91
2022,Karnataka,Shimoga,2015665,125,6.201427320512089,0.1785958402499756,44.4,3.8,40.6,0.006238036977060972,0.5332241842190927,1.0,46.25,MODERATE RISK,91
2022,Karnataka,Hubballi Dharwad City,1785149,99,5.5457555643814604,0.1785958402499756,44.4,3.8,40.6,0.005578494512372436,0.5332241842190927,1.0,46.22,MODERATE RISK,92
2022,Karnataka,Mandya,2076634,108,5.200723863714068,0.1785958402499756,44.4,3.8,40.6,0.005231425943189609,0.5332241842190927,1.0,46.21,MODERATE RISK,93
2022,Karnataka,Belagavi City,1785149,96,5.37770236546081,0.1785958402499756,44.4,3.8,40.6,0.005409449224118726,0.5332241842190927,1.0,46.21,MODERATE RISK,93
2022,Karnataka,Kodagu,637696,32,5.018065034122842,0.1785958402499756,44.4,3.8,40.6,0.005047688801030753,0.5332241842190927,1.0,46.2,MODERATE RISK,94
2022,Karnataka,Ramanagara,1245031,64,5.140434254247484,0.1785958402499756,44.4,3.8,40.6,0.005170780418579307,0.5332241842190927,1.0,46.2,MODERATE RISK,94
2022,Karnataka,Tumakuru,1785149,88,4.929560501672409,0.1785958402499756,44.4,3.8,40.6,0.0049586617887754985,0.5332241842190927,1.0,46.2,MODERATE RISK,94
2022,Karnataka,Chikkaballapura,1443369,71,4.919047035096361,0.1785958402499756,44.4,3.8,40.6,0.004948086256745711,0.5332241842190927,1.0,46.19,MODERATE RISK,95
2022,Karnataka,Chitradurga,1908374,91,4.768457335931007,0.1785958402499756,44.4,3.8,40.6,0.004796607562695581,0.5332241842190927,1.0,46.19,MODERATE RISK,95
2022,Karnataka,Ballari,1785149,75,4.201329973016258,0.1785958402499756,44.4,3.8,40.6,0.004226132206342755,0.5332241842190927,1.0,46.17,MODERATE RISK,96
2022,Karnataka,Davanagere,2237321,85,3.799186616493565,0.1785958402499756,44.4,3.8,40.6,0.003821614826969384,0.5332241842190927,1.0,46.15,MODERATE RISK,97
2022,Karnataka,Vijayanagara,1785149,66,3.697170376254307,0.1785958402499756,44.4,3.8,40.6,0.0037189963415816246,0.5332241842190927,1.0,46.15,MODERATE RISK,97
2022,Karnataka,Kalaburgi City,1785149,64,3.5851349103072065,0.1785958402499756,44.4,3.8,40.6,0.003606299482745817,0.5332241842190927,1.0,46.14,MODERATE RISK,98
2022,Karnataka,Hassan,2042884,68,3.328627567693516,0.1785958402499756,44.4,3.8,40.6,0.0033482778684604596,0.5332241842190927,1.0,46.13,MODERATE RISK,99
2022,Karnataka,Mysuru City,1785149,61,3.4170817113865564,0.1785958402499756,44.4,3.8,40.6,0.003437254194492107,0.5332241842190927,1.0,46.13,MODERATE RISK,99
2022,Karnataka,Chikkamagaluru,1785149,54,3.024957580571706,0.1785958402499756,44.4,3.8,40.6,0.0030428151885667836,0.5332241842190927,1.0,46.12,MODERATE RISK,100
2022,Karnataka,Udupi,1353965,40,2.9542861152245443,0.1785958402499756,44.4,3.8,40.6,0.002971726519575937,0.5332241842190927,1.0,46.12,MODERATE RISK,100
2022,Karnataka,Gadag,1224255,33,2.6955168653589325,0.1785958402499756,44.4,3.8,40.6,0.002711429645040492,0.5332241842190927,1.0,46.11,MODERATE RISK,101
2022,Karnataka,Haveri,1837318,53,2.8846394581667405,0.1785958402499756,44.4,3.8,40.6,0.002901668708752575,0.5332241842190927,1.0,46.11,MODERATE RISK,101
2022,Karnataka,Mangaluru City,1785149,47,2.632833449756855,0.1785958402499756,44.4,3.8,40.6,0.0026483761826414597,0.5332241842190927,1.0,46.1,MODERATE RISK,102
2022,Karnataka,Yadgiri,1785149,48,2.688851182730405,0.1785958402499756,44.4,3.8,40.6,0.002704724612059363,0.5332241842190927,1.0,46.1,MODERATE RISK,102
2022,Karnataka,Bagalkot,2173214,48,2.208710232862479,0.1785958402499756,44.4,3.8,40.6,0.00222174918645525,0.5332241842190927,1.0,46.09,MODERATE RISK,103
2022,Karnataka,Kolar,1766861,42,2.3770970098949493,0.1785958402499756,44.4,3.8,40.6,0.0023911300220739013,0.5332241842190927,1.0,46.09,MODERATE RISK,103
2022,Karnataka,Dharwad,2124076,45,2.1185682621525785,0.1785958402499756,44.4,3.8,40.6,0.0021310750694477684,0.5332241842190927,1.0,46.08,MODERATE RISK,104
2022,Karnataka,Uttara Kannada,1652744,33,1.9966794615500043,0.1785958402499756,44.4,3.8,40.6,0.002008466707541548,0.5332241842190927,1.0,46.08,MODERATE RISK,104
2022,Karnataka,Dakshina Kannada,2403096,41,1.7061324225082977,0.1785958402499756,44.4,3.8,40.6,0.0017162044460581577,0.5332241842190927,1.0,46.07,MODERATE RISK,105
2022,Karnataka,Chamarajnagar,1785149,29,1.624514256232953,0.1785958402499756,44.4,3.8,40.6,0.0016341044531191986,0.5332241842190927,1.0,46.06,MODERATE RISK,106
2022,Karnataka,K.G.F.,1785149,19,1.064336926497452,0.1785958402499756,44.4,3.8,40.6,0.0010706201589401646,0.5332241842190927,1.0,46.04,MODERATE RISK,107
2022,Karnataka,K.Railways,1785149,3,0.1680531989206503,0.1785958402499756,44.4,3.8,40.6,0.00016904528825371017,0.5332241842190927,1.0,46.0,MODERATE RISK,108
2022,Telangana,Warangal Commissionerate,3550945,641,18.051532760997425,0.2616064848931466,36.9,7.6,29.299999999999997,0.018158098617598716,0.7810646894033219,0.7216748768472906,45.81,MODERATE RISK,109
2022,Andhra Pradesh,Total Districts ,4427452,12693,286.68859651104066,0.171096840622121,30.0,4.4,25.6,0.28838104092944655,0.5108348163960501,0.6305418719211823,45.78,MODERATE RISK,110
2022,Telangana,Ramagundam Commissionerate,3550945,604,17.009556610986653,0.2616064848931466,36.9,7.6,29.299999999999997,0.017109971240295827,0.7810646894033219,0.7216748768472906,45.77,MODERATE RISK,111
2022,Telangana,Bhadradri Kothagudem,3550945,404,11.377253097414911,0.2616064848931466,36.9,7.6,29.299999999999997,0.011444417849469393,0.7810646894033219,0.7216748768472906,45.54,MODERATE RISK,112
2022,Telangana,Suryapet,3550945,380,10.701376675786303,0.2616064848931466,36.9,7.6,29.299999999999997,0.01076455144257022,0.7810646894033219,0.7216748768472906,45.51,MODERATE RISK,113
2022,Telangana,Nizamabad Commissionerate,3550945,370,10.419761500107718,0.2616064848931466,36.9,7.6,29.299999999999997,0.0104812737730289,0.7810646894033219,0.7216748768472906,45.5,MODERATE RISK,114
2022,Telangana,Siddipet Commissionerate,3550945,321,9.039847139282642,0.2616064848931466,36.9,7.6,29.299999999999997,0.009093213192276425,0.7810646894033219,0.7216748768472906,45.45,MODERATE RISK,115
2022,Telangana,Khammam Commissionerate,3550945,300,8.44845527035761,0.2616064848931466,36.9,7.6,29.299999999999997,0.00849833008623965,0.7810646894033219,0.7216748768472906,45.42,MODERATE RISK,116
2022,Telangana,Jagityal,3550945,275,7.744417331161141,0.2616064848931466,36.9,7.6,29.299999999999997,0.007790135912386344,0.7810646894033219,0.7216748768472906,45.39,MODERATE RISK,117
2022,Telangana,Nalgonda,4012130,310,7.726569178964789,0.2616064848931466,36.9,7.6,29.299999999999997,0.007772182394975152,0.7810646894033219,0.7216748768472906,45.39,MODERATE RISK,117
2022,Telangana,Karimnagar Commissionerate,3550945,250,7.040379391964674,0.2616064848931466,36.9,7.6,29.299999999999997,0.007081941738533041,0.7810646894033219,0.7216748768472906,45.37,MODERATE RISK,118
2022,Telangana,Mahabubabad,3550945,223,6.280018417632489,0.2616064848931466,36.9,7.6,29.299999999999997,0.006317092030771472,0.7810646894033219,0.7216748768472906,45.33,MODERATE RISK,119
2022,Telangana,Sangareddy,3550945,223,6.280018417632489,0.2616064848931466,36.9,7.6,29.299999999999997,0.006317092030771472,0.7810646894033219,0.7216748768472906,45.33,MODERATE RISK,119
2022,Telangana,Kamareddy ,3550945,209,5.885757171682467,0.2616064848931466,36.9,7.6,29.299999999999997,0.005920503293413622,0.7810646894033219,0.7216748768472906,45.32,MODERATE RISK,120
2022,Telangana,Adilabad,3152424,169,5.360953983347417,0.2616064848931466,36.9,7.6,29.299999999999997,0.005392601969199892,0.7810646894033219,0.7216748768472906,45.3,MODERATE RISK,121
2022,Telangana,Rajanna Siricilla,3550945,192,5.40701137302887,0.2616064848931466,36.9,7.6,29.299999999999997,0.005438931255193375,0.7810646894033219,0.7216748768472906,45.3,MODERATE RISK,121
2022,Telangana,Mahabubnagar,3550945,162,4.562165845993109,0.2616064848931466,36.9,7.6,29.299999999999997,0.0045890982465694105,0.7810646894033219,0.7216748768472906,45.27,MODERATE RISK,122
2022,Telangana,Medak,3488281,160,4.58678644294998,0.2616064848931466,36.9,7.6,29.299999999999997,0.004613864189355884,0.7810646894033219,0.7216748768472906,45.27,MODERATE RISK,122
2022,Telangana,Vikarabad,3550945,148,4.167904600043087,0.2616064848931466,36.9,7.6,29.299999999999997,0.004192509509211561,0.7810646894033219,0.7216748768472906,45.25,MODERATE RISK,123
2022,Telangana,Nagarkurnool,3550945,137,3.858127906796642,0.2616064848931466,36.9,7.6,29.299999999999997,0.0038809040727161067,0.7810646894033219,0.7216748768472906,45.24,MODERATE RISK,124
2022,Telangana,Nirmal,3550945,124,3.492028178414478,0.2616064848931466,36.9,7.6,29.299999999999997,0.003512643102312388,0.7810646894033219,0.7216748768472906,45.22,MODERATE RISK,125
2022,Telangana,Jayashankar Bhupalpalli,3550945,93,2.619021133810859,0.2616064848931466,36.9,7.6,29.299999999999997,0.002634482326734291,0.7810646894033219,0.7216748768472906,45.19,MODERATE RISK,126
2022,Telangana,Kumaram Bheem Asifabad,3550945,89,2.506375063539424,0.2616064848931466,36.9,7.6,29.299999999999997,0.0025211712589177627,0.7810646894033219,0.7216748768472906,45.18,MODERATE RISK,127
2022,Telangana,Mulug,3550945,75,2.1121138175894023,0.2616064848931466,36.9,7.6,29.299999999999997,0.0021245825215599123,0.7810646894033219,0.7216748768472906,45.17,MODERATE RISK,128
2022,Telangana,Wanaparthy,3550945,70,1.9713062297501087,0.2616064848931466,36.9,7.6,29.299999999999997,0.0019829436867892514,0.7810646894033219,0.7216748768472906,45.16,MODERATE RISK,129
2022,Telangana,Jogulamba Gadwal,3550945,54,1.5207219486643695,0.2616064848931466,36.9,7.6,29.299999999999997,0.0015296994155231368,0.7810646894033219,0.7216748768472906,45.14,MODERATE RISK,130
2022,Telangana,Narayanpet,3550945,46,1.2954298081215,0.2616064848931466,36.9,7.6,29.299999999999997,0.0013030772798900796,0.7810646894033219,0.7216748768472906,45.13,MODERATE RISK,131
2022,Telangana,Railway Police Secunderabad,3550945,1,0.0281615175678586,0.2616064848931466,36.9,7.6,29.299999999999997,2.8327766954132068e-05,0.7810646894033219,0.7216748768472906,45.08,MODERATE RISK,132
2022,Manipur,Total Districts ,364906,52,14.250245268644528,0.1993166287015945,39.6,4.4,35.2,0.014334370512408465,0.5950891498477778,0.8669950738916257,44.44,MODERATE RISK,133
2022,Manipur,Imphal West,595690,25,4.196813778978999,0.1993166287015945,39.6,4.4,35.2,0.004221589351296011,0.5950891498477778,0.8669950738916257,44.03,MODERATE RISK,134
2022,Manipur,Bishnupur,273008,5,1.8314481626912031,0.1993166287015945,39.6,4.4,35.2,0.0018422599782229978,0.5950891498477778,0.8669950738916257,43.94,MODERATE RISK,135
2022,Manipur,Imphal East,524529,9,1.7158250544774456,0.1993166287015945,39.6,4.4,35.2,0.0017259542977461067,0.5950891498477778,0.8669950738916257,43.93,MODERATE RISK,136
2022,Manipur,Kakching,364906,4,1.096172712972656,0.1993166287015945,39.6,4.4,35.2,0.001102643885569882,0.5950891498477778,0.8669950738916257,43.91,MODERATE RISK,137
2022,Manipur,Thoubal,485493,5,1.0298809663579085,0.1993166287015945,39.6,4.4,35.2,0.0010359607906493076,0.5950891498477778,0.8669950738916257,43.9,MODERATE RISK,138
2022,Manipur,Ukhrul,211597,2,0.945192984777667,0.1993166287015945,39.6,4.4,35.2,0.000950772859983278,0.5950891498477778,0.8669950738916257,43.9,MODERATE RISK,138
2022,Manipur,Churachandpur,315264,1,0.3171944782785221,0.1993166287015945,39.6,4.4,35.2,0.00031906701185971387,0.5950891498477778,0.8669950738916257,43.88,MODERATE RISK,139
2022,Manipur,Jiribam,364906,1,0.274043178243164,0.1993166287015945,39.6,4.4,35.2,0.0002756609713924705,0.5950891498477778,0.8669950738916257,43.87,MODERATE RISK,140
2022,Manipur,Chandel,165809,0,0.0,0.1993166287015945,39.6,4.4,35.2,0.0,0.5950891498477778,0.8669950738916257,43.86,MODERATE RISK,141
2022,Manipur,CID,364906,0,0.0,0.1993166287015945,39.6,4.4,35.2,0.0,0.5950891498477778,0.8669950738916257,43.86,MODERATE RISK,141
2022,Manipur,Senapati,551020,0,0.0,0.1993166287015945,39.6,4.4,35.2,0.0,0.5950891498477778,0.8669950738916257,43.86,MODERATE RISK,141
2022,Manipur,Tamenglong,161748,0,0.0,0.1993166287015945,39.6,4.4,35.2,0.0,0.5950891498477778,0.8669950738916257,43.86,MODERATE RISK,141
2022,Manipur,Kamjong,364906,0,0.0,0.1993166287015945,39.6,4.4,35.2,0.0,0.5950891498477778,0.8669950738916257,43.86,MODERATE RISK,141
2022,Manipur,Kangpokpi,364906,0,0.0,0.1993166287015945,39.6,4.4,35.2,0.0,0.5950891498477778,0.8669950738916257,43.86,MODERATE RISK,141
2022,Manipur,Noney,364906,0,0.0,0.1993166287015945,39.6,4.4,35.2,0.0,0.5950891498477778,0.8669950738916257,43.86,MODERATE RISK,141
2022,Manipur,Pherzawl,364906,0,0.0,0.1993166287015945,39.6,4.4,35.2,0.0,0.5950891498477778,0.8669950738916257,43.86,MODERATE RISK,141
2022,Manipur,Tengnoupal,364906,0,0.0,0.1993166287015945,39.6,4.4,35.2,0.0,0.5950891498477778,0.8669950738916257,43.86,MODERATE RISK,141
2022,Manipur,Narcotic,364906,0,0.0,0.1993166287015945,39.6,4.4,35.2,0.0,0.5950891498477778,0.8669950738916257,43.86,MODERATE RISK,141
2022,Odisha,Total Districts ,1638572,7062,430.9850284271915,0.0744934445768772,30.4,5.4,25.0,0.4335293159037602,0.22241114999418898,0.6157635467980296,42.49,MODERATE RISK,142
2022,Maharashtra,Total Districts ,3417201,14473,423.5337634514329,0.1064679265371306,25.2,3.7,21.5,0.4260340629495059,0.31787567500899566,0.5295566502463054,42.46,MODERATE RISK,143
2022,Jharkhand,Jamshedpur,1648218,160,9.707453747016476,0.2265305090743642,31.5,2.9,28.6,0.009764760965060772,0.6763401976935469,0.7044334975369458,41.81,MODERATE RISK,144
2022,Jharkhand,Pakur,1035485,88,8.49843310139693,0.2265305090743642,31.5,2.9,28.6,0.00854860295761966,0.6763401976935469,0.7044334975369458,41.77,MODERATE RISK,145
2022,Jharkhand,Ranchi,3351390,268,7.996681973748206,0.2265305090743642,31.5,2.9,28.6,0.008043889780186771,0.6763401976935469,0.7044334975369458,41.74,MODERATE RISK,146
2022,Jharkhand,Garhwa,1521201,116,7.6255537565384195,0.2265305090743642,31.5,2.9,28.6,0.007670570635652446,0.6763401976935469,0.7044334975369458,41.73,MODERATE RISK,147
2022,Jharkhand,Hazaribagh,1994669,143,7.169109260734488,0.2265305090743642,31.5,2.9,28.6,0.007211431554334348,0.6763401976935469,0.7044334975369458,41.71,MODERATE RISK,148
2022,Jharkhand,Khunti,611667,42,6.866481271672331,0.2265305090743642,31.5,2.9,28.6,0.0069070170238569595,0.6763401976935469,0.7044334975369458,41.7,MODERATE RISK,149
2022,Jharkhand,Godda,1510583,95,6.288962605828346,0.2265305090743642,31.5,2.9,28.6,0.006326089020304995,0.6763401976935469,0.7044334975369458,41.68,MODERATE RISK,150
2022,Jharkhand,Latehar,836024,54,6.459144713548893,0.2265305090743642,31.5,2.9,28.6,0.0064972757852104785,0.6763401976935469,0.7044334975369458,41.68,MODERATE RISK,150
2022,Jharkhand,Giridih,2812295,175,6.22267578614619,0.2265305090743642,31.5,2.9,28.6,0.006259410881402785,0.6763401976935469,0.7044334975369458,41.67,MODERATE RISK,151
2022,Jharkhand,Bokaro,2371679,137,5.776498421582348,0.2265305090743642,31.5,2.9,28.6,0.005810599542556516,0.6763401976935469,0.7044334975369458,41.66,MODERATE RISK,152
2022,Jharkhand,Gumla,1178994,67,5.682810938817331,0.2265305090743642,31.5,2.9,28.6,0.0057163589828320045,0.6763401976935469,0.7044334975369458,41.65,MODERATE RISK,153
2022,Jharkhand,Deoghar,1715883,92,5.361670929777846,0.2265305090743642,31.5,2.9,28.6,0.0053933231480692775,0.6763401976935469,0.7044334975369458,41.64,MODERATE RISK,154
2022,Jharkhand,Palamu,2230849,108,4.841206195488803,0.2265305090743642,31.5,2.9,28.6,0.0048697858896364615,0.6763401976935469,0.7044334975369458,41.62,MODERATE RISK,155
2022,Jharkhand,Sahebganj,1648218,80,4.853726873508237,0.2265305090743642,31.5,2.9,28.6,0.004882380482530385,0.6763401976935469,0.7044334975369458,41.62,MODERATE RISK,155
2022,Jharkhand,Simdega,689514,33,4.785979690042551,0.2265305090743642,31.5,2.9,28.6,0.004814233358697644,0.6763401976935469,0.7044334975369458,41.62,MODERATE RISK,155
2022,Jharkhand,Dhanbad,3087160,146,4.72926573290662,0.2265305090743642,31.5,2.9,28.6,0.0047571845950107414,0.6763401976935469,0.7044334975369458,41.61,MODERATE RISK,156
2022,Jharkhand,Koderma,1648218,71,4.307682600238561,0.2265305090743642,31.5,2.9,28.6,0.0043331126782457175,0.6763401976935469,0.7044334975369458,41.6,MODERATE RISK,157
2022,Jharkhand,Jamtara,909698,38,4.177210458855576,0.2265305090743642,31.5,2.9,28.6,0.00420187030445681,0.6763401976935469,0.7044334975369458,41.59,MODERATE RISK,158
2022,Jharkhand,Chatra,1199318,47,3.918893904702506,0.2265305090743642,31.5,2.9,28.6,0.003942028798088763,0.6763401976935469,0.7044334975369458,41.58,MODERATE RISK,159
2022,Jharkhand,Ramgarh,1091859,42,3.846650529051829,0.2265305090743642,31.5,2.9,28.6,0.0038693589391409658,0.6763401976935469,0.7044334975369458,41.58,MODERATE RISK,159
2022,Jharkhand,Chaibasa,1648218,51,3.0942508818615013,0.2265305090743642,31.5,2.9,28.6,0.0031125175576131206,0.6763401976935469,0.7044334975369458,41.55,MODERATE RISK,160
2022,Jharkhand,Dumka,1519658,49,3.224409702709426,0.2265305090743642,31.5,2.9,28.6,0.0032434447612029165,0.6763401976935469,0.7044334975369458,41.55,MODERATE RISK,160
2022,Jharkhand,Lohardagga,1648218,41,2.487535022672972,0.2265305090743642,31.5,2.9,28.6,0.0025022199972968232,0.6763401976935469,0.7044334975369458,41.52,MODERATE RISK,161
2022,Jharkhand,Saraikela,1648218,36,2.184177093078707,0.2265305090743642,31.5,2.9,28.6,0.0021970712171386735,0.6763401976935469,0.7044334975369458,41.51,MODERATE RISK,162
2022,Jharkhand,Dhanbad Railway,1648218,0,0.0,0.2265305090743642,31.5,2.9,28.6,0.0,0.6763401976935469,0.7044334975369458,41.42,MODERATE RISK,163
2022,Jharkhand,Jamshedpur Railway,1648218,0,0.0,0.2265305090743642,31.5,2.9,28.6,0.0,0.6763401976935469,0.7044334975369458,41.42,MODERATE RISK,163
2022,Chhattisgarh,Total Districts ,1885744,2252,119.42236061734783,0.2034342762063228,29.6,6.8,22.8,0.12012736147932632,0.607382992910065,0.5615763546798029,39.87,MODERATE RISK,164
2022,Delhi,North,50265,337,670.4466328459166,0.0637484062898427,12.5,5.3,7.2,0.6744045637696023,0.19033025568563483,0.17733990147783252,38.01,MODERATE RISK,165
2022,Chhattisgarh,Bilaspur,439249,302,68.75371372501702,0.2034342762063228,29.6,6.8,22.8,0.06915959606723324,0.607382992910065,0.5615763546798029,37.84,MODERATE RISK,166
2022,Chhattisgarh,Bilaspur,3063173,302,9.859057911518548,0.2034342762063228,29.6,6.8,22.8,0.009917260113266909,0.607382992910065,0.5615763546798029,35.47,MODERATE RISK,167
2022,Tamil Nadu,Total Districts ,2769939,1494,53.936205815362726,0.1012022523208035,38.1,5.3,32.800000000000004,0.05425461412177294,0.3021542291207009,0.8078817733990149,35.47,MODERATE RISK,167
2022,Chhattisgarh,Jashpur,979419,77,7.861803783671748,0.2034342762063228,29.6,6.8,22.8,0.007908215346929603,0.607382992910065,0.5615763546798029,35.39,MODERATE RISK,168
2022,Andhra Pradesh,NTR,4427452,1258,28.413633846284498,0.171096840622121,30.0,4.4,25.6,0.028581371581914736,0.5108348163960501,0.6305418719211823,35.38,MODERATE RISK,169
2022,Chhattisgarh,Raipur,4673452,300,6.4192378567277455,0.2034342762063228,29.6,6.8,22.8,0.006457133341282257,0.607382992910065,0.5615763546798029,35.33,MODERATE RISK,170
2022,Chhattisgarh,Sarguja,1885744,123,6.522624491977702,0.2034342762063228,29.6,6.8,22.8,0.00656113031170388,0.607382992910065,0.5615763546798029,35.33,MODERATE RISK,170
2022,Chhattisgarh,Korba,1387636,83,5.981395697430739,0.2034342762063228,29.6,6.8,22.8,0.006016706413955886,0.607382992910065,0.5615763546798029,35.31,MODERATE RISK,171
2022,Chhattisgarh,Raigarh,1718081,100,5.8204473479422685,0.2034342762063228,29.6,6.8,22.8,0.005854807918074924,0.607382992910065,0.5615763546798029,35.3,MODERATE RISK,172
2022,Chhattisgarh,Durg,3845452,215,5.591020249375106,0.2034342762063228,29.6,6.8,22.8,0.00562402641400602,0.607382992910065,0.5615763546798029,35.29,MODERATE RISK,173
2022,Chhattisgarh,Narayanpur,160793,9,5.597258587127549,0.2034342762063228,29.6,6.8,22.8,0.0056303015793129525,0.607382992910065,0.5615763546798029,35.29,MODERATE RISK,173
2022,Chhattisgarh,Janjgir,1885744,101,5.355976208859739,0.2034342762063228,29.6,6.8,22.8,0.005387594808797496,0.607382992910065,0.5615763546798029,35.28,MODERATE RISK,174
2022,Chhattisgarh,Surajpur,1885744,95,5.037799404373022,0.2034342762063228,29.6,6.8,22.8,0.005067539671641208,0.607382992910065,0.5615763546798029,35.27,MODERATE RISK,175
2022,Chhattisgarh,Koriya,757754,36,4.7508822124330585,0.2034342762063228,29.6,6.8,22.8,0.0047789286857870365,0.607382992910065,0.5615763546798029,35.26,MODERATE RISK,176
2022,Chhattisgarh,Dhamtari,919748,34,3.696664738602313,0.2034342762063228,29.6,6.8,22.8,0.003718487718936044,0.607382992910065,0.5615763546798029,35.22,MODERATE RISK,177
2022,Chhattisgarh,Sakti,1885744,70,3.712062719011701,0.2034342762063228,29.6,6.8,22.8,0.0037339766001566804,0.607382992910065,0.5615763546798029,35.22,MODERATE RISK,177
2022,Chhattisgarh,Balrampur,2470964,85,3.439952990007139,0.2034342762063228,29.6,6.8,22.8,0.003460260491973971,0.607382992910065,0.5615763546798029,35.21,MODERATE RISK,178
2022,Chhattisgarh,Kabirdham,1885744,60,3.181768044867172,0.2034342762063228,29.6,6.8,22.8,0.003200551371562869,0.607382992910065,0.5615763546798029,35.2,MODERATE RISK,179
2022,Chhattisgarh,Raigarh,3029329,100,3.3010610600565338,0.2034342762063228,29.6,6.8,22.8,0.0033205486240332704,0.607382992910065,0.5615763546798029,35.2,MODERATE RISK,179
2022,Chhattisgarh,Sarangarh-Bilaigarh,1885744,55,2.916620707794908,0.2034342762063228,29.6,6.8,22.8,0.0029338387572659633,0.607382992910065,0.5615763546798029,35.19,MODERATE RISK,180
2022,Chhattisgarh,Balodbazar,1885744,52,2.757532305551549,0.2034342762063228,29.6,6.8,22.8,0.0027738111886878194,0.607382992910065,0.5615763546798029,35.18,MODERATE RISK,181
2022,Chhattisgarh,Jagdalpur,1885744,53,2.8105617729660017,0.2034342762063228,29.6,6.8,22.8,0.0028271537115472007,0.607382992910065,0.5615763546798029,35.18,MODERATE RISK,181
2022,Chhattisgarh,Rajnandgaon,1767702,48,2.715389811178581,0.2034342762063228,29.6,6.8,22.8,0.0027314199092907964,0.607382992910065,0.5615763546798029,35.18,MODERATE RISK,181
2022,Chhattisgarh,Manendragarh-Chirmiri-Bharatpur,1885744,50,2.651473370722643,0.2034342762063228,29.6,6.8,22.8,0.002667126142969057,0.607382992910065,0.5615763546798029,35.18,MODERATE RISK,181
2022,Chhattisgarh,Balod,1885744,44,2.333296566235926,0.2034342762063228,29.6,6.8,22.8,0.0023470710058127705,0.607382992910065,0.5615763546798029,35.16,MODERATE RISK,182
2022,Chhattisgarh,Kanker,1885744,44,2.333296566235926,0.2034342762063228,29.6,6.8,22.8,0.0023470710058127705,0.607382992910065,0.5615763546798029,35.16,MODERATE RISK,182
2022,Chhattisgarh,Gariyaband,1885744,37,1.962090294334756,0.2034342762063228,29.6,6.8,22.8,0.0019736733457971023,0.607382992910065,0.5615763546798029,35.15,MODERATE RISK,183
2022,Chhattisgarh,Mahasamund,1187667,24,2.0207684477214576,0.2034342762063228,29.6,6.8,22.8,0.002032697901218591,0.607382992910065,0.5615763546798029,35.15,MODERATE RISK,183
2022,Chhattisgarh,Bemetra,1885744,27,1.431795620190227,0.2034342762063228,29.6,6.8,22.8,0.0014402481172032906,0.607382992910065,0.5615763546798029,35.13,MODERATE RISK,184
2022,Chhattisgarh,Mungali,1885744,30,1.5908840224335858,0.2034342762063228,29.6,6.8,22.8,0.0016002756857814342,0.607382992910065,0.5615763546798029,35.13,MODERATE RISK,184
2022,Chhattisgarh,Gaurela-Pendra-Marwari,1885744,18,0.9545304134601515,0.2034342762063228,29.6,6.8,22.8,0.0009601654114688606,0.607382992910065,0.5615763546798029,35.11,MODERATE RISK,185
2022,Chhattisgarh,Khairagarh - Chhuikhadan-Gandai,1885744,19,1.0075598808746042,0.2034342762063228,29.6,6.8,22.8,0.0010135079343282416,0.607382992910065,0.5615763546798029,35.11,MODERATE RISK,185
2022,Chhattisgarh,Bizapur,1885744,14,0.7424125438023401,0.2034342762063228,29.6,6.8,22.8,0.000746795320031336,0.607382992910065,0.5615763546798029,35.1,MODERATE RISK,186
2022,Chhattisgarh,Kondagaon,1885744,13,0.6893830763878872,0.2034342762063228,29.6,6.8,22.8,0.0006934527971719549,0.607382992910065,0.5615763546798029,35.1,MODERATE RISK,186
2022,Chhattisgarh,Mohla-Manpur-Ambagarh Chouki,1885744,13,0.6893830763878872,0.2034342762063228,29.6,6.8,22.8,0.0006934527971719549,0.607382992910065,0.5615763546798029,35.1,MODERATE RISK,186
2022,Chhattisgarh,Dantewara,1885744,10,0.5302946741445287,0.2034342762063228,29.6,6.8,22.8,0.0005334252285938114,0.607382992910065,0.5615763546798029,35.09,MODERATE RISK,187
2022,Chhattisgarh,Sukma,1885744,11,0.5833241415589815,0.2034342762063228,29.6,6.8,22.8,0.0005867677514531926,0.607382992910065,0.5615763546798029,35.09,MODERATE RISK,187
2022,Chhattisgarh,GRP Raipur,1885744,0,0.0,0.2034342762063228,29.6,6.8,22.8,0.0,0.607382992910065,0.5615763546798029,35.07,MODERATE RISK,188
2022,Andhra Pradesh,Guntur,5620984,1089,19.373832055028085,0.171096840622121,30.0,4.4,25.6,0.01948820400537318,0.5108348163960501,0.6305418719211823,35.02,MODERATE RISK,189
2022,Andhra Pradesh,Sri Potti Sriramulu Nellore,3408090,602,17.663852773841064,0.171096840622121,30.0,4.4,25.6,0.017768129990997413,0.5108348163960501,0.6305418719211823,34.95,MODERATE RISK,190
2022,Andhra Pradesh,Visakhapatnam,4934177,789,15.990508650176109,0.171096840622121,30.0,4.4,25.6,0.01608490740702174,0.5108348163960501,0.6305418719211823,34.88,MODERATE RISK,191
2022,Andhra Pradesh,Eluru,4427452,689,15.56199818767092,0.171096840622121,30.0,4.4,25.6,0.015653867265452506,0.5108348163960501,0.6305418719211823,34.87,MODERATE RISK,192
2022,Andhra Pradesh,Krishna,5195007,806,15.51489728502772,0.171096840622121,30.0,4.4,25.6,0.01560648830619753,0.5108348163960501,0.6305418719211823,34.87,MODERATE RISK,192
2022,Andhra Pradesh,Prakasam,3907065,563,14.409793540675674,0.171096840622121,30.0,4.4,25.6,0.014494860665580861,0.5108348163960501,0.6305418719211823,34.82,MODERATE RISK,193
2022,Andhra Pradesh,Vizianagaram,2696145,352,13.055677643450188,0.171096840622121,30.0,4.4,25.6,0.013132750847704103,0.5108348163960501,0.6305418719211823,34.77,MODERATE RISK,194
2022,Delhi,Total Districts ,1058850,6244,589.6963687018936,0.0637484062898427,12.5,5.3,7.2,0.5931775965564703,0.19033025568563483,0.17733990147783252,34.76,MODERATE RISK,195
2022,Andhra Pradesh,Srikakulam,3108581,390,12.545917252920225,0.171096840622121,30.0,4.4,25.6,0.012619981125313103,0.5108348163960501,0.6305418719211823,34.75,MODERATE RISK,196
2022,Andhra Pradesh,East Godavari,5927440,700,11.809482677175982,0.171096840622121,30.0,4.4,25.6,0.01187919906382158,0.5108348163960501,0.6305418719211823,34.72,MODERATE RISK,197
2022,Andhra Pradesh,West Godavari,4527510,506,11.176121090842429,0.171096840622121,30.0,4.4,25.6,0.011242098475327955,0.5108348163960501,0.6305418719211823,34.69,MODERATE RISK,198
2022,Andhra Pradesh,YSR,3314839,368,11.10159497942434,0.171096840622121,30.0,4.4,25.6,0.011167132404655014,0.5108348163960501,0.6305418719211823,34.69,MODERATE RISK,198
2022,Andhra Pradesh,Bapatla,4427452,472,10.66075928095889,0.171096840622121,30.0,4.4,25.6,0.010723694266028424,0.5108348163960501,0.6305418719211823,34.67,MODERATE RISK,199
2022,Andhra Pradesh,Kakinada,4427452,435,9.825064167832874,0.171096840622121,30.0,4.4,25.6,0.009883065690089753,0.5108348163960501,0.6305418719211823,34.64,MODERATE RISK,200
2022,Andhra Pradesh,Dr BR Ambedkar Konaseema,4427452,412,9.305578016430218,0.171096840622121,30.0,4.4,25.6,0.009360512791533285,0.5108348163960501,0.6305418719211823,34.62,MODERATE RISK,201
2022,Andhra Pradesh,Palnadu,4427452,412,9.305578016430218,0.171096840622121,30.0,4.4,25.6,0.009360512791533285,0.5108348163960501,0.6305418719211823,34.62,MODERATE RISK,201
2022,Andhra Pradesh,Tirupati,4427452,414,9.35075072524784,0.171096840622121,30.0,4.4,25.6,0.009405952174016456,0.5108348163960501,0.6305418719211823,34.62,MODERATE RISK,201
2022,Andhra Pradesh,Annamayya,4427452,375,8.469882903304203,0.171096840622121,30.0,4.4,25.6,0.008519884215594615,0.5108348163960501,0.6305418719211823,34.58,MODERATE RISK,202
2022,Andhra Pradesh,Anantapuramu,4427452,357,8.0633285239456,0.171096840622121,30.0,4.4,25.6,0.008110929773246072,0.5108348163960501,0.6305418719211823,34.57,MODERATE RISK,203
2022,Andhra Pradesh,Chittoor,4800173,371,7.728888104657895,0.171096840622121,30.0,4.4,25.6,0.007774515010270474,0.5108348163960501,0.6305418719211823,34.55,MODERATE RISK,204
2022,Andhra Pradesh,Kurnool,4661482,360,7.722865818209745,0.171096840622121,30.0,4.4,25.6,0.0077684571717103485,0.5108348163960501,0.6305418719211823,34.55,MODERATE RISK,204
2022,Andhra Pradesh,Anakapalli,4427452,318,7.182460702001964,0.171096840622121,30.0,4.4,25.6,0.007224861814824234,0.5108348163960501,0.6305418719211823,34.53,MODERATE RISK,205
2022,Andhra Pradesh,Sri Sathya Sai,4427452,276,6.233833816831893,0.171096840622121,30.0,4.4,25.6,0.006270634782677637,0.5108348163960501,0.6305418719211823,34.49,MODERATE RISK,206
2022,Andhra Pradesh,Nandyal,4427452,161,3.636403059818605,0.171096840622121,30.0,4.4,25.6,0.003657870289895289,0.5108348163960501,0.6305418719211823,34.39,MODERATE RISK,207
2022,Andhra Pradesh,Parvathipuram Manyam,4427452,121,2.732948883466156,0.171096840622121,30.0,4.4,25.6,0.0027490826402318627,0.5108348163960501,0.6305418719211823,34.35,MODERATE RISK,208
2022,Andhra Pradesh,Alluri Sitharama Raju,4427452,95,2.145703668837065,0.171096840622121,30.0,4.4,25.6,0.0021583706679506364,0.5108348163960501,0.6305418719211823,34.33,MODERATE RISK,209
2022,Andhra Pradesh,Guntakal Railway,4427452,1,0.0225863544088112,0.171096840622121,30.0,4.4,25.6,2.2719691241585635e-05,0.5108348163960501,0.6305418719211823,34.24,MODERATE RISK,210
2022,Andhra Pradesh,Viiayawada Railway,4427452,1,0.0225863544088112,0.171096840622121,30.0,4.4,25.6,2.2719691241585635e-05,0.5108348163960501,0.6305418719211823,34.24,MODERATE RISK,210
2022,West Bengal,Murshidabad Police District,4419516,1518,34.3476525483786,0.1918958985340141,27.0,5.9,21.1,0.034550421314029904,0.572933467025716,0.5197044334975369,34.16,MODERATE RISK,211
2022,Assam,Kamrup,1745173,519,29.73917199039866,0.1518562906505433,32.0,5.9,26.1,0.029914734940078888,0.45338932075538324,0.6428571428571429,34.08,MODERATE RISK,212
2022,Assam,Guwahati City,1324826,391,29.51330967236452,0.1518562906505433,32.0,5.9,26.1,0.029687539260954923,0.45338932075538324,0.6428571428571429,34.07,MODERATE RISK,213
2022,West Bengal,Baruipur Police,4419516,1422,32.175468988006834,0.1918958985340141,27.0,5.9,21.1,0.03236541443251023,0.572933467025716,0.5197044334975369,34.07,MODERATE RISK,213
2022,West Bengal,Barrackpur PC,4419516,1382,31.2703925045186,0.1918958985340141,27.0,5.9,21.1,0.0314549948985437,0.572933467025716,0.5197044334975369,34.04,MODERATE RISK,214
2022,Assam,Darrang,1067775,293,27.440237877830068,0.1518562906505433,32.0,5.9,26.1,0.027602229244076387,0.45338932075538324,0.6428571428571429,33.99,MODERATE RISK,215
2022,Assam,Cachar,1997109,513,25.687130747495505,0.1518562906505433,32.0,5.9,26.1,0.025838772778561735,0.45338932075538324,0.6428571428571429,33.92,MODERATE RISK,216
2022,West Bengal,Purba Bardhaman,4419516,1118,25.296887713496226,0.1918958985340141,27.0,5.9,21.1,0.025446225974364578,0.572933467025716,0.5197044334975369,33.8,MODERATE RISK,217
2022,Assam,Karimganj,1412988,308,21.79777889125739,0.1518562906505433,32.0,5.9,26.1,0.021926460428183237,0.45338932075538324,0.6428571428571429,33.76,MODERATE RISK,218
2022,Assam,Goalpara,1159410,247,21.30393907245927,0.1518562906505433,32.0,5.9,26.1,0.02142970526341362,0.45338932075538324,0.6428571428571429,33.74,MODERATE RISK,219
2022,Assam,Morigaon,1101036,229,20.79859332483225,0.1518562906505433,32.0,5.9,26.1,0.020921376245435618,0.45338932075538324,0.6428571428571429,33.72,MODERATE RISK,220
2022,Assam,Hojai,1324826,274,20.68196125377974,0.1518562906505433,32.0,5.9,26.1,0.020804055645784265,0.45338932075538324,0.6428571428571429,33.72,MODERATE RISK,220
2022,Gujarat,Total Districts ,2894401,2798,96.66939722588543,0.2052152471669115,17.0,1.5,15.5,0.0972400776915778,0.6127003440098925,0.3817733990147783,33.72,MODERATE RISK,220
2022,West Bengal,Purab Medinipur,4419516,918,20.771505296055043,0.1918958985340141,27.0,5.9,21.1,0.02089412830453192,0.572933467025716,0.5197044334975369,33.61,MODERATE RISK,221
2022,Assam,Hailakandi,758190,134,17.6736701882114,0.1518562906505433,32.0,5.9,26.1,0.017778005361730007,0.45338932075538324,0.6428571428571429,33.6,MODERATE RISK,222
2022,West Bengal,Malda,4419516,905,20.477355438921364,0.1918958985340141,27.0,5.9,21.1,0.020598241955992795,0.572933467025716,0.5197044334975369,33.6,MODERATE RISK,222
2022,Assam,Nalbari,887384,148,16.678236253977985,0.1518562906505433,32.0,5.9,26.1,0.016776694958650647,0.45338932075538324,0.6428571428571429,33.56,MODERATE RISK,223
2022,West Bengal,Sundarban Police,4419516,827,18.712456296119303,0.1918958985340141,27.0,5.9,21.1,0.018822923864758055,0.572933467025716,0.5197044334975369,33.53,MODERATE RISK,224
2022,Tamil Nadu,Theni,1432783,77,5.374156449371608,0.1012022523208035,38.1,5.3,32.800000000000004,0.005405882374982425,0.3021542291207009,0.8078817733990149,33.52,MODERATE RISK,225
2022,Assam,Dhubri,2241646,340,15.1674260788724,0.1518562906505433,32.0,5.9,26.1,0.015256965830090872,0.45338932075538324,0.6428571428571429,33.5,MODERATE RISK,226
2022,West Bengal,Barasat,4419516,795,17.988395109328714,0.1918958985340141,27.0,5.9,21.1,0.018094588237584832,0.572933467025716,0.5197044334975369,33.5,MODERATE RISK,226
2022,Assam,Tinsukia,1527118,224,14.66815269023088,0.1518562906505433,32.0,5.9,26.1,0.014754745018809776,0.45338932075538324,0.6428571428571429,33.48,MODERATE RISK,227
2022,West Bengal,Krishnagar,4419516,768,17.377468482974155,0.1918958985340141,27.0,5.9,21.1,0.017480055052157422,0.572933467025716,0.5197044334975369,33.48,MODERATE RISK,227
2022,Assam,Barpeta,1947665,278,14.273501859919444,0.1518562906505433,32.0,5.9,26.1,0.014357764397208737,0.45338932075538324,0.6428571428571429,33.46,MODERATE RISK,228
2022,West Bengal,Kolkata,5171198,875,16.920643920422307,0.1918958985340141,27.0,5.9,21.1,0.017020533660396145,0.572933467025716,0.5197044334975369,33.46,MODERATE RISK,228
2022,West Bengal,Ranaghat,4419516,747,16.90230332914283,0.1918958985340141,27.0,5.9,21.1,0.017002084796824992,0.572933467025716,0.5197044334975369,33.46,MODERATE RISK,228
2022,Assam,Lakhimpur,1198457,166,13.85114359547318,0.1518562906505433,32.0,5.9,26.1,0.013932912772733758,0.45338932075538324,0.6428571428571429,33.44,MODERATE RISK,229
2022,West Bengal,Diamond Harbour Police,4419516,722,16.336630526962683,0.1918958985340141,27.0,5.9,21.1,0.016433072588095912,0.572933467025716,0.5197044334975369,33.44,MODERATE RISK,229
2022,Assam,Kokrajhar,1020213,137,13.428568347982235,0.1518562906505433,32.0,5.9,26.1,0.013507842884271122,0.45338932075538324,0.6428571428571429,33.43,MODERATE RISK,230
2022,Tamil Nadu,Trichy,2769939,86,3.1047615127986576,0.1012022523208035,38.1,5.3,32.800000000000004,0.003123090237264038,0.3021542291207009,0.8078817733990149,33.43,MODERATE RISK,230
2022,Assam,Bongaigaon,849624,112,13.182301818216056,0.1518562906505433,32.0,5.9,26.1,0.013260122538696378,0.45338932075538324,0.6428571428571429,33.42,MODERATE RISK,231
2022,Tamil Nadu,Madurai City,3493989,99,2.8334376553560987,0.1012022523208035,38.1,5.3,32.800000000000004,0.0028501646399765835,0.3021542291207009,0.8078817733990149,33.42,MODERATE RISK,231
2022,Tamil Nadu,Chennai,5343741,144,2.6947413806170624,0.1012022523208035,38.1,5.3,32.800000000000004,0.002710649582283176,0.3021542291207009,0.8078817733990149,33.41,MODERATE RISK,232
2022,Tamil Nadu,Dindigul,2483741,65,2.617020051607635,0.1012022523208035,38.1,5.3,32.800000000000004,0.002632469431293824,0.3021542291207009,0.8078817733990149,33.41,MODERATE RISK,232
2022,Tamil Nadu,Cuddalore,2996801,74,2.4692997633142806,0.1012022523208035,38.1,5.3,32.800000000000004,0.0024838770874654743,0.3021542291207009,0.8078817733990149,33.4,MODERATE RISK,233
2022,Assam,Sonitpur,2212726,277,12.51849528590526,0.1518562906505433,32.0,5.9,26.1,0.012592397274792546,0.45338932075538324,0.6428571428571429,33.39,MODERATE RISK,234
2022,Tamil Nadu,Perambalur,650006,15,2.307671006113789,0.1012022523208035,38.1,5.3,32.800000000000004,0.0023212941671370913,0.3021542291207009,0.8078817733990149,33.39,MODERATE RISK,234
2022,Tamil Nadu,Ariyalur,868128,17,1.9582365734085296,0.1012022523208035,38.1,5.3,32.800000000000004,0.0019697968747212327,0.3021542291207009,0.8078817733990149,33.38,MODERATE RISK,235
2022,Tamil Nadu,Karur,1224166,25,2.042206694190167,0.1012022523208035,38.1,5.3,32.800000000000004,0.002054262706751797,0.3021542291207009,0.8078817733990149,33.38,MODERATE RISK,235
2022,Tamil Nadu,Thanjavur,2766773,57,2.060161784143477,0.1012022523208035,38.1,5.3,32.800000000000004,0.0020723237932188973,0.3021542291207009,0.8078817733990149,33.38,MODERATE RISK,235
2022,West Bengal,Coochbehar,4419516,657,14.865881241294296,0.1918958985340141,27.0,5.9,21.1,0.014953640845400296,0.572933467025716,0.5197044334975369,33.38,MODERATE RISK,235
2022,West Bengal,Basirhat,4419516,664,15.024269625904738,0.1918958985340141,27.0,5.9,21.1,0.015112964263844439,0.572933467025716,0.5197044334975369,33.38,MODERATE RISK,235
2022,West Bengal,Bangaon,4419516,657,14.865881241294296,0.1918958985340141,27.0,5.9,21.1,0.014953640845400296,0.572933467025716,0.5197044334975369,33.38,MODERATE RISK,235
2022,Tamil Nadu,Madurai,3493989,60,1.71723494264006,0.1012022523208035,38.1,5.3,32.800000000000004,0.0017273725090767172,0.3021542291207009,0.8078817733990149,33.37,MODERATE RISK,236
2022,Tamil Nadu,Sivagangai,2769939,48,1.7328901466783204,0.1012022523208035,38.1,5.3,32.800000000000004,0.0017431201324264397,0.3021542291207009,0.8078817733990149,33.37,MODERATE RISK,236
2022,Tamil Nadu,Thiruvarur,1453918,24,1.6507120759217508,0.1012022523208035,38.1,5.3,32.800000000000004,0.0016604569296525527,0.3021542291207009,0.8078817733990149,33.37,MODERATE RISK,236
2022,Tamil Nadu,Virudhunagar,2233631,38,1.7012657865153198,0.1012022523208035,38.1,5.3,32.800000000000004,0.0017113090802481485,0.3021542291207009,0.8078817733990149,33.37,MODERATE RISK,236
2022,Tamil Nadu,Nagapattinam,1858917,27,1.4524586089642515,0.1012022523208035,38.1,5.3,32.800000000000004,0.0014610330883667222,0.3021542291207009,0.8078817733990149,33.36,MODERATE RISK,237
2022,Tamil Nadu,Pudukottai,2769939,38,1.371871366120337,0.1012022523208035,38.1,5.3,32.800000000000004,0.0013799701048375981,0.3021542291207009,0.8078817733990149,33.36,MODERATE RISK,237
2022,Tamil Nadu,Thoothukudi,2769939,43,1.5523807563993288,0.1012022523208035,38.1,5.3,32.800000000000004,0.001561545118632019,0.3021542291207009,0.8078817733990149,33.36,MODERATE RISK,237
2022,Tamil Nadu,Villupuram,2769939,43,1.5523807563993288,0.1012022523208035,38.1,5.3,32.800000000000004,0.001561545118632019,0.3021542291207009,0.8078817733990149,33.36,MODERATE RISK,237
2022,Tamil Nadu,Tambaram,2769939,39,1.4079732441761352,0.1012022523208035,38.1,5.3,32.800000000000004,0.0014162851075964823,0.3021542291207009,0.8078817733990149,33.36,MODERATE RISK,237
2022,West Bengal,Hooghly Rural Police,4419516,634,14.34546226328856,0.1918958985340141,27.0,5.9,21.1,0.014430149613369539,0.572933467025716,0.5197044334975369,33.36,MODERATE RISK,237
2022,Tamil Nadu,Thirunelveli,2769939,34,1.2274638538971434,0.1012022523208035,38.1,5.3,32.800000000000004,0.0012347100938020614,0.3021542291207009,0.8078817733990149,33.35,MODERATE RISK,238
2022,Tamil Nadu,Avadi,2769939,31,1.1191582197297485,0.1012022523208035,38.1,5.3,32.800000000000004,0.001125765085525409,0.3021542291207009,0.8078817733990149,33.35,MODERATE RISK,238
2022,West Bengal,Jangipur Police District,4419516,628,14.209700790765323,0.1918958985340141,27.0,5.9,21.1,0.014293586683274559,0.572933467025716,0.5197044334975369,33.35,MODERATE RISK,238
2022,Assam,Nagaon,3247333,363,11.178403939478953,0.1518562906505433,32.0,5.9,26.1,0.011244394800588522,0.45338932075538324,0.6428571428571429,33.34,MODERATE RISK,239
2022,Tamil Nadu,Coimbatore City,3976751,42,1.056138541236301,0.1012022523208035,38.1,5.3,32.800000000000004,0.001062373375132493,0.3021542291207009,0.8078817733990149,33.34,MODERATE RISK,239
2022,Tamil Nadu,Dharmapuri,1732869,18,1.0387398008735802,0.1012022523208035,38.1,5.3,32.800000000000004,0.0010448719226236578,0.3021542291207009,0.8078817733990149,33.34,MODERATE RISK,239
2022,Tamil Nadu,Ramnathapuram,2769939,25,0.9025469513949586,0.1012022523208035,38.1,5.3,32.800000000000004,0.0009078750689721041,0.3021542291207009,0.8078817733990149,33.34,MODERATE RISK,239
2022,Tamil Nadu,Trichy City,2769939,24,0.8664450733391602,0.1012022523208035,38.1,5.3,32.800000000000004,0.0008715600662132199,0.3021542291207009,0.8078817733990149,33.34,MODERATE RISK,239
2022,Tamil Nadu,Kallakurichi,2769939,27,0.9747507075065552,0.1012022523208035,38.1,5.3,32.800000000000004,0.0009805050744898724,0.3021542291207009,0.8078817733990149,33.34,MODERATE RISK,239
2022,Tamil Nadu,Coimbatore,3976751,32,0.8046769837990863,0.1012022523208035,38.1,5.3,32.800000000000004,0.0008094273334342801,0.3021542291207009,0.8078817733990149,33.33,MODERATE RISK,240
2022,Tamil Nadu,Namakkal,1985591,12,0.604354068889313,0.1012022523208035,38.1,5.3,32.800000000000004,0.0006079218273669099,0.3021542291207009,0.8078817733990149,33.33,MODERATE RISK,240
2022,Tamil Nadu,Thiruvallur,4287319,34,0.7930363940728461,0.1012022523208035,38.1,5.3,32.800000000000004,0.0007977180243681398,0.3021542291207009,0.8078817733990149,33.33,MODERATE RISK,240
2022,Tamil Nadu,Thiruvannamalai,2769939,18,0.6498338050043702,0.1012022523208035,38.1,5.3,32.800000000000004,0.0006536700496599149,0.3021542291207009,0.8078817733990149,33.33,MODERATE RISK,240
2022,Tamil Nadu,Tiruppur,2850909,21,0.7366071663458919,0.1012022523208035,38.1,5.3,32.800000000000004,0.0007409556709687183,0.3021542291207009,0.8078817733990149,33.33,MODERATE RISK,240
2022,Tamil Nadu,Tenkasi,2769939,23,0.8303431952833619,0.1012022523208035,38.1,5.3,32.800000000000004,0.0008352450634543357,0.3021542291207009,0.8078817733990149,33.33,MODERATE RISK,240
2022,Tamil Nadu,Erode,2589505,14,0.5406438682296424,0.1012022523208035,38.1,5.3,32.800000000000004,0.000543835518362456,0.3021542291207009,0.8078817733990149,33.32,MODERATE RISK,241
2022,Tamil Nadu,Krishnagiri,2161780,10,0.4625817613263144,0.1012022523208035,38.1,5.3,32.800000000000004,0.0004653125777227138,0.3021542291207009,0.8078817733990149,33.32,MODERATE RISK,241
2022,Tamil Nadu,Nilgiris,2769939,10,0.3610187805579834,0.1012022523208035,38.1,5.3,32.800000000000004,0.0003631500275888416,0.3021542291207009,0.8078817733990149,33.32,MODERATE RISK,241
2022,Tamil Nadu,Salem,4004364,19,0.4744823397673138,0.1012022523208035,38.1,5.3,32.800000000000004,0.0004772834103273018,0.3021542291207009,0.8078817733990149,33.32,MODERATE RISK,241
2022,Tamil Nadu,Salem City,4004364,14,0.3496185661443365,0.1012022523208035,38.1,5.3,32.800000000000004,0.00035168251287274874,0.3021542291207009,0.8078817733990149,33.32,MODERATE RISK,241
2022,Tamil Nadu,Thirunelveli City,2769939,10,0.3610187805579834,0.1012022523208035,38.1,5.3,32.800000000000004,0.0003631500275888416,0.3021542291207009,0.8078817733990149,33.32,MODERATE RISK,241
2022,Tamil Nadu,Vellore,4526780,21,0.463905911044937,0.1012022523208035,38.1,5.3,32.800000000000004,0.0004666445444589217,0.3021542291207009,0.8078817733990149,33.32,MODERATE RISK,241
2022,Tamil Nadu,Chengalpattu,2769939,11,0.3971206586137817,0.1012022523208035,38.1,5.3,32.800000000000004,0.00039946503034772574,0.3021542291207009,0.8078817733990149,33.32,MODERATE RISK,241
2022,Assam,Chirang,554486,58,10.460137857403073,0.1518562906505433,32.0,5.9,26.1,0.010521888489091823,0.45338932075538324,0.6428571428571429,33.31,MODERATE RISK,242
2022,Assam,Jorhat,1256094,131,10.4291557797426,0.1518562906505433,32.0,5.9,26.1,0.010490723511082174,0.45338932075538324,0.6428571428571429,33.31,MODERATE RISK,242
2022,Tamil Nadu,Kanchipuram,2769939,3,0.108305634167395,0.1012022523208035,38.1,5.3,32.800000000000004,0.00010894500827665246,0.3021542291207009,0.8078817733990149,33.31,MODERATE RISK,242
2022,Tamil Nadu,Kanyakumari,2769939,7,0.2527131463905884,0.1012022523208035,38.1,5.3,32.800000000000004,0.00025420501931218913,0.3021542291207009,0.8078817733990149,33.31,MODERATE RISK,242
2022,Tamil Nadu,Tiruppur City,2850909,3,0.1052295951922702,0.1012022523208035,38.1,5.3,32.800000000000004,0.00010585081013838826,0.3021542291207009,0.8078817733990149,33.31,MODERATE RISK,242
2022,Tamil Nadu,Ranipet,2769939,3,0.108305634167395,0.1012022523208035,38.1,5.3,32.800000000000004,0.00010894500827665246,0.3021542291207009,0.8078817733990149,33.31,MODERATE RISK,242
2022,Tamil Nadu,Tiruppattur,2769939,9,0.3249169025021851,0.1012022523208035,38.1,5.3,32.800000000000004,0.00032683502482995746,0.3021542291207009,0.8078817733990149,33.31,MODERATE RISK,242
2022,West Bengal,Howrah PC,4419516,582,13.16886283475385,0.1918958985340141,27.0,5.9,21.1,0.013246604219213046,0.572933467025716,0.5197044334975369,33.31,MODERATE RISK,242
2022,Assam,South Salmara,1324826,135,10.19001740605936,0.1518562906505433,32.0,5.9,26.1,0.010250173402119984,0.45338932075538324,0.6428571428571429,33.3,MODERATE RISK,243
2022,Tamil Nadu,Railway Chennai,2769939,0,0.0,0.1012022523208035,38.1,5.3,32.800000000000004,0.0,0.3021542291207009,0.8078817733990149,33.3,MODERATE RISK,243
2022,Tamil Nadu,Railway Trichy,2769939,0,0.0,0.1012022523208035,38.1,5.3,32.800000000000004,0.0,0.3021542291207009,0.8078817733990149,33.3,MODERATE RISK,243
2022,Tamil Nadu,Cyber Cell,2769939,0,0.0,0.1012022523208035,38.1,5.3,32.800000000000004,0.0,0.3021542291207009,0.8078817733990149,33.3,MODERATE RISK,243
2022,Tamil Nadu,Other Units,2769939,0,0.0,0.1012022523208035,38.1,5.3,32.800000000000004,0.0,0.3021542291207009,0.8078817733990149,33.3,MODERATE RISK,243
2022,Assam,Dibrugarh,1525285,142,9.3097355576171,0.1518562906505433,32.0,5.9,26.1,0.009364694876449711,0.45338932075538324,0.6428571428571429,33.26,MODERATE RISK,244
2022,West Bengal,Siliguri PC,4419516,517,11.698113549085466,0.1918958985340141,27.0,5.9,21.1,0.011767172476517433,0.572933467025716,0.5197044334975369,33.25,MODERATE RISK,245
2022,West Bengal,Chandannagar PC,4419516,515,11.652859724911051,0.1918958985340141,27.0,5.9,21.1,0.011721651499819102,0.572933467025716,0.5197044334975369,33.25,MODERATE RISK,245
2022,Assam,Udalguri,956418,84,8.782770713223716,0.1518562906505433,32.0,5.9,26.1,0.00883461913500481,0.45338932075538324,0.6428571428571429,33.24,MODERATE RISK,246
2022,West Bengal,Howrah Rural,4419516,493,11.155067658992524,0.1918958985340141,27.0,5.9,21.1,0.011220920756137513,0.572933467025716,0.5197044334975369,33.23,MODERATE RISK,247
2022,Assam,Dhemaji,789052,64,8.110999021610743,0.1518562906505433,32.0,5.9,26.1,0.008158881690084068,0.45338932075538324,0.6428571428571429,33.21,MODERATE RISK,248
2022,Assam,Sibsagar,1324826,105,7.925569093601726,0.1518562906505433,32.0,5.9,26.1,0.007972357090537768,0.45338932075538324,0.6428571428571429,33.21,MODERATE RISK,248
2022,West Bengal,Birbhum,4027764,407,10.104862151804326,0.1918958985340141,27.0,5.9,21.1,0.010164515440270314,0.572933467025716,0.5197044334975369,33.19,MODERATE RISK,249
2022,West Bengal,Dakshin Dinajpur,1927717,195,10.115592693325835,0.1918958985340141,27.0,5.9,21.1,0.010175309328731065,0.572933467025716,0.5197044334975369,33.19,MODERATE RISK,249
2022,West Bengal,Paschim Medinipur,6800475,610,8.96996165709013,0.1918958985340141,27.0,5.9,21.1,0.009022915146432258,0.572933467025716,0.5197044334975369,33.14,MODERATE RISK,250
2022,West Bengal,Bidhannagar PC,4419516,370,8.371957472266192,0.1918958985340141,27.0,5.9,21.1,0.008421380689190423,0.572933467025716,0.5197044334975369,33.12,MODERATE RISK,251
2022,West Bengal,Alipurduar,4419516,357,8.077807615132517,0.1918958985340141,27.0,5.9,21.1,0.008125494340651303,0.572933467025716,0.5197044334975369,33.1,MODERATE RISK,252
2022,West Bengal,Bankura,4136175,329,7.9542089007355825,0.1918958985340141,27.0,5.9,21.1,0.00800116597060413,0.572933467025716,0.5197044334975369,33.1,MODERATE RISK,252
2022,Assam,Golaghat,1226921,60,4.890290409895992,0.1518562906505433,32.0,5.9,26.1,0.004919159868986227,0.45338932075538324,0.6428571428571429,33.08,MODERATE RISK,253
2022,West Bengal,Jalpaiguri,4453772,338,7.589072812887593,0.1918958985340141,27.0,5.9,21.1,0.0076338743295135,0.572933467025716,0.5197044334975369,33.08,MODERATE RISK,253
2022,Assam,Dima Hasao,246217,11,4.467603780405089,0.1518562906505433,32.0,5.9,26.1,0.004493977940988434,0.45338932075538324,0.6428571428571429,33.07,MODERATE RISK,254
2022,Assam,Biswanath,1324826,53,4.0005253520084905,0.1518562906505433,32.0,5.9,26.1,0.00402414215046192,0.45338932075538324,0.6428571428571429,33.05,MODERATE RISK,255
2022,West Bengal,Asansol-Durgapur PC,4419516,291,6.584431417376925,0.1918958985340141,27.0,5.9,21.1,0.006623302109606523,0.572933467025716,0.5197044334975369,33.04,MODERATE RISK,256
2022,Assam,Baksa,1092586,38,3.477987087515308,0.1518562906505433,32.0,5.9,26.1,0.0034985191208964346,0.45338932075538324,0.6428571428571429,33.03,MODERATE RISK,257
2022,Assam,Charaideo,1324826,38,2.868301195779672,0.1518562906505433,32.0,5.9,26.1,0.0028852339946708106,0.45338932075538324,0.6428571428571429,33.0,MODERATE RISK,258
2022,West Bengal,Purulia,4419516,238,5.385205076755011,0.1918958985340141,27.0,5.9,21.1,0.005416996227100868,0.572933467025716,0.5197044334975369,33.0,MODERATE RISK,258
2022,Assam,Bajali,1324826,34,2.566374754118654,0.1518562906505433,32.0,5.9,26.1,0.002581525153126515,0.45338932075538324,0.6428571428571429,32.99,MODERATE RISK,259
2022,West Bengal,Raiganj,4419516,233,5.272070516318982,0.1918958985340141,27.0,5.9,21.1,0.005303193785355051,0.572933467025716,0.5197044334975369,32.99,MODERATE RISK,259
2022,Assam,Majuli,1324826,27,2.0380034812118724,0.1518562906505433,32.0,5.9,26.1,0.002050034680423997,0.45338932075538324,0.6428571428571429,32.97,MODERATE RISK,260
2022,Assam,Tamulpur,1324826,27,2.0380034812118724,0.1518562906505433,32.0,5.9,26.1,0.002050034680423997,0.45338932075538324,0.6428571428571429,32.97,MODERATE RISK,260
2022,West Bengal,Islampur,4419516,183,4.140724911958685,0.1918958985340141,27.0,5.9,21.1,0.0041651693678968855,0.572933467025716,0.5197044334975369,32.95,MODERATE RISK,261
2022,Assam,Karbi Anglong,1099759,15,1.3639351894369585,0.1518562906505433,32.0,5.9,26.1,0.0013719870775361807,0.45338932075538324,0.6428571428571429,32.94,MODERATE RISK,262
2022,Assam,Sadia,1324826,16,1.2077057666440725,0.1518562906505433,32.0,5.9,26.1,0.0012148353661771835,0.45338932075538324,0.6428571428571429,32.94,MODERATE RISK,262
2022,Assam,Hamren,1324826,9,0.6793344937372907,0.1518562906505433,32.0,5.9,26.1,0.0006833448934746657,0.45338932075538324,0.6428571428571429,32.91,MODERATE RISK,263
2022,West Bengal,Darjeeling,4419516,149,3.3714099009936835,0.1918958985340141,27.0,5.9,21.1,0.003391312764025333,0.572933467025716,0.5197044334975369,32.91,MODERATE RISK,263
2022,Assam,BIEO,1324826,0,0.0,0.1518562906505433,32.0,5.9,26.1,0.0,0.45338932075538324,0.6428571428571429,32.89,MODERATE RISK,264
2022,Assam,CID,1324826,0,0.0,0.1518562906505433,32.0,5.9,26.1,0.0,0.45338932075538324,0.6428571428571429,32.89,MODERATE RISK,264
2022,Assam,GRP,1324826,2,0.150963220830509,0.1518562906505433,32.0,5.9,26.1,0.00015185442077214788,0.45338932075538324,0.6428571428571429,32.89,MODERATE RISK,264
2022,Assam,RPO,1324826,0,0.0,0.1518562906505433,32.0,5.9,26.1,0.0,0.45338932075538324,0.6428571428571429,32.89,MODERATE RISK,264
2022,Assam,SOU,1324826,0,0.0,0.1518562906505433,32.0,5.9,26.1,0.0,0.45338932075538324,0.6428571428571429,32.89,MODERATE RISK,264
2022,Assam,STF,1324826,0,0.0,0.1518562906505433,32.0,5.9,26.1,0.0,0.45338932075538324,0.6428571428571429,32.89,MODERATE RISK,264
2022,West Bengal,Jhargram,4419516,105,2.3758257691566222,0.1918958985340141,27.0,5.9,21.1,0.0023898512766621473,0.572933467025716,0.5197044334975369,32.87,MODERATE RISK,265
2022,West Bengal,Kalimpong,4419516,21,0.4751651538313245,0.1918958985340141,27.0,5.9,21.1,0.0004779702553324295,0.572933467025716,0.5197044334975369,32.8,MODERATE RISK,266
2022,West Bengal,Howrah GRP,4419516,0,0.0,0.1918958985340141,27.0,5.9,21.1,0.0,0.572933467025716,0.5197044334975369,32.78,MODERATE RISK,267
2022,West Bengal,Kharagpur GRP,4419516,0,0.0,0.1918958985340141,27.0,5.9,21.1,0.0,0.572933467025716,0.5197044334975369,32.78,MODERATE RISK,267
2022,West Bengal,Sealdah GRP,4419516,1,0.0226269120872059,0.1918958985340141,27.0,5.9,21.1,2.2760488349163282e-05,0.572933467025716,0.5197044334975369,32.78,MODERATE RISK,267
2022,West Bengal,Siliguri GRP,4419516,1,0.0226269120872059,0.1918958985340141,27.0,5.9,21.1,2.2760488349163282e-05,0.572933467025716,0.5197044334975369,32.78,MODERATE RISK,267
2022,Uttarakhand,Total Districts ,717779,1892,263.590882430386,0.1531393568147013,15.0,3.6,11.4,0.2651469712429203,0.4572201037552822,0.28078817733990147,32.75,MODERATE RISK,268
2022,Madhya Pradesh,Bhopal Commissionarate,1697834,948,55.8358473207628,0.1424806456926371,28.1,4.4,23.700000000000003,0.056165470016939174,0.4253969519117978,0.583743842364532,32.52,MODERATE RISK,269
2022,Madhya Pradesh,Indore Commissionarate,1697834,718,42.28917550243428,0.1424806456926371,28.1,4.4,23.700000000000003,0.042538826447428624,0.4253969519117978,0.583743842364532,31.98,MODERATE RISK,270
2022,Madhya Pradesh,Gwalior,2336841,788,33.720736669717795,0.1424806456926371,28.1,4.4,23.700000000000003,0.033919804484956136,0.4253969519117978,0.583743842364532,31.63,MODERATE RISK,271
2022,Madhya Pradesh,Rajgarh,1777686,503,28.295210740254465,0.1424806456926371,28.1,4.4,23.700000000000003,0.028462249374046508,0.4253969519117978,0.583743842364532,31.41,MODERATE RISK,272
2022,Madhya Pradesh,Jabalpur,2832782,595,21.004087148252143,0.1424806456926371,28.1,4.4,23.700000000000003,0.021128083186079904,0.4253969519117978,0.583743842364532,31.12,MODERATE RISK,273
2022,Madhya Pradesh,Shahdol,1225972,246,20.06571112553957,0.1424806456926371,28.1,4.4,23.700000000000003,0.020184167531581015,0.4253969519117978,0.583743842364532,31.08,MODERATE RISK,274
2022,Madhya Pradesh,Dindori,810202,160,19.74816156958388,0.1424806456926371,28.1,4.4,23.700000000000003,0.01986474334586996,0.4253969519117978,0.583743842364532,31.07,MODERATE RISK,275
2022,Madhya Pradesh,Neemuch,949977,185,19.47415569008513,0.1424806456926371,28.1,4.4,23.700000000000003,0.019589119893412214,0.4253969519117978,0.583743842364532,31.06,MODERATE RISK,276
2022,Lakshadweep,Lakshadweep,74143,7,9.4412149494895,0.1589285714285714,26.72809498399146,4.475299238302502,22.25279574568896,0.009496950446955019,0.47450465660617397,0.5480984173815014,31.06,MODERATE RISK,276
2022,Lakshadweep,Total Districts ,74143,7,9.4412149494895,0.1589285714285714,26.72809498399146,4.475299238302502,22.25279574568896,0.009496950446955019,0.47450465660617397,0.5480984173815014,31.06,MODERATE RISK,276
2022,Madhya Pradesh,Sagar,2735226,519,18.97466607878106,0.1424806456926371,28.1,4.4,23.700000000000003,0.019086681583014454,0.4253969519117978,0.583743842364532,31.04,MODERATE RISK,277
2022,Madhya Pradesh,Harda,656034,117,17.83444150760479,0.1424806456926371,28.1,4.4,23.700000000000003,0.017939725782432126,0.4253969519117978,0.583743842364532,30.99,MODERATE RISK,278
2022,Madhya Pradesh,Burhanpur,871524,148,16.981746916895002,0.1424806456926371,28.1,4.4,23.700000000000003,0.01708199737378115,0.4253969519117978,0.583743842364532,30.96,MODERATE RISK,279
2022,Madhya Pradesh,Morena,2260865,384,16.984649680542624,0.1424806456926371,28.1,4.4,23.700000000000003,0.017084917273674137,0.4253969519117978,0.583743842364532,30.96,MODERATE RISK,279
2022,Madhya Pradesh,Singrauli,1355013,211,15.571806322153368,0.1424806456926371,28.1,4.4,23.700000000000003,0.015663733301514094,0.4253969519117978,0.583743842364532,30.9,MODERATE RISK,280
2022,Madhya Pradesh,Anuppur,861622,128,14.855702384572352,0.1424806456926371,28.1,4.4,23.700000000000003,0.014943401898568543,0.4253969519117978,0.583743842364532,30.87,MODERATE RISK,281
2022,Madhya Pradesh,Dhar,2513661,366,14.560435953774196,0.1424806456926371,28.1,4.4,23.700000000000003,0.014646392384756872,0.4253969519117978,0.583743842364532,30.86,MODERATE RISK,282
2022,Madhya Pradesh,Ratlam,1673329,245,14.641472179111222,0.1424806456926371,28.1,4.4,23.700000000000003,0.014727907001313255,0.4253969519117978,0.583743842364532,30.86,MODERATE RISK,282
2022,Haryana,Gurugram,1358470,665,48.95212996974537,0.1847177848775293,21.6,4.9,16.700000000000003,0.049241115161847995,0.5515021515294888,0.4113300492610838,30.85,MODERATE RISK,283
2022,Madhya Pradesh,Narmadapuram,1697834,243,14.312353268929709,0.1424806456926371,28.1,4.4,23.700000000000003,0.014396845162569854,0.4253969519117978,0.583743842364532,30.85,MODERATE RISK,283
2022,Madhya Pradesh,Panna,1168998,168,14.371282072338872,0.1424806456926371,28.1,4.4,23.700000000000003,0.01445612184770723,0.4253969519117978,0.583743842364532,30.85,MODERATE RISK,283
2022,Gujarat,Ahmedabad City,2894401,723,24.97926168488748,0.2052152471669115,17.0,1.5,15.5,0.025126724864549945,0.6127003440098925,0.3817733990147783,30.84,MODERATE RISK,284
2022,Madhya Pradesh,Damoh,1453851,206,14.16926493842904,0.1424806456926371,28.1,4.4,23.700000000000003,0.014252912120946239,0.4253969519117978,0.583743842364532,30.84,MODERATE RISK,284
2022,Madhya Pradesh,Raisen,1531336,217,14.17063270242455,0.1424806456926371,28.1,4.4,23.700000000000003,0.014254287959432914,0.4253969519117978,0.583743842364532,30.84,MODERATE RISK,284
2022,Madhya Pradesh,Seoni,1586000,217,13.682219419924335,0.1424806456926371,28.1,4.4,23.700000000000003,0.013762991366107287,0.4253969519117978,0.583743842364532,30.82,MODERATE RISK,285
2022,Madhya Pradesh,Datia,904767,119,13.152557509281396,0.1424806456926371,28.1,4.4,23.700000000000003,0.013230202636486476,0.4253969519117978,0.583743842364532,30.8,MODERATE RISK,286
2022,Madhya Pradesh,Shivpuri,1984957,249,12.544352346171731,0.1424806456926371,28.1,4.4,23.700000000000003,0.01261840698025613,0.4253969519117978,0.583743842364532,30.78,MODERATE RISK,287
2022,Madhya Pradesh,Sidhi,1296087,161,12.42200562153621,0.1424806456926371,28.1,4.4,23.700000000000003,0.012495337990997113,0.4253969519117978,0.583743842364532,30.77,MODERATE RISK,288
2022,Madhya Pradesh,Rewa,2719871,328,12.059395463976047,0.1424806456926371,28.1,4.4,23.700000000000003,0.012130587191832477,0.4253969519117978,0.583743842364532,30.76,MODERATE RISK,289
2022,Madhya Pradesh,Ujjain,2284893,277,12.123105983518704,0.1424806456926371,28.1,4.4,23.700000000000003,0.012194673821602418,0.4253969519117978,0.583743842364532,30.76,MODERATE RISK,289
2022,Madhya Pradesh,Chhatarpur,2026731,236,11.644367210054025,0.1424806456926371,28.1,4.4,23.700000000000003,0.011713108850043761,0.4253969519117978,0.583743842364532,30.74,MODERATE RISK,290
2022,Madhya Pradesh,Sehore,1508031,169,11.206666175960574,0.1424806456926371,28.1,4.4,23.700000000000003,0.011272823881042898,0.4253969519117978,0.583743842364532,30.73,MODERATE RISK,291
2022,Madhya Pradesh,Umaria,741471,83,11.19396443016652,0.1424806456926371,28.1,4.4,23.700000000000003,0.011260047151454459,0.4253969519117978,0.583743842364532,30.72,MODERATE RISK,292
2022,Madhya Pradesh,Sheopur,791040,83,10.492516181229773,0.1424806456926371,28.1,4.4,23.700000000000003,0.010554457955901205,0.4253969519117978,0.583743842364532,30.7,MODERATE RISK,293
2022,Madhya Pradesh,Narsinghpur,1697834,177,10.42504744280065,0.1424806456926371,28.1,4.4,23.700000000000003,0.010486590920884213,0.4253969519117978,0.583743842364532,30.69,MODERATE RISK,294
2022,Madhya Pradesh,Vidisha,1677706,175,10.430909825678636,0.1424806456926371,28.1,4.4,23.700000000000003,0.010492487911895557,0.4253969519117978,0.583743842364532,30.69,MODERATE RISK,294
2022,Madhya Pradesh,Mandsaur,1541472,154,9.990450686097445,0.1424806456926371,28.1,4.4,23.700000000000003,0.010049428555140079,0.4253969519117978,0.583743842364532,30.68,MODERATE RISK,295
2022,Madhya Pradesh,Shajapur,1739583,175,10.05988216716305,0.1424806456926371,28.1,4.4,23.700000000000003,0.010119269919696068,0.4253969519117978,0.583743842364532,30.68,MODERATE RISK,295
2022,Madhya Pradesh,Balaghat,1956952,193,9.862275620454666,0.1424806456926371,28.1,4.4,23.700000000000003,0.009920496817704053,0.4253969519117978,0.583743842364532,30.67,MODERATE RISK,296
2022,Madhya Pradesh,Khandwa,1506570,147,9.75726318723989,0.1424806456926371,28.1,4.4,23.700000000000003,0.009814864451542445,0.4253969519117978,0.583743842364532,30.67,MODERATE RISK,296
2022,Madhya Pradesh,Ashok Nagar,1697834,161,9.48267027282997,0.1424806456926371,28.1,4.4,23.700000000000003,0.009538650498657392,0.4253969519117978,0.583743842364532,30.66,MODERATE RISK,297
2022,Madhya Pradesh,Guna,1427746,133,9.31538242796688,0.1424806456926371,28.1,4.4,23.700000000000003,0.009370375082670959,0.4253969519117978,0.583743842364532,30.65,MODERATE RISK,298
2022,Madhya Pradesh,Mandla,1213140,102,8.407933132202384,0.1424806456926371,28.1,4.4,23.700000000000003,0.00845756872871059,0.4253969519117978,0.583743842364532,30.61,MODERATE RISK,299
2022,Madhya Pradesh,Bhind,1958455,151,7.710159283721097,0.1424806456926371,28.1,4.4,23.700000000000003,0.00775567562515762,0.4253969519117978,0.583743842364532,30.58,MODERATE RISK,300
2022,Madhya Pradesh,Katni,1485848,112,7.537783137979121,0.1424806456926371,28.1,4.4,23.700000000000003,0.007582281869893404,0.4253969519117978,0.583743842364532,30.58,MODERATE RISK,300
2022,Madhya Pradesh,Khargone,2154002,160,7.428033957257236,0.1424806456926371,28.1,4.4,23.700000000000003,0.007471884793194498,0.4253969519117978,0.583743842364532,30.57,MODERATE RISK,301
2022,Madhya Pradesh,Tikamgarh,1661940,118,7.100135985655319,0.1424806456926371,28.1,4.4,23.700000000000003,0.007142051100749136,0.4253969519117978,0.583743842364532,30.56,MODERATE RISK,302
2022,Madhya Pradesh,Barwani,1593763,111,6.964649072666387,0.1424806456926371,28.1,4.4,23.700000000000003,0.007005764351029878,0.4253969519117978,0.583743842364532,30.55,MODERATE RISK,303
2022,Madhya Pradesh,Dewas,1798272,124,6.895508577122927,0.1424806456926371,28.1,4.4,23.700000000000003,0.006936215689807027,0.4253969519117978,0.583743842364532,30.55,MODERATE RISK,303
2022,Madhya Pradesh,Satna,2563275,170,6.632140523353913,0.1424806456926371,28.1,4.4,23.700000000000003,0.006671292862677607,0.4253969519117978,0.583743842364532,30.54,MODERATE RISK,304
2022,Madhya Pradesh,Chhindwara,2404560,145,6.030209269055462,0.1424806456926371,28.1,4.4,23.700000000000003,0.006065808152804015,0.4253969519117978,0.583743842364532,30.52,MODERATE RISK,305
2022,Madhya Pradesh,Agar,1697834,92,5.418668727331412,0.1424806456926371,28.1,4.4,23.700000000000003,0.005450657427804225,0.4253969519117978,0.583743842364532,30.49,MODERATE RISK,306
2022,Madhya Pradesh,Jhabua,1178805,64,5.429227056213708,0.1424806456926371,28.1,4.4,23.700000000000003,0.005461278086981489,0.4253969519117978,0.583743842364532,30.49,MODERATE RISK,306
2022,Madhya Pradesh,Alirajpur,838348,38,4.532723880775048,0.1424806456926371,28.1,4.4,23.700000000000003,0.004559482472939342,0.4253969519117978,0.583743842364532,30.46,MODERATE RISK,307
2022,Madhya Pradesh,Betul,1811666,84,4.636616241625112,0.1424806456926371,28.1,4.4,23.700000000000003,0.004663988154473855,0.4253969519117978,0.583743842364532,30.46,MODERATE RISK,307
2022,Madhya Pradesh,Indore Rural,3768201,132,3.502997849637002,0.1424806456926371,28.1,4.4,23.700000000000003,0.003523677532158234,0.4253969519117978,0.583743842364532,30.42,MODERATE RISK,308
2022,Madhya Pradesh,Niwari,1697834,54,3.180522948651046,0.1424806456926371,28.1,4.4,23.700000000000003,0.0031992989250155227,0.4253969519117978,0.583743842364532,30.4,MODERATE RISK,309
2022,Madhya Pradesh,Bhopal Rural,2726720,80,2.9339279427297265,0.1424806456926371,28.1,4.4,23.700000000000003,0.0029512481641515323,0.4253969519117978,0.583743842364532,30.39,MODERATE RISK,310
2022,Haryana,Panipat,1386252,498,35.924204257234614,0.1847177848775293,21.6,4.9,16.700000000000003,0.036136280076505954,0.5515021515294888,0.4113300492610838,30.33,MODERATE RISK,311
2022,Haryana,Kurukshetra,1109353,393,35.426054646266785,0.1847177848775293,21.6,4.9,16.700000000000003,0.03563518967703494,0.5515021515294888,0.4113300492610838,30.31,MODERATE RISK,312
2022,Madhya Pradesh,Bhopal Railway,1697834,1,0.0588985731231675,0.1424806456926371,28.1,4.4,23.700000000000003,5.924627638917633e-05,0.4253969519117978,0.583743842364532,30.28,MODERATE RISK,313
2022,Madhya Pradesh,Indore Railway,1697834,1,0.0588985731231675,0.1424806456926371,28.1,4.4,23.700000000000003,5.924627638917633e-05,0.4253969519117978,0.583743842364532,30.28,MODERATE RISK,313
2022,Madhya Pradesh,Jabalpur Railway,1697834,3,0.1766957193695025,0.1424806456926371,28.1,4.4,23.700000000000003,0.000177738829167529,0.4253969519117978,0.583743842364532,30.28,MODERATE RISK,313
2022,Madhya Pradesh,Cyber Crime Cell,1697834,0,0.0,0.1424806456926371,28.1,4.4,23.700000000000003,0.0,0.4253969519117978,0.583743842364532,30.27,MODERATE RISK,314
2022,Haryana,Yamunanagar,1396335,462,33.08661603411789,0.1847177848775293,21.6,4.9,16.700000000000003,0.0332819403662063,0.5515021515294888,0.4113300492610838,30.22,MODERATE RISK,315
2022,Haryana,Jhajjar,1102165,361,32.7537165487926,0.1847177848775293,21.6,4.9,16.700000000000003,0.03294707563398007,0.5515021515294888,0.4113300492610838,30.2,MODERATE RISK,316
2022,Haryana,Ambala,1297602,419,32.29033247482664,0.1847177848775293,21.6,4.9,16.700000000000003,0.032480956007225795,0.5515021515294888,0.4113300492610838,30.18,MODERATE RISK,317
2022,Haryana,Sonipat,1667501,529,31.72411890607562,0.1847177848775293,21.6,4.9,16.700000000000003,0.031911399839551345,0.5515021515294888,0.4113300492610838,30.16,MODERATE RISK,318
2022,Haryana,Hissar,1358470,397,29.2240535308104,0.1847177848775293,21.6,4.9,16.700000000000003,0.029396575517674675,0.5515021515294888,0.4113300492610838,30.06,MODERATE RISK,319
2022,Haryana,Faridabad,2081192,596,28.637434700882952,0.1847177848775293,21.6,4.9,16.700000000000003,0.02880649362790974,0.5515021515294888,0.4113300492610838,30.04,MODERATE RISK,320
2022,Gujarat,Surat City,6993520,330,4.71865383955433,0.2052152471669115,17.0,1.5,15.5,0.004746510055149692,0.6127003440098925,0.3817733990147783,30.02,MODERATE RISK,321
2022,Haryana,Karnal,1731122,489,28.24757584965127,0.1847177848775293,21.6,4.9,16.700000000000003,0.028414333274474055,0.5515021515294888,0.4113300492610838,30.02,MODERATE RISK,321
2022,Gujarat,Rajkot City,4375241,181,4.1369149722266725,0.2052152471669115,17.0,1.5,15.5,0.004161336936474194,0.6127003440098925,0.3817733990147783,30.0,MODERATE RISK,322
2022,Haryana,Rohtak,1220384,338,27.69620054015785,0.1847177848775293,21.6,4.9,16.700000000000003,0.02785970296259702,0.5515021515294888,0.4113300492610838,30.0,MODERATE RISK,322
2022,Gujarat,Amreli,1741318,69,3.9625157495644094,0.2052152471669115,17.0,1.5,15.5,0.003985908161208301,0.6127003440098925,0.3817733990147783,29.99,MODERATE RISK,323
2022,Gujarat,Gandhinagar,1600515,53,3.311434132138718,0.2052152471669115,17.0,1.5,15.5,0.003330982932760933,0.6127003440098925,0.3817733990147783,29.97,MODERATE RISK,324
2022,Gujarat,Junagadh,3154544,110,3.487033308142159,0.2052152471669115,17.0,1.5,15.5,0.003507618745201681,0.6127003440098925,0.3817733990147783,29.97,MODERATE RISK,324
2022,Gujarat,Banaskantha,2894401,87,3.005803273285215,0.2052152471669115,17.0,1.5,15.5,0.0030235478052777942,0.6127003440098925,0.3817733990147783,29.96,MODERATE RISK,325
2022,Gujarat,Bhavnagar,3312419,104,3.1396994160460983,0.2052152471669115,17.0,1.5,15.5,0.003158234393777432,0.6127003440098925,0.3817733990147783,29.96,MODERATE RISK,325
2022,Gujarat,Kheda,2644867,73,2.7600631714184494,0.2052152471669115,17.0,1.5,15.5,0.0027763569953297013,0.6127003440098925,0.3817733990147783,29.95,MODERATE RISK,326
2022,Gujarat,Mehsana,2894401,80,2.763957032905945,0.2052152471669115,17.0,1.5,15.5,0.0027802738439336038,0.6127003440098925,0.3817733990147783,29.95,MODERATE RISK,326
2022,Haryana,Panchkula,645486,171,26.49166674412768,0.1847177848775293,21.6,4.9,16.700000000000003,0.026648058292522044,0.5515021515294888,0.4113300492610838,29.95,MODERATE RISK,326
2022,Gujarat,Bharuch,1783671,42,2.3546943354463914,0.2052152471669115,17.0,1.5,15.5,0.002368595095133304,0.6127003440098925,0.3817733990147783,29.93,MODERATE RISK,327
2022,Gujarat,Anand,2406656,53,2.2022258270396766,0.2052152471669115,17.0,1.5,15.5,0.0022152265004337407,0.6127003440098925,0.3817733990147783,29.92,MODERATE RISK,328
2022,Gujarat,Jamnagar,2484136,51,2.053027692525691,0.2052152471669115,17.0,1.5,15.5,0.002065147586031515,0.6127003440098925,0.3817733990147783,29.92,MODERATE RISK,328
2022,Gujarat,Kachchh East(G),2894401,64,2.211165626324756,0.2052152471669115,17.0,1.5,15.5,0.002224219075146883,0.6127003440098925,0.3817733990147783,29.92,MODERATE RISK,328
2022,Gujarat,Kachchh West(B),2894401,60,2.0729677746794586,0.2052152471669115,17.0,1.5,15.5,0.0020852053829502025,0.6127003440098925,0.3817733990147783,29.92,MODERATE RISK,328
2022,Gujarat,Patan,1545294,34,2.2002285649203324,0.2052152471669115,17.0,1.5,15.5,0.0022132174476287288,0.6127003440098925,0.3817733990147783,29.92,MODERATE RISK,328
2022,Gujarat,Porbandar,673266,15,2.227945566833911,0.2052152471669115,17.0,1.5,15.5,0.002241098074764079,0.6127003440098925,0.3817733990147783,29.92,MODERATE RISK,328
2022,Gujarat,Rajkot Rural,4375241,95,2.1713089633233915,0.2052152471669115,17.0,1.5,15.5,0.0021841271213538585,0.6127003440098925,0.3817733990147783,29.92,MODERATE RISK,328
2022,Haryana,Bhiwani,1879611,485,25.80321140916924,0.1847177848775293,21.6,4.9,16.700000000000003,0.025955538713630804,0.5515021515294888,0.4113300492610838,29.92,MODERATE RISK,328
2022,Gujarat,Sabarkantha,2894401,57,1.9693193859454856,0.2052152471669115,17.0,1.5,15.5,0.0019809451138026925,0.6127003440098925,0.3817733990147783,29.91,MODERATE RISK,329
2022,Gujarat,Vadodara City,4790469,89,1.8578556713340597,0.2052152471669115,17.0,1.5,15.5,0.0018688233815932712,0.6127003440098925,0.3817733990147783,29.91,MODERATE RISK,329
2022,Haryana,Palwal,1199114,304,25.352051598096597,0.1847177848775293,21.6,4.9,16.700000000000003,0.025501715514780095,0.5515021515294888,0.4113300492610838,29.91,MODERATE RISK,329
2022,Gujarat,Devbhumi Dwarka,2894401,46,1.5892752939209185,0.2052152471669115,17.0,1.5,15.5,0.0015986574602618222,0.6127003440098925,0.3817733990147783,29.9,MODERATE RISK,330
2022,Gujarat,Panchmahal,2894401,50,1.7274731455662158,0.2052152471669115,17.0,1.5,15.5,0.0017376711524585025,0.6127003440098925,0.3817733990147783,29.9,MODERATE RISK,330
2022,Haryana,Rewari,1035381,262,25.30469460034519,0.1847177848775293,21.6,4.9,16.700000000000003,0.025454078948578835,0.5515021515294888,0.4113300492610838,29.9,MODERATE RISK,330
2022,Gujarat,Navsari,1529122,22,1.438734123241965,0.2052152471669115,17.0,1.5,15.5,0.0014472275811823376,0.6127003440098925,0.3817733990147783,29.89,MODERATE RISK,331
2022,Gujarat,Gir Somnath,2894401,32,1.105582813162378,0.2052152471669115,17.0,1.5,15.5,0.0011121095375734415,0.6127003440098925,0.3817733990147783,29.88,MODERATE RISK,332
2022,Gujarat,Narmada,678841,7,1.0311693017952657,0.2052152471669115,17.0,1.5,15.5,0.0010372567316773527,0.6127003440098925,0.3817733990147783,29.88,MODERATE RISK,332
2022,Gujarat,Surendranagar,2019708,21,1.039754261507109,0.2052152471669115,17.0,1.5,15.5,0.0010458923720487107,0.6127003440098925,0.3817733990147783,29.88,MODERATE RISK,332
2022,Gujarat,Ahmedabad Rural,2894401,25,0.8637365727831079,0.2052152471669115,17.0,1.5,15.5,0.0008688355762292513,0.6127003440098925,0.3817733990147783,29.87,MODERATE RISK,333
2022,Gujarat,Dahod,2894401,24,0.8291871098717835,0.2052152471669115,17.0,1.5,15.5,0.0008340821531800811,0.6127003440098925,0.3817733990147783,29.87,MODERATE RISK,333
2022,Gujarat,Vadodara Rural,4790469,40,0.8349913129591278,0.2052152471669115,17.0,1.5,15.5,0.0008399206209407958,0.6127003440098925,0.3817733990147783,29.87,MODERATE RISK,333
2022,Gujarat,Valsad,1961529,18,0.9176514851424576,0.2052152471669115,17.0,1.5,15.5,0.0009230687711907062,0.6127003440098925,0.3817733990147783,29.87,MODERATE RISK,333
2022,Gujarat,Arvalli,2894401,21,0.7255387211378106,0.2052152471669115,17.0,1.5,15.5,0.0007298218840325711,0.6127003440098925,0.3817733990147783,29.86,MODERATE RISK,334
2022,Gujarat,Botad,2894401,15,0.5182419436698646,0.2052152471669115,17.0,1.5,15.5,0.0005213013457375506,0.6127003440098925,0.3817733990147783,29.86,MODERATE RISK,334
2022,Gujarat,Chhotaudepur,2894401,17,0.5873408694925133,0.2052152471669115,17.0,1.5,15.5,0.0005908081918358908,0.6127003440098925,0.3817733990147783,29.86,MODERATE RISK,334
2022,Gujarat,Morbi,2894401,21,0.7255387211378106,0.2052152471669115,17.0,1.5,15.5,0.0007298218840325711,0.6127003440098925,0.3817733990147783,29.86,MODERATE RISK,334
2022,Gujarat,Surat Rural,6993520,47,0.6720506983607683,0.2052152471669115,17.0,1.5,15.5,0.0006760180987637441,0.6127003440098925,0.3817733990147783,29.86,MODERATE RISK,334
2022,Gujarat,Tapi,928075,6,0.6464994747191768,0.2052152471669115,17.0,1.5,15.5,0.0006503160354083937,0.6127003440098925,0.3817733990147783,29.86,MODERATE RISK,334
2022,Gujarat,Mahisagar,2894401,13,0.449143017847216,0.2052152471669115,17.0,1.5,15.5,0.00045179449963921053,0.6127003440098925,0.3817733990147783,29.85,MODERATE RISK,335
2022,Haryana,Sirsa,1489467,356,23.90116733032689,0.1847177848775293,21.6,4.9,16.700000000000003,0.02404226606161193,0.5515021515294888,0.4113300492610838,29.85,MODERATE RISK,335
2022,Gujarat,Dang,2894401,3,0.1036483887339729,0.2052152471669115,17.0,1.5,15.5,0.00010426026914751011,0.6127003440098925,0.3817733990147783,29.84,MODERATE RISK,336
2022,Gujarat,CID Crime,2894401,0,0.0,0.2052152471669115,17.0,1.5,15.5,0.0,0.6127003440098925,0.3817733990147783,29.83,MODERATE RISK,337
2022,Gujarat,W.Rly Ahmedabad,2894401,0,0.0,0.2052152471669115,17.0,1.5,15.5,0.0,0.6127003440098925,0.3817733990147783,29.83,MODERATE RISK,337
2022,Gujarat,W.Rly Vadodara,2894401,0,0.0,0.2052152471669115,17.0,1.5,15.5,0.0,0.6127003440098925,0.3817733990147783,29.83,MODERATE RISK,337
2022,Gujarat,Cyber Ahmedabad Range,2894401,0,0.0,0.2052152471669115,17.0,1.5,15.5,0.0,0.6127003440098925,0.3817733990147783,29.83,MODERATE RISK,337
2022,Gujarat,Cyber Bhavnagar Range,2894401,0,0.0,0.2052152471669115,17.0,1.5,15.5,0.0,0.6127003440098925,0.3817733990147783,29.83,MODERATE RISK,337
2022,Gujarat,Cyber Border Range,2894401,0,0.0,0.2052152471669115,17.0,1.5,15.5,0.0,0.6127003440098925,0.3817733990147783,29.83,MODERATE RISK,337
2022,Gujarat,Cyber Gandhinagar Range,2894401,0,0.0,0.2052152471669115,17.0,1.5,15.5,0.0,0.6127003440098925,0.3817733990147783,29.83,MODERATE RISK,337
2022,Gujarat,Cyber Junagadh Range,2894401,0,0.0,0.2052152471669115,17.0,1.5,15.5,0.0,0.6127003440098925,0.3817733990147783,29.83,MODERATE RISK,337
2022,Gujarat,Cyber Panchmahal Range,2894401,0,0.0,0.2052152471669115,17.0,1.5,15.5,0.0,0.6127003440098925,0.3817733990147783,29.83,MODERATE RISK,337
2022,Gujarat,Cyber Rajkot Range,2894401,0,0.0,0.2052152471669115,17.0,1.5,15.5,0.0,0.6127003440098925,0.3817733990147783,29.83,MODERATE RISK,337
2022,Gujarat,Cyber Surat Range,2894401,0,0.0,0.2052152471669115,17.0,1.5,15.5,0.0,0.6127003440098925,0.3817733990147783,29.83,MODERATE RISK,337
2022,Gujarat,Cyber Vadodara Range,2894401,0,0.0,0.2052152471669115,17.0,1.5,15.5,0.0,0.6127003440098925,0.3817733990147783,29.83,MODERATE RISK,337
2022,Haryana,Jind,1534274,265,17.27201269134457,0.1847177848775293,21.6,4.9,16.700000000000003,0.017373976710248182,0.5515021515294888,0.4113300492610838,29.58,MODERATE RISK,338
2022,Haryana,Fatehabad,1083312,171,15.78492622623953,0.1847177848775293,21.6,4.9,16.700000000000003,0.015878111342814333,0.5515021515294888,0.4113300492610838,29.52,MODERATE RISK,339
2022,Haryana,Kaithal,1235449,184,14.89337075022927,0.1847177848775293,21.6,4.9,16.700000000000003,0.01498129263656947,0.5515021515294888,0.4113300492610838,29.48,MODERATE RISK,340
2022,Haryana,Nuh,1358470,175,12.882139465722467,0.1847177848775293,21.6,4.9,16.700000000000003,0.012958188200486316,0.5515021515294888,0.4113300492610838,29.4,MODERATE RISK,341
2022,Rajasthan,Ganganagar,2264543,1057,46.67608431370039,0.1282991202346041,24.3,2.7,21.6,0.04695163304263884,0.3830559190369127,0.5320197044334976,29.33,MODERATE RISK,342
2022,Haryana,Mahendergarh,1358470,141,10.379323798096388,0.1847177848775293,21.6,4.9,16.700000000000003,0.010440597350106119,0.5515021515294888,0.4113300492610838,29.3,MODERATE RISK,343
2022,Haryana,Hansi,1358470,135,9.937650444985904,0.1847177848775293,21.6,4.9,16.700000000000003,0.00999631661180373,0.5515021515294888,0.4113300492610838,29.28,MODERATE RISK,344
2022,Rajasthan,Bharatpur,2930731,1315,44.86935170781624,0.1282991202346041,24.3,2.7,21.6,0.04513423452764079,0.3830559190369127,0.5320197044334976,29.26,MODERATE RISK,345
2022,Rajasthan,Hanumangarh,2040895,901,44.14729812165741,0.1282991202346041,24.3,2.7,21.6,0.044407918352817606,0.3830559190369127,0.5320197044334976,29.23,MODERATE RISK,346
2022,Haryana,Charkhi Dadri,1358470,109,8.023732581507137,0.1847177848775293,21.6,4.9,16.700000000000003,0.008071100079160048,0.5515021515294888,0.4113300492610838,29.21,MODERATE RISK,347
2022,Rajasthan,Bhilwara,2769801,1188,42.891167993657305,0.1282991202346041,24.3,2.7,21.6,0.04314437275573433,0.3830559190369127,0.5320197044334976,29.18,MODERATE RISK,348
2022,Rajasthan,Pratapgarh,998025,427,42.78449938628792,0.1282991202346041,24.3,2.7,21.6,0.04303707443831942,0.3830559190369127,0.5320197044334976,29.17,MODERATE RISK,349
2022,Rajasthan,Ajmer,2970509,1251,42.11399460496501,0.1282991202346041,24.3,2.7,21.6,0.04236261138279769,0.3830559190369127,0.5320197044334976,29.15,MODERATE RISK,350
2022,Rajasthan,Jhalawar,1622798,667,41.10185001460441,0.1282991202346041,24.3,2.7,21.6,0.041344491673498206,0.3830559190369127,0.5320197044334976,29.11,MODERATE RISK,351
2022,Rajasthan,Pali,2343208,875,37.34196878808881,0.1282991202346041,24.3,2.7,21.6,0.037562414272899906,0.3830559190369127,0.5320197044334976,28.95,MODERATE RISK,352
2022,Haryana,GRP,1358470,7,0.5152855786288987,0.1847177848775293,21.6,4.9,16.700000000000003,0.0005183275280194527,0.5515021515294888,0.4113300492610838,28.91,MODERATE RISK,353
2022,Haryana,Irrigation & Power,1358470,0,0.0,0.1847177848775293,21.6,4.9,16.700000000000003,0.0,0.5515021515294888,0.4113300492610838,28.88,MODERATE RISK,354
2022,D&N Haveli and Daman & Diu,Total Districts ,139866,22,15.72934094061459,0.1311320754716981,26.72809498399146,4.475299238302502,22.25279574568896,0.015822197913665213,0.39151412412788417,0.5480984173815014,28.82,MODERATE RISK,355
2022,Rajasthan,Baran,1406168,446,31.71740503268457,0.1282991202346041,24.3,2.7,21.6,0.03190464633131718,0.3830559190369127,0.5320197044334976,28.73,MODERATE RISK,356
2022,Rajasthan,Bundi,1277541,402,31.46670048162838,0.1282991202346041,24.3,2.7,21.6,0.03165246176492983,0.3830559190369127,0.5320197044334976,28.72,MODERATE RISK,357
2022,Rajasthan,Udaipur,3528682,1060,30.03954450981981,0.1282991202346041,24.3,2.7,21.6,0.03021688068592105,0.3830559190369127,0.5320197044334976,28.66,MODERATE RISK,358
2022,Rajasthan,Sirohi,1191797,349,29.28351053073636,0.1282991202346041,24.3,2.7,21.6,0.029456383517496985,0.3830559190369127,0.5320197044334976,28.63,MODERATE RISK,359
2022,Rajasthan,Rajsamand,1330086,387,29.09586297427384,0.1282991202346041,24.3,2.7,21.6,0.029267628197895548,0.3830559190369127,0.5320197044334976,28.62,MODERATE RISK,360
2022,Rajasthan,Sawai Madhopur,1535883,438,28.517797254087714,0.1282991202346041,24.3,2.7,21.6,0.028686149910507563,0.3830559190369127,0.5320197044334976,28.6,MODERATE RISK,361
2022,Rajasthan,Sikar,3078932,881,28.61381803820285,0.1282991202346041,24.3,2.7,21.6,0.028782737546050013,0.3830559190369127,0.5320197044334976,28.6,MODERATE RISK,361
2022,D&N Haveli and Daman & Diu,D&N Haveli,139866,14,10.00958059857292,0.1311320754716981,26.72809498399146,4.475299238302502,22.25279574568896,0.010068671399605135,0.39151412412788417,0.5480984173815014,28.59,MODERATE RISK,362
2022,Rajasthan,Jaipur West,2485185,699,28.12667869796413,0.1282991202346041,24.3,2.7,21.6,0.028292722415607544,0.3830559190369127,0.5320197044334976,28.58,MODERATE RISK,363
2022,Rajasthan,Karauli,1676985,465,27.728333884918467,0.1282991202346041,24.3,2.7,21.6,0.02789202600412495,0.3830559190369127,0.5320197044334976,28.57,MODERATE RISK,364
2022,Tripura,North,50265,56,111.40952949368348,0.1606683804627249,17.7,4.6,13.1,0.11206722721393986,0.4796991127124026,0.3226600985221675,28.55,MODERATE RISK,365
2022,Rajasthan,Tonk,1634524,441,26.980331888672172,0.1282991202346041,24.3,2.7,21.6,0.027139608234740452,0.3830559190369127,0.5320197044334976,28.54,MODERATE RISK,366
2022,Rajasthan,Kota City,2243666,600,26.74194822223985,0.1282991202346041,24.3,2.7,21.6,0.02689981728838628,0.3830559190369127,0.5320197044334976,28.53,MODERATE RISK,367
2022,Rajasthan,Dausa,1879570,495,26.335810850354072,0.1282991202346041,24.3,2.7,21.6,0.0264912823152826,0.3830559190369127,0.5320197044334976,28.51,MODERATE RISK,368
2022,Rajasthan,Bikaner,2718527,699,25.71245383989197,0.1282991202346041,24.3,2.7,21.6,0.025864245363916433,0.3830559190369127,0.5320197044334976,28.49,MODERATE RISK,369
2022,Rajasthan,Chittorgarh,2485185,638,25.672133060516614,0.1282991202346041,24.3,2.7,21.6,0.02582368655387355,0.3830559190369127,0.5320197044334976,28.49,MODERATE RISK,369
2022,Rajasthan,Churu,2345479,605,25.79430470279205,0.1282991202346041,24.3,2.7,21.6,0.025946579427187026,0.3830559190369127,0.5320197044334976,28.49,MODERATE RISK,369
2022,Rajasthan,Jhunjhunu,2485185,637,25.631894607443712,0.1282991202346041,24.3,2.7,21.6,0.02578321055614021,0.3830559190369127,0.5320197044334976,28.48,MODERATE RISK,370
2022,Rajasthan,Bhiwadi,2485185,632,25.43070234207916,0.1282991202346041,24.3,2.7,21.6,0.02558083056747349,0.3830559190369127,0.5320197044334976,28.48,MODERATE RISK,370
2022,Rajasthan,Alwar,4225305,1043,24.68460856671885,0.1282991202346041,24.3,2.7,21.6,0.024830332284012463,0.3830559190369127,0.5320197044334976,28.45,MODERATE RISK,371
2022,D&N Haveli and Daman & Diu,Daman,219848,7,3.18401804883374,0.1311320754716981,26.72809498399146,4.475299238302502,22.25279574568896,0.0032028146582574594,0.39151412412788417,0.5480984173815014,28.32,MODERATE RISK,372
2022,Rajasthan,Dholpur,2485185,506,20.36065725489249,0.1282991202346041,24.3,2.7,21.6,0.02048085485307213,0.3830559190369127,0.5320197044334976,28.27,MODERATE RISK,373
2022,Rajasthan,Nagaur,3803904,774,20.347516656571774,0.1282991202346041,24.3,2.7,21.6,0.02046763668022437,0.3830559190369127,0.5320197044334976,28.27,MODERATE RISK,373
2022,D&N Haveli and Daman & Diu,Diu,59885,1,1.6698672455539785,0.1311320754716981,26.72809498399146,4.475299238302502,22.25279574568896,0.0016797251803780718,0.39151412412788417,0.5480984173815014,28.26,MODERATE RISK,374
2022,Rajasthan,Jaipur South,2485185,484,19.47541128728847,0.1282991202346041,24.3,2.7,21.6,0.019590382902938557,0.3830559190369127,0.5320197044334976,28.24,MODERATE RISK,375
2022,Rajasthan,Barmer,2994313,581,19.403449138416725,0.1282991202346041,24.3,2.7,21.6,0.019517995930970686,0.3830559190369127,0.5320197044334976,28.23,MODERATE RISK,376
2022,Rajasthan,Jaipur East,2485185,446,17.946350070517887,0.1282991202346041,24.3,2.7,21.6,0.01805229498907148,0.3830559190369127,0.5320197044334976,28.17,MODERATE RISK,377
2022,Rajasthan,Banswara,2067107,349,16.88349949954211,0.1282991202346041,24.3,2.7,21.6,0.01698316996024025,0.3830559190369127,0.5320197044334976,28.13,MODERATE RISK,378
2022,Rajasthan,Jaipur North,2485185,417,16.779434931403497,0.1282991202346041,24.3,2.7,21.6,0.016878491054804504,0.3830559190369127,0.5320197044334976,28.13,MODERATE RISK,378
2022,Rajasthan,Dungarpur,1596834,215,13.464142171321503,0.1282991202346041,24.3,2.7,21.6,0.013543626714982448,0.3830559190369127,0.5320197044334976,27.99,MODERATE RISK,379
2022,Rajasthan,Jodhpur East,2485185,323,12.997020342549952,0.1282991202346041,24.3,2.7,21.6,0.013073747267870155,0.3830559190369127,0.5320197044334976,27.98,MODERATE RISK,380
2022,Rajasthan,Kota Rural,2243666,289,12.880705060378862,0.1282991202346041,24.3,2.7,21.6,0.012956745327239394,0.3830559190369127,0.5320197044334976,27.97,MODERATE RISK,381
2022,Rajasthan,Jalore,2485185,312,12.55439735874794,0.1282991202346041,24.3,2.7,21.6,0.012628511292803369,0.3830559190369127,0.5320197044334976,27.96,MODERATE RISK,382
2022,Rajasthan,Jodhpur West,2485185,313,12.594635811820847,0.1282991202346041,24.3,2.7,21.6,0.01266898729053671,0.3830559190369127,0.5320197044334976,27.96,MODERATE RISK,382
2022,Rajasthan,Jaisalmer,770406,96,12.460962142039392,0.1282991202346041,24.3,2.7,21.6,0.012534524488368885,0.3830559190369127,0.5320197044334976,27.95,MODERATE RISK,383
2022,Rajasthan,Pratapgarh,3690512,427,11.570210312281873,0.1282991202346041,24.3,2.7,21.6,0.011638514172641556,0.3830559190369127,0.5320197044334976,27.92,MODERATE RISK,384
2022,Rajasthan,Jaipur Rural,7620104,671,8.805654096059582,0.1282991202346041,24.3,2.7,21.6,0.008857637608158275,0.3830559190369127,0.5320197044334976,27.81,MODERATE RISK,385
2022,Rajasthan,Jodhpur Rural,4240239,328,7.735413027426048,0.1282991202346041,24.3,2.7,21.6,0.007781078452426053,0.3830559190369127,0.5320197044334976,27.76,MODERATE RISK,386
2022,Arunachal Pradesh,Total Districts ,113202,118,104.23844101694316,0.1744683609958506,15.0,4.5,10.5,0.10485380475944787,0.5209009870209859,0.25862068965517243,27.58,MODERATE RISK,387
2022,Rajasthan,GRP Ajmer,2485185,4,0.1609538122916402,0.1282991202346041,24.3,2.7,21.6,0.00016190399093337648,0.3830559190369127,0.5320197044334976,27.46,MODERATE RISK,388
2022,Rajasthan,GRP Jodhpur,2485185,0,0.0,0.1282991202346041,24.3,2.7,21.6,0.0,0.3830559190369127,0.5320197044334976,27.45,MODERATE RISK,389
2022,Rajasthan,Jaipur Metro,2485185,0,0.0,0.1282991202346041,24.3,2.7,21.6,0.0,0.3830559190369127,0.5320197044334976,27.45,MODERATE RISK,389
2022,Rajasthan,SCRB,2485185,0,0.0,0.1282991202346041,24.3,2.7,21.6,0.0,0.3830559190369127,0.5320197044334976,27.45,MODERATE RISK,389
2022,Rajasthan,SOG,2485185,0,0.0,0.1282991202346041,24.3,2.7,21.6,0.0,0.3830559190369127,0.5320197044334976,27.45,MODERATE RISK,389
2022,Rajasthan,SSB,2485185,0,0.0,0.1282991202346041,24.3,2.7,21.6,0.0,0.3830559190369127,0.5320197044334976,27.45,MODERATE RISK,389
2022,Rajasthan,Jaipur Crime,2485185,0,0.0,0.1282991202346041,24.3,2.7,21.6,0.0,0.3830559190369127,0.5320197044334976,27.45,MODERATE RISK,389
2022,Maharashtra,Mumbai Commr.,3417201,1277,37.3697654893581,0.1064679265371306,25.2,3.7,21.5,0.037590375069890075,0.31787567500899566,0.5295566502463054,26.93,MODERATE RISK,390
2022,Odisha,Angul,1638572,607,37.04445089992994,0.0744934445768772,30.4,5.4,25.0,0.03726314001041949,0.22241114999418898,0.6157635467980296,26.64,MODERATE RISK,391
2022,Maharashtra,Jalna,2252902,563,24.989990687566525,0.1064679265371306,25.2,3.7,21.5,0.025137517205083795,0.31787567500899566,0.5295566502463054,26.43,MODERATE RISK,392
2022,Maharashtra,Pune Commr.,3417201,780,22.825698576115364,0.1064679265371306,25.2,3.7,21.5,0.022960448359055804,0.31787567500899566,0.5295566502463054,26.34,MODERATE RISK,393
2022,Maharashtra,Nasik Rural,3417201,686,20.07490926053223,0.1064679265371306,25.2,3.7,21.5,0.020193419967067028,0.31787567500899566,0.5295566502463054,26.23,MODERATE RISK,394
2022,Maharashtra,Beed,3417201,675,19.75300838317676,0.1064679265371306,25.2,3.7,21.5,0.01986961877225983,0.31787567500899566,0.5295566502463054,26.22,MODERATE RISK,395
2022,Delhi,South,168877,637,377.1976053577456,0.0637484062898427,12.5,5.3,7.2,0.37942436285557724,0.19033025568563483,0.17733990147783252,26.21,MODERATE RISK,396
2022,Maharashtra,Thane Commr.,3417201,657,19.22626149295871,0.1064679265371306,25.2,3.7,21.5,0.019339762271666235,0.31787567500899566,0.5295566502463054,26.2,MODERATE RISK,397
2022,Maharashtra,Washim,1376734,263,19.10318187827133,0.1064679265371306,25.2,3.7,21.5,0.01921595606579444,0.31787567500899566,0.5295566502463054,26.19,MODERATE RISK,398
2022,Odisha,Ganjam,4058385,1052,25.92164124399238,0.0744934445768772,30.4,5.4,25.0,0.026074667690015062,0.22241114999418898,0.6157635467980296,26.19,MODERATE RISK,398
2022,Odisha,Malkangiri,705170,180,25.525759745876883,0.0744934445768772,30.4,5.4,25.0,0.02567644913545578,0.22241114999418898,0.6157635467980296,26.17,MODERATE RISK,399
2022,Tripura,West,156900,82,52.26258763543658,0.1606683804627249,17.7,4.6,13.1,0.052571115863665696,0.4796991127124026,0.3226600985221675,26.17,MODERATE RISK,399
2022,Maharashtra,Ahmednagar,3417201,584,17.090010215963297,0.1064679265371306,25.2,3.7,21.5,0.01719089979703665,0.31787567500899566,0.5295566502463054,26.11,MODERATE RISK,400
2022,Maharashtra,Dhule,2358491,401,17.002396871558975,0.1064679265371306,25.2,3.7,21.5,0.01710276923388865,0.31787567500899566,0.5295566502463054,26.11,MODERATE RISK,400
2022,Maharashtra,Hingoli,1353946,206,15.214787000367814,0.1064679265371306,25.2,3.7,21.5,0.015304606343199663,0.31787567500899566,0.5295566502463054,26.04,MODERATE RISK,401
2022,Maharashtra,Latur,2822325,429,15.200233849751536,0.1064679265371306,25.2,3.7,21.5,0.015289967279160842,0.31787567500899566,0.5295566502463054,26.03,MODERATE RISK,402
2022,Maharashtra,Parbhani,2111498,307,14.539440719337646,0.1064679265371306,25.2,3.7,21.5,0.014625273206543807,0.31787567500899566,0.5295566502463054,26.01,MODERATE RISK,403
2022,Maharashtra,Yavatmal,3188200,466,14.616397967505176,0.1064679265371306,25.2,3.7,21.5,0.014702684765997877,0.31787567500899566,0.5295566502463054,26.01,MODERATE RISK,403
2022,Maharashtra,Mira Bhayandar Vasai Virar Commr.,3417201,466,13.636891713422768,0.1064679265371306,25.2,3.7,21.5,0.013717396070923081,0.31787567500899566,0.5295566502463054,25.97,MODERATE RISK,404
2022,Odisha,Berhampur,1638572,336,20.50565980622152,0.0744934445768772,30.4,5.4,25.0,0.0206267134159818,0.22241114999418898,0.6157635467980296,25.97,MODERATE RISK,404
2022,Maharashtra,Akola,2085991,281,13.470815550019152,0.1064679265371306,25.2,3.7,21.5,0.013550339489465858,0.31787567500899566,0.5295566502463054,25.96,MODERATE RISK,405
2022,Maharashtra,Pimpri Chinchwad City,3417201,445,13.022353674835047,0.1064679265371306,25.2,3.7,21.5,0.013099230153563887,0.31787567500899566,0.5295566502463054,25.95,MODERATE RISK,406
2022,Maharashtra,Jalgaon,4864404,618,12.704536876460097,0.1064679265371306,25.2,3.7,21.5,0.012779537147788185,0.31787567500899566,0.5295566502463054,25.93,MODERATE RISK,407
2022,Maharashtra,Aurangabad Rural,2921083,346,11.844921900541683,0.1064679265371306,25.2,3.7,21.5,0.011914847499958588,0.31787567500899566,0.5295566502463054,25.9,MODERATE RISK,408
2022,Odisha,Jharsuguda,666430,121,18.15644553816605,0.0744934445768772,30.4,5.4,25.0,0.01826363073940225,0.22241114999418898,0.6157635467980296,25.88,MODERATE RISK,409
2022,Odisha,Sambalpur,1197263,220,18.375244202819264,0.0744934445768772,30.4,5.4,25.0,0.01848372106540249,0.22241114999418898,0.6157635467980296,25.88,MODERATE RISK,409
2022,Maharashtra,Nagpur Commr.,3417201,352,10.300828075375138,0.1064679265371306,25.2,3.7,21.5,0.01036163823383031,0.31787567500899566,0.5295566502463054,25.84,MODERATE RISK,410
2022,Maharashtra,Nanded,3865485,401,10.373859942542786,0.1064679265371306,25.2,3.7,21.5,0.010435101239095036,0.31787567500899566,0.5295566502463054,25.84,MODERATE RISK,410
2022,Odisha,Jajpur,1638572,279,17.02702108909465,0.0744934445768772,30.4,5.4,25.0,0.01712753881862774,0.22241114999418898,0.6157635467980296,25.83,MODERATE RISK,411
2022,Maharashtra,Navi Mumbai,3417201,333,9.744817469033867,0.1064679265371306,25.2,3.7,21.5,0.009802345260981516,0.31787567500899566,0.5295566502463054,25.82,MODERATE RISK,412
2022,Odisha,Kalahandi,1813399,302,16.65380867641374,0.0744934445768772,30.4,5.4,25.0,0.016752123174732163,0.22241114999418898,0.6157635467980296,25.82,MODERATE RISK,412
2022,Maharashtra,Chandrapur,2534953,245,9.66487347102688,0.1064679265371306,25.2,3.7,21.5,0.0097219293196365,0.31787567500899566,0.5295566502463054,25.81,MODERATE RISK,413
2022,Maharashtra,Osmanabad,1906212,179,9.390351125688014,0.1064679265371306,25.2,3.7,21.5,0.009445786352421666,0.31787567500899566,0.5295566502463054,25.8,MODERATE RISK,414
2022,Odisha,Mayurbhanj,2897698,463,15.978200626842412,0.0744934445768772,30.4,5.4,25.0,0.016072526724204388,0.22241114999418898,0.6157635467980296,25.79,MODERATE RISK,415
2022,Maharashtra,Aurangabad Commr.,3417201,306,8.954697133706798,0.1064679265371306,25.2,3.7,21.5,0.009007560510091123,0.31787567500899566,0.5295566502463054,25.78,MODERATE RISK,416
2022,Maharashtra,Buldhana,3417201,301,8.808378553090673,0.1064679265371306,25.2,3.7,21.5,0.008860378148815124,0.31787567500899566,0.5295566502463054,25.78,MODERATE RISK,416
2022,Maharashtra,Aurangabad Rural,4256474,346,8.128793926616256,0.1064679265371306,25.2,3.7,21.5,0.008176781645963662,0.31787567500899566,0.5295566502463054,25.75,MODERATE RISK,417
2022,Odisha,Kandhamal,843076,127,15.063885106443548,0.0744934445768772,30.4,5.4,25.0,0.015152813611372506,0.22241114999418898,0.6157635467980296,25.75,MODERATE RISK,417
2022,Odisha,Kendrapara,1656415,245,14.790979313758932,0.0744934445768772,30.4,5.4,25.0,0.014878296740008094,0.22241114999418898,0.6157635467980296,25.74,MODERATE RISK,418
2022,Maharashtra,Sangli,3245464,246,7.579809851534326,0.1064679265371306,25.2,3.7,21.5,0.007624556684969374,0.31787567500899566,0.5295566502463054,25.73,MODERATE RISK,419
2022,Maharashtra,Amravati Rural,3321711,240,7.2251920772156275,0.1064679265371306,25.2,3.7,21.5,0.007267845451475399,0.31787567500899566,0.5295566502463054,25.71,MODERATE RISK,420
2022,Odisha,Deogarh,1638572,230,14.036612367354014,0.0744934445768772,30.4,5.4,25.0,0.014119476445463729,0.22241114999418898,0.6157635467980296,25.71,MODERATE RISK,420
2022,Maharashtra,Nandurbar,1895539,132,6.963718499065437,0.1064679265371306,25.2,3.7,21.5,0.007004828283858148,0.31787567500899566,0.5295566502463054,25.7,MODERATE RISK,421
2022,Maharashtra,Satara,3454302,241,6.976807470800179,0.1064679265371306,25.2,3.7,21.5,0.00701799452534629,0.31787567500899566,0.5295566502463054,25.7,MODERATE RISK,421
2022,Maharashtra,Kolhapur,4457401,296,6.640641037232235,0.1064679265371306,25.2,3.7,21.5,0.006679843558695861,0.31787567500899566,0.5295566502463054,25.69,MODERATE RISK,422
2022,Maharashtra,Wardha,1495890,91,6.083335004579213,0.1064679265371306,25.2,3.7,21.5,0.006119247512084188,0.31787567500899566,0.5295566502463054,25.67,MODERATE RISK,423
2022,Maharashtra,Bhandara,1380384,75,5.433270742054385,0.1064679265371306,25.2,3.7,21.5,0.005465345644415295,0.31787567500899566,0.5295566502463054,25.64,MODERATE RISK,424
2022,Odisha,Koraput,1586594,194,12.227450752996672,0.0744934445768772,30.4,5.4,25.0,0.012299634582524909,0.22241114999418898,0.6157635467980296,25.64,MODERATE RISK,424
2022,Maharashtra,Amravati Commr.,3417201,177,5.179677753810794,0.1064679265371306,25.2,3.7,21.5,0.005210255589170355,0.31787567500899566,0.5295566502463054,25.63,MODERATE RISK,425
2022,Maharashtra,Solapur Rural,4965419,258,5.195936133486419,0.1064679265371306,25.2,3.7,21.5,0.005226609948959139,0.31787567500899566,0.5295566502463054,25.63,MODERATE RISK,425
2022,Maharashtra,Solapur Commr.,3417201,156,4.565139715223073,0.1064679265371306,25.2,3.7,21.5,0.004592089671811161,0.31787567500899566,0.5295566502463054,25.61,MODERATE RISK,426
2022,Odisha,Dhenkanal,1371732,160,11.6640859876419,0.0744934445768772,30.4,5.4,25.0,0.011732944035941812,0.22241114999418898,0.6157635467980296,25.61,MODERATE RISK,426
2022,Tripura,Total Districts ,1128375,430,38.107898526642295,0.1606683804627249,17.7,4.6,13.1,0.03833286561966062,0.4796991127124026,0.3226600985221675,25.6,MODERATE RISK,427
2022,Maharashtra,Pune Rural,10843819,447,4.122163971936455,0.1064679265371306,25.2,3.7,21.5,0.004146498854770865,0.31787567500899566,0.5295566502463054,25.59,MODERATE RISK,428
2022,Odisha,DCP CTC,1638572,183,11.168261144459931,0.0744934445768772,30.4,5.4,25.0,0.011234192128347226,0.22241114999418898,0.6157635467980296,25.59,MODERATE RISK,428
2022,Odisha,Balasore,1638572,175,10.680031149073706,0.0744934445768772,30.4,5.4,25.0,0.010743079904157184,0.22241114999418898,0.6157635467980296,25.57,MODERATE RISK,429
2022,Odisha,Jagatsinghpur,1638572,173,10.557973650227147,0.0744934445768772,30.4,5.4,25.0,0.010620301848109671,0.22241114999418898,0.6157635467980296,25.57,MODERATE RISK,429
2022,Odisha,Nayagarh,1107207,116,10.4768123756443,0.0744934445768772,30.4,5.4,25.0,0.010538661444088717,0.22241114999418898,0.6157635467980296,25.57,MODERATE RISK,429
2022,Odisha,Nabarangpur,1638572,172,10.496944900803872,0.0744934445768772,30.4,5.4,25.0,0.01055891282008592,0.22241114999418898,0.6157635467980296,25.57,MODERATE RISK,429
2022,Maharashtra,Nasik Commr.,3417201,95,2.7800530317063585,0.1064679265371306,25.2,3.7,21.5,0.002796464864243976,0.31787567500899566,0.5295566502463054,25.53,MODERATE RISK,430
2022,Maharashtra,Raigad,3417201,89,2.604470734967009,0.1064679265371306,25.2,3.7,21.5,0.0026198460307127773,0.31787567500899566,0.5295566502463054,25.53,MODERATE RISK,430
2022,Odisha,Baragarh,1638572,155,9.45945616060814,0.0744934445768772,30.4,5.4,25.0,0.009515299343682077,0.22241114999418898,0.6157635467980296,25.53,MODERATE RISK,430
2022,Odisha,Keonjhar,1638572,156,9.52048491003142,0.0744934445768772,30.4,5.4,25.0,0.009576688371705836,0.22241114999418898,0.6157635467980296,25.53,MODERATE RISK,430
2022,Odisha,Rourkela,1638572,156,9.52048491003142,0.0744934445768772,30.4,5.4,25.0,0.009576688371705836,0.22241114999418898,0.6157635467980296,25.53,MODERATE RISK,430
2022,Maharashtra,Gadchiroli,1233883,31,2.512393800708819,0.1064679265371306,25.2,3.7,21.5,0.0025272255272462347,0.31787567500899566,0.5295566502463054,25.52,MODERATE RISK,431
2022,Odisha,Rayagada,1113097,104,9.3433007186256,0.0744934445768772,30.4,5.4,25.0,0.009398458186844314,0.22241114999418898,0.6157635467980296,25.52,MODERATE RISK,431
2022,Odisha,Puri,1953539,179,9.162857767364766,0.0744934445768772,30.4,5.4,25.0,0.009216950004285764,0.22241114999418898,0.6157635467980296,25.51,MODERATE RISK,432
2022,Maharashtra,Gondia,3417201,64,1.8728778318863888,0.1064679265371306,25.2,3.7,21.5,0.0018839342243327838,0.31787567500899566,0.5295566502463054,25.5,MODERATE RISK,433
2022,Maharashtra,Palghar,3417201,65,1.9021415480096135,0.1064679265371306,25.2,3.7,21.5,0.0019133706965879834,0.31787567500899566,0.5295566502463054,25.5,MODERATE RISK,433
2022,Maharashtra,Sindhudurg,977098,13,1.3304704338766429,0.1064679265371306,25.2,3.7,21.5,0.0013383247653257204,0.31787567500899566,0.5295566502463054,25.48,MODERATE RISK,434
2022,Odisha,Sundargarh,2407452,202,8.390613810784181,0.0744934445768772,30.4,5.4,25.0,0.008440147163989997,0.22241114999418898,0.6157635467980296,25.48,MODERATE RISK,434
2022,Maharashtra,Nagpur Rural,5351605,68,1.2706468433301783,0.1064679265371306,25.2,3.7,21.5,0.0012781480107429408,0.31787567500899566,0.5295566502463054,25.47,MODERATE RISK,435
2022,Maharashtra,Ratnagiri,1857329,22,1.1844966616038408,0.1064679265371306,25.2,3.7,21.5,0.001191489247942986,0.31787567500899566,0.5295566502463054,25.47,MODERATE RISK,435
2022,Odisha,Bhadrak,1732287,138,7.966347377772851,0.0744934445768772,30.4,5.4,25.0,0.008013376106221333,0.22241114999418898,0.6157635467980296,25.47,MODERATE RISK,435
2022,Odisha,Khurda,1638572,127,7.750651176756347,0.0744934445768772,30.4,5.4,25.0,0.007796406559016929,0.22241114999418898,0.6157635467980296,25.46,MODERATE RISK,436
2022,Maharashtra,Thane Rural,12719170,96,0.7547662308153755,0.1064679265371306,25.2,3.7,21.5,0.0007592219361001009,0.31787567500899566,0.5295566502463054,25.45,MODERATE RISK,437
2022,Odisha,Bolangir,1638572,122,7.445507429639955,0.0744934445768772,30.4,5.4,25.0,0.007489461418898152,0.22241114999418898,0.6157635467980296,25.44,MODERATE RISK,438
2022,Odisha,Gajapati,664489,49,7.374087456677237,0.0744934445768772,30.4,5.4,25.0,0.007417619823533725,0.22241114999418898,0.6157635467980296,25.44,MODERATE RISK,438
2022,Maharashtra,Pune Railway,3417201,2,0.0585274322464496,0.1064679265371306,25.2,3.7,21.5,5.8872944510399445e-05,0.31787567500899566,0.5295566502463054,25.43,MODERATE RISK,439
2022,Maharashtra,Mumbai Railway,3417201,1,0.0292637161232248,0.1064679265371306,25.2,3.7,21.5,2.9436472255199723e-05,0.31787567500899566,0.5295566502463054,25.42,MODERATE RISK,440
2022,Maharashtra,Nagpur Railway,3417201,0,0.0,0.1064679265371306,25.2,3.7,21.5,0.0,0.31787567500899566,0.5295566502463054,25.42,MODERATE RISK,440
2022,Maharashtra,Aurangabad Railway,3417201,1,0.0292637161232248,0.1064679265371306,25.2,3.7,21.5,2.9436472255199723e-05,0.31787567500899566,0.5295566502463054,25.42,MODERATE RISK,440
2022,Odisha,Nuapada,701939,40,5.698500866884444,0.0744934445768772,30.4,5.4,25.0,0.0057321415352012545,0.22241114999418898,0.6157635467980296,25.37,MODERATE RISK,441
2022,Odisha,DCP BBSR,1638572,88,5.370529949248492,0.0744934445768772,30.4,5.4,25.0,0.00540223446609047,0.22241114999418898,0.6157635467980296,25.36,MODERATE RISK,442
2022,Odisha,Cuttack,3018140,121,4.00909169223429,0.0744934445768772,30.4,5.4,25.0,0.004032759061428509,0.22241114999418898,0.6157635467980296,25.31,MODERATE RISK,443
2022,Odisha,Boudh,1638572,48,2.9293799723173595,0.0744934445768772,30.4,5.4,25.0,0.0029466733451402566,0.22241114999418898,0.6157635467980296,25.26,MODERATE RISK,444
2022,Odisha,Sonepur,1638572,41,2.502178726354411,0.0744934445768772,30.4,5.4,25.0,0.002516950148973969,0.22241114999418898,0.6157635467980296,25.25,MODERATE RISK,445
2022,Odisha,SRP(Cuttack),1638572,1,0.0610287494232783,0.0744934445768772,30.4,5.4,25.0,6.138902802375532e-05,0.22241114999418898,0.6157635467980296,25.15,MODERATE RISK,446
2022,Odisha,SRP(Rourkela),1638572,0,0.0,0.0744934445768772,30.4,5.4,25.0,0.0,0.22241114999418898,0.6157635467980296,25.15,MODERATE RISK,446
2022,Odisha,CID CB,1638572,0,0.0,0.0744934445768772,30.4,5.4,25.0,0.0,0.22241114999418898,0.6157635467980296,25.15,MODERATE RISK,446
2022,Tripura,South,168877,44,26.05446567620221,0.1606683804627249,17.7,4.6,13.1,0.026208276241201568,0.4796991127124026,0.3226600985221675,25.12,MODERATE RISK,447
2022,Uttarakhand,Udhamsingh Nagar,717779,517,72.02774112923338,0.1531393568147013,15.0,3.6,11.4,0.07245295144428636,0.4572201037552822,0.28078817733990147,25.04,MODERATE RISK,448
2022,Arunachal Pradesh,Papum Pare City,203058,77,37.92020013986152,0.1744683609958506,15.0,4.5,10.5,0.038144059169668,0.5209009870209859,0.25862068965517243,24.91,LOWER RISK,449
2022,Uttarakhand,Haridwar,717779,450,62.69339169855903,0.1531393568147013,15.0,3.6,11.4,0.06306349738864384,0.4572201037552822,0.28078817733990147,24.66,LOWER RISK,450
2022,Ladakh,Total Districts ,157716,6,3.804306474929621,0.0891025641025641,26.72809498399146,4.475299238302502,22.25279574568896,0.0038267649101019876,0.2660288279330495,0.5480984173815014,24.58,LOWER RISK,451
2022,Ladakh,Kargil,161922,3,1.8527439137362436,0.0891025641025641,26.72809498399146,4.475299238302502,22.25279574568896,0.0018636814471215926,0.2660288279330495,0.5480984173815014,24.5,LOWER RISK,452
2022,Ladakh,Leh,153510,3,1.9542700801250732,0.0891025641025641,26.72809498399146,4.475299238302502,22.25279574568896,0.001965806965545062,0.2660288279330495,0.5480984173815014,24.5,LOWER RISK,452
2022,Tripura,Dhalai,434964,40,9.196163360645938,0.1606683804627249,17.7,4.6,13.1,0.009250452214614619,0.4796991127124026,0.3226600985221675,24.44,LOWER RISK,453
2022,Mizoram,Total Districts ,157723,17,10.77838996214883,0.165016501650165,16.8,4.4,12.4,0.010842019371036528,0.49268106889801877,0.3054187192118227,24.38,LOWER RISK,454
2022,Tripura,Gomati,1128375,82,7.267087626010857,0.1606683804627249,17.7,4.6,13.1,0.007309988327470166,0.4796991127124026,0.3226600985221675,24.36,LOWER RISK,455
2022,Tripura,North,1021174,56,5.483884235203795,0.1606683804627249,17.7,4.6,13.1,0.005516257930488523,0.4796991127124026,0.3226600985221675,24.29,LOWER RISK,456
2022,Tripura,Unakoti,1128375,57,5.05151213027584,0.1606683804627249,17.7,4.6,13.1,0.00508133334958292,0.4796991127124026,0.3226600985221675,24.27,LOWER RISK,457
2022,Tripura,Sipahijala,1128375,52,4.608397031128836,0.1606683804627249,17.7,4.6,13.1,0.004635602354005471,0.4796991127124026,0.3226600985221675,24.26,LOWER RISK,458
2022,Tripura,West,2924729,82,2.803678563039516,0.1606683804627249,17.7,4.6,13.1,0.0028202298671121833,0.4796991127124026,0.3226600985221675,24.18,LOWER RISK,459
2022,Tripura,Kowai,1128375,17,1.5065913370998116,0.1606683804627249,17.7,4.6,13.1,0.001515485384963327,0.4796991127124026,0.3226600985221675,24.13,LOWER RISK,460
2022,Tripura,South,3141718,44,1.4005076203529407,0.1606683804627249,17.7,4.6,13.1,0.0014087754110284237,0.4796991127124026,0.3226600985221675,24.13,LOWER RISK,460
2022,Tripura,GRP,1128375,0,0.0,0.1606683804627249,17.7,4.6,13.1,0.0,0.4796991127124026,0.3226600985221675,24.07,LOWER RISK,461
2022,Mizoram,Aizawl,460355,13,2.8239076364979203,0.165016501650165,16.8,4.4,12.4,0.0028405783613737897,0.49268106889801877,0.3054187192118227,24.06,LOWER RISK,462
2022,Mizoram,Kolasib,96548,2,2.0715084724696524,0.165016501650165,16.8,4.4,12.4,0.0020837374658603147,0.49268106889801877,0.3054187192118227,24.03,LOWER RISK,463
2022,Mizoram,Hnahthial,157723,2,1.2680458778998625,0.165016501650165,16.8,4.4,12.4,0.0012755316907101797,0.49268106889801877,0.3054187192118227,23.99,LOWER RISK,464
2022,Mizoram,Champhai,144606,0,0.0,0.165016501650165,16.8,4.4,12.4,0.0,0.49268106889801877,0.3054187192118227,23.94,LOWER RISK,465
2022,Mizoram,Lawngtlai,135578,0,0.0,0.165016501650165,16.8,4.4,12.4,0.0,0.49268106889801877,0.3054187192118227,23.94,LOWER RISK,465
2022,Mizoram,Lunglei,185642,0,0.0,0.165016501650165,16.8,4.4,12.4,0.0,0.49268106889801877,0.3054187192118227,23.94,LOWER RISK,465
2022,Mizoram,Mamit,99318,0,0.0,0.165016501650165,16.8,4.4,12.4,0.0,0.49268106889801877,0.3054187192118227,23.94,LOWER RISK,465
2022,Mizoram,Saiha,65060,0,0.0,0.165016501650165,16.8,4.4,12.4,0.0,0.49268106889801877,0.3054187192118227,23.94,LOWER RISK,465
2022,Mizoram,Serchhip,74677,0,0.0,0.165016501650165,16.8,4.4,12.4,0.0,0.49268106889801877,0.3054187192118227,23.94,LOWER RISK,465
2022,Mizoram,Spl Narcotic,157723,0,0.0,0.165016501650165,16.8,4.4,12.4,0.0,0.49268106889801877,0.3054187192118227,23.94,LOWER RISK,465
2022,Mizoram,Saitual,157723,0,0.0,0.165016501650165,16.8,4.4,12.4,0.0,0.49268106889801877,0.3054187192118227,23.94,LOWER RISK,465
2022,Mizoram,Khawzawl,157723,0,0.0,0.165016501650165,16.8,4.4,12.4,0.0,0.49268106889801877,0.3054187192118227,23.94,LOWER RISK,465
2022,Mizoram,Cyber,157723,0,0.0,0.165016501650165,16.8,4.4,12.4,0.0,0.49268106889801877,0.3054187192118227,23.94,LOWER RISK,465
2022,Arunachal Pradesh,Kameng East,113202,8,7.067012950301232,0.1744683609958506,15.0,4.5,10.5,0.007108732526064264,0.5209009870209859,0.25862068965517243,23.67,LOWER RISK,466
2022,Arunachal Pradesh,Siang West,113202,8,7.067012950301232,0.1744683609958506,15.0,4.5,10.5,0.007108732526064264,0.5209009870209859,0.25862068965517243,23.67,LOWER RISK,466
2022,Arunachal Pradesh,Tawang,57473,2,3.4798949071738035,0.1744683609958506,15.0,4.5,10.5,0.003500438203223804,0.5209009870209859,0.25862068965517243,23.53,LOWER RISK,467
2022,Arunachal Pradesh,Subansiri Lower,113202,3,2.650129856362962,0.1744683609958506,15.0,4.5,10.5,0.002665774697274099,0.5209009870209859,0.25862068965517243,23.49,LOWER RISK,468
2022,Arunachal Pradesh,Subansiri Upper,113202,3,2.650129856362962,0.1744683609958506,15.0,4.5,10.5,0.002665774697274099,0.5209009870209859,0.25862068965517243,23.49,LOWER RISK,468
2022,Arunachal Pradesh,Lower Siang,113202,3,2.650129856362962,0.1744683609958506,15.0,4.5,10.5,0.002665774697274099,0.5209009870209859,0.25862068965517243,23.49,LOWER RISK,468
2022,Arunachal Pradesh,Siang,113202,2,1.766753237575308,0.1744683609958506,15.0,4.5,10.5,0.001777183131516066,0.5209009870209859,0.25862068965517243,23.46,LOWER RISK,469
2022,Arunachal Pradesh,Changlang,170459,2,1.1733026710235306,0.1744683609958506,15.0,4.5,10.5,0.0011802291744870126,0.5209009870209859,0.25862068965517243,23.43,LOWER RISK,470
2022,Arunachal Pradesh,Lohit,167584,2,1.1934313538285275,0.1744683609958506,15.0,4.5,10.5,0.0012004766854465916,0.5209009870209859,0.25862068965517243,23.43,LOWER RISK,470
2022,Arunachal Pradesh,Kameng West,113202,1,0.8833766187876539,0.1744683609958506,15.0,4.5,10.5,0.0008885915657580329,0.5209009870209859,0.25862068965517243,23.42,LOWER RISK,471
2022,Arunachal Pradesh,Longding,113202,1,0.8833766187876539,0.1744683609958506,15.0,4.5,10.5,0.0008885915657580329,0.5209009870209859,0.25862068965517243,23.42,LOWER RISK,471
2022,Arunachal Pradesh,Siang East,113202,1,0.8833766187876539,0.1744683609958506,15.0,4.5,10.5,0.0008885915657580329,0.5209009870209859,0.25862068965517243,23.42,LOWER RISK,471
2022,Arunachal Pradesh,Siang Upper,113202,1,0.8833766187876539,0.1744683609958506,15.0,4.5,10.5,0.0008885915657580329,0.5209009870209859,0.25862068965517243,23.42,LOWER RISK,471
2022,Arunachal Pradesh,Tirap,128771,1,0.7765723648958228,0.1744683609958506,15.0,4.5,10.5,0.0007811568010417006,0.5209009870209859,0.25862068965517243,23.42,LOWER RISK,471
2022,Arunachal Pradesh,Namsai,113202,1,0.8833766187876539,0.1744683609958506,15.0,4.5,10.5,0.0008885915657580329,0.5209009870209859,0.25862068965517243,23.42,LOWER RISK,471
2022,Arunachal Pradesh,Leparada,113202,1,0.8833766187876539,0.1744683609958506,15.0,4.5,10.5,0.0008885915657580329,0.5209009870209859,0.25862068965517243,23.42,LOWER RISK,471
2022,Arunachal Pradesh,Shiyomi,113202,1,0.8833766187876539,0.1744683609958506,15.0,4.5,10.5,0.0008885915657580329,0.5209009870209859,0.25862068965517243,23.42,LOWER RISK,471
2022,Arunachal Pradesh,Anjaw,24342,0,0.0,0.1744683609958506,15.0,4.5,10.5,0.0,0.5209009870209859,0.25862068965517243,23.39,LOWER RISK,472
2022,Arunachal Pradesh,Crime Branch,113202,0,0.0,0.1744683609958506,15.0,4.5,10.5,0.0,0.5209009870209859,0.25862068965517243,23.39,LOWER RISK,472
2022,Arunachal Pradesh,Dibang Valley,9204,0,0.0,0.1744683609958506,15.0,4.5,10.5,0.0,0.5209009870209859,0.25862068965517243,23.39,LOWER RISK,472
2022,Arunachal Pradesh,Kurung Kumey,105887,0,0.0,0.1744683609958506,15.0,4.5,10.5,0.0,0.5209009870209859,0.25862068965517243,23.39,LOWER RISK,472
2022,Arunachal Pradesh,Lower Dibang Valley,62191,0,0.0,0.1744683609958506,15.0,4.5,10.5,0.0,0.5209009870209859,0.25862068965517243,23.39,LOWER RISK,472
2022,Arunachal Pradesh,Papum Pare Rural,203058,0,0.0,0.1744683609958506,15.0,4.5,10.5,0.0,0.5209009870209859,0.25862068965517243,23.39,LOWER RISK,472
2022,Arunachal Pradesh,Kamle,113202,0,0.0,0.1744683609958506,15.0,4.5,10.5,0.0,0.5209009870209859,0.25862068965517243,23.39,LOWER RISK,472
2022,Arunachal Pradesh,Kra Dadi,113202,0,0.0,0.1744683609958506,15.0,4.5,10.5,0.0,0.5209009870209859,0.25862068965517243,23.39,LOWER RISK,472
2022,Arunachal Pradesh,Pakkessang,113202,0,0.0,0.1744683609958506,15.0,4.5,10.5,0.0,0.5209009870209859,0.25862068965517243,23.39,LOWER RISK,472
2022,Uttarakhand,Dehradun,1951198,554,28.392813030763666,0.1531393568147013,15.0,3.6,11.4,0.028560427852286248,0.4572201037552822,0.28078817733990147,23.28,LOWER RISK,473
2022,Delhi,West,156900,474,302.1032504780115,0.0637484062898427,12.5,5.3,7.2,0.3038866941387505,0.19033025568563483,0.17733990147783252,23.19,LOWER RISK,474
2022,Uttarakhand,Nainital,1097795,190,17.30742078439053,0.1531393568147013,15.0,3.6,11.4,0.017409593832289964,0.4572201037552822,0.28078817733990147,22.84,LOWER RISK,475
2022,Meghalaya,Total Districts ,297666,102,34.266594102114446,0.175233644859813,12.7,5.0,7.699999999999999,0.03446888434536683,0.5231858547059567,0.18965517241379307,22.76,LOWER RISK,476
2022,Puducherry,Total Districts ,661543,19,2.872073319496994,0.0674757281553398,26.72809498399146,4.475299238302502,22.25279574568896,0.002889028386834833,0.20145872406580442,0.5480984173815014,22.6,LOWER RISK,477
2022,Puducherry,Puducherry,1092832,19,1.7386020907147668,0.0674757281553398,26.72809498399146,4.475299238302502,22.25279574568896,0.0017488657964919365,0.20145872406580442,0.5480984173815014,22.56,LOWER RISK,478
2022,Puducherry,Karaikal,230255,0,0.0,0.0674757281553398,26.72809498399146,4.475299238302502,22.25279574568896,0.0,0.20145872406580442,0.5480984173815014,22.49,LOWER RISK,479
2022,Uttarakhand,Pauri Garhwal,717779,44,6.130020521636883,0.1531393568147013,15.0,3.6,11.4,0.006166208633556286,0.4572201037552822,0.28078817733990147,22.39,LOWER RISK,480
2022,Uttarakhand,Bageshwar,298882,15,5.018703033304114,0.1531393568147013,15.0,3.6,11.4,0.005048330566591874,0.4572201037552822,0.28078817733990147,22.34,LOWER RISK,481
2022,Uttarakhand,Pithoragarh,555954,26,4.676645909553668,0.1531393568147013,15.0,3.6,11.4,0.004704254134515556,0.4572201037552822,0.28078817733990147,22.33,LOWER RISK,482
2022,Uttarakhand,Uttarkashi,379598,17,4.478421909493727,0.1531393568147013,15.0,3.6,11.4,0.004504859934082883,0.4572201037552822,0.28078817733990147,22.32,LOWER RISK,483
2022,Uttarakhand,Tehri Garhwal,711770,30,4.214844682973432,0.1531393568147013,15.0,3.6,11.4,0.004239726699366684,0.4572201037552822,0.28078817733990147,22.31,LOWER RISK,484
2022,Uttarakhand,Champawat,298595,12,4.018821480600814,0.1531393568147013,15.0,3.6,11.4,0.004042546288863812,0.4572201037552822,0.28078817733990147,22.3,LOWER RISK,485
2022,Uttarakhand,Almora,715881,22,3.0731364570368536,0.1531393568147013,15.0,3.6,11.4,0.0030912784853805286,0.4572201037552822,0.28078817733990147,22.26,LOWER RISK,486
2022,Uttarakhand,Chamoli,450345,13,2.886675770797944,0.1531393568147013,15.0,3.6,11.4,0.0029037170426011857,0.4572201037552822,0.28078817733990147,22.26,LOWER RISK,486
2022,Uttarakhand,Rudra Prayag,717779,1,0.13931864821902,0.1531393568147013,15.0,3.6,11.4,0.00014014110530809735,0.4572201037552822,0.28078817733990147,22.15,LOWER RISK,487
2022,Uttarakhand,GRP,717779,1,0.13931864821902,0.1531393568147013,15.0,3.6,11.4,0.00014014110530809735,0.4572201037552822,0.28078817733990147,22.15,LOWER RISK,487
2022,Uttarakhand,Cyber Cell,717779,0,0.0,0.1531393568147013,15.0,3.6,11.4,0.0,0.4572201037552822,0.28078817733990147,22.14,LOWER RISK,488
2022,Meghalaya,Khasi Hills East,297666,28,9.40651602803142,0.175233644859813,12.7,5.0,7.699999999999999,0.00946204668304188,0.5231858547059567,0.18965517241379307,21.76,LOWER RISK,489
2022,Meghalaya,Garo Hills West,297666,22,7.390834022024686,0.175233644859813,12.7,5.0,7.699999999999999,0.007434465250961475,0.5231858547059567,0.18965517241379307,21.68,LOWER RISK,490
2022,Meghalaya,Ri-Bhoi,297666,11,3.695417011012343,0.175233644859813,12.7,5.0,7.699999999999999,0.0037172326254807375,0.5231858547059567,0.18965517241379307,21.53,LOWER RISK,491
2022,Meghalaya,Khasi Hills West,297666,10,3.3594700100112207,0.175233644859813,12.7,5.0,7.699999999999999,0.0033793023868006703,0.5231858547059567,0.18965517241379307,21.52,LOWER RISK,492
2022,Meghalaya,Jaintia Hills West,297666,8,2.687576008008977,0.175233644859813,12.7,5.0,7.699999999999999,0.0027034419094405368,0.5231858547059567,0.18965517241379307,21.49,LOWER RISK,493
2022,Meghalaya,Garo Hills East,297666,6,2.0156820060067324,0.175233644859813,12.7,5.0,7.699999999999999,0.0020275814320804024,0.5231858547059567,0.18965517241379307,21.47,LOWER RISK,494
2022,Meghalaya,Jaintia Hills East,297666,5,1.6797350050056103,0.175233644859813,12.7,5.0,7.699999999999999,0.0016896511934003352,0.5231858547059567,0.18965517241379307,21.45,LOWER RISK,495
2022,Meghalaya,Garo Hills North,297666,3,1.0078410030033662,0.175233644859813,12.7,5.0,7.699999999999999,0.0010137907160402012,0.5231858547059567,0.18965517241379307,21.43,LOWER RISK,496
2022,Meghalaya,Garo Hills South,297666,3,1.0078410030033662,0.175233644859813,12.7,5.0,7.699999999999999,0.0010137907160402012,0.5231858547059567,0.18965517241379307,21.43,LOWER RISK,496
2022,Meghalaya,Khasi Hills Eastern West,297666,3,1.0078410030033662,0.175233644859813,12.7,5.0,7.699999999999999,0.0010137907160402012,0.5231858547059567,0.18965517241379307,21.43,LOWER RISK,496
2022,Meghalaya,Khasi Hills South West,297666,2,0.6718940020022441,0.175233644859813,12.7,5.0,7.699999999999999,0.0006758604773601341,0.5231858547059567,0.18965517241379307,21.41,LOWER RISK,497
2022,Meghalaya,Garo Hills South West,297666,1,0.335947001001122,0.175233644859813,12.7,5.0,7.699999999999999,0.000337930238680067,0.5231858547059567,0.18965517241379307,21.4,LOWER RISK,498
2022,Meghalaya,Cyber Cell,297666,0,0.0,0.175233644859813,12.7,5.0,7.699999999999999,0.0,0.5231858547059567,0.18965517241379307,21.39,LOWER RISK,499
2022,Jammu & Kashmir,Total Districts ,718362,796,110.80764294325144,0.0,26.72809498399146,4.475299238302502,22.25279574568896,0.11146178747183856,0.0,0.5480984173815014,20.9,LOWER RISK,500
2022,A&N Islands,Total Districts ,197649,18,9.107053412868266,0.0454248366013071,26.72809498399146,4.475299238302502,22.25279574568896,0.00916081621300859,0.13562253973057398,0.5480984173815014,20.88,LOWER RISK,501
2022,A&N Islands,South Andaman,273863,16,5.842337227007664,0.0454248366013071,26.72809498399146,4.475299238302502,22.25279574568896,0.005876827022383649,0.13562253973057398,0.5480984173815014,20.75,LOWER RISK,502
2022,A&N Islands,Nicobar,197649,2,1.0118948236520298,0.0454248366013071,26.72809498399146,4.475299238302502,22.25279574568896,0.001017868468112066,0.13562253973057398,0.5480984173815014,20.55,LOWER RISK,503
2022,A&N Islands,North & Middle Andaman,121436,0,0.0,0.0454248366013071,26.72809498399146,4.475299238302502,22.25279574568896,0.0,0.13562253973057398,0.5480984173815014,20.51,LOWER RISK,504
2022,Chandigarh,Chandigarh,1213767,114,9.392247441230484,0.0342364532019704,26.72809498399146,4.475299238302502,22.25279574568896,0.009447693862719334,0.10221797329447209,0.5480984173815014,19.89,LOWER RISK,505
2022,Chandigarh,Total Districts ,1213767,114,9.392247441230484,0.0342364532019704,26.72809498399146,4.475299238302502,22.25279574568896,0.009447693862719334,0.10221797329447209,0.5480984173815014,19.89,LOWER RISK,505
2022,Jammu & Kashmir,Doda,471426,61,12.939464518291311,0.0,26.72809498399146,4.475299238302502,22.25279574568896,0.013015851667161741,0.0,0.5480984173815014,16.96,LOWER RISK,506
2022,Jammu & Kashmir,Rajouri,738777,92,12.453013561602488,0.0,26.72809498399146,4.475299238302502,22.25279574568896,0.012526528984089322,0.0,0.5480984173815014,16.94,LOWER RISK,507
2022,Jammu & Kashmir,Ganderbal,342062,33,9.647373867895292,0.0,26.72809498399146,4.475299238302502,22.25279574568896,0.00970432640892308,0.0,0.5480984173815014,16.83,LOWER RISK,508
2022,Jammu & Kashmir,Udhampur,638232,45,7.050727635091941,0.0,26.72809498399146,4.475299238302502,22.25279574568896,0.007092351071729931,0.0,0.5480984173815014,16.73,LOWER RISK,509
2022,Jammu & Kashmir,Jammu,1759451,121,6.877145200406264,0.0,26.72809498399146,4.475299238302502,22.25279574568896,0.006917743906286587,0.0,0.5480984173815014,16.72,LOWER RISK,510
2022,Jammu & Kashmir,Poonch,718362,47,6.542662334588968,0.0,26.72809498399146,4.475299238302502,22.25279574568896,0.006581286446201524,0.0,0.5480984173815014,16.71,LOWER RISK,511
2022,Jammu & Kashmir,Samba,366732,23,6.271609785892695,0.0,26.72809498399146,4.475299238302502,22.25279574568896,0.006308633759310993,0.0,0.5480984173815014,16.7,LOWER RISK,512
2022,Jammu & Kashmir,Reasi,361867,22,6.079581724777335,0.0,26.72809498399146,4.475299238302502,22.25279574568896,0.006115472075079237,0.0,0.5480984173815014,16.69,LOWER RISK,513
2022,Jammu & Kashmir,Srinagar,1422353,83,5.835400916650086,0.0,26.72809498399146,4.475299238302502,22.25279574568896,0.005869849764043166,0.0,0.5480984173815014,16.68,LOWER RISK,514
2022,Jammu & Kashmir,Baramulla,718362,34,4.732989773957977,0.0,26.72809498399146,4.475299238302502,22.25279574568896,0.004760930620656422,0.0,0.5480984173815014,16.63,LOWER RISK,515
2022,Jammu & Kashmir,Kupwara,1000907,47,4.695740962946608,0.0,26.72809498399146,4.475299238302502,22.25279574568896,0.004723461914110122,0.0,0.5480984173815014,16.63,LOWER RISK,515
2022,Jammu & Kashmir,Ramban,326269,15,4.597433406177111,0.0,26.72809498399146,4.475299238302502,22.25279574568896,0.004624574006124126,0.0,0.5480984173815014,16.63,LOWER RISK,515
2022,Nagaland #,Total Districts ,206842,9,4.3511472524922405,0.0,26.72809498399146,4.475299238302502,22.25279574568896,0.004376833920782372,0.0,0.5480984173815014,16.62,LOWER RISK,516
2022,Jammu & Kashmir,Budgam,718362,31,4.315373029196978,0.0,26.72809498399146,4.475299238302502,22.25279574568896,0.00434084850706909,0.0,0.5480984173815014,16.62,LOWER RISK,516
2022,Jammu & Kashmir,Kathua,708900,29,4.090844971081958,0.0,26.72809498399146,4.475299238302502,22.25279574568896,0.00411499496456663,0.0,0.5480984173815014,16.61,LOWER RISK,517
2022,Jammu & Kashmir,Kishtwar,265300,10,3.769317753486619,0.0,26.72809498399146,4.475299238302502,22.25279574568896,0.0037915696353916636,0.0,0.5480984173815014,16.59,LOWER RISK,518
2022,Nagaland #,Longleng,58056,2,3.4449497037343257,0.0,26.72809498399146,4.475299238302502,22.25279574568896,0.003465286703422242,0.0,0.5480984173815014,16.58,LOWER RISK,519
2022,Jammu & Kashmir,Kulgam,488155,14,2.86794153496328,0.0,26.72809498399146,4.475299238302502,22.25279574568896,0.0028848722106240266,0.0,0.5480984173815014,16.56,LOWER RISK,520
2022,Kerala,Total Districts ,2966482,5825,196.36053749862631,0.0723662066644227,9.9,7.0,2.9000000000000004,0.19751973706124978,0.21605996791222762,0.07142857142857144,16.53,LOWER RISK,521
2022,Jammu & Kashmir,Anantnag,1240495,26,2.0959375088170447,0.0,26.72809498399146,4.475299238302502,22.25279574568896,0.0021083107171737583,0.0,0.5480984173815014,16.53,LOWER RISK,521
2022,Jammu & Kashmir,Bandipora,718362,16,2.227289305391989,0.0,26.72809498399146,4.475299238302502,22.25279574568896,0.0022404379391324338,0.0,0.5480984173815014,16.53,LOWER RISK,521
2022,Jammu & Kashmir,Handwara,718362,11,1.5312613974569924,0.0,26.72809498399146,4.475299238302502,22.25279574568896,0.001540301083153548,0.0,0.5480984173815014,16.5,LOWER RISK,522
2022,Jammu & Kashmir,Sopore,718362,10,1.3920558158699932,0.0,26.72809498399146,4.475299238302502,22.25279574568896,0.001400273711957771,0.0,0.5480984173815014,16.5,LOWER RISK,522
2022,Jammu & Kashmir,Awantipora,718362,9,1.252850234282994,0.0,26.72809498399146,4.475299238302502,22.25279574568896,0.0012602463407619942,0.0,0.5480984173815014,16.49,LOWER RISK,523
2022,Jammu & Kashmir,Pulwama,644506,8,1.2412607485422944,0.0,26.72809498399146,4.475299238302502,22.25279574568896,0.001248588437369903,0.0,0.5480984173815014,16.49,LOWER RISK,523
2022,Jammu & Kashmir,Shopian,718362,8,1.1136446526959944,0.0,26.72809498399146,4.475299238302502,22.25279574568896,0.0011202189695662169,0.0,0.5480984173815014,16.49,LOWER RISK,523
2022,Nagaland #,Kohima,308186,3,0.9734381185388046,0.0,26.72809498399146,4.475299238302502,22.25279574568896,0.0009791847367525538,0.0,0.5480984173815014,16.48,LOWER RISK,524
2022,Nagaland #,Peren,109501,1,0.9132336690989123,0.0,26.72809498399146,4.475299238302502,22.25279574568896,0.0009186248749047117,0.0,0.5480984173815014,16.48,LOWER RISK,524
2022,Delhi,East,326120,442,135.5329326628235,0.0637484062898427,12.5,5.3,7.2,0.1363330410668093,0.19033025568563483,0.17733990147783252,16.48,LOWER RISK,524
2022,Nagaland #,Dimapur,435632,2,0.4591030961912807,0.0,26.72809498399146,4.475299238302502,22.25279574568896,0.00046181337655149684,0.0,0.5480984173815014,16.46,LOWER RISK,525
2022,Nagaland #,Mokokchung,223815,1,0.4467975783571253,0.0,26.72809498399146,4.475299238302502,22.25279574568896,0.0004494352140247116,0.0,0.5480984173815014,16.46,LOWER RISK,525
2022,Jammu & Kashmir,Railways Katra,718362,1,0.1392055815869993,0.0,26.72809498399146,4.475299238302502,22.25279574568896,0.0001400273711957771,0.0,0.5480984173815014,16.45,LOWER RISK,526
2022,Nagaland #,Kiphire,85104,0,0.0,0.0,26.72809498399146,4.475299238302502,22.25279574568896,0.0,0.0,0.5480984173815014,16.44,LOWER RISK,527
2022,Nagaland #,Mon,287799,0,0.0,0.0,26.72809498399146,4.475299238302502,22.25279574568896,0.0,0.0,0.5480984173815014,16.44,LOWER RISK,527
2022,Nagaland #,Phek,187930,0,0.0,0.0,26.72809498399146,4.475299238302502,22.25279574568896,0.0,0.0,0.5480984173815014,16.44,LOWER RISK,527
2022,Nagaland #,Tuensang,226085,0,0.0,0.0,26.72809498399146,4.475299238302502,22.25279574568896,0.0,0.0,0.5480984173815014,16.44,LOWER RISK,527
2022,Nagaland #,Wokha,191294,0,0.0,0.0,26.72809498399146,4.475299238302502,22.25279574568896,0.0,0.0,0.5480984173815014,16.44,LOWER RISK,527
2022,Nagaland #,Zunheboto,161870,0,0.0,0.0,26.72809498399146,4.475299238302502,22.25279574568896,0.0,0.0,0.5480984173815014,16.44,LOWER RISK,527
2022,Nagaland #,# Clarifications are pending,206842,0,0.0,0.0,26.72809498399146,4.475299238302502,22.25279574568896,0.0,0.0,0.5480984173815014,16.44,LOWER RISK,527
2022,Jammu & Kashmir,Special Crime Wing Jammu,718362,0,0.0,0.0,26.72809498399146,4.475299238302502,22.25279574568896,0.0,0.0,0.5480984173815014,16.44,LOWER RISK,527
2022,Jammu & Kashmir,Special Crime Wing Kashmir,718362,0,0.0,0.0,26.72809498399146,4.475299238302502,22.25279574568896,0.0,0.0,0.5480984173815014,16.44,LOWER RISK,527
2022,Jammu & Kashmir,Railways Jammu,718362,0,0.0,0.0,26.72809498399146,4.475299238302502,22.25279574568896,0.0,0.0,0.5480984173815014,16.44,LOWER RISK,527
2022,Jammu & Kashmir,Railways Kashmir,718362,0,0.0,0.0,26.72809498399146,4.475299238302502,22.25279574568896,0.0,0.0,0.5480984173815014,16.44,LOWER RISK,527
2022,Jammu & Kashmir,Cyber Crime Jammu,718362,0,0.0,0.0,26.72809498399146,4.475299238302502,22.25279574568896,0.0,0.0,0.5480984173815014,16.44,LOWER RISK,527
2022,Jammu & Kashmir,Cyber Crime Kashmir,718362,0,0.0,0.0,26.72809498399146,4.475299238302502,22.25279574568896,0.0,0.0,0.5480984173815014,16.44,LOWER RISK,527
2022,Jammu & Kashmir,Anti Narcotic Task Force Jammu,718362,0,0.0,0.0,26.72809498399146,4.475299238302502,22.25279574568896,0.0,0.0,0.5480984173815014,16.44,LOWER RISK,527
2022,Jammu & Kashmir,Anti Narcotic Task Force Kashmir,718362,0,0.0,0.0,26.72809498399146,4.475299238302502,22.25279574568896,0.0,0.0,0.5480984173815014,16.44,LOWER RISK,527
2022,Jammu & Kashmir,EOW Jammu,718362,0,0.0,0.0,26.72809498399146,4.475299238302502,22.25279574568896,0.0,0.0,0.5480984173815014,16.44,LOWER RISK,527
2022,Jammu & Kashmir,EOW Kashmir,718362,0,0.0,0.0,26.72809498399146,4.475299238302502,22.25279574568896,0.0,0.0,0.5480984173815014,16.44,LOWER RISK,527
2022,Jammu & Kashmir,CICE Jammu,718362,0,0.0,0.0,26.72809498399146,4.475299238302502,22.25279574568896,0.0,0.0,0.5480984173815014,16.44,LOWER RISK,527
2022,Jammu & Kashmir,CICE Kashmir,718362,0,0.0,0.0,26.72809498399146,4.475299238302502,22.25279574568896,0.0,0.0,0.5480984173815014,16.44,LOWER RISK,527
2022,Punjab,Total Districts ,1683506,2231,132.52106021600162,0.0587406015037594,11.0,5.5,5.5,0.1333033882590885,0.1753787169597036,0.1354679802955665,14.66,LOWER RISK,528
2022,Delhi,Dwarka,1058850,575,54.30419795060679,0.0637484062898427,12.5,5.3,7.2,0.05462477867071916,0.19033025568563483,0.17733990147783252,13.22,LOWER RISK,529
2022,Delhi,Rohini,1058850,537,50.715398781697125,0.0637484062898427,12.5,5.3,7.2,0.051014793297697716,0.19033025568563483,0.17733990147783252,13.07,LOWER RISK,530
2022,Delhi,North-East,1058850,531,50.14874628134296,0.0637484062898427,12.5,5.3,7.2,0.05044479560722064,0.19033025568563483,0.17733990147783252,13.05,LOWER RISK,531
2022,Delhi,South-East,1058850,485,45.80441044529442,0.0637484062898427,12.5,5.3,7.2,0.04607481331356311,0.19033025568563483,0.17733990147783252,12.87,LOWER RISK,532
2022,Delhi,Outer,1058850,443,41.83784294281532,0.0637484062898427,12.5,5.3,7.2,0.04208482948022363,0.19033025568563483,0.17733990147783252,12.71,LOWER RISK,533
2022,Delhi,Central,669668,270,40.31848617523907,0.0637484062898427,12.5,5.3,7.2,0.040556503305031785,0.19033025568563483,0.17733990147783252,12.65,LOWER RISK,534
2022,Delhi,Shahdara,1058850,426,40.23232752514521,0.0637484062898427,12.5,5.3,7.2,0.040469836023871934,0.19033025568563483,0.17733990147783252,12.65,LOWER RISK,534
2022,Delhi,Outer North,1058850,364,34.376918354818905,0.0637484062898427,12.5,5.3,7.2,0.03457985988894221,0.19033025568563483,0.17733990147783252,12.41,LOWER RISK,535
2022,Delhi,North,1021174,337,33.001231915422835,0.0637484062898427,12.5,5.3,7.2,0.03319605218883272,0.19033025568563483,0.17733990147783252,12.36,LOWER RISK,536
2022,Delhi,North-West,1058850,319,30.127024602162724,0.0637484062898427,12.5,5.3,7.2,0.030304877210364192,0.19033025568563483,0.17733990147783252,12.24,LOWER RISK,537
2022,Delhi,South-West,1058850,317,29.938140435378003,0.0637484062898427,12.5,5.3,7.2,0.03011487798020517,0.19033025568563483,0.17733990147783252,12.23,LOWER RISK,538
2022,Delhi,East,1965747,442,22.485090909460883,0.0637484062898427,12.5,5.3,7.2,0.022617829940835648,0.19033025568563483,0.17733990147783252,11.93,LOWER RISK,539
2022,Delhi,South,3141718,637,20.275530776473257,0.0637484062898427,12.5,5.3,7.2,0.020395225836934226,0.19033025568563483,0.17733990147783252,11.85,LOWER RISK,540
2022,Delhi,New Delhi,163304,31,18.983001028756185,0.0637484062898427,12.5,5.3,7.2,0.019095065737735548,0.19033025568563483,0.17733990147783252,11.79,LOWER RISK,541
2022,Delhi,West,2924729,474,16.206629742447934,0.0637484062898427,12.5,5.3,7.2,0.016302304353794816,0.19033025568563483,0.17733990147783252,11.68,LOWER RISK,542
2022,Delhi,SPUWAC,1058850,48,4.533220002833263,0.0637484062898427,12.5,5.3,7.2,0.004559981523816556,0.19033025568563483,0.17733990147783252,11.21,LOWER RISK,543
2022,Delhi,IGI Airport,1058850,4,0.3777683335694385,0.0637484062898427,12.5,5.3,7.2,0.00037999846031804626,0.19033025568563483,0.17733990147783252,11.05,LOWER RISK,544
2022,Delhi,Metro,1058850,2,0.1888841667847192,0.0637484062898427,12.5,5.3,7.2,0.00018999923015902307,0.19033025568563483,0.17733990147783252,11.04,LOWER RISK,545
2022,Delhi,RAILWAY,1058850,2,0.1888841667847192,0.0637484062898427,12.5,5.3,7.2,0.00018999923015902307,0.19033025568563483,0.17733990147783252,11.04,LOWER RISK,545
2022,Delhi,Crime Branch,1058850,0,0.0,0.0637484062898427,12.5,5.3,7.2,0.0,0.19033025568563483,0.17733990147783252,11.03,LOWER RISK,546
2022,Delhi,EOW,1058850,0,0.0,0.0637484062898427,12.5,5.3,7.2,0.0,0.19033025568563483,0.17733990147783252,11.03,LOWER RISK,546
2022,Delhi,Spl Cell,1058850,0,0.0,0.0637484062898427,12.5,5.3,7.2,0.0,0.19033025568563483,0.17733990147783252,11.03,LOWER RISK,546
2022,Delhi,Vigilance,1058850,0,0.0,0.0637484062898427,12.5,5.3,7.2,0.0,0.19033025568563483,0.17733990147783252,11.03,LOWER RISK,546
2022,Goa,Total Districts ,838663,25,2.980935131274421,0.1097227645450995,8.3,8.0,0.3000000000000007,0.0029985328560739183,0.3275934732462631,0.007389162561576372,10.17,LOWER RISK,547
2022,Goa,North Goa,940709,14,1.488239189802585,0.1097227645450995,8.3,8.0,0.3000000000000007,0.0014970248971543502,0.3275934732462631,0.007389162561576372,10.11,LOWER RISK,548
2022,Goa,South Goa,736617,6,0.8145345545921421,0.1097227645450995,8.3,8.0,0.3000000000000007,0.0008193430976499931,0.3275934732462631,0.007389162561576372,10.08,LOWER RISK,549
2022,Goa,CID,838663,5,0.5961870262548843,0.1097227645450995,8.3,8.0,0.3000000000000007,0.0005997065712147838,0.3275934732462631,0.007389162561576372,10.07,LOWER RISK,550
2022,Punjab,CP Ludhiana,1683506,282,16.750757051058923,0.0587406015037594,11.0,5.5,5.5,0.016849643876765106,0.1753787169597036,0.1354679802955665,10.0,LOWER RISK,551
2022,Himachal Pradesh,Total Districts ,937776,345,36.789169268567335,0.0712129099427381,8.3,5.6,2.700000000000001,0.037006351343278766,0.21261663069495496,0.06650246305418722,9.85,LOWER RISK,552
2022,Punjab,SAS Nagar,1683506,182,10.81077228117987,0.0587406015037594,11.0,5.5,5.5,0.010874592856635635,0.1753787169597036,0.1354679802955665,9.76,LOWER RISK,553
2022,Punjab,CP Jalandhar,1683506,152,9.028776850216156,0.0587406015037594,11.0,5.5,5.5,0.009082077550596795,0.1753787169597036,0.1354679802955665,9.69,LOWER RISK,554
2022,Punjab,Patiala,2180038,185,8.486090609429743,0.0587406015037594,11.0,5.5,5.5,0.008536187602685848,0.1753787169597036,0.1354679802955665,9.67,LOWER RISK,555
2022,Punjab,Fatehgarh Sahib,690187,57,8.25863135642949,0.0587406015037594,11.0,5.5,5.5,0.008307385561211132,0.1753787169597036,0.1354679802955665,9.66,LOWER RISK,556
2022,Punjab,Bathinda,1596803,126,7.890766738288944,0.0587406015037594,11.0,5.5,5.5,0.007937349282156,0.1753787169597036,0.1354679802955665,9.64,LOWER RISK,557
2022,Punjab,Hoshiarpur,1824618,128,7.015167010300238,0.0587406015037594,11.0,5.5,5.5,0.007056580517482797,0.1753787169597036,0.1354679802955665,9.61,LOWER RISK,558
2022,Punjab,Kapurthala,937443,57,6.0803696864769385,0.0587406015037594,11.0,5.5,5.5,0.0061162646884510615,0.1753787169597036,0.1354679802955665,9.57,LOWER RISK,559
2022,Punjab,Fazilka,1683506,86,5.108386902095983,0.0587406015037594,11.0,5.5,5.5,0.005138543877311344,0.1753787169597036,0.1354679802955665,9.53,LOWER RISK,560
2022,Punjab,Mansa,885213,45,5.083522270911069,0.0587406015037594,11.0,5.5,5.5,0.0051135324596592435,0.1753787169597036,0.1354679802955665,9.53,LOWER RISK,560
2022,Punjab,CP Amritsar,1683506,77,4.573788272806869,0.0587406015037594,11.0,5.5,5.5,0.0046007892854996926,0.1753787169597036,0.1354679802955665,9.51,LOWER RISK,561
2022,Punjab,Barnala,684856,30,4.380482904435385,0.0587406015037594,11.0,5.5,5.5,0.004406342753525157,0.1753787169597036,0.1354679802955665,9.5,LOWER RISK,562
2022,Punjab,Moga,1145107,42,3.667779517547269,0.0587406015037594,11.0,5.5,5.5,0.0036894319761659965,0.1753787169597036,0.1354679802955665,9.47,LOWER RISK,563
2022,Punjab,Muktsar,1037180,36,3.470950076168071,0.0587406015037594,11.0,5.5,5.5,0.0034914405670856265,0.1753787169597036,0.1354679802955665,9.47,LOWER RISK,563
2022,Punjab,Batala,1683506,58,3.445191166529849,0.0587406015037594,11.0,5.5,5.5,0.0034655295916750923,0.1753787169597036,0.1354679802955665,9.46,LOWER RISK,564
2022,Punjab,Jalandhar Rural,2522628,84,3.329860764250615,0.0587406015037594,11.0,5.5,5.5,0.0033495183451000424,0.1753787169597036,0.1354679802955665,9.46,LOWER RISK,564
2022,Punjab,Sangrur,1903444,59,3.099644644129273,0.0587406015037594,11.0,5.5,5.5,0.0031179431615479675,0.1753787169597036,0.1354679802955665,9.45,LOWER RISK,565
2022,Punjab,Faridkot,710134,20,2.816369868222054,0.0587406015037594,11.0,5.5,5.5,0.0028329960944537464,0.1753787169597036,0.1354679802955665,9.44,LOWER RISK,566
2022,Punjab,Gurdaspur,2643071,78,2.951112550514156,0.0587406015037594,11.0,5.5,5.5,0.002968534219966617,0.1753787169597036,0.1354679802955665,9.44,LOWER RISK,566
2022,Punjab,Pathankot,1683506,48,2.851192689541944,0.0587406015037594,11.0,5.5,5.5,0.0028680244896621457,0.1753787169597036,0.1354679802955665,9.44,LOWER RISK,566
2022,Punjab,SBS Nagar,1683506,49,2.9105925372407344,0.0587406015037594,11.0,5.5,5.5,0.00292777499986344,0.1753787169597036,0.1354679802955665,9.44,LOWER RISK,566
2022,Punjab,Tarn Taran,1287571,37,2.873627939740799,0.0587406015037594,11.0,5.5,5.5,0.002890592184661515,0.1753787169597036,0.1354679802955665,9.44,LOWER RISK,566
2022,Punjab,NRI Wing,1683506,47,2.791792841843153,0.0587406015037594,11.0,5.5,5.5,0.0028082739794608506,0.1753787169597036,0.1354679802955665,9.44,LOWER RISK,566
2022,Punjab,Ferozepur,1683506,42,2.494793603349201,0.0587406015037594,11.0,5.5,5.5,0.0025095214284543772,0.1753787169597036,0.1354679802955665,9.43,LOWER RISK,567
2022,Punjab,Malerkotla,1683506,44,2.6135932987467823,0.0587406015037594,11.0,5.5,5.5,0.002629022448856967,0.1753787169597036,0.1354679802955665,9.43,LOWER RISK,567
2022,Punjab,Khanna,1683506,38,2.257194212554039,0.0587406015037594,11.0,5.5,5.5,0.0022705193876491987,0.1753787169597036,0.1354679802955665,9.42,LOWER RISK,568
2022,Punjab,Amritsar Rural,2864254,58,2.024960076864692,0.0587406015037594,11.0,5.5,5.5,0.002036914275327038,0.1753787169597036,0.1354679802955665,9.41,LOWER RISK,569
2022,Punjab,Ropar,1683506,35,2.0789946694576678,0.0587406015037594,11.0,5.5,5.5,0.002091267857045315,0.1753787169597036,0.1354679802955665,9.41,LOWER RISK,569
2022,Punjab,Ludhiana Rural,4023549,48,1.192976648227721,0.0587406015037594,11.0,5.5,5.5,0.001200019295525706,0.1753787169597036,0.1354679802955665,9.37,LOWER RISK,570
2022,Punjab,GRP,1683506,0,0.0,0.0587406015037594,11.0,5.5,5.5,0.0,0.1753787169597036,0.1354679802955665,9.33,LOWER RISK,571
2022,Punjab,Bureau of Investigation,1683506,1,0.0593998476987905,0.0587406015037594,11.0,5.5,5.5,5.97505102012947e-05,0.1753787169597036,0.1354679802955665,9.33,LOWER RISK,571
2022,Punjab,Intelligence Wing,1683506,0,0.0,0.0587406015037594,11.0,5.5,5.5,0.0,0.1753787169597036,0.1354679802955665,9.33,LOWER RISK,571
2022,Punjab,Special Task Force,1683506,0,0.0,0.0587406015037594,11.0,5.5,5.5,0.0,0.1753787169597036,0.1354679802955665,9.33,LOWER RISK,571
2022,Kerala,Malappuram,4729858,706,14.926452337469753,0.0723662066644227,9.9,7.0,2.9000000000000004,0.015014569518454939,0.21605996791222762,0.07142857142857144,9.23,LOWER RISK,572
2022,Kerala,All Districts,2966482,402,13.551405334669148,0.0723662066644227,9.9,7.0,2.9000000000000004,0.013631405029806424,0.21605996791222762,0.07142857142857144,9.17,LOWER RISK,573
2022,Kerala,Kollam Commr.,2966482,393,13.248015662997448,0.0723662066644227,9.9,7.0,2.9000000000000004,0.01332622432018389,0.21605996791222762,0.07142857142857144,9.16,LOWER RISK,574
2022,Kerala,Kozhikode Commr.,2966482,384,12.944625991325752,0.0723662066644227,9.9,7.0,2.9000000000000004,0.01302104361056136,0.21605996791222762,0.07142857142857144,9.15,LOWER RISK,575
2022,Kerala,Kozhikode Rural,3549236,452,12.7351351107675,0.0723662066644227,9.9,7.0,2.9000000000000004,0.012810316016454599,0.21605996791222762,0.07142857142857144,9.14,LOWER RISK,576
2022,Kerala,Trivandrum Rural,2966482,359,12.101876903348815,0.0723662066644227,9.9,7.0,2.9000000000000004,0.012173319417165436,0.21605996791222762,0.07142857142857144,9.11,LOWER RISK,577
2022,Kerala,Idukki,1275320,142,11.134460370730483,0.0723662066644227,9.9,7.0,2.9000000000000004,0.01120019181430982,0.21605996791222762,0.07142857142857144,9.07,LOWER RISK,578
2022,Kerala,Palakkad,3231424,345,10.676407676615636,0.0723662066644227,9.9,7.0,2.9000000000000004,0.010739435040803866,0.21605996791222762,0.07142857142857144,9.05,LOWER RISK,579
2022,Kerala,Ernakulam Rural,3774746,392,10.384804699442029,0.0723662066644227,9.9,7.0,2.9000000000000004,0.01044611060753778,0.21605996791222762,0.07142857142857144,9.04,LOWER RISK,580
2022,Kerala,Pathanamthitta,1377023,140,10.166859958039916,0.0723662066644227,9.9,7.0,2.9000000000000004,0.010226879245859886,0.21605996791222762,0.07142857142857144,9.03,LOWER RISK,581
2022,Kerala,Kottayam,2270733,198,8.719651319639958,0.0723662066644227,9.9,7.0,2.9000000000000004,0.008771127120861099,0.21605996791222762,0.07142857142857144,8.98,LOWER RISK,582
2022,Kerala,Ernakulam Commr.,2966482,251,8.461200843288447,0.0723662066644227,9.9,7.0,2.9000000000000004,0.008511150901695054,0.21605996791222762,0.07142857142857144,8.97,LOWER RISK,583
2022,Kerala,Thrissur Rural,3589379,297,8.274411813296952,0.0723662066644227,9.9,7.0,2.9000000000000004,0.008323259176810649,0.21605996791222762,0.07142857142857144,8.96,LOWER RISK,584
2022,Kerala,Wayanadu,2966482,248,8.360070952731215,0.0723662066644227,9.9,7.0,2.9000000000000004,0.008409423998487544,0.21605996791222762,0.07142857142857144,8.96,LOWER RISK,584
2022,Kerala,Kollam Rural,3030681,243,8.017999914870618,0.0723662066644227,9.9,7.0,2.9000000000000004,0.008065333570160179,0.21605996791222762,0.07142857142857144,8.95,LOWER RISK,585
2022,Kerala,Alapuzha,2966482,236,7.9555513905022845,0.0723662066644227,9.9,7.0,2.9000000000000004,0.0080025163856575,0.21605996791222762,0.07142857142857144,8.94,LOWER RISK,586
2022,Kerala,Kannur City,2901453,182,6.272719220335467,0.0723662066644227,9.9,7.0,2.9000000000000004,0.006309749743215979,0.21605996791222762,0.07142857142857144,8.88,LOWER RISK,587
2022,Kerala,Kasargod,2966482,162,5.461014090090552,0.0723662066644227,9.9,7.0,2.9000000000000004,0.005493252773205574,0.21605996791222762,0.07142857142857144,8.84,LOWER RISK,588
2022,Kerala,Trivandrum Commr.,2966482,156,5.258754308976087,0.0723662066644227,9.9,7.0,2.9000000000000004,0.005289798966790552,0.21605996791222762,0.07142857142857144,8.84,LOWER RISK,588
2022,Kerala,Kannur Rural,2901453,137,4.721772160362412,0.0723662066644227,9.9,7.0,2.9000000000000004,0.004749646784728512,0.21605996791222762,0.07142857142857144,8.81,LOWER RISK,589
2022,Himachal Pradesh,Sirmaur,609333,44,7.221010514775992,0.0712129099427381,8.3,5.6,2.700000000000001,0.007263639203498574,0.21261663069495496,0.06650246305418722,8.66,LOWER RISK,590
2022,Himachal Pradesh,Kinnaur,96739,6,6.202255553602994,0.0712129099427381,8.3,5.6,2.700000000000001,0.006238870099563206,0.21261663069495496,0.06650246305418722,8.62,LOWER RISK,591
2022,Kerala,Railways,2966482,0,0.0,0.0723662066644227,9.9,7.0,2.9000000000000004,0.0,0.21605996791222762,0.07142857142857144,8.62,LOWER RISK,591
2022,Kerala,Crime Branch,2966482,0,0.0,0.0723662066644227,9.9,7.0,2.9000000000000004,0.0,0.21605996791222762,0.07142857142857144,8.62,LOWER RISK,591
2022,Himachal Pradesh,Bilaspur,439249,23,5.236209985680104,0.0712129099427381,8.3,5.6,2.700000000000001,0.005267121554789286,0.21261663069495496,0.06650246305418722,8.58,LOWER RISK,592
2022,Himachal Pradesh,Una,599348,30,5.005439243978457,0.0712129099427381,8.3,5.6,2.700000000000001,0.005034988475490408,0.21261663069495496,0.06650246305418722,8.57,LOWER RISK,593
2022,Himachal Pradesh,Mandi,1149743,53,4.609725825684523,0.0712129099427381,8.3,5.6,2.700000000000001,0.004636938992999187,0.21261663069495496,0.06650246305418722,8.56,LOWER RISK,594
2022,Himachal Pradesh,Chamba,596942,25,4.188011565612739,0.0712129099427381,8.3,5.6,2.700000000000001,0.004212735174729741,0.21261663069495496,0.06650246305418722,8.54,LOWER RISK,595
2022,Himachal Pradesh,Kangra,1736586,70,4.030897404447577,0.0712129099427381,8.3,5.6,2.700000000000001,0.004054693502012488,0.21261663069495496,0.06650246305418722,8.54,LOWER RISK,595
2022,Himachal Pradesh,Kullu,503588,17,3.375775435475031,0.0712129099427381,8.3,5.6,2.700000000000001,0.003395704070108887,0.21261663069495496,0.06650246305418722,8.51,LOWER RISK,596
2022,Himachal Pradesh,Hamirpur,522983,15,2.8681620626291866,0.0712129099427381,8.3,5.6,2.700000000000001,0.002885094040158308,0.21261663069495496,0.06650246305418722,8.49,LOWER RISK,597
2022,Himachal Pradesh,Shimla,936111,28,2.9910982778751665,0.0712129099427381,8.3,5.6,2.700000000000001,0.0030087560000409603,0.21261663069495496,0.06650246305418722,8.49,LOWER RISK,597
2022,Himachal Pradesh,Baddi,937776,23,2.452611284571156,0.0712129099427381,8.3,5.6,2.700000000000001,0.0024670900895519183,0.21261663069495496,0.06650246305418722,8.47,LOWER RISK,598
2022,Himachal Pradesh,Solan,667368,10,1.4984236583114563,0.0712129099427381,8.3,5.6,2.700000000000001,0.0015072694889017879,0.21261663069495496,0.06650246305418722,8.43,LOWER RISK,599
2022,Himachal Pradesh,Hamirpur,1269927,15,1.1811702562430757,0.0712129099427381,8.3,5.6,2.700000000000001,0.0011881432054000843,0.21261663069495496,0.06650246305418722,8.42,LOWER RISK,600
2022,Himachal Pradesh,Bilaspur,3063173,23,0.7508554038573727,0.0712129099427381,8.3,5.6,2.700000000000001,0.0007552880218713207,0.21261663069495496,0.06650246305418722,8.4,LOWER RISK,601
2022,Himachal Pradesh,Lahaul & Spiti,937776,1,0.1066352732422241,0.0712129099427381,8.3,5.6,2.700000000000001,0.00010726478650225724,0.21261663069495496,0.06650246305418722,8.38,LOWER RISK,602
2022,Himachal Pradesh,CID,937776,0,0.0,0.0712129099427381,8.3,5.6,2.700000000000001,0.0,0.21261663069495496,0.06650246305418722,8.37,LOWER RISK,603
2022,Himachal Pradesh,GRP,937776,0,0.0,0.0712129099427381,8.3,5.6,2.700000000000001,0.0,0.21261663069495496,0.06650246305418722,8.37,LOWER RISK,603
2022,Himachal Pradesh,Cyber,937776,0,0.0,0.0712129099427381,8.3,5.6,2.700000000000001,0.0,0.21261663069495496,0.06650246305418722,8.37,LOWER RISK,603
2022,Sikkim,Total Districts ,1219441,15,1.2300718115923608,0.0811797752808988,7.6,9.8,0.0,0.0012373334473780302,0.24237417505726278,0.0,7.32,LOWER RISK,604
2022,Sikkim,Gangtok (East),1219441,5,0.4100239371974536,0.0811797752808988,7.6,9.8,0.0,0.0004124444824593434,0.24237417505726278,0.0,7.29,LOWER RISK,605
2022,Sikkim,Namchi (South),1219441,6,0.4920287246369443,0.0811797752808988,7.6,9.8,0.0,0.0004949333789512121,0.24237417505726278,0.0,7.29,LOWER RISK,605
2022,Sikkim,Pakyong (East),1219441,2,0.1640095748789814,0.0811797752808988,7.6,9.8,0.0,0.00016497779298373734,0.24237417505726278,0.0,7.28,LOWER RISK,606
2022,Sikkim,Mangan (North),1219441,1,0.0820047874394907,0.0811797752808988,7.6,9.8,0.0,8.248889649186867e-05,0.24237417505726278,0.0,7.27,LOWER RISK,607
2022,Sikkim,Soreng (West),1219441,0,0.0,0.0811797752808988,7.6,9.8,0.0,0.0,0.24237417505726278,0.0,7.27,LOWER RISK,607
2022,Sikkim,Gyalshing (West),1219441,1,0.0820047874394907,0.0811797752808988,7.6,9.8,0.0,8.248889649186867e-05,0.24237417505726278,0.0,7.27,LOWER RISK,607
2023,Uttar Pradesh,Total Districts ,3086497,25259,818.3711178076635,0.2890730391212179,34.8,2.4,32.4,0.8632809654097533,0.8630701322572731,0.7980295566502462,84.36,CRITICAL RED ZONE,1
2023,Rajasthan,Total Districts ,2485185,23559,947.9777159446884,0.1282991202346041,24.3,2.7,21.6,1.0,0.3830559190369127,0.5320197044334976,67.45,HIGH RISK,2
2023,Bihar,Total Districts ,3064997,4081,133.14858056957317,0.3349357466063348,40.0,3.5,36.5,0.14045539080724762,1.0,0.8990147783251231,62.59,HIGH RISK,3
2023,Telangana,Total Districts ,3550945,11491,323.6039983722643,0.2616064848931466,36.9,7.6,29.299999999999997,0.34136245286080713,0.7810646894033219,0.7216748768472906,58.74,HIGH RISK,4
2023,Madhya Pradesh,Total Districts ,1697834,11053,651.0059287303706,0.1424806456926371,28.1,4.4,23.700000000000003,0.6867312572654976,0.4253969519117978,0.583743842364532,57.74,HIGH RISK,5
2023,Bihar,Motihari,3064997,215,7.014688758259796,0.3349357466063348,40.0,3.5,36.5,0.0073996346541431585,1.0,0.8990147783251231,57.27,HIGH RISK,6
2023,Bihar,Patna,6714234,449,6.687285548880185,0.3349357466063348,40.0,3.5,36.5,0.007054264500527951,1.0,0.8990147783251231,57.25,HIGH RISK,7
2023,Bihar,Arwal,805969,52,6.451861051727796,0.3349357466063348,40.0,3.5,36.5,0.0068059205856946985,1.0,0.8990147783251231,57.24,HIGH RISK,8
2023,Bihar,Purnea,3064997,150,4.893968901111485,0.3349357466063348,40.0,3.5,36.5,0.005162535805216157,1.0,0.8990147783251231,57.18,HIGH RISK,9
2023,Bihar,Jehanabad,1294109,61,4.713667859507971,0.3349357466063348,40.0,3.5,36.5,0.004972340362252776,1.0,0.8990147783251231,57.17,HIGH RISK,10
2023,Bihar,Lakhisarai,1151048,53,4.604499551712873,0.3349357466063348,40.0,3.5,36.5,0.004857181212455348,1.0,0.8990147783251231,57.16,HIGH RISK,11
2023,Bihar,Araria,3233304,134,4.144367495292741,0.3349357466063348,40.0,3.5,36.5,0.004371798435327937,1.0,0.8990147783251231,57.15,HIGH RISK,12
2023,Bihar,Gaya,5050130,214,4.237514677839976,0.3349357466063348,40.0,3.5,36.5,0.004470057266712398,1.0,0.8990147783251231,57.15,HIGH RISK,12
2023,Bihar,Nalanda,3309300,137,4.139848306288338,0.3349357466063348,40.0,3.5,36.5,0.0043670312462596814,1.0,0.8990147783251231,57.15,HIGH RISK,12
2023,Bihar,Sitamarhi,3937110,172,4.368686676267617,0.3349357466063348,40.0,3.5,36.5,0.004608427606248201,1.0,0.8990147783251231,57.15,HIGH RISK,12
2023,Bihar,Bettiah,3064997,118,3.849922202207702,0.3349357466063348,40.0,3.5,36.5,0.004061194833436711,1.0,0.8990147783251231,57.13,HIGH RISK,13
2023,Bihar,Munger,1572929,60,3.814539626391274,0.3349357466063348,40.0,3.5,36.5,0.004023870563866546,1.0,0.8990147783251231,57.13,HIGH RISK,13
2023,Bihar,Jamui,2024465,72,3.5564951727987397,0.3349357466063348,40.0,3.5,36.5,0.0037516653745964744,1.0,0.8990147783251231,57.12,HIGH RISK,14
2023,Bihar,Kishanganj,1943959,68,3.498016161863496,0.3349357466063348,40.0,3.5,36.5,0.0036899772041346117,1.0,0.8990147783251231,57.12,HIGH RISK,14
2023,Bihar,Muzaffarpur,5521221,197,3.5680513422665023,0.3349357466063348,40.0,3.5,36.5,0.0037638557133284844,1.0,0.8990147783251231,57.12,HIGH RISK,14
2023,Bihar,Rohtas,3403905,117,3.437228712317177,0.3349357466063348,40.0,3.5,36.5,0.003625853914605867,1.0,0.8990147783251231,57.12,HIGH RISK,14
2023,Bihar,Vaishali,4019274,147,3.6573769292663294,0.3349357466063348,40.0,3.5,36.5,0.003858083231019458,1.0,0.8990147783251231,57.12,HIGH RISK,14
2023,Bihar,Kaimur(Bhabhua),1870341,63,3.368369725092911,0.3349357466063348,40.0,3.5,36.5,0.0035532161446814483,1.0,0.8990147783251231,57.11,HIGH RISK,15
2023,Bihar,Bhagalpur,3493430,118,3.3777691266176797,0.3349357466063348,40.0,3.5,36.5,0.0035631313582636603,1.0,0.8990147783251231,57.11,HIGH RISK,15
2023,Bihar,Buxar,1962304,63,3.210511724992662,0.3349357466063348,40.0,3.5,36.5,0.0033866953526363115,1.0,0.8990147783251231,57.11,HIGH RISK,15
2023,Bihar,Khagaria,1916918,64,3.338692630566357,0.3349357466063348,40.0,3.5,36.5,0.0035219104567655885,1.0,0.8990147783251231,57.11,HIGH RISK,15
2023,Bihar,Saran,4544641,152,3.3445986162603383,0.3349357466063348,40.0,3.5,36.5,0.0035281405459276485,1.0,0.8990147783251231,57.11,HIGH RISK,15
2023,Bihar,Bhojpur,3137668,93,2.963984717312348,0.3349357466063348,40.0,3.5,36.5,0.0031266396535056186,1.0,0.8990147783251231,57.1,HIGH RISK,16
2023,Bihar,Madhepura,2302026,63,2.736719741653656,0.3349357466063348,40.0,3.5,36.5,0.0028869030311819434,1.0,0.8990147783251231,57.09,HIGH RISK,17
2023,Bihar,Sheikhpura,731793,21,2.8696639623500086,0.3349357466063348,40.0,3.5,36.5,0.003027142847435292,1.0,0.8990147783251231,57.09,HIGH RISK,17
2023,Bihar,Banka,2339977,60,2.564127767067796,0.3349357466063348,40.0,3.5,36.5,0.0027048397066091003,1.0,0.8990147783251231,57.08,HIGH RISK,18
2023,Bihar,Begusarai,3416122,85,2.488201533785971,0.3349357466063348,40.0,3.5,36.5,0.0026247468605381753,1.0,0.8990147783251231,57.08,HIGH RISK,18
2023,Bihar,Gopalganj,2946313,77,2.613435843374414,0.3349357466063348,40.0,3.5,36.5,0.002756853667989491,1.0,0.8990147783251231,57.08,HIGH RISK,18
2023,Bihar,Aurangabad,2921083,71,2.4306053610938134,0.3349357466063348,40.0,3.5,36.5,0.0025639899759369784,1.0,0.8990147783251231,57.07,HIGH RISK,19
2023,Bihar,Katihar,3531683,86,2.4350996394636777,0.3349357466063348,40.0,3.5,36.5,0.0025687308873468904,1.0,0.8990147783251231,57.07,HIGH RISK,19
2023,Bihar,Nawadah,3064997,70,2.2838521538520267,0.3349357466063348,40.0,3.5,36.5,0.00240918337576754,1.0,0.8990147783251231,57.07,HIGH RISK,19
2023,Bihar,Samastipur,4900800,115,2.346555664381325,0.3349357466063348,40.0,3.5,36.5,0.0024753278741820547,1.0,0.8990147783251231,57.07,HIGH RISK,19
2023,Bihar,Sheohar,754682,17,2.252604408214321,0.3349357466063348,40.0,3.5,36.5,0.0023762208439356957,1.0,0.8990147783251231,57.07,HIGH RISK,19
2023,Bihar,Siwan,3830033,91,2.375958640565238,0.3349357466063348,40.0,3.5,36.5,0.0025063444009309054,1.0,0.8990147783251231,57.07,HIGH RISK,19
2023,Bihar,Darbhanga,4527992,87,1.921381486539729,0.3349357466063348,40.0,3.5,36.5,0.0020268213632268924,1.0,0.8990147783251231,57.05,HIGH RISK,20
2023,Bihar,Madhubani,5160485,94,1.821534216260681,0.3349357466063348,40.0,3.5,36.5,0.0019214947626120802,1.0,0.8990147783251231,57.05,HIGH RISK,20
2023,Bihar,Saharsa,2185760,43,1.9672791157309129,0.3349357466063348,40.0,3.5,36.5,0.0020752377219863866,1.0,0.8990147783251231,57.05,HIGH RISK,20
2023,Bihar,Aurangabad,4256474,71,1.668047308640908,0.3349357466063348,40.0,3.5,36.5,0.0017595849360009994,1.0,0.8990147783251231,57.04,HIGH RISK,21
2023,Bihar,Bagaha,3064997,51,1.663949426377905,0.3349357466063348,40.0,3.5,36.5,0.0017552621737734935,1.0,0.8990147783251231,57.04,HIGH RISK,21
2023,Bihar,Supaul,2563437,43,1.6774354119098696,0.3349357466063348,40.0,3.5,36.5,0.0017694882313116977,1.0,0.8990147783251231,57.04,HIGH RISK,21
2023,Bihar,Naugachia,3064997,37,1.2071789956075,0.3349357466063348,40.0,3.5,36.5,0.001273425498619986,1.0,0.8990147783251231,57.02,HIGH RISK,22
2023,Bihar,Jamalpur Railway,3064997,0,0.0,0.3349357466063348,40.0,3.5,36.5,0.0,1.0,0.8990147783251231,56.97,HIGH RISK,23
2023,Bihar,Katihar Railway,3064997,1,0.0326264593407432,0.3349357466063348,40.0,3.5,36.5,3.441690536810768e-05,1.0,0.8990147783251231,56.97,HIGH RISK,23
2023,Bihar,Muzaffarpur Railway,3064997,0,0.0,0.3349357466063348,40.0,3.5,36.5,0.0,1.0,0.8990147783251231,56.97,HIGH RISK,23
2023,Bihar,Patna Railway,3064997,0,0.0,0.3349357466063348,40.0,3.5,36.5,0.0,1.0,0.8990147783251231,56.97,HIGH RISK,23
2023,Bihar,Economic Offences Unit,3064997,0,0.0,0.3349357466063348,40.0,3.5,36.5,0.0,1.0,0.8990147783251231,56.97,HIGH RISK,23
2023,Bihar,Anti Terrorist Squad,3064997,0,0.0,0.3349357466063348,40.0,3.5,36.5,0.0,1.0,0.8990147783251231,56.97,HIGH RISK,23
2023,Karnataka,Total Districts ,1785149,3818,213.87570449301435,0.1785958402499756,44.4,3.8,40.6,0.22561258655735464,0.5332241842190927,1.0,55.02,HIGH RISK,24
2023,West Bengal,Total Districts ,4419516,21165,478.8985943257135,0.1918958985340141,27.0,5.9,21.1,0.5051791685297967,0.572933467025716,0.5197044334975369,52.99,HIGH RISK,25
2023,Uttar Pradesh,Lucknow Commissionarate,3086497,1514,49.05237231722565,0.2890730391212179,34.8,2.4,32.4,0.05174422509324861,0.8630701322572731,0.7980295566502462,51.9,HIGH RISK,26
2023,Uttar Pradesh,Pratapgarh,998025,468,46.89261291049824,0.2890730391212179,34.8,2.4,32.4,0.04946594431681164,0.8630701322572731,0.7980295566502462,51.81,HIGH RISK,27
2023,Uttar Pradesh,Hamirpur,522983,210,40.154268876808615,0.2890730391212179,34.8,2.4,32.4,0.042357819389028224,0.8630701322572731,0.7980295566502462,51.53,HIGH RISK,28
2023,Uttar Pradesh,Kanpur Commissionarate,3086497,1216,39.39741396152337,0.2890730391212179,34.8,2.4,32.4,0.04155943045798567,0.8630701322572731,0.7980295566502462,51.5,HIGH RISK,29
2023,Haryana,Total Districts ,1358470,7176,528.2413303201396,0.1847177848775293,21.6,4.9,16.700000000000003,0.5572296916217394,0.5515021515294888,0.4113300492610838,51.17,HIGH RISK,30
2023,Uttar Pradesh,Prayagraj,3086497,866,28.057697771940163,0.2890730391212179,34.8,2.4,32.4,0.029597423336032557,0.8630701322572731,0.7980295566502462,51.02,HIGH RISK,31
2023,Uttar Pradesh,Kannauj,1905108,520,27.29504049114276,0.2890730391212179,34.8,2.4,32.4,0.028792913622386607,0.8630701322572731,0.7980295566502462,50.98,HIGH RISK,32
2023,Uttar Pradesh,Firozabad,2872879,716,24.92273430241928,0.2890730391212179,34.8,2.4,32.4,0.02629042210932461,0.8630701322572731,0.7980295566502462,50.88,HIGH RISK,33
2023,Uttar Pradesh,Varanasi Commissionarate,3086497,682,22.096246975130704,0.2890730391212179,34.8,2.4,32.4,0.023308825306205778,0.8630701322572731,0.7980295566502462,50.77,HIGH RISK,34
2023,Uttar Pradesh,Agra,5081616,1059,20.83982733051848,0.2890730391212179,34.8,2.4,32.4,0.021983456973723232,0.8630701322572731,0.7980295566502462,50.71,HIGH RISK,35
2023,Uttar Pradesh,Badaun,3086497,633,20.508686708589057,0.2890730391212179,34.8,2.4,32.4,0.021634144309132342,0.8630701322572731,0.7980295566502462,50.7,HIGH RISK,36
2023,Uttar Pradesh,Bulandshahar,3086497,636,20.605884275928343,0.2890730391212179,34.8,2.4,32.4,0.021736675798749085,0.8630701322572731,0.7980295566502462,50.7,HIGH RISK,36
2023,Uttar Pradesh,Auraiya,1586476,315,19.855327152758694,0.2890730391212179,34.8,2.4,32.4,0.020944930264497053,0.8630701322572731,0.7980295566502462,50.67,HIGH RISK,37
2023,Uttar Pradesh,Pilibhit,2335658,447,19.138075865559085,0.2890730391212179,34.8,2.4,32.4,0.020188318294473213,0.8630701322572731,0.7980295566502462,50.64,HIGH RISK,38
2023,Uttar Pradesh,Ghaziabad,5383891,1013,18.815388350172764,0.2890730391212179,34.8,2.4,32.4,0.019847922618542423,0.8630701322572731,0.7980295566502462,50.63,HIGH RISK,39
2023,Uttar Pradesh,Gorakhpur,5107029,942,18.445166455878752,0.2890730391212179,34.8,2.4,32.4,0.019457384014029893,0.8630701322572731,0.7980295566502462,50.61,HIGH RISK,40
2023,Uttar Pradesh,Aligarh,4224972,739,17.491240178633134,0.2890730391212179,34.8,2.4,32.4,0.01845110901283432,0.8630701322572731,0.7980295566502462,50.57,HIGH RISK,41
2023,Uttar Pradesh,Banda,2069321,349,16.865435570411744,0.2890730391212179,34.8,2.4,32.4,0.01779096205189257,0.8630701322572731,0.7980295566502462,50.54,HIGH RISK,42
2023,Uttar Pradesh,Meerut,3960242,662,16.716150174661045,0.2890730391212179,34.8,2.4,32.4,0.017633484304009087,0.8630701322572731,0.7980295566502462,50.54,HIGH RISK,42
2023,Uttar Pradesh,Hamirpur,1269927,210,16.536383587403055,0.2890730391212179,34.8,2.4,32.4,0.017443852644704893,0.8630701322572731,0.7980295566502462,50.53,HIGH RISK,43
2023,Uttar Pradesh,Mathura,2929261,445,15.19154489818422,0.2890730391212179,34.8,2.4,32.4,0.01602521308535759,0.8630701322572731,0.7980295566502462,50.47,HIGH RISK,44
2023,Uttar Pradesh,Jhansi,2298393,322,14.009788578367582,0.2890730391212179,34.8,2.4,32.4,0.014778605385682937,0.8630701322572731,0.7980295566502462,50.42,HIGH RISK,45
2023,Uttar Pradesh,Khiri,3086497,394,12.76528051055938,0.2890730391212179,34.8,2.4,32.4,0.013465802302998646,0.8630701322572731,0.7980295566502462,50.37,HIGH RISK,46
2023,Uttar Pradesh,Pratapgarh,3690512,468,12.681167274351091,0.2890730391212179,34.8,2.4,32.4,0.013377073174883574,0.8630701322572731,0.7980295566502462,50.37,HIGH RISK,46
2023,Uttar Pradesh,Azamgarh,5305999,642,12.099512269037367,0.2890730391212179,34.8,2.4,32.4,0.012763498619774874,0.8630701322572731,0.7980295566502462,50.34,HIGH RISK,47
2023,Uttar Pradesh,Mainpuri,2148808,259,12.05319414298532,0.2890730391212179,34.8,2.4,32.4,0.012714638688499074,0.8630701322572731,0.7980295566502462,50.34,HIGH RISK,47
2023,Uttar Pradesh,Kanpur Dehat,2065611,245,11.860897332556808,0.2890730391212179,34.8,2.4,32.4,0.012511789183501076,0.8630701322572731,0.7980295566502462,50.33,HIGH RISK,48
2023,Uttar Pradesh,Shahjahanpur,3457518,410,11.858217368644212,0.2890730391212179,34.8,2.4,32.4,0.012508962150895225,0.8630701322572731,0.7980295566502462,50.33,HIGH RISK,48
2023,Uttar Pradesh,Sambhal,3086497,331,10.724131596434404,0.2890730391212179,34.8,2.4,32.4,0.011312641021047086,0.8630701322572731,0.7980295566502462,50.29,HIGH RISK,49
2023,Uttar Pradesh,Sitapur,5156590,562,10.898675287350748,0.2890730391212179,34.8,2.4,32.4,0.011496763166515881,0.8630701322572731,0.7980295566502462,50.29,HIGH RISK,49
2023,Uttar Pradesh,Saharanpur,3986339,426,10.686497059081026,0.2890730391212179,34.8,2.4,32.4,0.011272941208783171,0.8630701322572731,0.7980295566502462,50.28,HIGH RISK,50
2023,Uttar Pradesh,Unnao,3574622,366,10.23884483450278,0.2890730391212179,34.8,2.4,32.4,0.010800723120690092,0.8630701322572731,0.7980295566502462,50.27,HIGH RISK,51
2023,Uttar Pradesh,Bijnor,4235119,430,10.153197584294562,0.2890730391212179,34.8,2.4,32.4,0.0107103757963093,0.8630701322572731,0.7980295566502462,50.26,HIGH RISK,52
2023,Uttar Pradesh,Gautambudh Nagar,3086497,314,10.173345381511792,0.2890730391212179,34.8,2.4,32.4,0.010731629246552223,0.8630701322572731,0.7980295566502462,50.26,HIGH RISK,52
2023,Uttar Pradesh,Fatehpur,3027642,293,9.677498198267829,0.2890730391212179,34.8,2.4,32.4,0.010208571399406693,0.8630701322572731,0.7980295566502462,50.24,HIGH RISK,53
2023,Uttar Pradesh,Jalaun,1943470,189,9.72487355091666,0.2890730391212179,34.8,2.4,32.4,0.010258546574826952,0.8630701322572731,0.7980295566502462,50.24,HIGH RISK,53
2023,Uttar Pradesh,Kaushambi,1839535,179,9.730719991737043,0.2890730391212179,34.8,2.4,32.4,0.010264713851464416,0.8630701322572731,0.7980295566502462,50.24,HIGH RISK,53
2023,Uttar Pradesh,Amroha,3086497,290,9.395764842797512,0.2890730391212179,34.8,2.4,32.4,0.00991137732961829,0.8630701322572731,0.7980295566502462,50.23,HIGH RISK,54
2023,Uttar Pradesh,Muzaffarnagar,4765038,445,9.338855220042316,0.2890730391212179,34.8,2.4,32.4,0.00985134467083529,0.8630701322572731,0.7980295566502462,50.23,HIGH RISK,54
2023,Uttar Pradesh,Baghpat,1498505,138,9.209178481219617,0.2890730391212179,34.8,2.4,32.4,0.009714551646440753,0.8630701322572731,0.7980295566502462,50.22,HIGH RISK,55
2023,Uttar Pradesh,Shamli,3086497,279,9.03937376255347,0.2890730391212179,34.8,2.4,32.4,0.00953542853435691,0.8630701322572731,0.7980295566502462,50.21,HIGH RISK,56
2023,Uttar Pradesh,Etawah,1819081,149,8.19094916608991,0.2890730391212179,34.8,2.4,32.4,0.00864044484202604,0.8630701322572731,0.7980295566502462,50.18,HIGH RISK,57
2023,Uttar Pradesh,Sonbhadra,2141942,175,8.170155867899318,0.2890730391212179,34.8,2.4,32.4,0.008618510467577301,0.8630701322572731,0.7980295566502462,50.18,HIGH RISK,57
2023,Uttar Pradesh,Hapur,3086497,245,7.937801332708245,0.2890730391212179,34.8,2.4,32.4,0.00837340498536718,0.8630701322572731,0.7980295566502462,50.17,HIGH RISK,58
2023,Uttar Pradesh,Moradabad,5487806,434,7.908442827607245,0.2890730391212179,34.8,2.4,32.4,0.008342435370146062,0.8630701322572731,0.7980295566502462,50.17,HIGH RISK,58
2023,Uttar Pradesh,Kushi Nagar,3086497,238,7.711007008916581,0.2890730391212179,34.8,2.4,32.4,0.008134164842928117,0.8630701322572731,0.7980295566502462,50.16,HIGH RISK,59
2023,Uttar Pradesh,Raibareilly,3086497,223,7.225019172220157,0.2890730391212179,34.8,2.4,32.4,0.007621507394844411,0.8630701322572731,0.7980295566502462,50.14,HIGH RISK,60
2023,Uttar Pradesh,Chitrakoot,1140489,81,7.102216680739578,0.2890730391212179,34.8,2.4,32.4,0.007491965856667848,0.8630701322572731,0.7980295566502462,50.13,HIGH RISK,61
2023,Uttar Pradesh,Hardoi,4706771,318,6.756224171518011,0.2890730391212179,34.8,2.4,32.4,0.007126986276027839,0.8630701322572731,0.7980295566502462,50.12,HIGH RISK,62
2023,Uttar Pradesh,Amethi,3086497,196,6.350241066166595,0.2890730391212179,34.8,2.4,32.4,0.006698723988293742,0.8630701322572731,0.7980295566502462,50.1,HIGH RISK,63
2023,Uttar Pradesh,Fatehgarh,3086497,198,6.415039444392785,0.2890730391212179,34.8,2.4,32.4,0.006767078314704903,0.8630701322572731,0.7980295566502462,50.1,HIGH RISK,63
2023,Uttar Pradesh,Kasganj,3086497,198,6.415039444392785,0.2890730391212179,34.8,2.4,32.4,0.006767078314704903,0.8630701322572731,0.7980295566502462,50.1,HIGH RISK,63
2023,Uttar Pradesh,Sidharthnagar,3086497,193,6.253043498827312,0.2890730391212179,34.8,2.4,32.4,0.006596192498677002,0.8630701322572731,0.7980295566502462,50.1,HIGH RISK,63
2023,Uttar Pradesh,Etah,2040651,123,6.027488286826116,0.2890730391212179,34.8,2.4,32.4,0.0063582594669111415,0.8630701322572731,0.7980295566502462,50.09,HIGH RISK,64
2023,Uttar Pradesh,Ghazipur,4163308,240,5.764646766465512,0.2890730391212179,34.8,2.4,32.4,0.006080993961678591,0.8630701322572731,0.7980295566502462,50.08,HIGH RISK,65
2023,Uttar Pradesh,Mirzapur,2871515,171,5.955044636716159,0.2890730391212179,34.8,2.4,32.4,0.006281840318136358,0.8630701322572731,0.7980295566502462,50.08,HIGH RISK,65
2023,Uttar Pradesh,Jaunpur,5168334,289,5.591743877233941,0.2890730391212179,34.8,2.4,32.4,0.005898602660360639,0.8630701322572731,0.7980295566502462,50.07,HIGH RISK,66
2023,Uttar Pradesh,Mahoba,1007351,56,5.559134800084578,0.2890730391212179,34.8,2.4,32.4,0.005864204091068462,0.8630701322572731,0.7980295566502462,50.07,HIGH RISK,66
2023,Uttar Pradesh,Ballia,3725740,204,5.475422332207829,0.2890730391212179,34.8,2.4,32.4,0.0057758977242955605,0.8630701322572731,0.7980295566502462,50.06,HIGH RISK,67
2023,Uttar Pradesh,Chandoli,3086497,149,4.827479177851137,0.2890730391212179,34.8,2.4,32.4,0.005092397317631468,0.8630701322572731,0.7980295566502462,50.04,HIGH RISK,68
2023,Uttar Pradesh,Lalitpur,1404830,66,4.6980773474370565,0.2890730391212179,34.8,2.4,32.4,0.004955894287826461,0.8630701322572731,0.7980295566502462,50.03,HIGH RISK,69
2023,Uttar Pradesh,Rampur,2686191,121,4.5045195967077545,0.2890730391212179,34.8,2.4,32.4,0.004751714645759225,0.8630701322572731,0.7980295566502462,50.02,HIGH RISK,70
2023,Uttar Pradesh,Bahraich,4010890,157,3.914343200636268,0.2890730391212179,34.8,2.4,32.4,0.0041291510705349305,0.8630701322572731,0.7980295566502462,50.0,HIGH RISK,71
2023,Uttar Pradesh,Sant Kabirnagar,3086497,120,3.887902693571385,0.2890730391212179,34.8,2.4,32.4,0.0041012595846696386,0.8630701322572731,0.7980295566502462,50.0,HIGH RISK,71
2023,Uttar Pradesh,Hathras,3086497,114,3.693507558892816,0.2890730391212179,34.8,2.4,32.4,0.0038961966054361567,0.8630701322572731,0.7980295566502462,49.99,MODERATE RISK,72
2023,Uttar Pradesh,Balrampur,2470964,75,3.035252638241593,0.2890730391212179,34.8,2.4,32.4,0.0032018185524718503,0.8630701322572731,0.7980295566502462,49.96,MODERATE RISK,73
2023,Uttar Pradesh,Gonda,3949006,122,3.089385024991099,0.2890730391212179,34.8,2.4,32.4,0.00325892156854387,0.8630701322572731,0.7980295566502462,49.96,MODERATE RISK,73
2023,Uttar Pradesh,Shrawasti,1284965,39,3.0351021234041395,0.2890730391212179,34.8,2.4,32.4,0.003201659777814048,0.8630701322572731,0.7980295566502462,49.96,MODERATE RISK,73
2023,Uttar Pradesh,Barabanki,3086497,82,2.65673350727378,0.2890730391212179,34.8,2.4,32.4,0.0028025273828575863,0.8630701322572731,0.7980295566502462,49.95,MODERATE RISK,74
2023,Uttar Pradesh,Sultanpur,4366684,119,2.7251800221861715,0.2890730391212179,34.8,2.4,32.4,0.002874730045178802,0.8630701322572731,0.7980295566502462,49.95,MODERATE RISK,74
2023,Uttar Pradesh,Ambedkar Nagar,2757571,72,2.610993515670131,0.2890730391212179,34.8,2.4,32.4,0.002754277312381966,0.8630701322572731,0.7980295566502462,49.94,MODERATE RISK,75
2023,Uttar Pradesh,Basti,2834133,72,2.5404594632644266,0.2890730391212179,34.8,2.4,32.4,0.002679872554528122,0.8630701322572731,0.7980295566502462,49.94,MODERATE RISK,75
2023,Uttar Pradesh,Mau,2536863,48,1.892100598258558,0.2890730391212179,34.8,2.4,32.4,0.0019959336242129093,0.8630701322572731,0.7980295566502462,49.91,MODERATE RISK,76
2023,Uttar Pradesh,Ayodhya,3086497,47,1.5227618883154592,0.2890730391212179,34.8,2.4,32.4,0.001606326670662275,0.8630701322572731,0.7980295566502462,49.9,MODERATE RISK,77
2023,Uttar Pradesh,Bareilly,5115612,68,1.329264220976884,0.2890730391212179,34.8,2.4,32.4,0.0014022104091890304,0.8630701322572731,0.7980295566502462,49.89,MODERATE RISK,78
2023,Uttar Pradesh,Deoria,3566087,46,1.2899292698131033,0.2890730391212179,34.8,2.4,32.4,0.001360716869307049,0.8630701322572731,0.7980295566502462,49.89,MODERATE RISK,78
2023,Uttar Pradesh,Maharajganj,3086497,43,1.3931651318630798,0.2890730391212179,34.8,2.4,32.4,0.001469618017839954,0.8630701322572731,0.7980295566502462,49.89,MODERATE RISK,78
2023,Uttar Pradesh,Bhadohi,3086497,15,0.4859878366964231,0.2890730391212179,34.8,2.4,32.4,0.0005126574480837047,0.8630701322572731,0.7980295566502462,49.85,MODERATE RISK,79
2023,Uttar Pradesh,GRP,3086497,7,0.2267943237916641,0.2890730391212179,34.8,2.4,32.4,0.0002392401424390622,0.8630701322572731,0.7980295566502462,49.84,MODERATE RISK,80
2023,Karnataka,Bengaluru City,1785149,903,50.58401287511575,0.1785958402499756,44.4,3.8,40.6,0.0533599176692748,0.5332241842190927,1.0,48.13,MODERATE RISK,81
2023,Telangana,Hyderabad Commissionerate,3550945,1931,54.37989042353515,0.2616064848931466,36.9,7.6,29.299999999999997,0.05736410203413268,0.7810646894033219,0.7216748768472906,47.38,MODERATE RISK,82
2023,Telangana,Rachakonda Commissionerate,3550945,1825,51.39476956134212,0.2616064848931466,36.9,7.6,29.299999999999997,0.0542151663450503,0.7810646894033219,0.7216748768472906,47.25,MODERATE RISK,83
2023,Jharkhand,Total Districts ,1648218,2062,125.10481016467482,0.2265305090743642,31.5,2.9,28.6,0.13197020147251468,0.6763401976935469,0.7044334975369458,46.7,MODERATE RISK,84
2023,Telangana,Cyberabad Commissionerate,3550945,1258,35.42718910036624,0.2616064848931466,36.9,7.6,29.299999999999997,0.03737133110250591,0.7810646894033219,0.7216748768472906,46.58,MODERATE RISK,85
2023,Karnataka,Bengaluru District,1785149,206,11.539652992551323,0.1785958402499756,44.4,3.8,40.6,0.012172915880255382,0.5332241842190927,1.0,46.48,MODERATE RISK,86
2023,Karnataka,Vijayapura,1785149,154,8.626730877926716,0.1785958402499756,44.4,3.8,40.6,0.00910014099786082,0.5332241842190927,1.0,46.36,MODERATE RISK,87
2023,Karnataka,Belagavi District,1785149,143,8.010535815217665,0.1785958402499756,44.4,3.8,40.6,0.008450130926585045,0.5332241842190927,1.0,46.33,MODERATE RISK,88
2023,Karnataka,Chitradurga,1908374,130,6.812081908472868,0.1785958402499756,44.4,3.8,40.6,0.007185909324550338,0.5332241842190927,1.0,46.28,MODERATE RISK,89
2023,Karnataka,Ballari,1785149,112,6.273986093037611,0.1785958402499756,44.4,3.8,40.6,0.006618284362080595,0.5332241842190927,1.0,46.26,MODERATE RISK,90
2023,Karnataka,Hubballi Dharwad City,1785149,112,6.273986093037611,0.1785958402499756,44.4,3.8,40.6,0.006618284362080595,0.5332241842190927,1.0,46.26,MODERATE RISK,90
2023,Karnataka,Koppal,1598407,95,5.943417414963773,0.1785958402499756,44.4,3.8,40.6,0.006269575027975186,0.5332241842190927,1.0,46.25,MODERATE RISK,91
2023,Karnataka,Raichur,2218133,130,5.860784723008043,0.1785958402499756,44.4,3.8,40.6,0.0061824076921128835,0.5332241842190927,1.0,46.24,MODERATE RISK,92
2023,Karnataka,Tumakuru,1785149,104,5.825844229249211,0.1785958402499756,44.4,3.8,40.6,0.006145549764789124,0.5332241842190927,1.0,46.24,MODERATE RISK,92
2023,Karnataka,Kalaburgi City,1785149,103,5.769826496275662,0.1785958402499756,44.4,3.8,40.6,0.006086457940127691,0.5332241842190927,1.0,46.24,MODERATE RISK,92
2023,Karnataka,Bidar,1958794,105,5.360441169413424,0.1785958402499756,44.4,3.8,40.6,0.005654606726774778,0.5332241842190927,1.0,46.22,MODERATE RISK,93
2023,Karnataka,Mysuru District,1785149,94,5.26566689951371,0.1785958402499756,44.4,3.8,40.6,0.005554631518174786,0.5332241842190927,1.0,46.22,MODERATE RISK,93
2023,Karnataka,Kalaburgi,1785149,91,5.09761370059306,0.1785958402499756,44.4,3.8,40.6,0.005377356044190484,0.5332241842190927,1.0,46.21,MODERATE RISK,94
2023,Karnataka,Shimoga,2015665,103,5.109976112101962,0.1785958402499756,44.4,3.8,40.6,0.005390396869202475,0.5332241842190927,1.0,46.21,MODERATE RISK,94
2023,Karnataka,Hassan,2042884,99,4.846090135318501,0.1785958402499756,44.4,3.8,40.6,0.0051120295907897215,0.5332241842190927,1.0,46.2,MODERATE RISK,95
2023,Karnataka,Kodagu,637696,31,4.861250501806503,0.1785958402499756,44.4,3.8,40.6,0.005128021914483634,0.5332241842190927,1.0,46.2,MODERATE RISK,95
2023,Karnataka,Mandya,2076634,100,4.815485058994508,0.1785958402499756,44.4,3.8,40.6,0.0050797449961107275,0.5332241842190927,1.0,46.2,MODERATE RISK,95
2023,Karnataka,Ramanagara,1245031,60,4.819157113357017,0.1785958402499756,44.4,3.8,40.6,0.005083618562230212,0.5332241842190927,1.0,46.2,MODERATE RISK,95
2023,Karnataka,Vijayanagara,1785149,83,4.649471836804659,0.1785958402499756,44.4,3.8,40.6,0.004904621446899012,0.5332241842190927,1.0,46.19,MODERATE RISK,96
2023,Karnataka,Davanagere,2237321,99,4.424935000386623,0.1785958402499756,44.4,3.8,40.6,0.004667762676232364,0.5332241842190927,1.0,46.18,MODERATE RISK,97
2023,Karnataka,Uttara Kannada,1652744,72,4.356391552472736,0.1785958402499756,44.4,3.8,40.6,0.0045954577615059874,0.5332241842190927,1.0,46.18,MODERATE RISK,97
2023,Karnataka,Belagavi City,1785149,78,4.369383171936908,0.1785958402499756,44.4,3.8,40.6,0.004609162323591843,0.5332241842190927,1.0,46.18,MODERATE RISK,97
2023,Karnataka,Udupi,1353965,51,3.7667147969112937,0.1785958402499756,44.4,3.8,40.6,0.003973421245622476,0.5332241842190927,1.0,46.16,MODERATE RISK,98
2023,Karnataka,Chikkaballapura,1443369,53,3.6719646881705232,0.1785958402499756,44.4,3.8,40.6,0.0038734715240761747,0.5332241842190927,1.0,46.15,MODERATE RISK,99
2023,Karnataka,Haveri,1837318,56,3.047920936930896,0.1785958402499756,44.4,3.8,40.6,0.003215182050870838,0.5332241842190927,1.0,46.13,MODERATE RISK,100
2023,Karnataka,Mysuru City,1785149,58,3.249028512465906,0.1785958402499756,44.4,3.8,40.6,0.0034273258303631655,0.5332241842190927,1.0,46.13,MODERATE RISK,100
2023,Karnataka,Chikkamagaluru,1785149,53,2.968939847598156,0.1785958402499756,44.4,3.8,40.6,0.0031318667070559963,0.5332241842190927,1.0,46.12,MODERATE RISK,101
2023,Karnataka,Gadag,1224255,35,2.8588815238655347,0.1785958402499756,44.4,3.8,40.6,0.0030157686998122874,0.5332241842190927,1.0,46.12,MODERATE RISK,101
2023,Karnataka,Mangaluru City,1785149,52,2.9129221146246054,0.1785958402499756,44.4,3.8,40.6,0.003072774882394562,0.5332241842190927,1.0,46.12,MODERATE RISK,101
2023,Karnataka,Kolar,1766861,44,2.4902921056042326,0.1785958402499756,44.4,3.8,40.6,0.0026269521569107575,0.5332241842190927,1.0,46.1,MODERATE RISK,102
2023,Karnataka,Yadgiri,1785149,45,2.520797983809755,0.1785958402499756,44.4,3.8,40.6,0.002659132109764525,0.5332241842190927,1.0,46.1,MODERATE RISK,102
2023,Karnataka,Chamarajnagar,1785149,34,1.904602921100704,0.1785958402499756,44.4,3.8,40.6,0.0020091220384887525,0.5332241842190927,1.0,46.08,MODERATE RISK,103
2023,Karnataka,Dharwad,2124076,39,1.836092493865568,0.1785958402499756,44.4,3.8,40.6,0.001936851956520778,0.5332241842190927,1.0,46.07,MODERATE RISK,104
2023,Karnataka,Bagalkot,2173214,31,1.426458692057018,0.1785958402499756,44.4,3.8,40.6,0.001504738632632845,0.5332241842190927,1.0,46.06,MODERATE RISK,105
2023,Karnataka,Dakshina Kannada,2403096,36,1.4980674929341151,0.1785958402499756,44.4,3.8,40.6,0.001580277118055719,0.5332241842190927,1.0,46.06,MODERATE RISK,105
2023,Karnataka,KGF,1785149,23,1.2884078583916525,0.1785958402499756,44.4,3.8,40.6,0.0013591119672129795,0.5332241842190927,1.0,46.05,MODERATE RISK,106
2023,Karnataka,KRailways,1785149,1,0.0560177329735501,0.1785958402499756,44.4,3.8,40.6,5.909182466143388e-05,0.5332241842190927,1.0,46.0,MODERATE RISK,107
2023,Telangana,Warangal Commissionerate,3550945,744,20.95216907048687,0.2616064848931466,36.9,7.6,29.299999999999997,0.022101963704502698,0.7810646894033219,0.7216748768472906,45.97,MODERATE RISK,108
2023,Telangana,Ramagundam Commissionerate,3550945,559,15.742288320433012,0.2616064848931466,36.9,7.6,29.299999999999997,0.016606179718840066,0.7810646894033219,0.7216748768472906,45.75,MODERATE RISK,109
2023,Assam,Total Districts ,1324826,4025,303.8134819213995,0.1518562906505433,32.0,5.9,26.1,0.3204858899226763,0.45338932075538324,0.6428571428571429,45.71,MODERATE RISK,110
2023,Telangana,Bhadradri Kothagudem,3550945,459,12.92613656364714,0.2616064848931466,36.9,7.6,29.299999999999997,0.013635485672535936,0.7810646894033219,0.7216748768472906,45.63,MODERATE RISK,111
2023,Telangana,Khammam Commissionerate,3550945,426,11.996806483907806,0.2616064848931466,36.9,7.6,29.299999999999997,0.012655156637255577,0.7810646894033219,0.7216748768472906,45.59,MODERATE RISK,112
2023,Telangana,Nizamabad Commissionerate,3550945,383,10.78586122848988,0.2616064848931466,36.9,7.6,29.299999999999997,0.011377758197344802,0.7810646894033219,0.7216748768472906,45.54,MODERATE RISK,113
2023,Telangana,Jagityal,3550945,369,10.39159998253986,0.2616064848931466,36.9,7.6,29.299999999999997,0.010961861030862226,0.7810646894033219,0.7216748768472906,45.52,MODERATE RISK,114
2023,Telangana,Suryapet,3550945,366,10.307115429836283,0.2616064848931466,36.9,7.6,29.299999999999997,0.0108727402094731,0.7810646894033219,0.7216748768472906,45.52,MODERATE RISK,114
2023,Telangana,Siddipet Commissionerate,3550945,324,9.124331691986216,0.2616064848931466,36.9,7.6,29.299999999999997,0.009625048710025366,0.7810646894033219,0.7216748768472906,45.47,MODERATE RISK,115
2023,Telangana,Nalgonda,4012130,332,8.274906346504226,0.2616064848931466,36.9,7.6,29.299999999999997,0.00872900935045507,0.7810646894033219,0.7216748768472906,45.43,MODERATE RISK,116
2023,Telangana,Karimnagar Commissionerate,3550945,275,7.744417331161141,0.2616064848931466,36.9,7.6,29.299999999999997,0.008169408627336346,0.7810646894033219,0.7216748768472906,45.41,MODERATE RISK,117
2023,Telangana,Kamareddy ,3550945,241,6.786925733853946,0.2616064848931466,36.9,7.6,29.299999999999997,0.0071593726515929434,0.7810646894033219,0.7216748768472906,45.37,MODERATE RISK,118
2023,Telangana,Rajanna Siricilla,3550945,235,6.617956628446793,0.2616064848931466,36.9,7.6,29.299999999999997,0.006981131008814695,0.7810646894033219,0.7216748768472906,45.36,MODERATE RISK,119
2023,Telangana,Sangareddy,3550945,216,6.082887794657478,0.2616064848931466,36.9,7.6,29.299999999999997,0.006416699140016912,0.7810646894033219,0.7216748768472906,45.34,MODERATE RISK,120
2023,Telangana,Mahabubabad,3550945,190,5.3506883378931525,0.2616064848931466,36.9,7.6,29.299999999999997,0.005644318687977839,0.7810646894033219,0.7216748768472906,45.31,MODERATE RISK,121
2023,Telangana,Medak,3488281,185,5.303471824660915,0.2616064848931466,36.9,7.6,29.299999999999997,0.005594511068623427,0.7810646894033219,0.7216748768472906,45.31,MODERATE RISK,121
2023,Telangana,Adilabad,3152424,154,4.88512966529883,0.2616064848931466,36.9,7.6,29.299999999999997,0.005153211497625396,0.7810646894033219,0.7216748768472906,45.29,MODERATE RISK,122
2023,Telangana,Mahabubnagar,3550945,151,4.252389152746663,0.2616064848931466,36.9,7.6,29.299999999999997,0.004485748009919231,0.7810646894033219,0.7216748768472906,45.26,MODERATE RISK,123
2023,Telangana,Nagarkurnool,3550945,148,4.167904600043087,0.2616064848931466,36.9,7.6,29.299999999999997,0.004396627188530107,0.7810646894033219,0.7216748768472906,45.26,MODERATE RISK,123
2023,Telangana,Nirmal,3550945,145,4.083420047339511,0.2616064848931466,36.9,7.6,29.299999999999997,0.0043075063671409826,0.7810646894033219,0.7216748768472906,45.25,MODERATE RISK,124
2023,Telangana,Jayashankar Bhupalpalli,3550945,129,3.632835766253772,0.2616064848931466,36.9,7.6,29.299999999999997,0.0038321953197323227,0.7810646894033219,0.7216748768472906,45.24,MODERATE RISK,125
2023,Telangana,Vikarabad,3550945,115,3.2385745203037506,0.2616064848931466,36.9,7.6,29.299999999999997,0.0034162981532497453,0.7810646894033219,0.7216748768472906,45.22,MODERATE RISK,126
2023,Telangana,Kumaram Bheem Asifabad,3550945,101,2.8443132743537283,0.2616064848931466,36.9,7.6,29.299999999999997,0.003000400986767167,0.7810646894033219,0.7216748768472906,45.2,MODERATE RISK,127
2023,Telangana,Jogulamba Gadwal,3550945,71,1.999467747317968,0.2616064848931466,36.9,7.6,29.299999999999997,0.00210919277287593,0.7810646894033219,0.7216748768472906,45.17,MODERATE RISK,128
2023,Telangana,Wanaparthy,3550945,68,1.9149831946143911,0.2616064848931466,36.9,7.6,29.299999999999997,0.0020200719514868056,0.7810646894033219,0.7216748768472906,45.16,MODERATE RISK,129
2023,Telangana,Narayanpet,3550945,58,1.6333680189358044,0.2616064848931466,36.9,7.6,29.299999999999997,0.001723002546856393,0.7810646894033219,0.7216748768472906,45.15,MODERATE RISK,130
2023,Telangana,Mulug,3550945,33,0.929330079739337,0.2616064848931466,36.9,7.6,29.299999999999997,0.0009803290352803616,0.7810646894033219,0.7216748768472906,45.12,MODERATE RISK,131
2023,Telangana,Railway Police Secunderabad,3550945,0,0.0,0.2616064848931466,36.9,7.6,29.299999999999997,0.0,0.7810646894033219,0.7216748768472906,45.08,MODERATE RISK,132
2023,Andhra Pradesh,Total Districts ,4427452,11132,251.4312972788864,0.171096840622121,30.0,4.4,25.6,0.265229122003493,0.5108348163960501,0.6305418719211823,44.85,MODERATE RISK,133
2023,Manipur,Total Districts ,364906,36,9.865554416753904,0.1993166287015945,39.6,4.4,35.2,0.010406947601001972,0.5950891498477778,0.8669950738916257,44.28,MODERATE RISK,134
2023,Manipur,Imphal West,595690,12,2.0144706139099195,0.1993166287015945,39.6,4.4,35.2,0.0021250189535335635,0.5950891498477778,0.8669950738916257,43.95,MODERATE RISK,135
2023,Manipur,Imphal East,524529,10,1.9064722827527167,0.1993166287015945,39.6,4.4,35.2,0.0020110939853189057,0.5950891498477778,0.8669950738916257,43.94,MODERATE RISK,136
2023,Manipur,Thoubal,485493,8,1.6478095461726534,0.1993166287015945,39.6,4.4,35.2,0.0017382365834734432,0.5950891498477778,0.8669950738916257,43.93,MODERATE RISK,137
2023,Manipur,Kakching,364906,3,0.822129534729492,0.1993166287015945,39.6,4.4,35.2,0.000867245633416831,0.5950891498477778,0.8669950738916257,43.9,MODERATE RISK,138
2023,Manipur,Bishnupur,273008,2,0.7325792650764813,0.1993166287015945,39.6,4.4,35.2,0.0007727811031364212,0.5950891498477778,0.8669950738916257,43.89,MODERATE RISK,139
2023,Manipur,Jiribam,364906,1,0.274043178243164,0.1993166287015945,39.6,4.4,35.2,0.0002890818778056103,0.5950891498477778,0.8669950738916257,43.87,MODERATE RISK,140
2023,Manipur,Chandel,165809,0,0.0,0.1993166287015945,39.6,4.4,35.2,0.0,0.5950891498477778,0.8669950738916257,43.86,MODERATE RISK,141
2023,Manipur,Churachandpur,315264,0,0.0,0.1993166287015945,39.6,4.4,35.2,0.0,0.5950891498477778,0.8669950738916257,43.86,MODERATE RISK,141
2023,Manipur,CID,364906,0,0.0,0.1993166287015945,39.6,4.4,35.2,0.0,0.5950891498477778,0.8669950738916257,43.86,MODERATE RISK,141
2023,Manipur,Senapati,551020,0,0.0,0.1993166287015945,39.6,4.4,35.2,0.0,0.5950891498477778,0.8669950738916257,43.86,MODERATE RISK,141
2023,Manipur,Tamenglong,161748,0,0.0,0.1993166287015945,39.6,4.4,35.2,0.0,0.5950891498477778,0.8669950738916257,43.86,MODERATE RISK,141
2023,Manipur,Ukhrul,211597,0,0.0,0.1993166287015945,39.6,4.4,35.2,0.0,0.5950891498477778,0.8669950738916257,43.86,MODERATE RISK,141
2023,Manipur,Kamjong,364906,0,0.0,0.1993166287015945,39.6,4.4,35.2,0.0,0.5950891498477778,0.8669950738916257,43.86,MODERATE RISK,141
2023,Manipur,Kangpokpi,364906,0,0.0,0.1993166287015945,39.6,4.4,35.2,0.0,0.5950891498477778,0.8669950738916257,43.86,MODERATE RISK,141
2023,Manipur,Noney,364906,0,0.0,0.1993166287015945,39.6,4.4,35.2,0.0,0.5950891498477778,0.8669950738916257,43.86,MODERATE RISK,141
2023,Manipur,Pherzawl,364906,0,0.0,0.1993166287015945,39.6,4.4,35.2,0.0,0.5950891498477778,0.8669950738916257,43.86,MODERATE RISK,141
2023,Manipur,Tengnoupal,364906,0,0.0,0.1993166287015945,39.6,4.4,35.2,0.0,0.5950891498477778,0.8669950738916257,43.86,MODERATE RISK,141
2023,Manipur,Narcotic,364906,0,0.0,0.1993166287015945,39.6,4.4,35.2,0.0,0.5950891498477778,0.8669950738916257,43.86,MODERATE RISK,141
2023,Maharashtra,Total Districts ,3417201,14355,420.0806449488924,0.1064679265371306,25.2,3.7,21.5,0.4431334596618333,0.31787567500899566,0.5295566502463054,43.15,MODERATE RISK,142
2023,Odisha,Total Districts ,1638572,6973,425.55346972851976,0.0744934445768772,30.4,5.4,25.0,0.44890661728735143,0.22241114999418898,0.6157635467980296,43.1,MODERATE RISK,143
2023,Jharkhand,Garhwa,1521201,153,10.05784245474464,0.2265305090743642,31.5,2.9,28.6,0.010609787852156098,0.6763401976935469,0.7044334975369458,41.85,MODERATE RISK,144
2023,Jharkhand,Ranchi,3351390,303,9.041024768827263,0.2265305090743642,31.5,2.9,28.6,0.009537170143095198,0.6763401976935469,0.7044334975369458,41.8,MODERATE RISK,145
2023,Jharkhand,Jamshedpur,1648218,145,8.79737995823368,0.2265305090743642,31.5,2.9,28.6,0.009280154807718054,0.6763401976935469,0.7044334975369458,41.79,MODERATE RISK,146
2023,Jharkhand,Hazaribagh,1994669,154,7.72057920386791,0.2265305090743642,31.5,2.9,28.6,0.00814426233234198,0.6763401976935469,0.7044334975369458,41.75,MODERATE RISK,147
2023,Jharkhand,Khunti,611667,46,7.520431868974458,0.2265305090743642,31.5,2.9,28.6,0.007933131488729268,0.6763401976935469,0.7044334975369458,41.74,MODERATE RISK,148
2023,Jharkhand,Latehar,836024,58,6.937599877515478,0.2265305090743642,31.5,2.9,28.6,0.007318315357868882,0.6763401976935469,0.7044334975369458,41.72,MODERATE RISK,149
2023,Jharkhand,Chatra,1199318,76,6.336934824625328,0.2265305090743642,31.5,2.9,28.6,0.006684687538578248,0.6763401976935469,0.7044334975369458,41.69,MODERATE RISK,150
2023,Jharkhand,Palamu,2230849,128,5.737725861320063,0.2265305090743642,31.5,2.9,28.6,0.006052595714871046,0.6763401976935469,0.7044334975369458,41.67,MODERATE RISK,151
2023,Jharkhand,Godda,1510583,85,5.626966542056941,0.2265305090743642,31.5,2.9,28.6,0.005935758243483075,0.6763401976935469,0.7044334975369458,41.66,MODERATE RISK,152
2023,Jharkhand,Pakur,1035485,55,5.311520688373081,0.2265305090743642,31.5,2.9,28.6,0.005603001630771447,0.6763401976935469,0.7044334975369458,41.65,MODERATE RISK,153
2023,Jharkhand,Gumla,1178994,60,5.0890844228214895,0.2265305090743642,31.5,2.9,28.6,0.005368358704244501,0.6763401976935469,0.7044334975369458,41.64,MODERATE RISK,154
2023,Jharkhand,Dhanbad,3087160,153,4.956011350237759,0.2265305090743642,31.5,2.9,28.6,0.005227982965083672,0.6763401976935469,0.7044334975369458,41.63,MODERATE RISK,155
2023,Jharkhand,Simdega,689514,30,4.3508906273114105,0.2265305090743642,31.5,2.9,28.6,0.004589654961430835,0.6763401976935469,0.7044334975369458,41.61,MODERATE RISK,156
2023,Jharkhand,Deoghar,1715883,71,4.137811261024207,0.2265305090743642,31.5,2.9,28.6,0.004364882413824204,0.6763401976935469,0.7044334975369458,41.6,MODERATE RISK,157
2023,Jharkhand,Jamtara,909698,36,3.957357276810546,0.2265305090743642,31.5,2.9,28.6,0.004174525635201161,0.6763401976935469,0.7044334975369458,41.59,MODERATE RISK,158
2023,Jharkhand,Sahebganj,1648218,65,3.9436530847254425,0.2265305090743642,31.5,2.9,28.6,0.0041600693965632655,0.6763401976935469,0.7044334975369458,41.59,MODERATE RISK,158
2023,Jharkhand,Ramgarh,1091859,40,3.663476694335074,0.2265305090743642,31.5,2.9,28.6,0.0038645177336097073,0.6763401976935469,0.7044334975369458,41.58,MODERATE RISK,159
2023,Jharkhand,Bokaro,2371679,81,3.415301986482994,0.2265305090743642,31.5,2.9,28.6,0.003602723913272099,0.6763401976935469,0.7044334975369458,41.57,MODERATE RISK,160
2023,Jharkhand,Lohardagga,1648218,57,3.458280397374619,0.2265305090743642,31.5,2.9,28.6,0.0036480608554477867,0.6763401976935469,0.7044334975369458,41.57,MODERATE RISK,160
2023,Jharkhand,Chaibasa,1648218,55,3.3369372255369134,0.2265305090743642,31.5,2.9,28.6,0.0035200587201689175,0.6763401976935469,0.7044334975369458,41.56,MODERATE RISK,161
2023,Jharkhand,Giridih,2812295,87,3.093558819398392,0.2265305090743642,31.5,2.9,28.6,0.0032633244087552915,0.6763401976935469,0.7044334975369458,41.55,MODERATE RISK,162
2023,Jharkhand,Koderma,1648218,49,2.9729077100237955,0.2265305090743642,31.5,2.9,28.6,0.0031360523143323083,0.6763401976935469,0.7044334975369458,41.55,MODERATE RISK,162
2023,Jharkhand,Dumka,1519658,40,2.632171185885245,0.2265305090743642,31.5,2.9,28.6,0.0027766171520837986,0.6763401976935469,0.7044334975369458,41.53,MODERATE RISK,163
2023,Jharkhand,Saraikela,1648218,35,2.123505507159854,0.2265305090743642,31.5,2.9,28.6,0.0022400373673802203,0.6763401976935469,0.7044334975369458,41.51,MODERATE RISK,164
2023,Jharkhand,Dhanbad Railway,1648218,0,0.0,0.2265305090743642,31.5,2.9,28.6,0.0,0.6763401976935469,0.7044334975369458,41.42,MODERATE RISK,165
2023,Jharkhand,Jamshedpur Railway,1648218,0,0.0,0.2265305090743642,31.5,2.9,28.6,0.0,0.6763401976935469,0.7044334975369458,41.42,MODERATE RISK,165
2023,Chhattisgarh,Total Districts ,1885744,1977,104.83925707837332,0.2034342762063228,29.6,6.8,22.8,0.11059253325791296,0.607382992910065,0.5615763546798029,39.49,MODERATE RISK,166
2023,Chhattisgarh,Bilaspur,439249,261,59.41960027228292,0.2034342762063228,29.6,6.8,22.8,0.06268037663002395,0.607382992910065,0.5615763546798029,37.58,MODERATE RISK,167
2023,Tamil Nadu,Total Districts ,2769939,1402,50.61483303422927,0.1012022523208035,38.1,5.3,32.800000000000004,0.053392429149866735,0.3021542291207009,0.8078817733990149,35.44,MODERATE RISK,168
2023,Chhattisgarh,Bilaspur,3063173,261,8.520576539424969,0.2034342762063228,29.6,6.8,22.8,0.008988161215302362,0.607382992910065,0.5615763546798029,35.43,MODERATE RISK,169
2023,Andhra Pradesh,NTR,4427452,1207,27.261729771435128,0.171096840622121,30.0,4.4,25.6,0.02875777490641538,0.5108348163960501,0.6305418719211823,35.39,MODERATE RISK,170
2023,Chhattisgarh,Janjgir,1885744,129,6.84080129646442,0.2034342762063228,29.6,6.8,22.8,0.007216204749757598,0.607382992910065,0.5615763546798029,35.36,MODERATE RISK,171
2023,Chhattisgarh,Sarguja,1885744,115,6.098388752662079,0.2034342762063228,29.6,6.8,22.8,0.006433050745907936,0.607382992910065,0.5615763546798029,35.33,MODERATE RISK,172
2023,Chhattisgarh,Korba,1387636,81,5.837265680625179,0.2034342762063228,29.6,6.8,22.8,0.0061575979924888505,0.607382992910065,0.5615763546798029,35.32,MODERATE RISK,173
2023,Chhattisgarh,Narayanpur,160793,9,5.597258587127549,0.2034342762063228,29.6,6.8,22.8,0.00590442000163444,0.607382992910065,0.5615763546798029,35.3,MODERATE RISK,174
2023,Chhattisgarh,Durg,3845452,202,5.252958559878007,0.2034342762063228,29.6,6.8,22.8,0.005541225781497696,0.607382992910065,0.5615763546798029,35.29,MODERATE RISK,175
2023,Chhattisgarh,Raipur,4673452,243,5.199582663949475,0.2034342762063228,29.6,6.8,22.8,0.005484920770281962,0.607382992910065,0.5615763546798029,35.29,MODERATE RISK,175
2023,Chhattisgarh,Jashpur,979419,50,5.105067391994642,0.2034342762063228,29.6,6.8,22.8,0.005385218772687382,0.607382992910065,0.5615763546798029,35.28,MODERATE RISK,176
2023,Chhattisgarh,Raigarh,1718081,86,5.005584719230351,0.2034342762063228,29.6,6.8,22.8,0.00528027677764781,0.607382992910065,0.5615763546798029,35.28,MODERATE RISK,176
2023,Chhattisgarh,Dhamtari,919748,30,3.2617630046490995,0.2034342762063228,29.6,6.8,22.8,0.0034407591547641544,0.607382992910065,0.5615763546798029,35.21,MODERATE RISK,177
2023,Chhattisgarh,Koriya,757754,26,3.4311927089794314,0.2034342762063228,29.6,6.8,22.8,0.0036194866728065907,0.607382992910065,0.5615763546798029,35.21,MODERATE RISK,177
2023,Chhattisgarh,Balrampur,2470964,79,3.1971327789478114,0.2034342762063228,29.6,6.8,22.8,0.0033725822086036823,0.607382992910065,0.5615763546798029,35.2,MODERATE RISK,178
2023,Chhattisgarh,Rajnandgaon,1767702,55,3.1113841586421245,0.2034342762063228,29.6,6.8,22.8,0.0032821279512267186,0.607382992910065,0.5615763546798029,35.2,MODERATE RISK,178
2023,Chhattisgarh,Mahasamund,1187667,35,2.9469539862604583,0.2034342762063228,29.6,6.8,22.8,0.0031086743250327673,0.607382992910065,0.5615763546798029,35.19,MODERATE RISK,179
2023,Chhattisgarh,Raigarh,3029329,86,2.838912511648619,0.2034342762063228,29.6,6.8,22.8,0.0029947038457750637,0.607382992910065,0.5615763546798029,35.19,MODERATE RISK,179
2023,Chhattisgarh,Gariyaband,1885744,51,2.704502838137096,0.2034342762063228,29.6,6.8,22.8,0.002852918156880911,0.607382992910065,0.5615763546798029,35.18,MODERATE RISK,180
2023,Chhattisgarh,Surajpur,1885744,48,2.5454144358937376,0.2034342762063228,29.6,6.8,22.8,0.002685099441770269,0.607382992910065,0.5615763546798029,35.18,MODERATE RISK,180
2023,Chhattisgarh,Manendragarh-Chirmiri-Bharatpur,1885744,50,2.651473370722643,0.2034342762063228,29.6,6.8,22.8,0.0027969785851773635,0.607382992910065,0.5615763546798029,35.18,MODERATE RISK,180
2023,Chhattisgarh,Jagdalpur,1885744,44,2.333296566235926,0.2034342762063228,29.6,6.8,22.8,0.00246134115495608,0.607382992910065,0.5615763546798029,35.17,MODERATE RISK,181
2023,Chhattisgarh,Kabirdham,1885744,43,2.280267098821473,0.2034342762063228,29.6,6.8,22.8,0.002405401583252533,0.607382992910065,0.5615763546798029,35.16,MODERATE RISK,182
2023,Chhattisgarh,Sakti,1885744,43,2.280267098821473,0.2034342762063228,29.6,6.8,22.8,0.002405401583252533,0.607382992910065,0.5615763546798029,35.16,MODERATE RISK,182
2023,Chhattisgarh,Balodbazar,1885744,38,2.0151197617492085,0.2034342762063228,29.6,6.8,22.8,0.002125703724734796,0.607382992910065,0.5615763546798029,35.15,MODERATE RISK,183
2023,Chhattisgarh,Kanker,1885744,35,1.8560313595058504,0.2034342762063228,29.6,6.8,22.8,0.0019578850096241547,0.607382992910065,0.5615763546798029,35.15,MODERATE RISK,183
2023,Chhattisgarh,Mungali,1885744,32,1.696942957262492,0.2034342762063228,29.6,6.8,22.8,0.001790066294513513,0.607382992910065,0.5615763546798029,35.14,MODERATE RISK,184
2023,Chhattisgarh,Gaurela-Pendra-Marwari,1885744,29,1.537854555019133,0.2034342762063228,29.6,6.8,22.8,0.0016222475794028708,0.607382992910065,0.5615763546798029,35.13,MODERATE RISK,185
2023,Chhattisgarh,Sarangarh-Bilaigarh,1885744,29,1.537854555019133,0.2034342762063228,29.6,6.8,22.8,0.0016222475794028708,0.607382992910065,0.5615763546798029,35.13,MODERATE RISK,185
2023,Chhattisgarh,Balod,1885744,23,1.2196777505324157,0.2034342762063228,29.6,6.8,22.8,0.001286610149181587,0.607382992910065,0.5615763546798029,35.12,MODERATE RISK,186
2023,Chhattisgarh,Bemetra,1885744,24,1.2727072179468688,0.2034342762063228,29.6,6.8,22.8,0.0013425497208851345,0.607382992910065,0.5615763546798029,35.12,MODERATE RISK,186
2023,Chhattisgarh,Khairagarh - Chhuikhadan-Gandai,1885744,25,1.3257366853613215,0.2034342762063228,29.6,6.8,22.8,0.0013984892925886817,0.607382992910065,0.5615763546798029,35.12,MODERATE RISK,186
2023,Chhattisgarh,Bizapur,1885744,14,0.7424125438023401,0.2034342762063228,29.6,6.8,22.8,0.0007831540038496618,0.607382992910065,0.5615763546798029,35.1,MODERATE RISK,187
2023,Chhattisgarh,Dantewara,1885744,13,0.6893830763878872,0.2034342762063228,29.6,6.8,22.8,0.0007272144321461145,0.607382992910065,0.5615763546798029,35.1,MODERATE RISK,187
2023,Chhattisgarh,Sukma,1885744,12,0.6363536089734344,0.2034342762063228,29.6,6.8,22.8,0.0006712748604425673,0.607382992910065,0.5615763546798029,35.1,MODERATE RISK,187
2023,Chhattisgarh,Kondagaon,1885744,11,0.5833241415589815,0.2034342762063228,29.6,6.8,22.8,0.00061533528873902,0.607382992910065,0.5615763546798029,35.09,MODERATE RISK,188
2023,Chhattisgarh,Mohla-Manpur-Ambagarh Chouki,1885744,10,0.5302946741445287,0.2034342762063228,29.6,6.8,22.8,0.0005593957170354727,0.607382992910065,0.5615763546798029,35.09,MODERATE RISK,188
2023,Chhattisgarh,GRP Raipur,1885744,2,0.1060589348289057,0.2034342762063228,29.6,6.8,22.8,0.00011187914340709451,0.607382992910065,0.5615763546798029,35.07,MODERATE RISK,189
2023,Andhra Pradesh,Guntur,5620984,937,16.66967918784327,0.171096840622121,30.0,4.4,25.6,0.017584463123409427,0.5108348163960501,0.6305418719211823,34.94,MODERATE RISK,190
2023,Andhra Pradesh,Sri Potti Sriramulu Nellore,3408090,528,15.492548612272564,0.171096840622121,30.0,4.4,25.6,0.01634273501548902,0.5108348163960501,0.6305418719211823,34.9,MODERATE RISK,191
2023,Andhra Pradesh,Prakasam,3907065,575,14.7169294598375,0.171096840622121,30.0,4.4,25.6,0.015524552120058682,0.5108348163960501,0.6305418719211823,34.86,MODERATE RISK,192
2023,Andhra Pradesh,Eluru,4427452,621,14.02612608787176,0.171096840622121,30.0,4.4,25.6,0.014795839450608078,0.5108348163960501,0.6305418719211823,34.83,MODERATE RISK,193
2023,Andhra Pradesh,YSR,3314839,415,12.51946172951386,0.171096840622121,30.0,4.4,25.6,0.013206493695938664,0.5108348163960501,0.6305418719211823,34.77,MODERATE RISK,194
2023,Andhra Pradesh,Krishna,5195007,618,11.896037868668897,0.171096840622121,30.0,4.4,25.6,0.012548858130925721,0.5108348163960501,0.6305418719211823,34.74,MODERATE RISK,195
2023,Andhra Pradesh,Srikakulam,3108581,368,11.838198843781134,0.171096840622121,30.0,4.4,25.6,0.012487845067100562,0.5108348163960501,0.6305418719211823,34.74,MODERATE RISK,195
2023,Andhra Pradesh,Bapatla,4427452,515,11.631972520537772,0.171096840622121,30.0,4.4,25.6,0.012270301637782867,0.5108348163960501,0.6305418719211823,34.73,MODERATE RISK,196
2023,Andhra Pradesh,Vizianagaram,2696145,306,11.3495379514084,0.171096840622121,30.0,4.4,25.6,0.011972367873751383,0.5108348163960501,0.6305418719211823,34.72,MODERATE RISK,197
2023,Andhra Pradesh,Visakhapatnam,4934177,519,10.518471469507478,0.171096840622121,30.0,4.4,25.6,0.011095694859267344,0.5108348163960501,0.6305418719211823,34.69,MODERATE RISK,198
2023,Andhra Pradesh,East Godavari,5927440,594,10.021189586060762,0.171096840622121,30.0,4.4,25.6,0.010571123579708143,0.5108348163960501,0.6305418719211823,34.66,MODERATE RISK,199
2023,Andhra Pradesh,Nandyal,4427452,401,9.057128117933296,0.171096840622121,30.0,4.4,25.6,0.009554157197574622,0.5108348163960501,0.6305418719211823,34.62,MODERATE RISK,200
2023,Andhra Pradesh,Tirupati,4427452,400,9.034541763524484,0.171096840622121,30.0,4.4,25.6,0.009530331369151742,0.5108348163960501,0.6305418719211823,34.62,MODERATE RISK,200
2023,Andhra Pradesh,Anantapuramu,4427452,388,8.76350551061875,0.171096840622121,30.0,4.4,25.6,0.009244421428077191,0.5108348163960501,0.6305418719211823,34.61,MODERATE RISK,201
2023,Andhra Pradesh,Dr BR Ambedkar Konaseema,4427452,372,8.402123840077769,0.171096840622121,30.0,4.4,25.6,0.00886320817331112,0.5108348163960501,0.6305418719211823,34.6,MODERATE RISK,202
2023,Andhra Pradesh,Chittoor,4800173,398,8.291367831951057,0.171096840622121,30.0,4.4,25.6,0.008746374194765177,0.5108348163960501,0.6305418719211823,34.59,MODERATE RISK,203
2023,Andhra Pradesh,Kurnool,4661482,369,7.915937463664989,0.171096840622121,30.0,4.4,25.6,0.00835034129022381,0.5108348163960501,0.6305418719211823,34.58,MODERATE RISK,204
2023,Andhra Pradesh,Kakinada,4427452,342,7.724533207813433,0.171096840622121,30.0,4.4,25.6,0.008148433320624739,0.5108348163960501,0.6305418719211823,34.57,MODERATE RISK,205
2023,Andhra Pradesh,Anakapalli,4427452,267,6.030556627152593,0.171096840622121,30.0,4.4,25.6,0.006361496188908788,0.5108348163960501,0.6305418719211823,34.5,MODERATE RISK,206
2023,Andhra Pradesh,Sri Sathya Sai,4427452,274,6.188661108014272,0.171096840622121,30.0,4.4,25.6,0.006528276987868944,0.5108348163960501,0.6305418719211823,34.5,MODERATE RISK,206
2023,Andhra Pradesh,Annamayya,4427452,246,5.556243184567557,0.171096840622121,30.0,4.4,25.6,0.005861153792028321,0.5108348163960501,0.6305418719211823,34.48,MODERATE RISK,207
2023,Andhra Pradesh,Palnadu,4427452,163,3.6815757686362263,0.171096840622121,30.0,4.4,25.6,0.003883610032929334,0.5108348163960501,0.6305418719211823,34.4,MODERATE RISK,208
2023,Andhra Pradesh,West Godavari,4527510,134,2.95968424144839,0.171096840622121,30.0,4.4,25.6,0.0031221031799244093,0.5108348163960501,0.6305418719211823,34.37,MODERATE RISK,209
2023,Andhra Pradesh,Parvathipuram Manyam,4427452,115,2.5974307570132886,0.171096840622121,30.0,4.4,25.6,0.0027399702686311256,0.5108348163960501,0.6305418719211823,34.35,MODERATE RISK,210
2023,West Bengal,Murshidabad Police District,4419516,1632,36.92712052632008,0.1918958985340141,27.0,5.9,21.1,0.0389535744408518,0.572933467025716,0.5197044334975369,34.34,MODERATE RISK,211
2023,Andhra Pradesh,Alluri Sitharama Raju,4427452,58,1.31000855571105,0.171096840622121,30.0,4.4,25.6,0.0013818980485270024,0.5108348163960501,0.6305418719211823,34.3,MODERATE RISK,212
2023,Andhra Pradesh,Guntakal Railway,4427452,2,0.0451727088176224,0.171096840622121,30.0,4.4,25.6,4.7651656845758694e-05,0.5108348163960501,0.6305418719211823,34.24,MODERATE RISK,213
2023,Andhra Pradesh,Viiayawada Railway,4427452,0,0.0,0.171096840622121,30.0,4.4,25.6,0.0,0.5108348163960501,0.6305418719211823,34.24,MODERATE RISK,213
2023,Assam,Karimganj,1412988,393,27.813399689169334,0.1518562906505433,32.0,5.9,26.1,0.029339718878784445,0.45338932075538324,0.6428571428571429,34.06,MODERATE RISK,214
2023,West Bengal,Barrackpur PC,4419516,1305,29.52812027380374,0.1918958985340141,27.0,5.9,21.1,0.031148538385607594,0.572933467025716,0.5197044334975369,34.03,MODERATE RISK,215
2023,Gujarat,Total Districts ,2894401,2827,97.67133165031385,0.2052152471669115,17.0,1.5,15.5,0.10303125274730895,0.6127003440098925,0.3817733990147783,33.96,MODERATE RISK,216
2023,West Bengal,Baruipur Police,4419516,1180,26.699756262902994,0.1918958985340141,27.0,5.9,21.1,0.02816496191189039,0.572933467025716,0.5197044334975369,33.91,MODERATE RISK,217
2023,West Bengal,Purba Bardhaman,4419516,1159,26.224591109071675,0.1918958985340141,27.0,5.9,21.1,0.027663721064305903,0.572933467025716,0.5197044334975369,33.89,MODERATE RISK,218
2023,Assam,Guwahati City,1324826,305,23.02189117665263,0.1518562906505433,32.0,5.9,26.1,0.02428526619289845,0.45338932075538324,0.6428571428571429,33.86,MODERATE RISK,219
2023,Assam,Kamrup,1745173,374,21.43054012410231,0.1518562906505433,32.0,5.9,26.1,0.02260658638240893,0.45338932075538324,0.6428571428571429,33.79,MODERATE RISK,220
2023,Assam,Cachar,1997109,419,20.98032706276923,0.1518562906505433,32.0,5.9,26.1,0.022131666926222735,0.45338932075538324,0.6428571428571429,33.77,MODERATE RISK,221
2023,West Bengal,Diamond Harbour Police,4419516,968,21.90285090041534,0.1918958985340141,27.0,5.9,21.1,0.023104816212466017,0.572933467025716,0.5197044334975369,33.7,MODERATE RISK,222
2023,West Bengal,Purab Medinipur,4419516,884,20.00219028509004,0.1918958985340141,27.0,5.9,21.1,0.021099852822128055,0.572933467025716,0.5197044334975369,33.62,MODERATE RISK,223
2023,Tamil Nadu,Theni,1432783,99,6.909629720620639,0.1012022523208035,38.1,5.3,32.800000000000004,0.007288810279400908,0.3021542291207009,0.8078817733990149,33.59,MODERATE RISK,224
2023,West Bengal,Malda,4419516,854,19.323382922473865,0.1918958985340141,27.0,5.9,21.1,0.02038379446843593,0.572933467025716,0.5197044334975369,33.59,MODERATE RISK,224
2023,West Bengal,Sundarban Police,4419516,849,19.210248362037834,0.1918958985340141,27.0,5.9,21.1,0.02026445140948724,0.572933467025716,0.5197044334975369,33.59,MODERATE RISK,224
2023,Assam,Hailakandi,758190,125,16.4866326382569,0.1518562906505433,32.0,5.9,26.1,0.01739137150690032,0.45338932075538324,0.6428571428571429,33.58,MODERATE RISK,225
2023,West Bengal,Barasat,4419516,795,17.988395109328714,0.1918958985340141,27.0,5.9,21.1,0.018975546372841406,0.572933467025716,0.5197044334975369,33.54,MODERATE RISK,226
2023,Assam,Nalbari,887384,131,14.762492900480511,0.1518562906505433,32.0,5.9,26.1,0.015572615950965938,0.45338932075538324,0.6428571428571429,33.51,MODERATE RISK,227
2023,West Bengal,Ranaghat,4419516,768,17.377468482974155,0.1918958985340141,27.0,5.9,21.1,0.018331093854518494,0.572933467025716,0.5197044334975369,33.51,MODERATE RISK,227
2023,West Bengal,Kolkata,5171198,880,17.017333314253293,0.1918958985340141,27.0,5.9,21.1,0.017951195505998795,0.572933467025716,0.5197044334975369,33.5,MODERATE RISK,228
2023,Assam,Darrang,1067775,146,13.673292594413615,0.1518562906505433,32.0,5.9,26.1,0.014423643472238972,0.45338932075538324,0.6428571428571429,33.46,MODERATE RISK,229
2023,West Bengal,Krishnagar,4419516,715,16.17824214235224,0.1918958985340141,27.0,5.9,21.1,0.0170660574296624,0.572933467025716,0.5197044334975369,33.46,MODERATE RISK,229
2023,West Bengal,Basirhat,4419516,697,15.770957724782532,0.1918958985340141,27.0,5.9,21.1,0.01663642241744712,0.572933467025716,0.5197044334975369,33.44,MODERATE RISK,230
2023,Assam,Lakhimpur,1198457,150,12.516093610367331,0.1518562906505433,32.0,5.9,26.1,0.013202940744123575,0.45338932075538324,0.6428571428571429,33.42,MODERATE RISK,231
2023,Tamil Nadu,Madurai City,3493989,102,2.9192994024881016,0.1012022523208035,38.1,5.3,32.800000000000004,0.0030795021374304477,0.3021542291207009,0.8078817733990149,33.42,MODERATE RISK,231
2023,Assam,Morigaon,1101036,137,12.442826574244622,0.1518562906505433,32.0,5.9,26.1,0.01312565302428546,0.45338932075538324,0.6428571428571429,33.41,MODERATE RISK,232
2023,Assam,Goalpara,1159410,140,12.075107166576103,0.1518562906505433,32.0,5.9,26.1,0.012737754235649826,0.45338932075538324,0.6428571428571429,33.4,MODERATE RISK,233
2023,West Bengal,Hooghly Rural Police,4419516,653,14.775373592945472,0.1918958985340141,27.0,5.9,21.1,0.015586203498698666,0.572933467025716,0.5197044334975369,33.4,MODERATE RISK,233
2023,Tamil Nadu,Ariyalur,868128,18,2.07342696007962,0.1012022523208035,38.1,5.3,32.800000000000004,0.002187210654011405,0.3021542291207009,0.8078817733990149,33.39,MODERATE RISK,234
2023,Tamil Nadu,Dindigul,2483741,55,2.214401582129538,0.1012022523208035,38.1,5.3,32.800000000000004,0.0023359215568931595,0.3021542291207009,0.8078817733990149,33.39,MODERATE RISK,234
2023,Tamil Nadu,Perambalur,650006,14,2.1538262723728705,0.1012022523208035,38.1,5.3,32.800000000000004,0.002272022048774129,0.3021542291207009,0.8078817733990149,33.39,MODERATE RISK,234
2023,Tamil Nadu,Thiruvarur,1453918,30,2.0633900949021884,0.1012022523208035,38.1,5.3,32.800000000000004,0.002176622994609064,0.3021542291207009,0.8078817733990149,33.39,MODERATE RISK,234
2023,Tamil Nadu,Trichy,2769939,59,2.1300108052921023,0.1012022523208035,38.1,5.3,32.800000000000004,0.002246899657519357,0.3021542291207009,0.8078817733990149,33.39,MODERATE RISK,234
2023,Tamil Nadu,Virudhunagar,2233631,47,2.10419715700579,0.1012022523208035,38.1,5.3,32.800000000000004,0.002219669430635185,0.3021542291207009,0.8078817733990149,33.39,MODERATE RISK,234
2023,West Bengal,Jangipur Police District,4419516,640,14.481223735811794,0.1918958985340141,27.0,5.9,21.1,0.015275911545432076,0.572933467025716,0.5197044334975369,33.39,MODERATE RISK,234
2023,Tamil Nadu,Chennai,5343741,106,1.983629071843115,0.1012022523208035,38.1,5.3,32.800000000000004,0.002092484916553517,0.3021542291207009,0.8078817733990149,33.38,MODERATE RISK,235
2023,Tamil Nadu,Cuddalore,2996801,58,1.935397111786869,0.1012022523208035,38.1,5.3,32.800000000000004,0.002041606125580903,0.3021542291207009,0.8078817733990149,33.38,MODERATE RISK,235
2023,Tamil Nadu,Dharmapuri,1732869,31,1.788940768171166,0.1012022523208035,38.1,5.3,32.800000000000004,0.0018871126800574975,0.3021542291207009,0.8078817733990149,33.38,MODERATE RISK,235
2023,Tamil Nadu,Thanjavur,2766773,50,1.80715945977498,0.1012022523208035,38.1,5.3,32.800000000000004,0.0019063311609325026,0.3021542291207009,0.8078817733990149,33.38,MODERATE RISK,235
2023,Tamil Nadu,Krishnagiri,2161780,29,1.3414871078463118,0.1012022523208035,38.1,5.3,32.800000000000004,0.0014151040528515794,0.3021542291207009,0.8078817733990149,33.36,MODERATE RISK,236
2023,Tamil Nadu,Madurai,3493989,50,1.4310291188667164,0.1012022523208035,38.1,5.3,32.800000000000004,0.001509559871289435,0.3021542291207009,0.8078817733990149,33.36,MODERATE RISK,236
2023,Tamil Nadu,Thoothukudi,2769939,39,1.4079732441761352,0.1012022523208035,38.1,5.3,32.800000000000004,0.0014852387566653372,0.3021542291207009,0.8078817733990149,33.36,MODERATE RISK,236
2023,Tamil Nadu,Avadi,2769939,38,1.371871366120337,0.1012022523208035,38.1,5.3,32.800000000000004,0.0014471557116226364,0.3021542291207009,0.8078817733990149,33.36,MODERATE RISK,236
2023,Tamil Nadu,Coimbatore City,3976751,42,1.056138541236301,0.1012022523208035,38.1,5.3,32.800000000000004,0.0011140963795586978,0.3021542291207009,0.8078817733990149,33.35,MODERATE RISK,237
2023,Tamil Nadu,Ramnathapuram,2769939,32,1.1552600977855467,0.1012022523208035,38.1,5.3,32.800000000000004,0.0012186574413664303,0.3021542291207009,0.8078817733990149,33.35,MODERATE RISK,237
2023,Tamil Nadu,Sivagangai,2769939,32,1.1552600977855467,0.1012022523208035,38.1,5.3,32.800000000000004,0.0012186574413664303,0.3021542291207009,0.8078817733990149,33.35,MODERATE RISK,237
2023,Tamil Nadu,Villupuram,2769939,35,1.263565731952942,0.1012022523208035,38.1,5.3,32.800000000000004,0.0013329065764945336,0.3021542291207009,0.8078817733990149,33.35,MODERATE RISK,237
2023,Tamil Nadu,Kallakurichi,2769939,31,1.1191582197297485,0.1012022523208035,38.1,5.3,32.800000000000004,0.0011805743963237297,0.3021542291207009,0.8078817733990149,33.35,MODERATE RISK,237
2023,Tamil Nadu,Tambaram,2769939,32,1.1552600977855467,0.1012022523208035,38.1,5.3,32.800000000000004,0.0012186574413664303,0.3021542291207009,0.8078817733990149,33.35,MODERATE RISK,237
2023,West Bengal,Howrah PC,4419516,603,13.644027988585176,0.1918958985340141,27.0,5.9,21.1,0.014392772909211786,0.572933467025716,0.5197044334975369,33.35,MODERATE RISK,237
2023,Tamil Nadu,Pudukottai,2769939,27,0.9747507075065552,0.1012022523208035,38.1,5.3,32.800000000000004,0.0010282422161529258,0.3021542291207009,0.8078817733990149,33.34,MODERATE RISK,238
2023,Tamil Nadu,Thirunelveli,2769939,28,1.0108525855623536,0.1012022523208035,38.1,5.3,32.800000000000004,0.0010663252611956269,0.3021542291207009,0.8078817733990149,33.34,MODERATE RISK,238
2023,Tamil Nadu,Thiruvannamalai,2769939,25,0.9025469513949586,0.1012022523208035,38.1,5.3,32.800000000000004,0.000952076126067524,0.3021542291207009,0.8078817733990149,33.34,MODERATE RISK,238
2023,Tamil Nadu,Trichy City,2769939,28,1.0108525855623536,0.1012022523208035,38.1,5.3,32.800000000000004,0.0010663252611956269,0.3021542291207009,0.8078817733990149,33.34,MODERATE RISK,238
2023,Tamil Nadu,Karur,1224166,8,0.6535061421408535,0.1012022523208035,38.1,5.3,32.800000000000004,0.0006893686751798958,0.3021542291207009,0.8078817733990149,33.33,MODERATE RISK,239
2023,Tamil Nadu,Nagapattinam,1858917,11,0.5917423962446952,0.1012022523208035,38.1,5.3,32.800000000000004,0.0006242155129722707,0.3021542291207009,0.8078817733990149,33.33,MODERATE RISK,239
2023,Tamil Nadu,Thirunelveli City,2769939,21,0.7581394391717652,0.1012022523208035,38.1,5.3,32.800000000000004,0.0007997439458967201,0.3021542291207009,0.8078817733990149,33.33,MODERATE RISK,239
2023,Tamil Nadu,Thiruvallur,4287319,30,0.6997379947701583,0.1012022523208035,38.1,5.3,32.800000000000004,0.0007381375985962374,0.3021542291207009,0.8078817733990149,33.33,MODERATE RISK,239
2023,Tamil Nadu,Vellore,4526780,29,0.6406319723953893,0.1012022523208035,38.1,5.3,32.800000000000004,0.0006757880081147057,0.3021542291207009,0.8078817733990149,33.33,MODERATE RISK,239
2023,Tamil Nadu,Tenkasi,2769939,20,0.7220375611159668,0.1012022523208035,38.1,5.3,32.800000000000004,0.0007616609008540191,0.3021542291207009,0.8078817733990149,33.33,MODERATE RISK,239
2023,West Bengal,Dakshin Dinajpur,1927717,250,12.968708581186968,0.1918958985340141,27.0,5.9,21.1,0.013680393919664302,0.572933467025716,0.5197044334975369,33.33,MODERATE RISK,239
2023,Tamil Nadu,Coimbatore,3976751,19,0.4777769591307074,0.1012022523208035,38.1,5.3,32.800000000000004,0.0005039959812289345,0.3021542291207009,0.8078817733990149,33.32,MODERATE RISK,240
2023,Tamil Nadu,Erode,2589505,9,0.3475567724333415,0.1012022523208035,38.1,5.3,32.800000000000004,0.0003666296861071156,0.3021542291207009,0.8078817733990149,33.32,MODERATE RISK,240
2023,Tamil Nadu,Namakkal,1985591,10,0.5036283907410942,0.1012022523208035,38.1,5.3,32.800000000000004,0.0005312660648770771,0.3021542291207009,0.8078817733990149,33.32,MODERATE RISK,240
2023,Tamil Nadu,Salem City,4004364,17,0.4245368303181229,0.1012022523208035,38.1,5.3,32.800000000000004,0.0004478341876370576,0.3021542291207009,0.8078817733990149,33.32,MODERATE RISK,240
2023,Tamil Nadu,Chengalpattu,2769939,13,0.4693244147253784,0.1012022523208035,38.1,5.3,32.800000000000004,0.0004950795855551124,0.3021542291207009,0.8078817733990149,33.32,MODERATE RISK,240
2023,Tamil Nadu,Ranipet,2769939,12,0.4332225366695801,0.1012022523208035,38.1,5.3,32.800000000000004,0.0004569965405124115,0.3021542291207009,0.8078817733990149,33.32,MODERATE RISK,240
2023,Tamil Nadu,Tiruppattur,2769939,11,0.3971206586137817,0.1012022523208035,38.1,5.3,32.800000000000004,0.0004189134954697105,0.3021542291207009,0.8078817733990149,33.32,MODERATE RISK,240
2023,Tamil Nadu,Mayiladuthurai,2769939,11,0.3971206586137817,0.1012022523208035,38.1,5.3,32.800000000000004,0.0004189134954697105,0.3021542291207009,0.8078817733990149,33.32,MODERATE RISK,240
2023,Tamil Nadu,Kanchipuram,2769939,9,0.3249169025021851,0.1012022523208035,38.1,5.3,32.800000000000004,0.0003427474053843086,0.3021542291207009,0.8078817733990149,33.31,MODERATE RISK,241
2023,Tamil Nadu,Kanyakumari,2769939,7,0.2527131463905884,0.1012022523208035,38.1,5.3,32.800000000000004,0.0002665813152989067,0.3021542291207009,0.8078817733990149,33.31,MODERATE RISK,241
2023,Tamil Nadu,Salem,4004364,12,0.2996730566951456,0.1012022523208035,38.1,5.3,32.800000000000004,0.0003161182500967466,0.3021542291207009,0.8078817733990149,33.31,MODERATE RISK,241
2023,Tamil Nadu,Tiruppur,2850909,9,0.3156887855768107,0.1012022523208035,38.1,5.3,32.800000000000004,0.00033301287600649693,0.3021542291207009,0.8078817733990149,33.31,MODERATE RISK,241
2023,Tamil Nadu,Tiruppur City,2850909,4,0.140306126923027,0.1012022523208035,38.1,5.3,32.800000000000004,0.0001480057226695542,0.3021542291207009,0.8078817733990149,33.31,MODERATE RISK,241
2023,Assam,Bongaigaon,849624,83,9.769027240285114,0.1518562906505433,32.0,5.9,26.1,0.010305123291373978,0.45338932075538324,0.6428571428571429,33.3,MODERATE RISK,242
2023,Assam,Dibrugarh,1525285,148,9.70310466568543,0.1518562906505433,32.0,5.9,26.1,0.010235583075933377,0.45338932075538324,0.6428571428571429,33.3,MODERATE RISK,242
2023,Tamil Nadu,Nilgiris,2769939,1,0.0361018780557983,0.1012022523208035,38.1,5.3,32.800000000000004,3.8083045042700914e-05,0.3021542291207009,0.8078817733990149,33.3,MODERATE RISK,242
2023,Tamil Nadu,Railway Chennai,2769939,0,0.0,0.1012022523208035,38.1,5.3,32.800000000000004,0.0,0.3021542291207009,0.8078817733990149,33.3,MODERATE RISK,242
2023,Tamil Nadu,Railway Trichy,2769939,2,0.0722037561115966,0.1012022523208035,38.1,5.3,32.800000000000004,7.616609008540183e-05,0.3021542291207009,0.8078817733990149,33.3,MODERATE RISK,242
2023,Tamil Nadu,Cyber Cell,2769939,0,0.0,0.1012022523208035,38.1,5.3,32.800000000000004,0.0,0.3021542291207009,0.8078817733990149,33.3,MODERATE RISK,242
2023,Tamil Nadu,Other Units,2769939,0,0.0,0.1012022523208035,38.1,5.3,32.800000000000004,0.0,0.3021542291207009,0.8078817733990149,33.3,MODERATE RISK,242
2023,West Bengal,Siliguri PC,4419516,532,12.037517230393554,0.1918958985340141,27.0,5.9,21.1,0.012698101472140413,0.572933467025716,0.5197044334975369,33.29,MODERATE RISK,243
2023,West Bengal,Coochbehar,4419516,523,11.8338750216087,0.1918958985340141,27.0,5.9,21.1,0.012483283966032774,0.572933467025716,0.5197044334975369,33.28,MODERATE RISK,244
2023,West Bengal,Chandannagar PC,4419516,520,11.765994285347082,0.1918958985340141,27.0,5.9,21.1,0.01241167813066356,0.572933467025716,0.5197044334975369,33.28,MODERATE RISK,244
2023,West Bengal,Bangaon,4419516,524,11.856501933695906,0.1918958985340141,27.0,5.9,21.1,0.012507152577822511,0.572933467025716,0.5197044334975369,33.28,MODERATE RISK,244
2023,West Bengal,Howrah Rural,4419516,508,11.494471340300612,0.1918958985340141,27.0,5.9,21.1,0.012125254789186711,0.572933467025716,0.5197044334975369,33.26,MODERATE RISK,245
2023,West Bengal,Asansol-Durgapur PC,4419516,498,11.268202219428552,0.1918958985340141,27.0,5.9,21.1,0.011886568671289333,0.572933467025716,0.5197044334975369,33.25,MODERATE RISK,246
2023,West Bengal,Birbhum,4027764,421,10.452449547689486,0.1918958985340141,27.0,5.9,21.1,0.01102604984471951,0.572933467025716,0.5197044334975369,33.22,MODERATE RISK,247
2023,Assam,Kokrajhar,1020213,78,7.645462271113973,0.1518562906505433,32.0,5.9,26.1,0.00806502319887872,0.45338932075538324,0.6428571428571429,33.21,MODERATE RISK,248
2023,Assam,Sonitpur,2212726,163,7.366479175460496,0.1518562906505433,32.0,5.9,26.1,0.007770730315236975,0.45338932075538324,0.6428571428571429,33.2,MODERATE RISK,249
2023,Assam,Hojai,1324826,99,7.4726794311101985,0.1518562906505433,32.0,5.9,26.1,0.007882758534744088,0.45338932075538324,0.6428571428571429,33.2,MODERATE RISK,249
2023,Assam,Jorhat,1256094,89,7.085456980130467,0.1518562906505433,32.0,5.9,26.1,0.007474286432007102,0.45338932075538324,0.6428571428571429,33.19,MODERATE RISK,250
2023,Assam,Dhemaji,789052,54,6.843655424484065,0.1518562906505433,32.0,5.9,26.1,0.007219215504094583,0.45338932075538324,0.6428571428571429,33.18,MODERATE RISK,251
2023,Assam,Dhubri,2241646,157,7.003782042302843,0.1518562906505433,32.0,5.9,26.1,0.0073881294090582745,0.45338932075538324,0.6428571428571429,33.18,MODERATE RISK,251
2023,Assam,Tinsukia,1527118,105,6.875696573545725,0.1518562906505433,32.0,5.9,26.1,0.007253014979042926,0.45338932075538324,0.6428571428571429,33.18,MODERATE RISK,251
2023,Assam,Chirang,554486,36,6.492499359767424,0.1518562906505433,32.0,5.9,26.1,0.006848789006920329,0.45338932075538324,0.6428571428571429,33.16,MODERATE RISK,252
2023,Assam,Nagaon,3247333,211,6.497639755454707,0.1518562906505433,32.0,5.9,26.1,0.0068542114927033,0.45338932075538324,0.6428571428571429,33.16,MODERATE RISK,252
2023,West Bengal,Bankura,4136175,375,9.066347531233568,0.1918958985340141,27.0,5.9,21.1,0.00956388254569748,0.572933467025716,0.5197044334975369,33.16,MODERATE RISK,252
2023,West Bengal,Bidhannagar PC,4419516,393,8.89237645027193,0.1918958985340141,27.0,5.9,21.1,0.009380364433366884,0.572933467025716,0.5197044334975369,33.15,MODERATE RISK,253
2023,Assam,South Salmara,1324826,76,5.7366023915593445,0.1518562906505433,32.0,5.9,26.1,0.006051410592328795,0.45338932075538324,0.6428571428571429,33.13,MODERATE RISK,254
2023,West Bengal,Alipurduar,4419516,366,8.28144982391737,0.1918958985340141,27.0,5.9,21.1,0.008735911915043968,0.572933467025716,0.5197044334975369,33.13,MODERATE RISK,254
2023,Assam,Barpeta,1947665,98,5.031666123280955,0.1518562906505433,32.0,5.9,26.1,0.005307789453960684,0.45338932075538324,0.6428571428571429,33.1,MODERATE RISK,255
2023,Assam,Udalguri,956418,45,4.705055739226991,0.1518562906505433,32.0,5.9,26.1,0.0049632556336393005,0.45338932075538324,0.6428571428571429,33.09,MODERATE RISK,256
2023,West Bengal,Paschim Medinipur,6800475,466,6.852462511809836,0.1918958985340141,27.0,5.9,21.1,0.0072285058989821835,0.572933467025716,0.5197044334975369,33.07,MODERATE RISK,257
2023,Assam,Biswanath,1324826,52,3.925043741593236,0.1518562906505433,32.0,5.9,26.1,0.004140438826330229,0.45338932075538324,0.6428571428571429,33.05,MODERATE RISK,258
2023,Assam,Golaghat,1226921,45,3.6677178074219934,0.1518562906505433,32.0,5.9,26.1,0.0038689915867558154,0.45338932075538324,0.6428571428571429,33.04,MODERATE RISK,259
2023,West Bengal,Jalpaiguri,4453772,277,6.219447246064684,0.1918958985340141,27.0,5.9,21.1,0.006560752580419907,0.572933467025716,0.5197044334975369,33.04,MODERATE RISK,259
2023,West Bengal,Purulia,4419516,264,5.973504791022366,0.1918958985340141,27.0,5.9,21.1,0.006301313512490732,0.572933467025716,0.5197044334975369,33.03,MODERATE RISK,260
2023,West Bengal,Raiganj,4419516,265,5.996131703109572,0.1918958985340141,27.0,5.9,21.1,0.006325182124280471,0.572933467025716,0.5197044334975369,33.03,MODERATE RISK,260
2023,Assam,Dima Hasao,246217,6,2.4368747893118674,0.1518562906505433,32.0,5.9,26.1,0.0025706034523010368,0.45338932075538324,0.6428571428571429,32.99,MODERATE RISK,261
2023,Assam,Baksa,1092586,23,2.1050974477066333,0.1518562906505433,32.0,5.9,26.1,0.0022206191266941756,0.45338932075538324,0.6428571428571429,32.98,MODERATE RISK,262
2023,Assam,Bajali,1324826,30,2.264448312457636,0.1518562906505433,32.0,5.9,26.1,0.0023887147074982086,0.45338932075538324,0.6428571428571429,32.98,MODERATE RISK,262
2023,Assam,Karbi Anglong,1099759,20,1.8185802525826116,0.1518562906505433,32.0,5.9,26.1,0.0019183786939235609,0.45338932075538324,0.6428571428571429,32.96,MODERATE RISK,263
2023,Assam,Charaideo,1324826,21,1.585113818720345,0.1518562906505433,32.0,5.9,26.1,0.0016721002952487457,0.45338932075538324,0.6428571428571429,32.95,MODERATE RISK,264
2023,Assam,Tamulpur,1324826,21,1.585113818720345,0.1518562906505433,32.0,5.9,26.1,0.0016721002952487457,0.45338932075538324,0.6428571428571429,32.95,MODERATE RISK,264
2023,Assam,Majuli,1324826,18,1.3586689874745814,0.1518562906505433,32.0,5.9,26.1,0.0014332288244989248,0.45338932075538324,0.6428571428571429,32.94,MODERATE RISK,265
2023,Assam,Sibsagar,1324826,13,0.9812609353983088,0.1518562906505433,32.0,5.9,26.1,0.0010351097065825568,0.45338932075538324,0.6428571428571429,32.93,MODERATE RISK,266
2023,Assam,Hamren,1324826,6,0.4528896624915272,0.1518562906505433,32.0,5.9,26.1,0.00047774294149964167,0.45338932075538324,0.6428571428571429,32.91,MODERATE RISK,267
2023,Assam,Sadia,1324826,7,0.5283712729067818,0.1518562906505433,32.0,5.9,26.1,0.0005573667650829153,0.45338932075538324,0.6428571428571429,32.91,MODERATE RISK,267
2023,West Bengal,Jhargram,4419516,138,3.1225138680344178,0.1918958985340141,27.0,5.9,21.1,0.003293868426983791,0.572933467025716,0.5197044334975369,32.91,MODERATE RISK,267
2023,Assam,BIEO,1324826,0,0.0,0.1518562906505433,32.0,5.9,26.1,0.0,0.45338932075538324,0.6428571428571429,32.89,MODERATE RISK,268
2023,Assam,CID,1324826,0,0.0,0.1518562906505433,32.0,5.9,26.1,0.0,0.45338932075538324,0.6428571428571429,32.89,MODERATE RISK,268
2023,Assam,GRP,1324826,1,0.0754816104152545,0.1518562906505433,32.0,5.9,26.1,7.962382358327358e-05,0.45338932075538324,0.6428571428571429,32.89,MODERATE RISK,268
2023,Assam,RPO,1324826,0,0.0,0.1518562906505433,32.0,5.9,26.1,0.0,0.45338932075538324,0.6428571428571429,32.89,MODERATE RISK,268
2023,Assam,SOU,1324826,0,0.0,0.1518562906505433,32.0,5.9,26.1,0.0,0.45338932075538324,0.6428571428571429,32.89,MODERATE RISK,268
2023,Assam,STF,1324826,0,0.0,0.1518562906505433,32.0,5.9,26.1,0.0,0.45338932075538324,0.6428571428571429,32.89,MODERATE RISK,268
2023,West Bengal,Darjeeling,4419516,120,2.715229450464712,0.1918958985340141,27.0,5.9,21.1,0.002864233414768515,0.572933467025716,0.5197044334975369,32.89,MODERATE RISK,268
2023,West Bengal,Islampur,4419516,116,2.624721802115888,0.1918958985340141,27.0,5.9,21.1,0.002768758967609564,0.572933467025716,0.5197044334975369,32.89,MODERATE RISK,268
2023,West Bengal,Kalimpong,4419516,23,0.5204189780057363,0.1918958985340141,27.0,5.9,21.1,0.0005489780711639652,0.572933467025716,0.5197044334975369,32.8,MODERATE RISK,269
2023,West Bengal,Howrah GRP,4419516,0,0.0,0.1918958985340141,27.0,5.9,21.1,0.0,0.572933467025716,0.5197044334975369,32.78,MODERATE RISK,270
2023,West Bengal,Kharagpur GRP,4419516,0,0.0,0.1918958985340141,27.0,5.9,21.1,0.0,0.572933467025716,0.5197044334975369,32.78,MODERATE RISK,270
2023,West Bengal,Sealdah GRP,4419516,2,0.0452538241744118,0.1918958985340141,27.0,5.9,21.1,4.773722357947518e-05,0.572933467025716,0.5197044334975369,32.78,MODERATE RISK,270
2023,West Bengal,Siliguri GRP,4419516,2,0.0452538241744118,0.1918958985340141,27.0,5.9,21.1,4.773722357947518e-05,0.572933467025716,0.5197044334975369,32.78,MODERATE RISK,270
2023,Delhi,Total Districts ,1058850,5448,514.5204703215752,0.0637484062898427,12.5,5.3,7.2,0.5427558703833455,0.19033025568563483,0.17733990147783252,32.74,MODERATE RISK,271
2023,Madhya Pradesh,Bhopal Commissionarate,1697834,810,47.70784422976569,0.1424806456926371,28.1,4.4,23.700000000000003,0.05032591318058926,0.4253969519117978,0.583743842364532,32.29,MODERATE RISK,272
2023,Delhi,North,50265,251,499.3534268377599,0.0637484062898427,12.5,5.3,7.2,0.5267565032793404,0.19033025568563483,0.17733990147783252,32.1,MODERATE RISK,273
2023,Madhya Pradesh,Indore Commissionarate,1697834,691,40.69891402810875,0.1424806456926371,28.1,4.4,23.700000000000003,0.04293235309603355,0.4253969519117978,0.583743842364532,31.99,MODERATE RISK,274
2023,Madhya Pradesh,Gwalior,2336841,748,32.00902414841232,0.1424806456926371,28.1,4.4,23.700000000000003,0.03376558711247169,0.4253969519117978,0.583743842364532,31.62,MODERATE RISK,275
2023,Madhya Pradesh,Rajgarh,1777686,397,22.33240291030024,0.1424806456926371,28.1,4.4,23.700000000000003,0.02355794079826584,0.4253969519117978,0.583743842364532,31.22,MODERATE RISK,276
2023,Madhya Pradesh,Guna,1427746,250,17.510117345802406,0.1424806456926371,28.1,4.4,23.700000000000003,0.01847102210451545,0.4253969519117978,0.583743842364532,31.01,MODERATE RISK,277
2023,Madhya Pradesh,Singrauli,1355013,227,16.75260680155836,0.1424806456926371,28.1,4.4,23.700000000000003,0.017671941565486994,0.4253969519117978,0.583743842364532,30.98,MODERATE RISK,278
2023,Madhya Pradesh,Datia,904767,149,16.46832830994057,0.1424806456926371,28.1,4.4,23.700000000000003,0.017372062689816906,0.4253969519117978,0.583743842364532,30.97,MODERATE RISK,279
2023,Madhya Pradesh,Jabalpur,2832782,462,16.30905590334872,0.1424806456926371,28.1,4.4,23.700000000000003,0.01720404987272961,0.4253969519117978,0.583743842364532,30.96,MODERATE RISK,280
2023,Madhya Pradesh,Sagar,2735226,445,16.26922236041921,0.1424806456926371,28.1,4.4,23.700000000000003,0.017162030379803222,0.4253969519117978,0.583743842364532,30.96,MODERATE RISK,280
2023,Madhya Pradesh,Shahdol,1225972,198,16.150450418117217,0.1424806456926371,28.1,4.4,23.700000000000003,0.017036740575724192,0.4253969519117978,0.583743842364532,30.96,MODERATE RISK,280
2023,Haryana,Gurugram,1358470,657,48.36323216559806,0.1847177848775293,21.6,4.9,16.700000000000003,0.0510172669168733,0.5515021515294888,0.4113300492610838,30.93,MODERATE RISK,281
2023,Madhya Pradesh,Burhanpur,871524,136,15.604848518227842,0.1424806456926371,28.1,4.4,23.700000000000003,0.01646119761652534,0.4253969519117978,0.583743842364532,30.93,MODERATE RISK,281
2023,Madhya Pradesh,Dindori,810202,126,15.551677236047308,0.1424806456926371,28.1,4.4,23.700000000000003,0.016405108447670198,0.4253969519117978,0.583743842364532,30.93,MODERATE RISK,281
2023,Lakshadweep,Lakshadweep,74143,4,5.394979971136857,0.1589285714285714,26.72809498399146,4.446596858638744,22.28149812535272,0.0056910409183623025,0.47450465660617397,0.5488053725456334,30.93,MODERATE RISK,281
2023,Lakshadweep,Total Districts ,74143,4,5.394979971136857,0.1589285714285714,26.72809498399146,4.446596858638744,22.28149812535272,0.0056910409183623025,0.47450465660617397,0.5488053725456334,30.93,MODERATE RISK,281
2023,Madhya Pradesh,Shivpuri,1984957,285,14.357993649232704,0.1424806456926371,28.1,4.4,23.700000000000003,0.015145918946970741,0.4253969519117978,0.583743842364532,30.88,MODERATE RISK,282
2023,Uttarakhand,Total Districts ,717779,1485,206.88819260524485,0.1531393568147013,15.0,3.6,11.4,0.21824162016200405,0.4572201037552822,0.28078817733990147,30.87,MODERATE RISK,283
2023,Madhya Pradesh,Sidhi,1296087,179,13.81080128108684,0.1424806456926371,28.1,4.4,23.700000000000003,0.014568698239202765,0.4253969519117978,0.583743842364532,30.86,MODERATE RISK,284
2023,Madhya Pradesh,Ratlam,1673329,230,13.745055515084,0.1424806456926371,28.1,4.4,23.700000000000003,0.014499344535105065,0.4253969519117978,0.583743842364532,30.85,MODERATE RISK,285
2023,Madhya Pradesh,Anuppur,861622,113,13.11479976138028,0.1424806456926371,28.1,4.4,23.700000000000003,0.013834502162649451,0.4253969519117978,0.583743842364532,30.83,MODERATE RISK,286
2023,Madhya Pradesh,Panna,1168998,152,13.002588541639936,0.1424806456926371,28.1,4.4,23.700000000000003,0.01371613311467186,0.4253969519117978,0.583743842364532,30.82,MODERATE RISK,287
2023,Madhya Pradesh,Raisen,1531336,193,12.603373786027364,0.1424806456926371,28.1,4.4,23.700000000000003,0.013295010604197296,0.4253969519117978,0.583743842364532,30.81,MODERATE RISK,288
2023,Gujarat,Ahmedabad City,2894401,659,22.768096058562723,0.2052152471669115,17.0,1.5,15.5,0.02401754353041266,0.6127003440098925,0.3817733990147783,30.79,MODERATE RISK,289
2023,Madhya Pradesh,Neemuch,949977,116,12.21082194621554,0.1424806456926371,28.1,4.4,23.700000000000003,0.012880916651133606,0.4253969519117978,0.583743842364532,30.79,MODERATE RISK,289
2023,Madhya Pradesh,Ujjain,2284893,271,11.860511630085083,0.1424806456926371,28.1,4.4,23.700000000000003,0.012511382314789673,0.4253969519117978,0.583743842364532,30.77,MODERATE RISK,290
2023,Madhya Pradesh,Morena,2260865,261,11.544254079743814,0.1424806456926371,28.1,4.4,23.700000000000003,0.01217776946184818,0.4253969519117978,0.583743842364532,30.76,MODERATE RISK,291
2023,Madhya Pradesh,Rewa,2719871,310,11.397599371440778,0.1424806456926371,28.1,4.4,23.700000000000003,0.01202306676595528,0.4253969519117978,0.583743842364532,30.76,MODERATE RISK,291
2023,Madhya Pradesh,Sehore,1508031,173,11.4719127126697,0.1424806456926371,28.1,4.4,23.700000000000003,0.012101458209107368,0.4253969519117978,0.583743842364532,30.76,MODERATE RISK,291
2023,Madhya Pradesh,Dewas,1798272,202,11.2330059078938,0.1424806456926371,28.1,4.4,23.700000000000003,0.011849440887647628,0.4253969519117978,0.583743842364532,30.75,MODERATE RISK,292
2023,Madhya Pradesh,Chhatarpur,2026731,226,11.150961819797496,0.1424806456926371,28.1,4.4,23.700000000000003,0.011762894456527628,0.4253969519117978,0.583743842364532,30.74,MODERATE RISK,293
2023,Madhya Pradesh,Damoh,1453851,162,11.142820000123807,0.1424806456926371,28.1,4.4,23.700000000000003,0.011754305837262906,0.4253969519117978,0.583743842364532,30.74,MODERATE RISK,293
2023,Madhya Pradesh,Seoni,1586000,176,11.097099621689786,0.1424806456926371,28.1,4.4,23.700000000000003,0.011706076456271117,0.4253969519117978,0.583743842364532,30.74,MODERATE RISK,293
2023,Madhya Pradesh,Narmadapuram,1697834,183,10.778438881539657,0.1424806456926371,28.1,4.4,23.700000000000003,0.011369928533392389,0.4253969519117978,0.583743842364532,30.73,MODERATE RISK,294
2023,Madhya Pradesh,Harda,656034,70,10.670178679763549,0.1424806456926371,28.1,4.4,23.700000000000003,0.011255727323854225,0.4253969519117978,0.583743842364532,30.72,MODERATE RISK,295
2023,Madhya Pradesh,Vidisha,1677706,178,10.609725422690268,0.1424806456926371,28.1,4.4,23.700000000000003,0.011191956566317971,0.4253969519117978,0.583743842364532,30.72,MODERATE RISK,295
2023,Madhya Pradesh,Khandwa,1506570,155,10.288270707633895,0.1424806456926371,28.1,4.4,23.700000000000003,0.010852861343245103,0.4253969519117978,0.583743842364532,30.71,MODERATE RISK,296
2023,Madhya Pradesh,Dhar,2513661,240,9.547826854933898,0.1424806456926371,28.1,4.4,23.700000000000003,0.010071784066589795,0.4253969519117978,0.583743842364532,30.68,MODERATE RISK,297
2023,Madhya Pradesh,Mandsaur,1541472,147,9.536339291274832,0.1424806456926371,28.1,4.4,23.700000000000003,0.010059666098555473,0.4253969519117978,0.583743842364532,30.68,MODERATE RISK,297
2023,Madhya Pradesh,Sheopur,791040,75,9.48118932038835,0.1424806456926371,28.1,4.4,23.700000000000003,0.01000148965626271,0.4253969519117978,0.583743842364532,30.67,MODERATE RISK,298
2023,Madhya Pradesh,Narsinghpur,1697834,155,9.129278834090965,0.1424806456926371,28.1,4.4,23.700000000000003,0.009630267337026339,0.4253969519117978,0.583743842364532,30.66,MODERATE RISK,299
2023,Madhya Pradesh,Betul,1811666,158,8.721254359247233,0.1424806456926371,28.1,4.4,23.700000000000003,0.009199851655327404,0.4253969519117978,0.583743842364532,30.64,MODERATE RISK,300
2023,Madhya Pradesh,Mandla,1213140,100,8.243071698237632,0.1424806456926371,28.1,4.4,23.700000000000003,0.00869542770847009,0.4253969519117978,0.583743842364532,30.62,MODERATE RISK,301
2023,Madhya Pradesh,Shajapur,1739583,143,8.220360856596093,0.1424806456926371,28.1,4.4,23.700000000000003,0.008671470561314044,0.4253969519117978,0.583743842364532,30.62,MODERATE RISK,301
2023,Madhya Pradesh,Jhabua,1178805,94,7.974177238813883,0.1424806456926371,28.1,4.4,23.700000000000003,0.008411777096329079,0.4253969519117978,0.583743842364532,30.61,MODERATE RISK,302
2023,Madhya Pradesh,Satna,2563275,198,7.724493080141616,0.1424806456926371,28.1,4.4,23.700000000000003,0.00814839099086198,0.4253969519117978,0.583743842364532,30.6,MODERATE RISK,303
2023,Madhya Pradesh,Bhind,1958455,145,7.403795338672576,0.1424806456926371,28.1,4.4,23.700000000000003,0.007810094281904581,0.4253969519117978,0.583743842364532,30.59,MODERATE RISK,304
2023,Madhya Pradesh,Chhindwara,2404560,178,7.402601723392221,0.1424806456926371,28.1,4.4,23.700000000000003,0.0078088351644588026,0.4253969519117978,0.583743842364532,30.59,MODERATE RISK,304
2023,Madhya Pradesh,Barwani,1593763,116,7.278372003867576,0.1424806456926371,28.1,4.4,23.700000000000003,0.007677788076077778,0.4253969519117978,0.583743842364532,30.58,MODERATE RISK,305
2023,Madhya Pradesh,Katni,1485848,106,7.133973327015953,0.1424806456926371,28.1,4.4,23.700000000000003,0.007525465216138265,0.4253969519117978,0.583743842364532,30.58,MODERATE RISK,305
2023,Madhya Pradesh,Balaghat,1956952,127,6.489683957501257,0.1424806456926371,28.1,4.4,23.700000000000003,0.0068458191034945284,0.4253969519117978,0.583743842364532,30.55,MODERATE RISK,306
2023,Madhya Pradesh,Tikamgarh,1661940,109,6.558600190139235,0.1424806456926371,28.1,4.4,23.700000000000003,0.006918517260295926,0.4253969519117978,0.583743842364532,30.55,MODERATE RISK,306
2023,Madhya Pradesh,Umaria,741471,49,6.608485025038067,0.1424806456926371,28.1,4.4,23.700000000000003,0.006971139631117291,0.4253969519117978,0.583743842364532,30.55,MODERATE RISK,306
2023,Madhya Pradesh,Ashok Nagar,1697834,103,6.066553031686254,0.1424806456926371,28.1,4.4,23.700000000000003,0.006399467972346535,0.4253969519117978,0.583743842364532,30.53,MODERATE RISK,307
2023,Madhya Pradesh,Alirajpur,838348,41,4.8905705029414985,0.1424806456926371,28.1,4.4,23.700000000000003,0.005158950912752098,0.4253969519117978,0.583743842364532,30.48,MODERATE RISK,308
2023,Madhya Pradesh,Khargone,2154002,106,4.921072496682919,0.1424806456926371,28.1,4.4,23.700000000000003,0.005191126767973573,0.4253969519117978,0.583743842364532,30.48,MODERATE RISK,308
2023,Madhya Pradesh,Indore Rural,3768201,185,4.909504561991253,0.1424806456926371,28.1,4.4,23.700000000000003,0.005178924018376089,0.4253969519117978,0.583743842364532,30.48,MODERATE RISK,308
2023,Madhya Pradesh,Agar,1697834,75,4.417392984237564,0.1424806456926371,28.1,4.4,23.700000000000003,0.004659806775980486,0.4253969519117978,0.583743842364532,30.46,MODERATE RISK,309
2023,Madhya Pradesh,Niwari,1697834,51,3.0038272292815438,0.1424806456926371,28.1,4.4,23.700000000000003,0.003168668607666731,0.4253969519117978,0.583743842364532,30.4,MODERATE RISK,310
2023,Madhya Pradesh,Bhopal Rural,2726720,71,2.603861049172632,0.1424806456926371,28.1,4.4,23.700000000000003,0.002746753436685804,0.4253969519117978,0.583743842364532,30.38,MODERATE RISK,311
2023,Madhya Pradesh,Bhopal Railway,1697834,3,0.1766957193695025,0.1424806456926371,28.1,4.4,23.700000000000003,0.00018639227103921943,0.4253969519117978,0.583743842364532,30.28,MODERATE RISK,312
2023,Madhya Pradesh,Indore Railway,1697834,1,0.0588985731231675,0.1424806456926371,28.1,4.4,23.700000000000003,6.213075701307313e-05,0.4253969519117978,0.583743842364532,30.28,MODERATE RISK,312
2023,Madhya Pradesh,Jabalpur Railway,1697834,3,0.1766957193695025,0.1424806456926371,28.1,4.4,23.700000000000003,0.00018639227103921943,0.4253969519117978,0.583743842364532,30.28,MODERATE RISK,312
2023,Madhya Pradesh,Cyber Crime Cell,1697834,0,0.0,0.1424806456926371,28.1,4.4,23.700000000000003,0.0,0.4253969519117978,0.583743842364532,30.27,MODERATE RISK,313
2023,Haryana,Yamunanagar,1396335,453,32.442071565920784,0.1847177848775293,21.6,4.9,16.700000000000003,0.03422239892378829,0.5515021515294888,0.4113300492610838,30.25,MODERATE RISK,314
2023,Haryana,Faridabad,2081192,650,31.23210160331195,0.1847177848775293,21.6,4.9,16.700000000000003,0.03294602929794422,0.5515021515294888,0.4113300492610838,30.2,MODERATE RISK,315
2023,Haryana,Rewari,1035381,310,29.94066918361453,0.1847177848775293,21.6,4.9,16.700000000000003,0.03158372679022075,0.5515021515294888,0.4113300492610838,30.15,MODERATE RISK,316
2023,Haryana,Kurukshetra,1109353,329,29.65692615425388,0.1847177848775293,21.6,4.9,16.700000000000003,0.031284412761432755,0.5515021515294888,0.4113300492610838,30.14,MODERATE RISK,317
2023,Gujarat,Surat City,6993520,391,5.590889852320434,0.2052152471669115,17.0,1.5,15.5,0.00589770176902201,0.6127003440098925,0.3817733990147783,30.07,MODERATE RISK,318
2023,Haryana,Hissar,1358470,371,27.31013566733163,0.1847177848775293,21.6,4.9,16.700000000000003,0.028808837178325712,0.5515021515294888,0.4113300492610838,30.04,MODERATE RISK,319
2023,Haryana,Sonipat,1667501,456,27.34631043699524,0.1847177848775293,21.6,4.9,16.700000000000003,0.028846997115057515,0.5515021515294888,0.4113300492610838,30.04,MODERATE RISK,319
2023,Haryana,Jhajjar,1102165,295,26.765502442919164,0.1847177848775293,21.6,4.9,16.700000000000003,0.028234316052721274,0.5515021515294888,0.4113300492610838,30.01,MODERATE RISK,320
2023,Haryana,Rohtak,1220384,324,26.549020636127644,0.1847177848775293,21.6,4.9,16.700000000000003,0.0280059543484846,0.5515021515294888,0.4113300492610838,30.01,MODERATE RISK,320
2023,Gujarat,Junagadh,3154544,126,3.994238152962837,0.2052152471669115,17.0,1.5,15.5,0.004213430427510058,0.6127003440098925,0.3817733990147783,30.0,MODERATE RISK,321
2023,Gujarat,Rajkot City,4375241,171,3.908356133982106,0.2052152471669115,17.0,1.5,15.5,0.004122835450923349,0.6127003440098925,0.3817733990147783,30.0,MODERATE RISK,321
2023,Haryana,Panchkula,645486,171,26.49166674412768,0.1847177848775293,21.6,4.9,16.700000000000003,0.027945453040241496,0.5515021515294888,0.4113300492610838,30.0,MODERATE RISK,321
2023,Gujarat,Gandhinagar,1600515,58,3.6238335785668983,0.2052152471669115,17.0,1.5,15.5,0.003822699117938272,0.6127003440098925,0.3817733990147783,29.99,MODERATE RISK,322
2023,Haryana,Ambala,1297602,339,26.12511386388122,0.1847177848775293,21.6,4.9,16.700000000000003,0.027558784794689775,0.5515021515294888,0.4113300492610838,29.99,MODERATE RISK,322
2023,Haryana,Panipat,1386252,362,26.113578195017933,0.1847177848775293,21.6,4.9,16.700000000000003,0.02754661608157631,0.5515021515294888,0.4113300492610838,29.99,MODERATE RISK,322
2023,Gujarat,Amreli,1741318,59,3.3882381047000028,0.2052152471669115,17.0,1.5,15.5,0.0035741748436813425,0.6127003440098925,0.3817733990147783,29.98,MODERATE RISK,323
2023,Gujarat,Banaskantha,2894401,103,3.558594679866404,0.2052152471669115,17.0,1.5,15.5,0.0037538800965591867,0.6127003440098925,0.3817733990147783,29.98,MODERATE RISK,323
2023,Gujarat,Patan,1545294,50,3.2356302425299,0.2052152471669115,17.0,1.5,15.5,0.0034131923019999444,0.6127003440098925,0.3817733990147783,29.97,MODERATE RISK,324
2023,Gujarat,Vadodara City,4790469,151,3.1520922064207078,0.2052152471669115,17.0,1.5,15.5,0.0033250699393071207,0.6127003440098925,0.3817733990147783,29.97,MODERATE RISK,324
2023,Gujarat,Bharuch,1783671,51,2.859271693042046,0.2052152471669115,17.0,1.5,15.5,0.0030161802803483576,0.6127003440098925,0.3817733990147783,29.95,MODERATE RISK,325
2023,Gujarat,Kachchh East(G),2894401,72,2.4875613296153505,0.2052152471669115,17.0,1.5,15.5,0.0026240715238083634,0.6127003440098925,0.3817733990147783,29.94,MODERATE RISK,326
2023,Gujarat,Kheda,2644867,65,2.45759049509862,0.2052152471669115,17.0,1.5,15.5,0.0025924559762985112,0.6127003440098925,0.3817733990147783,29.94,MODERATE RISK,326
2023,Gujarat,Bhavnagar,3312419,78,2.354774562034573,0.2052152471669115,17.0,1.5,15.5,0.002483997801243639,0.6127003440098925,0.3817733990147783,29.93,MODERATE RISK,327
2023,Gujarat,Jamnagar,2484136,57,2.294560362234596,0.2052152471669115,17.0,1.5,15.5,0.0024204792197546512,0.6127003440098925,0.3817733990147783,29.93,MODERATE RISK,327
2023,Gujarat,Kachchh West(B),2894401,69,2.3839129408813777,0.2052152471669115,17.0,1.5,15.5,0.0025147352103163487,0.6127003440098925,0.3817733990147783,29.93,MODERATE RISK,327
2023,Gujarat,Rajkot Rural,4375241,97,2.2170207309723056,0.2052152471669115,17.0,1.5,15.5,0.0023386844370734787,0.6127003440098925,0.3817733990147783,29.93,MODERATE RISK,327
2023,Gujarat,Mehsana,2894401,59,2.0384183117681345,0.2052152471669115,17.0,1.5,15.5,0.0021502808320096314,0.6127003440098925,0.3817733990147783,29.92,MODERATE RISK,328
2023,Gujarat,Panchmahal,2894401,62,2.1420667005021072,0.2052152471669115,17.0,1.5,15.5,0.002259617145501646,0.6127003440098925,0.3817733990147783,29.92,MODERATE RISK,328
2023,Haryana,Karnal,1731122,424,24.492785603787603,0.1847177848775293,21.6,4.9,16.700000000000003,0.02583687906564323,0.5515021515294888,0.4113300492610838,29.92,MODERATE RISK,328
2023,Gujarat,Sabarkantha,2894401,54,1.8656709972115129,0.2052152471669115,17.0,1.5,15.5,0.0019680536428562725,0.6127003440098925,0.3817733990147783,29.91,MODERATE RISK,329
2023,Gujarat,Porbandar,673266,11,1.633826749011535,0.2052152471669115,17.0,1.5,15.5,0.0017234864507161725,0.6127003440098925,0.3817733990147783,29.9,MODERATE RISK,330
2023,Gujarat,Ahmedabad Rural,2894401,35,1.209231201896351,0.2052152471669115,17.0,1.5,15.5,0.00127559032407351,0.6127003440098925,0.3817733990147783,29.89,MODERATE RISK,331
2023,Gujarat,Anand,2406656,34,1.412748643761302,0.2052152471669115,17.0,1.5,15.5,0.001490276216412382,0.6127003440098925,0.3817733990147783,29.89,MODERATE RISK,331
2023,Gujarat,Morbi,2894401,37,1.2783301277189996,0.2052152471669115,17.0,1.5,15.5,0.0013484811997348536,0.6127003440098925,0.3817733990147783,29.89,MODERATE RISK,331
2023,Gujarat,Devbhumi Dwarka,2894401,31,1.0710333502510536,0.2052152471669115,17.0,1.5,15.5,0.001129808572750823,0.6127003440098925,0.3817733990147783,29.88,MODERATE RISK,332
2023,Gujarat,Gir Somnath,2894401,30,1.0364838873397293,0.2052152471669115,17.0,1.5,15.5,0.0010933631349201514,0.6127003440098925,0.3817733990147783,29.88,MODERATE RISK,332
2023,Gujarat,Narmada,678841,8,1.1784792020517325,0.2052152471669115,17.0,1.5,15.5,0.0012431507431346553,0.6127003440098925,0.3817733990147783,29.88,MODERATE RISK,332
2023,Gujarat,Surendranagar,2019708,20,0.9902421538162944,0.2052152471669115,17.0,1.5,15.5,0.0010445837883746964,0.6127003440098925,0.3817733990147783,29.88,MODERATE RISK,332
2023,Gujarat,Navsari,1529122,12,0.7847640672228899,0.2052152471669115,17.0,1.5,15.5,0.0008278296567771626,0.6127003440098925,0.3817733990147783,29.87,MODERATE RISK,333
2023,Gujarat,Vadodara Rural,4790469,36,0.751492181663215,0.2052152471669115,17.0,1.5,15.5,0.0007927319060599756,0.6127003440098925,0.3817733990147783,29.87,MODERATE RISK,333
2023,Gujarat,Arvalli,2894401,18,0.6218903324038376,0.2052152471669115,17.0,1.5,15.5,0.0006560178809520908,0.6127003440098925,0.3817733990147783,29.86,MODERATE RISK,334
2023,Gujarat,Botad,2894401,19,0.656439795315162,0.2052152471669115,17.0,1.5,15.5,0.0006924633187827626,0.6127003440098925,0.3817733990147783,29.86,MODERATE RISK,334
2023,Gujarat,Chhotaudepur,2894401,16,0.552791406581189,0.2052152471669115,17.0,1.5,15.5,0.0005831270052907475,0.6127003440098925,0.3817733990147783,29.86,MODERATE RISK,334
2023,Gujarat,Dahod,2894401,17,0.5873408694925133,0.2052152471669115,17.0,1.5,15.5,0.0006195724431214192,0.6127003440098925,0.3817733990147783,29.86,MODERATE RISK,334
2023,Gujarat,Mahisagar,2894401,19,0.656439795315162,0.2052152471669115,17.0,1.5,15.5,0.0006924633187827626,0.6127003440098925,0.3817733990147783,29.86,MODERATE RISK,334
2023,Gujarat,Tapi,928075,5,0.5387495622659807,0.2052152471669115,17.0,1.5,15.5,0.0005683145850418019,0.6127003440098925,0.3817733990147783,29.86,MODERATE RISK,334
2023,Gujarat,Valsad,1961529,11,0.5607870186981686,0.2052152471669115,17.0,1.5,15.5,0.0005915613935495598,0.6127003440098925,0.3817733990147783,29.86,MODERATE RISK,334
2023,Gujarat,Surat Rural,6993520,34,0.4861643349843855,0.2052152471669115,17.0,1.5,15.5,0.0005128436320888704,0.6127003440098925,0.3817733990147783,29.85,MODERATE RISK,335
2023,Gujarat,Dang,2894401,2,0.0690989258226486,0.2052152471669115,17.0,1.5,15.5,7.28908756613434e-05,0.6127003440098925,0.3817733990147783,29.84,MODERATE RISK,336
2023,Gujarat,CID Crime,2894401,0,0.0,0.2052152471669115,17.0,1.5,15.5,0.0,0.6127003440098925,0.3817733990147783,29.83,MODERATE RISK,337
2023,Gujarat,W Rly Ahmedabad,2894401,0,0.0,0.2052152471669115,17.0,1.5,15.5,0.0,0.6127003440098925,0.3817733990147783,29.83,MODERATE RISK,337
2023,Gujarat,W Rly Vadodara,2894401,0,0.0,0.2052152471669115,17.0,1.5,15.5,0.0,0.6127003440098925,0.3817733990147783,29.83,MODERATE RISK,337
2023,Gujarat,Cyber Ahmedabad Range,2894401,0,0.0,0.2052152471669115,17.0,1.5,15.5,0.0,0.6127003440098925,0.3817733990147783,29.83,MODERATE RISK,337
2023,Gujarat,Cyber Bhavnagar Range,2894401,0,0.0,0.2052152471669115,17.0,1.5,15.5,0.0,0.6127003440098925,0.3817733990147783,29.83,MODERATE RISK,337
2023,Gujarat,Cyber Border Range,2894401,0,0.0,0.2052152471669115,17.0,1.5,15.5,0.0,0.6127003440098925,0.3817733990147783,29.83,MODERATE RISK,337
2023,Gujarat,Cyber Gandhinagar Range,2894401,0,0.0,0.2052152471669115,17.0,1.5,15.5,0.0,0.6127003440098925,0.3817733990147783,29.83,MODERATE RISK,337
2023,Gujarat,Cyber Junagadh Range,2894401,0,0.0,0.2052152471669115,17.0,1.5,15.5,0.0,0.6127003440098925,0.3817733990147783,29.83,MODERATE RISK,337
2023,Gujarat,Cyber Panchmahal Range,2894401,0,0.0,0.2052152471669115,17.0,1.5,15.5,0.0,0.6127003440098925,0.3817733990147783,29.83,MODERATE RISK,337
2023,Gujarat,Cyber Rajkot Range,2894401,0,0.0,0.2052152471669115,17.0,1.5,15.5,0.0,0.6127003440098925,0.3817733990147783,29.83,MODERATE RISK,337
2023,Gujarat,Cyber Surat Range,2894401,0,0.0,0.2052152471669115,17.0,1.5,15.5,0.0,0.6127003440098925,0.3817733990147783,29.83,MODERATE RISK,337
2023,Gujarat,Cyber Vadodara Range,2894401,0,0.0,0.2052152471669115,17.0,1.5,15.5,0.0,0.6127003440098925,0.3817733990147783,29.83,MODERATE RISK,337
2023,Haryana,Palwal,1199114,249,20.765331736598856,0.1847177848775293,21.6,4.9,16.700000000000003,0.021904873276378207,0.5515021515294888,0.4113300492610838,29.76,MODERATE RISK,338
2023,Haryana,Jind,1534274,296,19.292512289199973,0.1847177848775293,21.6,4.9,16.700000000000003,0.02035122974380722,0.5515021515294888,0.4113300492610838,29.7,MODERATE RISK,339
2023,Haryana,Sirsa,1489467,256,17.187356282482256,0.1847177848775293,21.6,4.9,16.700000000000003,0.018130548844552254,0.5515021515294888,0.4113300492610838,29.61,MODERATE RISK,340
2023,Haryana,Bhiwani,1879611,316,16.811989289273154,0.1847177848775293,21.6,4.9,16.700000000000003,0.017734582792929367,0.5515021515294888,0.4113300492610838,29.59,MODERATE RISK,341
2023,Haryana,Kaithal,1235449,174,14.083948426847243,0.1847177848775293,21.6,4.9,16.700000000000003,0.014856834912846199,0.5515021515294888,0.4113300492610838,29.48,MODERATE RISK,342
2023,Haryana,Nuh,1358470,181,13.323812818832952,0.1847177848775293,21.6,4.9,16.700000000000003,0.01405498525411578,0.5515021515294888,0.4113300492610838,29.45,MODERATE RISK,343
2023,Haryana,Fatehabad,1083312,140,12.923331413295523,0.1847177848775293,21.6,4.9,16.700000000000003,0.0136325265836202,0.5515021515294888,0.4113300492610838,29.43,MODERATE RISK,344
2023,Haryana,Mahendergarh,1358470,177,13.029363916759296,0.1847177848775293,21.6,4.9,16.700000000000003,0.013744377845185044,0.5515021515294888,0.4113300492610838,29.43,MODERATE RISK,344
2023,Haryana,Hansi,1358470,132,9.71681376843066,0.1847177848775293,21.6,4.9,16.700000000000003,0.010250044494714268,0.5515021515294888,0.4113300492610838,29.29,MODERATE RISK,345
2023,Haryana,Charkhi Dadri,1358470,110,8.097344807025552,0.1847177848775293,21.6,4.9,16.700000000000003,0.008541703745595226,0.5515021515294888,0.4113300492610838,29.23,MODERATE RISK,346
2023,Rajasthan,Hanumangarh,2040895,850,41.64839445439379,0.1282991202346041,24.3,2.7,21.6,0.043933938270785095,0.3830559190369127,0.5320197044334976,29.21,MODERATE RISK,347
2023,Rajasthan,Jhalawar,1622798,634,39.06832520128815,0.1282991202346041,24.3,2.7,21.6,0.04121228225534329,0.3830559190369127,0.5320197044334976,29.1,MODERATE RISK,348
2023,Haryana,GRP,1358470,4,0.2944489020736564,0.1847177848775293,21.6,4.9,16.700000000000003,0.0003106074089307355,0.5515021515294888,0.4113300492610838,28.9,MODERATE RISK,349
2023,Rajasthan,Baran,1406168,481,34.20643905991318,0.1282991202346041,24.3,2.7,21.6,0.036083589819224215,0.3830559190369127,0.5320197044334976,28.9,MODERATE RISK,349
2023,Haryana,Irrigation & Power,1358470,0,0.0,0.1847177848775293,21.6,4.9,16.700000000000003,0.0,0.5515021515294888,0.4113300492610838,28.88,MODERATE RISK,350
2023,Tripura,North,50265,57,113.39898537749924,0.1606683804627249,17.7,4.6,13.1,0.11962199476861514,0.4796991127124026,0.3226600985221675,28.86,MODERATE RISK,351
2023,Rajasthan,Pratapgarh,998025,320,32.06332506700734,0.1282991202346041,24.3,2.7,21.6,0.033822867908931034,0.3830559190369127,0.5320197044334976,28.81,MODERATE RISK,352
2023,Rajasthan,Bundi,1277541,396,30.997048235633923,0.1282991202346041,24.3,2.7,21.6,0.03269807687910093,0.3830559190369127,0.5320197044334976,28.76,MODERATE RISK,353
2023,Rajasthan,Bikaner,2718527,838,30.82551690676605,0.1282991202346041,24.3,2.7,21.6,0.03251713240542526,0.3830559190369127,0.5320197044334976,28.75,MODERATE RISK,354
2023,Rajasthan,Jaipur West,2485185,744,29.93740908624509,0.1282991202346041,24.3,2.7,21.6,0.031580287788106454,0.3830559190369127,0.5320197044334976,28.72,MODERATE RISK,355
2023,Rajasthan,Tonk,1634524,467,28.571009052176656,0.1282991202346041,24.3,2.7,21.6,0.030138903659465015,0.3830559190369127,0.5320197044334976,28.66,MODERATE RISK,356
2023,Rajasthan,Ganganagar,2264543,635,28.04097780435169,0.1282991202346041,24.3,2.7,21.6,0.029579785824826073,0.3830559190369127,0.5320197044334976,28.64,MODERATE RISK,357
2023,Rajasthan,Rajsamand,1330086,352,26.464454178150884,0.1282991202346041,24.3,2.7,21.6,0.02791674712709703,0.3830559190369127,0.5320197044334976,28.57,MODERATE RISK,358
2023,Rajasthan,Pali,2343208,613,26.160716419541075,0.1282991202346041,24.3,2.7,21.6,0.027596341115962975,0.3830559190369127,0.5320197044334976,28.56,MODERATE RISK,359
2023,Rajasthan,Dausa,1879570,471,25.058923051549023,0.1282991202346041,24.3,2.7,21.6,0.02643408450437788,0.3830559190369127,0.5320197044334976,28.51,MODERATE RISK,360
2023,Rajasthan,Udaipur,3528682,887,25.13686413227375,0.1282991202346041,24.3,2.7,21.6,0.02651630276691062,0.3830559190369127,0.5320197044334976,28.51,MODERATE RISK,360
2023,Rajasthan,Chittorgarh,2485185,603,24.263787202964767,0.1282991202346041,24.3,2.7,21.6,0.025595313892779824,0.3830559190369127,0.5320197044334976,28.48,MODERATE RISK,361
2023,Rajasthan,Churu,2345479,563,24.00362569863128,0.1282991202346041,24.3,2.7,21.6,0.025320875475127538,0.3830559190369127,0.5320197044334976,28.47,MODERATE RISK,362
2023,Rajasthan,Kota City,2243666,541,24.1123233137196,0.1282991202346041,24.3,2.7,21.6,0.025435538101959435,0.3830559190369127,0.5320197044334976,28.47,MODERATE RISK,362
2023,Rajasthan,Sirohi,1191797,288,24.165189205879862,0.1282991202346041,24.3,2.7,21.6,0.025491305121870426,0.3830559190369127,0.5320197044334976,28.47,MODERATE RISK,362
2023,Rajasthan,Bhilwara,2769801,661,23.864530339905283,0.1282991202346041,24.3,2.7,21.6,0.025174146964123054,0.3830559190369127,0.5320197044334976,28.46,MODERATE RISK,363
2023,D&N Haveli and Daman & Diu,Total Districts ,139866,7,5.00479029928646,0.1311320754716981,26.72809498399146,4.446596858638744,22.28149812535272,0.0052794387622276924,0.39151412412788417,0.5488053725456334,28.42,MODERATE RISK,364
2023,Rajasthan,Alwar,4225305,913,21.60790759483635,0.1282991202346041,24.3,2.7,21.6,0.022793687268590927,0.3830559190369127,0.5320197044334976,28.36,MODERATE RISK,365
2023,Rajasthan,Beawar,2485185,526,21.165426316350693,0.1282991202346041,24.3,2.7,21.6,0.02232692389320429,0.3830559190369127,0.5320197044334976,28.35,MODERATE RISK,366
2023,Rajasthan,Deeg,2485185,529,21.286141675569425,0.1282991202346041,24.3,2.7,21.6,0.022454263763317626,0.3830559190369127,0.5320197044334976,28.35,MODERATE RISK,366
2023,D&N Haveli and Daman & Diu,Diu,59885,2,3.339734491107957,0.1311320754716981,26.72809498399146,4.446596858638744,22.28149812535272,0.003523009491610054,0.39151412412788417,0.5488053725456334,28.35,MODERATE RISK,366
2023,D&N Haveli and Daman & Diu,D&N Haveli,139866,4,2.8598801710208344,0.1311320754716981,26.72809498399146,4.446596858638744,22.28149812535272,0.0030168221498443953,0.39151412412788417,0.5488053725456334,28.33,MODERATE RISK,367
2023,Rajasthan,Dholpur,2485185,509,20.481372614111223,0.1282991202346041,24.3,2.7,21.6,0.021605331295895407,0.3830559190369127,0.5320197044334976,28.32,MODERATE RISK,368
2023,Rajasthan,Jaipur South,2485185,511,20.561849520257045,0.1282991202346041,24.3,2.7,21.6,0.02169022454263763,0.3830559190369127,0.5320197044334976,28.32,MODERATE RISK,368
2023,Rajasthan,Ajmer,2970509,601,20.23222282780493,0.1282991202346041,24.3,2.7,21.6,0.021342508887609146,0.3830559190369127,0.5320197044334976,28.31,MODERATE RISK,369
2023,Rajasthan,Jaipur East,2485185,503,20.239941895673763,0.1282991202346041,24.3,2.7,21.6,0.021350651555668742,0.3830559190369127,0.5320197044334976,28.31,MODERATE RISK,369
2023,Rajasthan,Sikar,3078932,609,19.77958590836043,0.1282991202346041,24.3,2.7,21.6,0.020865032558966302,0.3830559190369127,0.5320197044334976,28.29,MODERATE RISK,370
2023,Rajasthan,Bharatpur,2930731,570,19.44907260338803,0.1282991202346041,24.3,2.7,21.6,0.020516381636678495,0.3830559190369127,0.5320197044334976,28.27,MODERATE RISK,371
2023,Rajasthan,Jaipur North,2485185,480,19.314457474996832,0.1282991202346041,24.3,2.7,21.6,0.020374379218133194,0.3830559190369127,0.5320197044334976,28.27,MODERATE RISK,371
2023,Rajasthan,Jhunjhunu,2485185,478,19.23398056885101,0.1282991202346041,24.3,2.7,21.6,0.02028948597139097,0.3830559190369127,0.5320197044334976,28.26,MODERATE RISK,372
2023,Rajasthan,Anupgarh,2485185,477,19.1937421157781,0.1282991202346041,24.3,2.7,21.6,0.02024703934801986,0.3830559190369127,0.5320197044334976,28.26,MODERATE RISK,372
2023,Rajasthan,Karauli,1676985,316,18.84334087663277,0.1282991202346041,24.3,2.7,21.6,0.019877409099068127,0.3830559190369127,0.5320197044334976,28.25,MODERATE RISK,373
2023,D&N Haveli and Daman & Diu,Daman,219848,1,0.4548597212619628,0.1311320754716981,26.72809498399146,4.446596858638744,22.28149812535272,0.00047982111141576926,0.39151412412788417,0.5488053725456334,28.23,MODERATE RISK,374
2023,Rajasthan,Didwana-Kuchaman,2485185,454,18.26825769510117,0.1282991202346041,24.3,2.7,21.6,0.019270767010484312,0.3830559190369127,0.5320197044334976,28.22,MODERATE RISK,375
2023,Rajasthan,Kotputli-Behror,2485185,390,15.692996698434923,0.1282991202346041,24.3,2.7,21.6,0.01655418311473322,0.3830559190369127,0.5320197044334976,28.11,MODERATE RISK,376
2023,Rajasthan,Sawai Madhopur,1535883,232,15.105317267005365,0.1282991202346041,24.3,2.7,21.6,0.015934253530371714,0.3830559190369127,0.5320197044334976,28.09,MODERATE RISK,377
2023,Rajasthan,Banswara,2067107,306,14.803297555472454,0.1282991202346041,24.3,2.7,21.6,0.015615659847785053,0.3830559190369127,0.5320197044334976,28.08,MODERATE RISK,378
2023,Rajasthan,Dungarpur,1596834,233,14.591372678687955,0.1282991202346041,24.3,2.7,21.6,0.01539210514473667,0.3830559190369127,0.5320197044334976,28.07,MODERATE RISK,379
2023,Rajasthan,Neem Ka Thana,2485185,360,14.485843106247623,0.1282991202346041,24.3,2.7,21.6,0.015280784413599896,0.3830559190369127,0.5320197044334976,28.06,MODERATE RISK,380
2023,Rajasthan,Jodhpur West,2485185,342,13.76155095093524,0.1282991202346041,24.3,2.7,21.6,0.014516745192919898,0.3830559190369127,0.5320197044334976,28.03,MODERATE RISK,381
2023,Rajasthan,Kota Rural,2243666,267,11.900166958896737,0.1282991202346041,24.3,2.7,21.6,0.012553213813721202,0.3830559190369127,0.5320197044334976,27.95,MODERATE RISK,382
2023,Rajasthan,Jaisalmer,770406,89,11.552350319182354,0.1282991202346041,24.3,2.7,21.6,0.012186309999565853,0.3830559190369127,0.5320197044334976,27.94,MODERATE RISK,383
2023,Rajasthan,Kekri,2485185,282,11.347243766560638,0.1282991202346041,24.3,2.7,21.6,0.011969947790653251,0.3830559190369127,0.5320197044334976,27.93,MODERATE RISK,384
2023,Rajasthan,Shahpura,2485185,278,11.186289954268998,0.1282991202346041,24.3,2.7,21.6,0.011800161297168809,0.3830559190369127,0.5320197044334976,27.92,MODERATE RISK,385
2023,Rajasthan,Nagaur,3803904,406,10.673245171276667,0.1282991202346041,24.3,2.7,21.6,0.011258962095580968,0.3830559190369127,0.5320197044334976,27.9,MODERATE RISK,386
2023,Rajasthan,Barmer,2994313,288,9.618232963621372,0.1282991202346041,24.3,2.7,21.6,0.010146053859543008,0.3830559190369127,0.5320197044334976,27.86,MODERATE RISK,387
2023,Rajasthan,Jodhpur East,2485185,237,9.536513378279686,0.1282991202346041,24.3,2.7,21.6,0.010059849738953266,0.3830559190369127,0.5320197044334976,27.85,MODERATE RISK,388
2023,Rajasthan,Bhiwadi,2485185,220,8.852459676040214,0.1282991202346041,24.3,2.7,21.6,0.00933825714164438,0.3830559190369127,0.5320197044334976,27.83,MODERATE RISK,389
2023,Rajasthan,Pratapgarh,3690512,320,8.67088360639391,0.1282991202346041,24.3,2.7,21.6,0.009146716700775093,0.3830559190369127,0.5320197044334976,27.82,MODERATE RISK,390
2023,Rajasthan,Khairtal-Tijara,2485185,219,8.812221222967304,0.1282991202346041,24.3,2.7,21.6,0.00929581051827327,0.3830559190369127,0.5320197044334976,27.82,MODERATE RISK,390
2023,Rajasthan,Gangapur City,2485185,208,8.369598239165294,0.1282991202346041,24.3,2.7,21.6,0.00882889766119105,0.3830559190369127,0.5320197044334976,27.81,MODERATE RISK,391
2023,Rajasthan,Jalore,2485185,187,7.524590724634182,0.1282991202346041,24.3,2.7,21.6,0.007937518570397723,0.3830559190369127,0.5320197044334976,27.77,MODERATE RISK,392
2023,Rajasthan,Balotra,2485185,176,7.081967740832171,0.1282991202346041,24.3,2.7,21.6,0.007470605713315505,0.3830559190369127,0.5320197044334976,27.75,MODERATE RISK,393
2023,Rajasthan,Sanchore,2485185,140,5.6333834302074095,0.1282991202346041,24.3,2.7,21.6,0.005942527271955515,0.3830559190369127,0.5320197044334976,27.69,MODERATE RISK,394
2023,Rajasthan,Jaipur Rural,7620104,380,4.986808578990523,0.1282991202346041,24.3,2.7,21.6,0.005260470256962757,0.3830559190369127,0.5320197044334976,27.66,MODERATE RISK,395
2023,Rajasthan,Jodhpur Rural,4240239,207,4.881800294747537,0.1282991202346041,24.3,2.7,21.6,0.005149699420816739,0.3830559190369127,0.5320197044334976,27.66,MODERATE RISK,395
2023,Rajasthan,Salumbar,2485185,110,4.426229838020107,0.1282991202346041,24.3,2.7,21.6,0.00466912857082219,0.3830559190369127,0.5320197044334976,27.64,MODERATE RISK,396
2023,Rajasthan,Phalodi,2485185,97,3.903129948072277,0.1282991202346041,24.3,2.7,21.6,0.00411732246699775,0.3830559190369127,0.5320197044334976,27.62,MODERATE RISK,397
2023,Rajasthan,Dudu,2485185,78,3.138599339686985,0.1282991202346041,24.3,2.7,21.6,0.0033108366229466436,0.3830559190369127,0.5320197044334976,27.58,MODERATE RISK,398
2023,Rajasthan,GRP Ajmer,2485185,6,0.2414307184374604,0.1282991202346041,24.3,2.7,21.6,0.0002546797402266649,0.3830559190369127,0.5320197044334976,27.46,MODERATE RISK,399
2023,Rajasthan,GRP Jodhpur,2485185,1,0.04023845307291,0.1282991202346041,24.3,2.7,21.6,4.244662337111075e-05,0.3830559190369127,0.5320197044334976,27.45,MODERATE RISK,400
2023,Rajasthan,Jaipur Metro,2485185,0,0.0,0.1282991202346041,24.3,2.7,21.6,0.0,0.3830559190369127,0.5320197044334976,27.45,MODERATE RISK,400
2023,Rajasthan,SCRB,2485185,0,0.0,0.1282991202346041,24.3,2.7,21.6,0.0,0.3830559190369127,0.5320197044334976,27.45,MODERATE RISK,400
2023,Rajasthan,ATS & SOG,2485185,0,0.0,0.1282991202346041,24.3,2.7,21.6,0.0,0.3830559190369127,0.5320197044334976,27.45,MODERATE RISK,400
2023,Rajasthan,SSB,2485185,0,0.0,0.1282991202346041,24.3,2.7,21.6,0.0,0.3830559190369127,0.5320197044334976,27.45,MODERATE RISK,400
2023,Rajasthan,Jaipur Crime,2485185,0,0.0,0.1282991202346041,24.3,2.7,21.6,0.0,0.3830559190369127,0.5320197044334976,27.45,MODERATE RISK,400
2023,Rajasthan,Jodhpur Crime,2485185,0,0.0,0.1282991202346041,24.3,2.7,21.6,0.0,0.3830559190369127,0.5320197044334976,27.45,MODERATE RISK,400
2023,Maharashtra,Mumbai Commr,3417201,1315,38.48178670204064,0.1064679265371306,25.2,3.7,21.5,0.04059355621423271,0.31787567500899566,0.5295566502463054,27.05,MODERATE RISK,401
2023,Arunachal Pradesh,Total Districts ,113202,94,83.03740216603947,0.1744683609958506,15.0,4.5,10.5,0.08759425540218548,0.5209009870209859,0.25862068965517243,26.89,MODERATE RISK,402
2023,Maharashtra,Pune Commr,3417201,811,23.73287377593533,0.1064679265371306,25.2,3.7,21.5,0.02503526546748497,0.31787567500899566,0.5295566502463054,26.42,MODERATE RISK,403
2023,Maharashtra,Jalna,2252902,516,22.903792530700404,0.1064679265371306,25.2,3.7,21.5,0.02416068663373177,0.31787567500899566,0.5295566502463054,26.39,MODERATE RISK,404
2023,Maharashtra,Beed,3417201,710,20.777238447489623,0.1064679265371306,25.2,3.7,21.5,0.021917433393235913,0.31787567500899566,0.5295566502463054,26.3,MODERATE RISK,405
2023,Maharashtra,Washim,1376734,281,20.41062398400853,0.1064679265371306,25.2,3.7,21.5,0.02153070018493919,0.31787567500899566,0.5295566502463054,26.28,MODERATE RISK,406
2023,Maharashtra,Thane Commr,3417201,672,19.665217234807084,0.1064679265371306,25.2,3.7,21.5,0.020744387662330336,0.31787567500899566,0.5295566502463054,26.25,MODERATE RISK,407
2023,Odisha,Malkangiri,705170,182,25.80937929860885,0.0744934445768772,30.4,5.4,25.0,0.027225723626730005,0.22241114999418898,0.6157635467980296,26.23,MODERATE RISK,408
2023,Maharashtra,Nasik Rural,3417201,626,18.319086293138746,0.1064679265371306,25.2,3.7,21.5,0.01932438493544463,0.31787567500899566,0.5295566502463054,26.2,MODERATE RISK,409
2023,Tripura,West,156900,79,50.35054174633524,0.1606683804627249,17.7,4.6,13.1,0.053113634318038165,0.4796991127124026,0.3226600985221675,26.2,MODERATE RISK,409
2023,Odisha,Ganjam,4058385,993,24.467860984110672,0.0744934445768772,30.4,5.4,25.0,0.025810586654695475,0.22241114999418898,0.6157635467980296,26.18,MODERATE RISK,410
2023,Maharashtra,Akola,2085991,339,16.251268581695705,0.1064679265371306,25.2,3.7,21.5,0.01714309134946366,0.31787567500899566,0.5295566502463054,26.11,MODERATE RISK,411
2023,Maharashtra,Dhule,2358491,377,15.98479705879734,0.1064679265371306,25.2,3.7,21.5,0.01686199663761928,0.31787567500899566,0.5295566502463054,26.1,MODERATE RISK,412
2023,Maharashtra,Latur,2822325,456,16.156891924211422,0.1064679265371306,25.2,3.7,21.5,0.01704353557310215,0.31787567500899566,0.5295566502463054,26.1,MODERATE RISK,412
2023,Odisha,Angul,1638572,370,22.58063728661298,0.0744934445768772,30.4,5.4,25.0,0.023819797561497207,0.22241114999418898,0.6157635467980296,26.1,MODERATE RISK,412
2023,Maharashtra,Parbhani,2111498,335,15.86551348852805,0.1064679265371306,25.2,3.7,21.5,0.016736167128905122,0.31787567500899566,0.5295566502463054,26.09,MODERATE RISK,413
2023,Maharashtra,Ahmednagar,3417201,517,15.129341235707235,0.1064679265371306,25.2,3.7,21.5,0.01595959586521545,0.31787567500899566,0.5295566502463054,26.06,MODERATE RISK,414
2023,Maharashtra,Mira Bhayandar Vasai Virar Commr,3417201,487,14.251429752010491,0.1064679265371306,25.2,3.7,21.5,0.01503350713028999,0.31787567500899566,0.5295566502463054,26.02,MODERATE RISK,415
2023,Odisha,Jajpur,1638572,336,20.50565980622152,0.0744934445768772,30.4,5.4,25.0,0.021630951299089356,0.22241114999418898,0.6157635467980296,26.01,MODERATE RISK,416
2023,Maharashtra,Yavatmal,3188200,425,13.330405871651717,0.1064679265371306,25.2,3.7,21.5,0.014061940114665633,0.31787567500899566,0.5295566502463054,25.99,MODERATE RISK,417
2023,Maharashtra,Chhatrapati Sambhajinagar Rural,3417201,446,13.051617390958274,0.1064679265371306,25.2,3.7,21.5,0.01376785252589186,0.31787567500899566,0.5295566502463054,25.97,MODERATE RISK,418
2023,Odisha,Kandhamal,843076,164,19.45257604296647,0.0744934445768772,30.4,5.4,25.0,0.020520077334920676,0.22241114999418898,0.6157635467980296,25.97,MODERATE RISK,418
2023,Maharashtra,Hingoli,1353946,169,12.482033995447384,0.1064679265371306,25.2,3.7,21.5,0.013167012035729828,0.31787567500899566,0.5295566502463054,25.95,MODERATE RISK,419
2023,Maharashtra,Nagpur Commr,3417201,420,12.290760771754426,0.1064679265371306,25.2,3.7,21.5,0.012965242288956458,0.31787567500899566,0.5295566502463054,25.94,MODERATE RISK,420
2023,Maharashtra,Pimpri Chinchwad City,3417201,407,11.910332462152503,0.1064679265371306,25.2,3.7,21.5,0.012563937170488758,0.31787567500899566,0.5295566502463054,25.93,MODERATE RISK,421
2023,Odisha,Mayurbhanj,2897698,526,18.152340236974315,0.0744934445768772,30.4,5.4,25.0,0.01914848833644255,0.22241114999418898,0.6157635467980296,25.91,MODERATE RISK,422
2023,Maharashtra,Nanded,3865485,429,11.098219240276448,0.1064679265371306,25.2,3.7,21.5,0.011707257516297984,0.31787567500899566,0.5295566502463054,25.89,MODERATE RISK,423
2023,Maharashtra,Jalgaon,4864404,530,10.895476609261896,0.1064679265371306,25.2,3.7,21.5,0.011493388954195221,0.31787567500899566,0.5295566502463054,25.88,MODERATE RISK,424
2023,Odisha,Kendrapara,1656415,288,17.38694711168397,0.0744934445768772,30.4,5.4,25.0,0.018341092643045256,0.22241114999418898,0.6157635467980296,25.88,MODERATE RISK,424
2023,Odisha,Keonjhar,1638572,281,17.149078587941208,0.0744934445768772,30.4,5.4,25.0,0.018090170580488417,0.22241114999418898,0.6157635467980296,25.87,MODERATE RISK,425
2023,Odisha,Koraput,1586594,257,16.19822084288734,0.0744934445768772,30.4,5.4,25.0,0.01708713250368478,0.22241114999418898,0.6157635467980296,25.83,MODERATE RISK,426
2023,Odisha,Berhampur,1638572,263,16.050561098322195,0.0744934445768772,30.4,5.4,25.0,0.0169313696180372,0.22241114999418898,0.6157635467980296,25.82,MODERATE RISK,427
2023,Maharashtra,Chhatrapati Sambhajinagar Commr,3417201,309,9.042488282076471,0.1064679265371306,25.2,3.7,21.5,0.009538713969732252,0.31787567500899566,0.5295566502463054,25.8,MODERATE RISK,428
2023,Maharashtra,Navi Mumbai,3417201,308,9.013224565953246,0.1064679265371306,25.2,3.7,21.5,0.009507844345234736,0.31787567500899566,0.5295566502463054,25.8,MODERATE RISK,428
2023,Odisha,Balasore,1638572,250,15.25718735581958,0.0744934445768772,30.4,5.4,25.0,0.016094457811822435,0.22241114999418898,0.6157635467980296,25.79,MODERATE RISK,429
2023,Odisha,Dhenkanal,1371732,208,15.16331178393447,0.0744934445768772,30.4,5.4,25.0,0.015995430619193167,0.22241114999418898,0.6157635467980296,25.79,MODERATE RISK,429
2023,Maharashtra,Chandrapur,2534953,217,8.560316502909522,0.1064679265371306,25.2,3.7,21.5,0.009030081993413642,0.31787567500899566,0.5295566502463054,25.78,MODERATE RISK,430
2023,Maharashtra,Amravati Rural,3321711,275,8.278865921809574,0.1064679265371306,25.2,3.7,21.5,0.008733186215837822,0.31787567500899566,0.5295566502463054,25.77,MODERATE RISK,431
2023,Maharashtra,Buldhana,3417201,278,8.135313082256502,0.1064679265371306,25.2,3.7,21.5,0.008581755610309275,0.31787567500899566,0.5295566502463054,25.77,MODERATE RISK,431
2023,Odisha,Sambalpur,1197263,176,14.700195362255412,0.0744934445768772,30.4,5.4,25.0,0.01550689970344527,0.22241114999418898,0.6157635467980296,25.77,MODERATE RISK,431
2023,Odisha,Kalahandi,1813399,263,14.503151264558984,0.0744934445768772,30.4,5.4,25.0,0.015299042393740402,0.22241114999418898,0.6157635467980296,25.76,MODERATE RISK,432
2023,Maharashtra,Nasik Commr,3417201,222,6.496544979355911,0.1064679265371306,25.2,3.7,21.5,0.006853056638448414,0.31787567500899566,0.5295566502463054,25.7,MODERATE RISK,433
2023,Maharashtra,Satara,3454302,220,6.36886989035701,0.1064679265371306,25.2,3.7,21.5,0.006718375108649298,0.31787567500899566,0.5295566502463054,25.69,MODERATE RISK,434
2023,Odisha,Bhadrak,1732287,222,12.81542839033024,0.0744934445768772,30.4,5.4,25.0,0.013518702153836264,0.22241114999418898,0.6157635467980296,25.69,MODERATE RISK,434
2023,Maharashtra,Sangli,3245464,201,6.193259268936584,0.1064679265371306,25.2,3.7,21.5,0.006533127482606291,0.31787567500899566,0.5295566502463054,25.68,MODERATE RISK,435
2023,Maharashtra,Nandurbar,1895539,111,5.855854192395936,0.1064679265371306,25.2,3.7,21.5,0.006177206588195379,0.31787567500899566,0.5295566502463054,25.67,MODERATE RISK,436
2023,Maharashtra,Amravati Commr,3417201,196,5.735688360152066,0.1064679265371306,25.2,3.7,21.5,0.006050446401513014,0.31787567500899566,0.5295566502463054,25.66,MODERATE RISK,437
2023,Odisha,DCP CTC,1638572,200,12.205749884655663,0.0744934445768772,30.4,5.4,25.0,0.012875566249457947,0.22241114999418898,0.6157635467980296,25.66,MODERATE RISK,437
2023,Maharashtra,Kolhapur,4457401,241,5.406738141800569,0.1064679265371306,25.2,3.7,21.5,0.005703444343533531,0.31787567500899566,0.5295566502463054,25.65,MODERATE RISK,438
2023,Maharashtra,Solapur Commr,3417201,181,5.296732618303694,0.1064679265371306,25.2,3.7,21.5,0.005587402034050283,0.31787567500899566,0.5295566502463054,25.65,MODERATE RISK,438
2023,Maharashtra,Solapur Rural,4965419,253,5.095239696790945,0.1064679265371306,25.2,3.7,21.5,0.005374851761903902,0.31787567500899566,0.5295566502463054,25.64,MODERATE RISK,439
2023,Maharashtra,Wardha,1495890,77,5.147437311567027,0.1064679265371306,25.2,3.7,21.5,0.005429913831294495,0.31787567500899566,0.5295566502463054,25.64,MODERATE RISK,439
2023,Odisha,Nayagarh,1107207,128,11.56062055243509,0.0744934445768772,30.4,5.4,25.0,0.012195034079376625,0.22241114999418898,0.6157635467980296,25.63,MODERATE RISK,440
2023,Maharashtra,Dharashiv,3417201,158,4.623667147469522,0.1064679265371306,25.2,3.7,21.5,0.0048774006706074294,0.31787567500899566,0.5295566502463054,25.62,MODERATE RISK,441
2023,Odisha,Bolangir,1638572,184,11.22928989388321,0.0744934445768772,30.4,5.4,25.0,0.011845520949501313,0.22241114999418898,0.6157635467980296,25.62,MODERATE RISK,441
2023,Odisha,Khurda,1638572,174,10.619002399650428,0.0744934445768772,30.4,5.4,25.0,0.011201742637028417,0.22241114999418898,0.6157635467980296,25.59,MODERATE RISK,442
2023,Odisha,Puri,1953539,199,10.18664075813178,0.0744934445768772,30.4,5.4,25.0,0.01074565423511088,0.22241114999418898,0.6157635467980296,25.58,MODERATE RISK,443
2023,Maharashtra,Bhandara,1380384,48,3.4772932749148064,0.1064679265371306,25.2,3.7,21.5,0.0036681171048937354,0.31787567500899566,0.5295566502463054,25.57,MODERATE RISK,444
2023,Maharashtra,Pune Rural,10843819,366,3.3751946615855544,0.1064679265371306,25.2,3.7,21.5,0.003560415614012689,0.31787567500899566,0.5295566502463054,25.57,MODERATE RISK,444
2023,Tripura,Total Districts ,1128375,397,35.183338872272074,0.1606683804627249,17.7,4.6,13.1,0.03711409907690796,0.4796991127124026,0.3226600985221675,25.56,MODERATE RISK,445
2023,Odisha,Jharsuguda,666430,60,9.003196134627792,0.0744934445768772,30.4,5.4,25.0,0.009497265582509854,0.22241114999418898,0.6157635467980296,25.53,MODERATE RISK,446
2023,Odisha,Jagatsinghpur,1638572,147,8.971226165221912,0.0744934445768772,30.4,5.4,25.0,0.00946354119335159,0.22241114999418898,0.6157635467980296,25.52,MODERATE RISK,447
2023,Maharashtra,Gadchiroli,1233883,26,2.1071689941428806,0.1064679265371306,25.2,3.7,21.5,0.0022228043536266285,0.31787567500899566,0.5295566502463054,25.51,MODERATE RISK,448
2023,Maharashtra,Raigad,3417201,70,2.048460128625738,0.1064679265371306,25.2,3.7,21.5,0.0021608737148260766,0.31787567500899566,0.5295566502463054,25.51,MODERATE RISK,448
2023,Maharashtra,Gondia,3417201,62,1.8143503996399395,0.1064679265371306,25.2,3.7,21.5,0.0019139167188459538,0.31787567500899566,0.5295566502463054,25.5,MODERATE RISK,449
2023,Maharashtra,Palghar,3417201,66,1.9314052641328383,0.1064679265371306,25.2,3.7,21.5,0.002037395216836015,0.31787567500899566,0.5295566502463054,25.5,MODERATE RISK,449
2023,Maharashtra,Ratnagiri,1857329,33,1.7767449924057612,0.1064679265371306,25.2,3.7,21.5,0.0018742476352781997,0.31787567500899566,0.5295566502463054,25.5,MODERATE RISK,449
2023,Odisha,Gajapati,664489,54,8.126545360419811,0.0744934445768772,30.4,5.4,25.0,0.008572506741175307,0.22241114999418898,0.6157635467980296,25.49,MODERATE RISK,450
2023,Maharashtra,Nagpur Rural,5351605,76,1.420134707251376,0.1064679265371306,25.2,3.7,21.5,0.0014980676057729572,0.31787567500899566,0.5295566502463054,25.48,MODERATE RISK,451
2023,Maharashtra,Sindhudurg,977098,14,1.4328143134056155,0.1064679265371306,25.2,3.7,21.5,0.0015114430321579583,0.31787567500899566,0.5295566502463054,25.48,MODERATE RISK,451
2023,Odisha,Nabarangpur,1638572,130,7.933737425026182,0.0744934445768772,30.4,5.4,25.0,0.008369118062147667,0.22241114999418898,0.6157635467980296,25.48,MODERATE RISK,451
2023,Odisha,Rayagada,1113097,87,7.816030408850263,0.0744934445768772,30.4,5.4,25.0,0.008244951624270358,0.22241114999418898,0.6157635467980296,25.48,MODERATE RISK,451
2023,Odisha,Rourkela,1638572,127,7.750651176756347,0.0744934445768772,30.4,5.4,25.0,0.008175984568405797,0.22241114999418898,0.6157635467980296,25.47,MODERATE RISK,452
2023,Maharashtra,Thane Rural,12719170,76,0.5975232660621723,0.1064679265371306,25.2,3.7,21.5,0.0006303136202592298,0.31787567500899566,0.5295566502463054,25.45,MODERATE RISK,453
2023,Odisha,Deogarh,1638572,117,7.140363682523563,0.0744934445768772,30.4,5.4,25.0,0.0075322062559328995,0.22241114999418898,0.6157635467980296,25.45,MODERATE RISK,453
2023,Odisha,Nuapada,701939,50,7.123126083605555,0.0744934445768772,30.4,5.4,25.0,0.0075140227072818325,0.22241114999418898,0.6157635467980296,25.45,MODERATE RISK,453
2023,Maharashtra,Mumbai Railway,3417201,2,0.0585274322464496,0.1064679265371306,25.2,3.7,21.5,6.17392489950307e-05,0.31787567500899566,0.5295566502463054,25.43,MODERATE RISK,454
2023,Maharashtra,Nagpur Railway,3417201,0,0.0,0.1064679265371306,25.2,3.7,21.5,0.0,0.31787567500899566,0.5295566502463054,25.42,MODERATE RISK,455
2023,Maharashtra,Pune Railway,3417201,0,0.0,0.1064679265371306,25.2,3.7,21.5,0.0,0.31787567500899566,0.5295566502463054,25.42,MODERATE RISK,455
2023,Maharashtra,Chhatrapati Sambhajinagar Railway,3417201,1,0.0292637161232248,0.1064679265371306,25.2,3.7,21.5,3.086962449751535e-05,0.31787567500899566,0.5295566502463054,25.42,MODERATE RISK,455
2023,Odisha,Baragarh,1638572,102,6.2249324411743885,0.0744934445768772,30.4,5.4,25.0,0.006566538787223554,0.22241114999418898,0.6157635467980296,25.41,MODERATE RISK,456
2023,Odisha,Cuttack,3018140,172,5.698874141027256,0.0744934445768772,30.4,5.4,25.0,0.006011611924177095,0.22241114999418898,0.6157635467980296,25.39,MODERATE RISK,457
2023,Odisha,DCP BBSR,1638572,91,5.553616197518327,0.0744934445768772,30.4,5.4,25.0,0.0058583826435033666,0.22241114999418898,0.6157635467980296,25.38,MODERATE RISK,458
2023,Odisha,Sundargarh,2407452,108,4.486070750320256,0.0744934445768772,30.4,5.4,25.0,0.004732253379869538,0.22241114999418898,0.6157635467980296,25.33,MODERATE RISK,459
2023,Odisha,Boudh,1638572,34,2.0749774803914627,0.0744934445768772,30.4,5.4,25.0,0.002188846262407851,0.22241114999418898,0.6157635467980296,25.23,MODERATE RISK,460
2023,Odisha,Sonepur,1638572,29,1.769833733275071,0.0744934445768772,30.4,5.4,25.0,0.0018669571061714024,0.22241114999418898,0.6157635467980296,25.22,MODERATE RISK,461
2023,Odisha,SRP(Cuttack),1638572,1,0.0610287494232783,0.0744934445768772,30.4,5.4,25.0,6.437783124728972e-05,0.22241114999418898,0.6157635467980296,25.15,MODERATE RISK,462
2023,Odisha,SRP(Rourkela),1638572,0,0.0,0.0744934445768772,30.4,5.4,25.0,0.0,0.22241114999418898,0.6157635467980296,25.15,MODERATE RISK,462
2023,Odisha,CID CB,1638572,0,0.0,0.0744934445768772,30.4,5.4,25.0,0.0,0.22241114999418898,0.6157635467980296,25.15,MODERATE RISK,462
2023,Tripura,South,168877,36,21.3172900987109,0.1606683804627249,17.7,4.6,13.1,0.022487121522120988,0.4796991127124026,0.3226600985221675,24.97,LOWER RISK,463
2023,Uttarakhand,Udhamsingh Nagar,717779,465,64.78317142184433,0.1531393568147013,15.0,3.6,11.4,0.06833828510123358,0.4572201037552822,0.28078817733990147,24.87,LOWER RISK,464
2023,Mizoram,Total Districts ,157723,33,20.92275698534773,0.165016501650165,16.8,4.4,12.4,0.022070937568925416,0.49268106889801877,0.3054187192118227,24.83,LOWER RISK,465
2023,Ladakh,Total Districts ,157716,8,5.072408633239494,0.0891025641025641,26.72809498399146,4.446596858638744,22.28149812535272,0.005350767795406125,0.2660288279330495,0.5488053725456334,24.66,LOWER RISK,466
2023,Ladakh,Kargil,161922,4,2.4703252183149917,0.0891025641025641,26.72809498399146,4.446596858638744,22.28149812535272,0.002605889544411113,0.2660288279330495,0.5488053725456334,24.55,LOWER RISK,467
2023,Ladakh,Leh,153510,4,2.6056934401667644,0.0891025641025641,26.72809498399146,4.446596858638744,22.28149812535272,0.002748686384014958,0.2660288279330495,0.5488053725456334,24.55,LOWER RISK,467
2023,Arunachal Pradesh,Papum Pare City,203058,52,25.608446847698687,0.1744683609958506,15.0,4.5,10.5,0.027013764582197057,0.5209009870209859,0.25862068965517243,24.47,LOWER RISK,468
2023,Tripura,Dhalai,434964,29,6.667218436468305,0.1606683804627249,17.7,4.6,13.1,0.007033096162839884,0.4796991127124026,0.3226600985221675,24.35,LOWER RISK,469
2023,Tripura,Unakoti,1128375,69,6.114988368228648,0.1606683804627249,17.7,4.6,13.1,0.006450561300520527,0.4796991127124026,0.3226600985221675,24.33,LOWER RISK,470
2023,Tripura,North,1021174,57,5.581810739403863,0.1606683804627249,17.7,4.6,13.1,0.005888124420563431,0.4796991127124026,0.3226600985221675,24.31,LOWER RISK,471
2023,Tripura,Gomati,1128375,55,4.874266090617038,0.1606683804627249,17.7,4.6,13.1,0.005141751761284478,0.4796991127124026,0.3226600985221675,24.28,LOWER RISK,472
2023,Tripura,Sipahijala,1128375,46,4.076658912152432,0.1606683804627249,17.7,4.6,13.1,0.004300374200347018,0.4796991127124026,0.3226600985221675,24.24,LOWER RISK,473
2023,Tripura,West,2924729,79,2.7011049570746555,0.1606683804627249,17.7,4.6,13.1,0.0028493338099017684,0.4796991127124026,0.3226600985221675,24.18,LOWER RISK,474
2023,Tripura,Kowai,1128375,26,2.304198515564418,0.1606683804627249,17.7,4.6,13.1,0.002430646287152662,0.4796991127124026,0.3226600985221675,24.17,LOWER RISK,475
2023,Mizoram,Lawngtlai,135578,6,4.425496762011536,0.165016501650165,16.8,4.4,12.4,0.004668355265715709,0.49268106889801877,0.3054187192118227,24.13,LOWER RISK,476
2023,Tripura,South,3141718,36,1.1458698711978603,0.1606683804627249,17.7,4.6,13.1,0.001208751906215397,0.4796991127124026,0.3226600985221675,24.12,LOWER RISK,477
2023,Tripura,GRP,1128375,0,0.0,0.1606683804627249,17.7,4.6,13.1,0.0,0.4796991127124026,0.3226600985221675,24.07,LOWER RISK,478
2023,Mizoram,Aizawl,460355,13,2.8239076364979203,0.165016501650165,16.8,4.4,12.4,0.0029788755463347693,0.49268106889801877,0.3054187192118227,24.06,LOWER RISK,479
2023,Mizoram,Champhai,144606,3,2.074602713580349,0.165016501650165,16.8,4.4,12.4,0.002188450929474587,0.49268106889801877,0.3054187192118227,24.03,LOWER RISK,480
2023,Mizoram,Lunglei,185642,4,2.154684823477446,0.165016501650165,16.8,4.4,12.4,0.0022729277146881425,0.49268106889801877,0.3054187192118227,24.03,LOWER RISK,480
2023,Mizoram,Mamit,99318,2,2.013733663585654,0.165016501650165,16.8,4.4,12.4,0.002124241561500112,0.49268106889801877,0.3054187192118227,24.03,LOWER RISK,480
2023,Mizoram,Saiha,65060,1,1.537042729787888,0.165016501650165,16.8,4.4,12.4,0.0016213912035434065,0.49268106889801877,0.3054187192118227,24.01,LOWER RISK,481
2023,Mizoram,Serchhip,74677,1,1.339100392356415,0.165016501650165,16.8,4.4,12.4,0.0014125863612964374,0.49268106889801877,0.3054187192118227,24.0,LOWER RISK,482
2023,Mizoram,Hnahthial,157723,2,1.2680458778998625,0.165016501650165,16.8,4.4,12.4,0.0013376325799348738,0.49268106889801877,0.3054187192118227,24.0,LOWER RISK,482
2023,Mizoram,Kolasib,96548,1,1.0357542362348262,0.165016501650165,16.8,4.4,12.4,0.001092593442666177,0.49268106889801877,0.3054187192118227,23.99,LOWER RISK,483
2023,Mizoram,Spl Narcotic,157723,0,0.0,0.165016501650165,16.8,4.4,12.4,0.0,0.49268106889801877,0.3054187192118227,23.94,LOWER RISK,484
2023,Mizoram,Khawzawl,157723,0,0.0,0.165016501650165,16.8,4.4,12.4,0.0,0.49268106889801877,0.3054187192118227,23.94,LOWER RISK,484
2023,Mizoram,Saitual,157723,0,0.0,0.165016501650165,16.8,4.4,12.4,0.0,0.49268106889801877,0.3054187192118227,23.94,LOWER RISK,484
2023,Mizoram,Cyber,157723,0,0.0,0.165016501650165,16.8,4.4,12.4,0.0,0.49268106889801877,0.3054187192118227,23.94,LOWER RISK,484
2023,Mizoram,Crime and EOU,157723,0,0.0,0.165016501650165,16.8,4.4,12.4,0.0,0.49268106889801877,0.3054187192118227,23.94,LOWER RISK,484
2023,Uttarakhand,Haridwar,717779,269,37.4767163709164,0.1531393568147013,15.0,3.6,11.4,0.039533330520928674,0.4572201037552822,0.28078817733990147,23.72,LOWER RISK,485
2023,Arunachal Pradesh,Siang West,113202,8,7.067012950301232,0.1744683609958506,15.0,4.5,10.5,0.00745483024699451,0.5209009870209859,0.25862068965517243,23.68,LOWER RISK,486
2023,Arunachal Pradesh,Siang East,113202,6,5.300259712725924,0.1744683609958506,15.0,4.5,10.5,0.005591122685245882,0.5209009870209859,0.25862068965517243,23.61,LOWER RISK,487
2023,Arunachal Pradesh,Kameng East,113202,5,4.41688309393827,0.1744683609958506,15.0,4.5,10.5,0.004659268904371568,0.5209009870209859,0.25862068965517243,23.57,LOWER RISK,488
2023,Arunachal Pradesh,Anjaw,24342,1,4.108125872976748,0.1744683609958506,15.0,4.5,10.5,0.004333567977262922,0.5209009870209859,0.25862068965517243,23.56,LOWER RISK,489
2023,Arunachal Pradesh,Kameng West,113202,3,2.650129856362962,0.1744683609958506,15.0,4.5,10.5,0.002795561342622941,0.5209009870209859,0.25862068965517243,23.5,LOWER RISK,490
2023,Arunachal Pradesh,Subansiri Upper,113202,3,2.650129856362962,0.1744683609958506,15.0,4.5,10.5,0.002795561342622941,0.5209009870209859,0.25862068965517243,23.5,LOWER RISK,490
2023,Arunachal Pradesh,Changlang,170459,4,2.346605342047061,0.1744683609958506,15.0,4.5,10.5,0.002475380278014867,0.5209009870209859,0.25862068965517243,23.48,LOWER RISK,491
2023,Arunachal Pradesh,Longding,113202,2,1.766753237575308,0.1744683609958506,15.0,4.5,10.5,0.0018637075617486275,0.5209009870209859,0.25862068965517243,23.46,LOWER RISK,492
2023,Arunachal Pradesh,Siang,113202,2,1.766753237575308,0.1744683609958506,15.0,4.5,10.5,0.0018637075617486275,0.5209009870209859,0.25862068965517243,23.46,LOWER RISK,492
2023,Arunachal Pradesh,Lower Dibang Valley,62191,1,1.60794970333328,0.1744683609958506,15.0,4.5,10.5,0.0016961893473739617,0.5209009870209859,0.25862068965517243,23.45,LOWER RISK,493
2023,Arunachal Pradesh,Kurung Kumey,105887,1,0.944402995646302,0.1744683609958506,15.0,4.5,10.5,0.0009962291093574662,0.5209009870209859,0.25862068965517243,23.43,LOWER RISK,494
2023,Arunachal Pradesh,Siang Upper,113202,1,0.8833766187876539,0.1744683609958506,15.0,4.5,10.5,0.0009318537808743136,0.5209009870209859,0.25862068965517243,23.42,LOWER RISK,495
2023,Arunachal Pradesh,Kamle,113202,1,0.8833766187876539,0.1744683609958506,15.0,4.5,10.5,0.0009318537808743136,0.5209009870209859,0.25862068965517243,23.42,LOWER RISK,495
2023,Arunachal Pradesh,Lower Siang,113202,1,0.8833766187876539,0.1744683609958506,15.0,4.5,10.5,0.0009318537808743136,0.5209009870209859,0.25862068965517243,23.42,LOWER RISK,495
2023,Arunachal Pradesh,Leparada,113202,1,0.8833766187876539,0.1744683609958506,15.0,4.5,10.5,0.0009318537808743136,0.5209009870209859,0.25862068965517243,23.42,LOWER RISK,495
2023,Arunachal Pradesh,Shiyomi,113202,1,0.8833766187876539,0.1744683609958506,15.0,4.5,10.5,0.0009318537808743136,0.5209009870209859,0.25862068965517243,23.42,LOWER RISK,495
2023,Arunachal Pradesh,Lohit,167584,1,0.5967156769142639,0.1744683609958506,15.0,4.5,10.5,0.0006294617129471432,0.5209009870209859,0.25862068965517243,23.41,LOWER RISK,496
2023,Arunachal Pradesh,Crime Branch,113202,0,0.0,0.1744683609958506,15.0,4.5,10.5,0.0,0.5209009870209859,0.25862068965517243,23.39,LOWER RISK,497
2023,Arunachal Pradesh,Dibang Valley,9204,0,0.0,0.1744683609958506,15.0,4.5,10.5,0.0,0.5209009870209859,0.25862068965517243,23.39,LOWER RISK,497
2023,Arunachal Pradesh,Papum Pare Rural,203058,0,0.0,0.1744683609958506,15.0,4.5,10.5,0.0,0.5209009870209859,0.25862068965517243,23.39,LOWER RISK,497
2023,Arunachal Pradesh,Subansiri Lower,113202,0,0.0,0.1744683609958506,15.0,4.5,10.5,0.0,0.5209009870209859,0.25862068965517243,23.39,LOWER RISK,497
2023,Arunachal Pradesh,Tawang,57473,0,0.0,0.1744683609958506,15.0,4.5,10.5,0.0,0.5209009870209859,0.25862068965517243,23.39,LOWER RISK,497
2023,Arunachal Pradesh,Tirap,128771,0,0.0,0.1744683609958506,15.0,4.5,10.5,0.0,0.5209009870209859,0.25862068965517243,23.39,LOWER RISK,497
2023,Arunachal Pradesh,Namsai,113202,0,0.0,0.1744683609958506,15.0,4.5,10.5,0.0,0.5209009870209859,0.25862068965517243,23.39,LOWER RISK,497
2023,Arunachal Pradesh,Kra Dadi,113202,0,0.0,0.1744683609958506,15.0,4.5,10.5,0.0,0.5209009870209859,0.25862068965517243,23.39,LOWER RISK,497
2023,Arunachal Pradesh,Pakkessang,113202,0,0.0,0.1744683609958506,15.0,4.5,10.5,0.0,0.5209009870209859,0.25862068965517243,23.39,LOWER RISK,497
2023,Uttarakhand,Dehradun,1951198,470,24.08776556761538,0.1531393568147013,15.0,3.6,11.4,0.025409632697548378,0.4572201037552822,0.28078817733990147,23.16,LOWER RISK,498
2023,Uttarakhand,Nainital,1097795,142,12.935019744123448,0.1531393568147013,15.0,3.6,11.4,0.0136448563363468,0.4572201037552822,0.28078817733990147,22.69,LOWER RISK,499
2023,Puducherry,Total Districts ,661543,19,2.872073319496994,0.0674757281553398,26.72809498399146,4.446596858638744,22.28149812535272,0.0030296844231563888,0.20145872406580442,0.5488053725456334,22.63,LOWER RISK,500
2023,Nagaland,Total Districts ,206842,9,4.3511472524922405,0.1531393568147013,15.6,3.8,11.8,0.0045899256694617455,0.4572201037552822,0.29064039408867,22.62,LOWER RISK,501
2023,Puducherry,Puducherry,1092832,17,1.5555913443237386,0.0674757281553398,26.72809498399146,4.446596858638744,22.28149812535272,0.0016409577125697991,0.20145872406580442,0.5488053725456334,22.57,LOWER RISK,502
2023,Puducherry,Karaikal,230255,2,0.8686022019065819,0.0674757281553398,26.72809498399146,4.446596858638744,22.28149812535272,0.0009162685865890778,0.20145872406580442,0.5488053725456334,22.54,LOWER RISK,503
2023,Meghalaya,Total Districts ,297666,80,26.87576008008977,0.175233644859813,12.7,5.0,7.699999999999999,0.02835062431114983,0.5231858547059567,0.18965517241379307,22.52,LOWER RISK,504
2023,Nagaland,Longleng,58056,1,1.7224748518671629,0.1531393568147013,15.6,3.8,11.8,0.0018169993058862832,0.4572201037552822,0.29064039408867,22.51,LOWER RISK,505
2023,Nagaland,Peren,109501,2,1.8264673381978247,0.1531393568147013,15.6,3.8,11.8,0.0019266986000590687,0.4572201037552822,0.29064039408867,22.51,LOWER RISK,505
2023,Nagaland,Dimapur,435632,2,0.4591030961912807,0.1531393568147013,15.6,3.8,11.8,0.0004842973505276658,0.4572201037552822,0.29064039408867,22.46,LOWER RISK,506
2023,Nagaland,Kohima,308186,2,0.6489587456925363,0.1531393568147013,15.6,3.8,11.8,0.0006845717307245238,0.4572201037552822,0.29064039408867,22.46,LOWER RISK,506
2023,Nagaland,Mon,287799,1,0.347464723643932,0.1531393568147013,15.6,3.8,11.8,0.0003665325859455176,0.4572201037552822,0.29064039408867,22.45,LOWER RISK,507
2023,Nagaland,Tuensang,226085,1,0.4423115200035385,0.1531393568147013,15.6,3.8,11.8,0.0004665843010484289,0.4572201037552822,0.29064039408867,22.45,LOWER RISK,507
2023,Nagaland,Kiphire,85104,0,0.0,0.1531393568147013,15.6,3.8,11.8,0.0,0.4572201037552822,0.29064039408867,22.44,LOWER RISK,508
2023,Nagaland,Mokokchung,223815,0,0.0,0.1531393568147013,15.6,3.8,11.8,0.0,0.4572201037552822,0.29064039408867,22.44,LOWER RISK,508
2023,Nagaland,Phek,187930,0,0.0,0.1531393568147013,15.6,3.8,11.8,0.0,0.4572201037552822,0.29064039408867,22.44,LOWER RISK,508
2023,Nagaland,Wokha,191294,0,0.0,0.1531393568147013,15.6,3.8,11.8,0.0,0.4572201037552822,0.29064039408867,22.44,LOWER RISK,508
2023,Nagaland,Zunheboto,161870,0,0.0,0.1531393568147013,15.6,3.8,11.8,0.0,0.4572201037552822,0.29064039408867,22.44,LOWER RISK,508
2023,Nagaland,Noklak,206842,0,0.0,0.1531393568147013,15.6,3.8,11.8,0.0,0.4572201037552822,0.29064039408867,22.44,LOWER RISK,508
2023,Nagaland,Shamator,206842,0,0.0,0.1531393568147013,15.6,3.8,11.8,0.0,0.4572201037552822,0.29064039408867,22.44,LOWER RISK,508
2023,Nagaland,Tseminyu,206842,0,0.0,0.1531393568147013,15.6,3.8,11.8,0.0,0.4572201037552822,0.29064039408867,22.44,LOWER RISK,508
2023,Nagaland,Crime,206842,0,0.0,0.1531393568147013,15.6,3.8,11.8,0.0,0.4572201037552822,0.29064039408867,22.44,LOWER RISK,508
2023,Nagaland,Cyber Security,206842,0,0.0,0.1531393568147013,15.6,3.8,11.8,0.0,0.4572201037552822,0.29064039408867,22.44,LOWER RISK,508
2023,Nagaland,Narcotics,206842,0,0.0,0.1531393568147013,15.6,3.8,11.8,0.0,0.4572201037552822,0.29064039408867,22.44,LOWER RISK,508
2023,Uttarakhand,Champawat,298595,14,4.688625060700949,0.1531393568147013,15.0,3.6,11.4,0.004945923286844979,0.4572201037552822,0.28078817733990147,22.34,LOWER RISK,509
2023,Uttarakhand,Tehri Garhwal,711770,34,4.776823974036557,0.1531393568147013,15.0,3.6,11.4,0.005038962302269212,0.4572201037552822,0.28078817733990147,22.34,LOWER RISK,509
2023,Uttarakhand,Pauri Garhwal,717779,29,4.040240798351582,0.1531393568147013,15.0,3.6,11.4,0.0042619575654532765,0.4572201037552822,0.28078817733990147,22.31,LOWER RISK,510
2023,Uttarakhand,Pithoragarh,555954,23,4.137032919989784,0.1531393568147013,15.0,3.6,11.4,0.00436406135967775,0.4572201037552822,0.28078817733990147,22.31,LOWER RISK,510
2023,Uttarakhand,Bageshwar,298882,9,3.011221819982468,0.1531393568147013,15.0,3.6,11.4,0.0031764689921869047,0.4572201037552822,0.28078817733990147,22.27,LOWER RISK,511
2023,Uttarakhand,Almora,715881,15,2.0953203116160366,0.1531393568147013,15.0,3.6,11.4,0.0022103054495621628,0.4572201037552822,0.28078817733990147,22.23,LOWER RISK,512
2023,Uttarakhand,Uttarkashi,379598,8,2.107492663291166,0.1531393568147013,15.0,3.6,11.4,0.002223145784804642,0.4572201037552822,0.28078817733990147,22.23,LOWER RISK,512
2023,Uttarakhand,Chamoli,450345,4,0.8882079294762903,0.1531393568147013,15.0,3.6,11.4,0.0009369502199649961,0.4572201037552822,0.28078817733990147,22.18,LOWER RISK,513
2023,Uttarakhand,Rudra Prayag,717779,3,0.4179559446570601,0.1531393568147013,15.0,3.6,11.4,0.0004408921619434423,0.4572201037552822,0.28078817733990147,22.16,LOWER RISK,514
2023,Uttarakhand,GRP,717779,0,0.0,0.1531393568147013,15.0,3.6,11.4,0.0,0.4572201037552822,0.28078817733990147,22.14,LOWER RISK,515
2023,Uttarakhand,Cyber Cell,717779,0,0.0,0.1531393568147013,15.0,3.6,11.4,0.0,0.4572201037552822,0.28078817733990147,22.14,LOWER RISK,515
2023,Delhi,South,168877,435,257.58392202609,0.0637484062898427,12.5,5.3,7.2,0.2717193850589619,0.19033025568563483,0.17733990147783252,21.9,LOWER RISK,516
2023,Delhi,West,156900,404,257.48884639898023,0.0637484062898427,12.5,5.3,7.2,0.27161909195553696,0.19033025568563483,0.17733990147783252,21.89,LOWER RISK,517
2023,Meghalaya,Khasi Hills East,297666,28,9.40651602803142,0.175233644859813,12.7,5.0,7.699999999999999,0.009922718508902442,0.5231858547059567,0.18965517241379307,21.78,LOWER RISK,518
2023,Meghalaya,Jaintia Hills West,297666,12,4.031364012013465,0.175233644859813,12.7,5.0,7.699999999999999,0.004252593646672474,0.5231858547059567,0.18965517241379307,21.56,LOWER RISK,519
2023,Meghalaya,Khasi Hills West,297666,12,4.031364012013465,0.175233644859813,12.7,5.0,7.699999999999999,0.004252593646672474,0.5231858547059567,0.18965517241379307,21.56,LOWER RISK,519
2023,Meghalaya,Ri-Bhoi,297666,11,3.695417011012343,0.175233644859813,12.7,5.0,7.699999999999999,0.003898210842783101,0.5231858547059567,0.18965517241379307,21.54,LOWER RISK,520
2023,Meghalaya,Jaintia Hills East,297666,7,2.3516290070078547,0.175233644859813,12.7,5.0,7.699999999999999,0.00248067962722561,0.5231858547059567,0.18965517241379307,21.48,LOWER RISK,521
2023,Meghalaya,Garo Hills West,297666,5,1.6797350050056103,0.175233644859813,12.7,5.0,7.699999999999999,0.0017719140194468641,0.5231858547059567,0.18965517241379307,21.46,LOWER RISK,522
2023,Meghalaya,Garo Hills South,297666,3,1.0078410030033662,0.175233644859813,12.7,5.0,7.699999999999999,0.0010631484116681185,0.5231858547059567,0.18965517241379307,21.43,LOWER RISK,523
2023,Meghalaya,Garo Hills East,297666,1,0.335947001001122,0.175233644859813,12.7,5.0,7.699999999999999,0.00035438280388937275,0.5231858547059567,0.18965517241379307,21.4,LOWER RISK,524
2023,Meghalaya,Khasi Hills South West,297666,1,0.335947001001122,0.175233644859813,12.7,5.0,7.699999999999999,0.00035438280388937275,0.5231858547059567,0.18965517241379307,21.4,LOWER RISK,524
2023,Meghalaya,Garo Hills North,297666,0,0.0,0.175233644859813,12.7,5.0,7.699999999999999,0.0,0.5231858547059567,0.18965517241379307,21.39,LOWER RISK,525
2023,Meghalaya,Garo Hills South West,297666,0,0.0,0.175233644859813,12.7,5.0,7.699999999999999,0.0,0.5231858547059567,0.18965517241379307,21.39,LOWER RISK,525
2023,Meghalaya,Cyber Cell,297666,0,0.0,0.175233644859813,12.7,5.0,7.699999999999999,0.0,0.5231858547059567,0.18965517241379307,21.39,LOWER RISK,525
2023,Meghalaya,Khasi Hills Eastern West,297666,0,0.0,0.175233644859813,12.7,5.0,7.699999999999999,0.0,0.5231858547059567,0.18965517241379307,21.39,LOWER RISK,525
2023,A&N Islands,Total Districts ,197649,20,10.118948236520296,0.0454248366013071,26.72809498399146,4.446596858638744,22.28149812535272,0.010674246943069184,0.13562253973057398,0.5488053725456334,20.96,LOWER RISK,526
2023,Jammu & Kashmir,Total Districts ,718362,764,106.35306433246748,0.0,26.72809498399146,4.446596858638744,22.28149812535272,0.11218941388984387,0.0,0.5488053725456334,20.95,LOWER RISK,527
2023,A&N Islands,South Andaman,273863,18,6.572629380383622,0.0454248366013071,26.72809498399146,4.446596858638744,22.28149812535272,0.006933316332055126,0.13562253973057398,0.5488053725456334,20.81,LOWER RISK,528
2023,A&N Islands,North & Middle Andaman,121436,2,1.6469580684475773,0.0454248366013071,26.72809498399146,4.446596858638744,22.28149812535272,0.0017373383791056036,0.13562253973057398,0.5488053725456334,20.6,LOWER RISK,529
2023,A&N Islands,Nicobar,197649,0,0.0,0.0454248366013071,26.72809498399146,4.446596858638744,22.28149812535272,0.0,0.13562253973057398,0.5488053725456334,20.53,LOWER RISK,530
2023,Chandigarh,Chandigarh,1213767,112,9.227471170331702,0.0342364532019704,26.72809498399146,4.446596858638744,22.28149812535272,0.00973384818559395,0.10221797329447209,0.5488053725456334,19.92,LOWER RISK,531
2023,Chandigarh,Total Districts ,1213767,112,9.227471170331702,0.0342364532019704,26.72809498399146,4.446596858638744,22.28149812535272,0.00973384818559395,0.10221797329447209,0.5488053725456334,19.92,LOWER RISK,531
2023,Jammu & Kashmir,Rajouri,738777,73,9.88119554344545,0.0,26.72809498399146,4.446596858638744,22.28149812535272,0.010423447067633379,0.0,0.5488053725456334,16.88,LOWER RISK,532
2023,Jammu & Kashmir,Doda,471426,43,9.121261873549614,0.0,26.72809498399146,4.446596858638744,22.28149812535272,0.009621810428803172,0.0,0.5488053725456334,16.85,LOWER RISK,533
2023,Jammu & Kashmir,Srinagar,1422353,123,8.647642322264586,0.0,26.72809498399146,4.446596858638744,22.28149812535272,0.009122200001976787,0.0,0.5488053725456334,16.83,LOWER RISK,534
2023,Jammu & Kashmir,Jammu,1759451,136,7.729683861613651,0.0,26.72809498399146,4.446596858638744,22.28149812535272,0.008153866627456308,0.0,0.5488053725456334,16.79,LOWER RISK,535
2023,Jammu & Kashmir,Ramban,326269,23,7.049397889471571,0.0,26.72809498399146,4.446596858638744,22.28149812535272,0.007436248522410291,0.0,0.5488053725456334,16.76,LOWER RISK,536
2023,Jammu & Kashmir,Kishtwar,265300,18,6.784771956275914,0.0,26.72809498399146,4.446596858638744,22.28149812535272,0.007157100680910715,0.0,0.5488053725456334,16.75,LOWER RISK,537
2023,Jammu & Kashmir,Ganderbal,342062,22,6.431582578596863,0.0,26.72809498399146,4.446596858638744,22.28149812535272,0.006784529288420664,0.0,0.5488053725456334,16.74,LOWER RISK,538
2023,Jammu & Kashmir,Kathua,708900,38,5.36041754831429,0.0,26.72809498399146,4.446596858638744,22.28149812535272,0.0056545818094178215,0.0,0.5488053725456334,16.69,LOWER RISK,539
2023,Jammu & Kashmir,Reasi,361867,19,5.25054785321679,0.0,26.72809498399146,4.446596858638744,22.28149812535272,0.005538682782204918,0.0,0.5488053725456334,16.69,LOWER RISK,539
2023,Jammu & Kashmir,Udhampur,638232,34,5.3272164354028,0.0,26.72809498399146,4.446596858638744,22.28149812535272,0.005619558715147716,0.0,0.5488053725456334,16.69,LOWER RISK,539
2023,Jammu & Kashmir,Samba,366732,17,4.635537667833732,0.0,26.72809498399146,4.446596858638744,22.28149812535272,0.004889922610906817,0.0,0.5488053725456334,16.66,LOWER RISK,540
2023,Jammu & Kashmir,Kupwara,1000907,41,4.096284669804487,0.0,26.72809498399146,4.446596858638744,22.28149812535272,0.004321076962998456,0.0,0.5488053725456334,16.64,LOWER RISK,541
2023,Jammu & Kashmir,Poonch,718362,29,4.03696186602298,0.0,26.72809498399146,4.446596858638744,22.28149812535272,0.00425849869477156,0.0,0.5488053725456334,16.63,LOWER RISK,542
2023,Jammu & Kashmir,Baramulla,718362,27,3.758550702848981,0.0,26.72809498399146,4.446596858638744,22.28149812535272,0.0039648091296149,0.0,0.5488053725456334,16.62,LOWER RISK,543
2023,Jammu & Kashmir,Budgam,718362,24,3.3409339580879838,0.0,26.72809498399146,4.446596858638744,22.28149812535272,0.003524274781879912,0.0,0.5488053725456334,16.61,LOWER RISK,544
2023,Jammu & Kashmir,Kulgam,488155,12,2.458235601397097,0.0,26.72809498399146,4.446596858638744,22.28149812535272,0.002593136484170824,0.0,0.5488053725456334,16.57,LOWER RISK,545
2023,Kerala,Total Districts ,2966482,5565,187.59594698366615,0.0723662066644227,9.9,7.0,2.9000000000000004,0.19789067171976837,0.21605996791222762,0.07142857142857144,16.54,LOWER RISK,546
2023,Jammu & Kashmir,Anantnag,1240495,22,1.7734855843836532,0.0,26.72809498399146,4.446596858638744,22.28149812535272,0.0018708093603406293,0.0,0.5488053725456334,16.54,LOWER RISK,546
2023,Jammu & Kashmir,Pulwama,644506,12,1.8618911228134416,0.0,26.72809498399146,4.446596858638744,22.28149812535272,0.0019640663398485174,0.0,0.5488053725456334,16.54,LOWER RISK,546
2023,Jammu & Kashmir,Awantipora,718362,11,1.5312613974569924,0.0,26.72809498399146,4.446596858638744,22.28149812535272,0.0016152926083616262,0.0,0.5488053725456334,16.53,LOWER RISK,547
2023,Jammu & Kashmir,Shopian,718362,12,1.6704669790439917,0.0,26.72809498399146,4.446596858638744,22.28149812535272,0.0017621373909399557,0.0,0.5488053725456334,16.53,LOWER RISK,547
2023,Jammu & Kashmir,Bandipora,718362,10,1.3920558158699932,0.0,26.72809498399146,4.446596858638744,22.28149812535272,0.0014684478257832965,0.0,0.5488053725456334,16.52,LOWER RISK,548
2023,Jammu & Kashmir,Handwara,718362,9,1.252850234282994,0.0,26.72809498399146,4.446596858638744,22.28149812535272,0.001321603043204967,0.0,0.5488053725456334,16.52,LOWER RISK,548
2023,Jammu & Kashmir,Sopore,718362,9,1.252850234282994,0.0,26.72809498399146,4.446596858638744,22.28149812535272,0.001321603043204967,0.0,0.5488053725456334,16.52,LOWER RISK,548
2023,Jammu & Kashmir,Special Crime Wing Jammu,718362,0,0.0,0.0,26.72809498399146,4.446596858638744,22.28149812535272,0.0,0.0,0.5488053725456334,16.46,LOWER RISK,549
2023,Jammu & Kashmir,Special Crime Wing Kashmir,718362,0,0.0,0.0,26.72809498399146,4.446596858638744,22.28149812535272,0.0,0.0,0.5488053725456334,16.46,LOWER RISK,549
2023,Jammu & Kashmir,Railways Jammu,718362,0,0.0,0.0,26.72809498399146,4.446596858638744,22.28149812535272,0.0,0.0,0.5488053725456334,16.46,LOWER RISK,549
2023,Jammu & Kashmir,Railways Kashmir,718362,0,0.0,0.0,26.72809498399146,4.446596858638744,22.28149812535272,0.0,0.0,0.5488053725456334,16.46,LOWER RISK,549
2023,Jammu & Kashmir,Railways Katra,718362,0,0.0,0.0,26.72809498399146,4.446596858638744,22.28149812535272,0.0,0.0,0.5488053725456334,16.46,LOWER RISK,549
2023,Jammu & Kashmir,Cyber Crime Jammu,718362,0,0.0,0.0,26.72809498399146,4.446596858638744,22.28149812535272,0.0,0.0,0.5488053725456334,16.46,LOWER RISK,549
2023,Jammu & Kashmir,Cyber Crime Kashmir,718362,0,0.0,0.0,26.72809498399146,4.446596858638744,22.28149812535272,0.0,0.0,0.5488053725456334,16.46,LOWER RISK,549
2023,Jammu & Kashmir,Anti Narcotic Task Force Jammu,718362,0,0.0,0.0,26.72809498399146,4.446596858638744,22.28149812535272,0.0,0.0,0.5488053725456334,16.46,LOWER RISK,549
2023,Jammu & Kashmir,Anti Narcotic Task Force Kashmir,718362,0,0.0,0.0,26.72809498399146,4.446596858638744,22.28149812535272,0.0,0.0,0.5488053725456334,16.46,LOWER RISK,549
2023,Jammu & Kashmir,EOW Jammu,718362,0,0.0,0.0,26.72809498399146,4.446596858638744,22.28149812535272,0.0,0.0,0.5488053725456334,16.46,LOWER RISK,549
2023,Jammu & Kashmir,EOW Kashmir,718362,0,0.0,0.0,26.72809498399146,4.446596858638744,22.28149812535272,0.0,0.0,0.5488053725456334,16.46,LOWER RISK,549
2023,Jammu & Kashmir,CICE Jammu,718362,0,0.0,0.0,26.72809498399146,4.446596858638744,22.28149812535272,0.0,0.0,0.5488053725456334,16.46,LOWER RISK,549
2023,Jammu & Kashmir,CICE Kashmir,718362,0,0.0,0.0,26.72809498399146,4.446596858638744,22.28149812535272,0.0,0.0,0.5488053725456334,16.46,LOWER RISK,549
2023,Delhi,East,326120,318,97.51011897461056,0.0637484062898427,12.5,5.3,7.2,0.10286119318473513,0.19033025568563483,0.17733990147783252,15.14,LOWER RISK,550
2023,Punjab,Total Districts ,1683506,2039,121.11628945783384,0.0587406015037594,11.0,5.5,5.5,0.1277628022480864,0.1753787169597036,0.1354679802955665,14.44,LOWER RISK,551
2023,Delhi,Dwarka,1058850,617,58.2707654530859,0.0637484062898427,12.5,5.3,7.2,0.06146849706801106,0.19033025568563483,0.17733990147783252,13.49,LOWER RISK,552
2023,Delhi,North-East,1058850,491,46.37106294564858,0.0637484062898427,12.5,5.3,7.2,0.048915773193506366,0.19033025568563483,0.17733990147783252,12.99,LOWER RISK,553
2023,Delhi,South-East,1058850,454,42.87670586013128,0.0637484062898427,12.5,5.3,7.2,0.04522965586527881,0.19033025568563483,0.17733990147783252,12.84,LOWER RISK,554
2023,Delhi,Outer,1058850,410,38.72125419086745,0.0637484062898427,12.5,5.3,7.2,0.04084616498846764,0.19033025568563483,0.17733990147783252,12.66,LOWER RISK,555
2023,Delhi,North-West,1058850,388,36.643528356235535,0.0637484062898427,12.5,5.3,7.2,0.038654419550062054,0.19033025568563483,0.17733990147783252,12.58,LOWER RISK,556
2023,Delhi,Central,669668,239,35.68932665141533,0.0637484062898427,12.5,5.3,7.2,0.03764785400662065,0.19033025568563483,0.17733990147783252,12.54,LOWER RISK,557
2023,Delhi,Rohini,1058850,363,34.282476271426546,0.0637484062898427,12.5,5.3,7.2,0.036163799733692076,0.19033025568563483,0.17733990147783252,12.48,LOWER RISK,558
2023,Delhi,Shahdara,1058850,354,33.43249752089531,0.0637484062898427,12.5,5.3,7.2,0.03526717659979889,0.19033025568563483,0.17733990147783252,12.44,LOWER RISK,559
2023,Delhi,Outer North,1058850,321,30.315908768947445,0.0637484062898427,12.5,5.3,7.2,0.03197955844219052,0.19033025568563483,0.17733990147783252,12.31,LOWER RISK,560
2023,Delhi,North,1021174,251,24.57955255421701,0.0637484062898427,12.5,5.3,7.2,0.025928407536165283,0.19033025568563483,0.17733990147783252,12.07,LOWER RISK,561
2023,Delhi,South-West,1058850,258,24.366057515228785,0.0637484062898427,12.5,5.3,7.2,0.025703196504938172,0.19033025568563483,0.17733990147783252,12.06,LOWER RISK,562
2023,Delhi,New Delhi,163304,28,17.1459364130701,0.0637484062898427,12.5,5.3,7.2,0.018086855972119193,0.19033025568563483,0.17733990147783252,11.75,LOWER RISK,563
2023,Delhi,East,1965747,318,16.177056355675475,0.0637484062898427,12.5,5.3,7.2,0.017064806570431405,0.19033025568563483,0.17733990147783252,11.71,LOWER RISK,564
2023,Delhi,South,3141718,435,13.845927610307482,0.0637484062898427,12.5,5.3,7.2,0.014605752200102719,0.19033025568563483,0.17733990147783252,11.61,LOWER RISK,565
2023,Delhi,West,2924729,404,13.81324560326786,0.0637484062898427,12.5,5.3,7.2,0.01457127669873816,0.19033025568563483,0.17733990147783252,11.61,LOWER RISK,565
2023,Delhi,SPUWAC,1058850,111,10.48307125655192,0.0637484062898427,12.5,5.3,7.2,0.011058351984682703,0.19033025568563483,0.17733990147783252,11.47,LOWER RISK,566
2023,Delhi,IGI Airport,1058850,5,0.4722104169617982,0.0637484062898427,12.5,5.3,7.2,0.0004981239632739957,0.19033025568563483,0.17733990147783252,11.05,LOWER RISK,567
2023,Delhi,Crime Branch,1058850,0,0.0,0.0637484062898427,12.5,5.3,7.2,0.0,0.19033025568563483,0.17733990147783252,11.03,LOWER RISK,568
2023,Delhi,EOW,1058850,0,0.0,0.0637484062898427,12.5,5.3,7.2,0.0,0.19033025568563483,0.17733990147783252,11.03,LOWER RISK,568
2023,Delhi,Metro,1058850,1,0.0944420833923596,0.0637484062898427,12.5,5.3,7.2,9.962479265479908e-05,0.19033025568563483,0.17733990147783252,11.03,LOWER RISK,568
2023,Delhi,RAILWAY,1058850,0,0.0,0.0637484062898427,12.5,5.3,7.2,0.0,0.19033025568563483,0.17733990147783252,11.03,LOWER RISK,568
2023,Delhi,Spl Cell,1058850,0,0.0,0.0637484062898427,12.5,5.3,7.2,0.0,0.19033025568563483,0.17733990147783252,11.03,LOWER RISK,568
2023,Delhi,Vigilance,1058850,0,0.0,0.0637484062898427,12.5,5.3,7.2,0.0,0.19033025568563483,0.17733990147783252,11.03,LOWER RISK,568
2023,Goa,Total Districts ,838663,36,4.292546589035167,0.1097227645450995,8.3,8.0,0.3000000000000007,0.004528109170538376,0.3275934732462631,0.007389162561576372,10.23,LOWER RISK,569
2023,Goa,North Goa,940709,24,2.551267182518717,0.1097227645450995,8.3,8.0,0.3000000000000007,0.0026912733702567073,0.3275934732462631,0.007389162561576372,10.16,LOWER RISK,570
2023,Goa,South Goa,736617,10,1.3575575909869038,0.1097227645450995,8.3,8.0,0.3000000000000007,0.0014320564377761314,0.3275934732462631,0.007389162561576372,10.11,LOWER RISK,571
2023,Goa,CID,838663,2,0.2384748105019536,0.1097227645450995,8.3,8.0,0.3000000000000007,0.0002515616205854652,0.3275934732462631,0.007389162561576372,10.06,LOWER RISK,572
2023,Himachal Pradesh,Total Districts ,937776,361,38.49533364044292,0.0712129099427381,8.3,5.6,2.700000000000001,0.040607846569559035,0.21261663069495496,0.06650246305418722,10.0,LOWER RISK,573
2023,Punjab,SAS Nagar,1683506,176,10.454373194987127,0.0587406015037594,11.0,5.5,5.5,0.011028079056235018,0.1753787169597036,0.1354679802955665,9.77,LOWER RISK,574
2023,Punjab,CP Ludhiana,1683506,152,9.028776850216156,0.0587406015037594,11.0,5.5,5.5,0.009524250094021153,0.1753787169597036,0.1354679802955665,9.71,LOWER RISK,575
2023,Punjab,Patiala,2180038,185,8.486090609429743,0.0587406015037594,11.0,5.5,5.5,0.008951782796891062,0.1753787169597036,0.1354679802955665,9.68,LOWER RISK,576
2023,Punjab,CP Jalandhar,1683506,134,7.959579591637927,0.0587406015037594,11.0,5.5,5.5,0.008396378372360753,0.1753787169597036,0.1354679802955665,9.66,LOWER RISK,577
2023,Punjab,CP Amritsar,1683506,125,7.424980962348813,0.0587406015037594,11.0,5.5,5.5,0.007832442511530554,0.1753787169597036,0.1354679802955665,9.64,LOWER RISK,578
2023,Punjab,Hoshiarpur,1824618,134,7.344002963908062,0.0587406015037594,11.0,5.5,5.5,0.007747020673992892,0.1753787169597036,0.1354679802955665,9.64,LOWER RISK,578
2023,Punjab,Fatehgarh Sahib,690187,50,7.244413470552184,0.0587406015037594,11.0,5.5,5.5,0.007641965996355629,0.1753787169597036,0.1354679802955665,9.63,LOWER RISK,579
2023,Punjab,Fazilka,1683506,111,6.593383094565745,0.0587406015037594,11.0,5.5,5.5,0.0069552089502391305,0.1753787169597036,0.1354679802955665,9.6,LOWER RISK,580
2023,Punjab,Bathinda,1596803,100,6.262513284356304,0.0587406015037594,11.0,5.5,5.5,0.006606181958734674,0.1753787169597036,0.1354679802955665,9.59,LOWER RISK,581
2023,Punjab,Kapurthala,937443,45,4.800291857744951,0.0587406015037594,11.0,5.5,5.5,0.005063718035778209,0.1753787169597036,0.1354679802955665,9.53,LOWER RISK,582
2023,Punjab,Mansa,885213,38,4.2927521398804585,0.0587406015037594,11.0,5.5,5.5,0.004528326001421459,0.1753787169597036,0.1354679802955665,9.51,LOWER RISK,583
2023,Punjab,Barnala,684856,29,4.234466807620872,0.0587406015037594,11.0,5.5,5.5,0.004466842138162602,0.1753787169597036,0.1354679802955665,9.5,LOWER RISK,584
2023,Punjab,Ropar,1683506,70,4.157989338915335,0.0587406015037594,11.0,5.5,5.5,0.004386167806457109,0.1753787169597036,0.1354679802955665,9.5,LOWER RISK,584
2023,Punjab,Moga,1145107,44,3.84243568504952,0.0587406015037594,11.0,5.5,5.5,0.004053297477800326,0.1753787169597036,0.1354679802955665,9.49,LOWER RISK,585
2023,Punjab,Sangrur,1903444,76,3.992762592437708,0.0587406015037594,11.0,5.5,5.5,0.004211873892477314,0.1753787169597036,0.1354679802955665,9.49,LOWER RISK,585
2023,Punjab,Faridkot,710134,23,3.238825348455362,0.0587406015037594,11.0,5.5,5.5,0.0034165627461271862,0.1753787169597036,0.1354679802955665,9.46,LOWER RISK,586
2023,Punjab,Ferozepur,1683506,53,3.1481919280358968,0.0587406015037594,11.0,5.5,5.5,0.003320955624888955,0.1753787169597036,0.1354679802955665,9.46,LOWER RISK,586
2023,Punjab,Jalandhar Rural,2522628,72,2.85416636935767,0.0587406015037594,11.0,5.5,5.5,0.003010794791218702,0.1753787169597036,0.1354679802955665,9.45,LOWER RISK,587
2023,Punjab,Tarn Taran,1287571,34,2.6406310797618158,0.0587406015037594,11.0,5.5,5.5,0.002785541300546656,0.1753787169597036,0.1354679802955665,9.44,LOWER RISK,588
2023,Punjab,Batala,1683506,41,2.4353937556504106,0.0587406015037594,11.0,5.5,5.5,0.0025690411437820217,0.1753787169597036,0.1354679802955665,9.43,LOWER RISK,589
2023,Punjab,Gurdaspur,2643071,67,2.5349300113390827,0.0587406015037594,11.0,5.5,5.5,0.002674039662222385,0.1753787169597036,0.1354679802955665,9.43,LOWER RISK,589
2023,Punjab,NRI Wing,1683506,41,2.4353937556504106,0.0587406015037594,11.0,5.5,5.5,0.0025690411437820217,0.1753787169597036,0.1354679802955665,9.43,LOWER RISK,589
2023,Punjab,Malerkotla,1683506,42,2.494793603349201,0.0587406015037594,11.0,5.5,5.5,0.0026317006838742656,0.1753787169597036,0.1354679802955665,9.43,LOWER RISK,589
2023,Punjab,Amritsar Rural,2864254,63,2.199525600732337,0.0587406015037594,11.0,5.5,5.5,0.002320229224523958,0.1753787169597036,0.1354679802955665,9.42,LOWER RISK,590
2023,Punjab,SBS Nagar,1683506,36,2.138394517156458,0.0587406015037594,11.0,5.5,5.5,0.0022557434433207995,0.1753787169597036,0.1354679802955665,9.42,LOWER RISK,590
2023,Punjab,Khanna,1683506,33,1.9601949740600864,0.0587406015037594,11.0,5.5,5.5,0.0020677648230440658,0.1753787169597036,0.1354679802955665,9.41,LOWER RISK,591
2023,Punjab,Muktsar,1037180,14,1.3498139185098057,0.0587406015037594,11.0,5.5,5.5,0.0014238878148783018,0.1753787169597036,0.1354679802955665,9.38,LOWER RISK,592
2023,Punjab,Pathankot,1683506,17,1.0097974108794383,0.0587406015037594,11.0,5.5,5.5,0.001065212181568155,0.1753787169597036,0.1354679802955665,9.37,LOWER RISK,593
2023,Punjab,Ludhiana Rural,4023549,32,0.7953177654851475,0.0587406015037594,11.0,5.5,5.5,0.0008389625115740083,0.1753787169597036,0.1354679802955665,9.36,LOWER RISK,594
2023,Punjab,GRP,1683506,1,0.0593998476987905,0.0587406015037594,11.0,5.5,5.5,6.265954009224443e-05,0.1753787169597036,0.1354679802955665,9.33,LOWER RISK,595
2023,Punjab,Bureau of Investigation,1683506,1,0.0593998476987905,0.0587406015037594,11.0,5.5,5.5,6.265954009224443e-05,0.1753787169597036,0.1354679802955665,9.33,LOWER RISK,595
2023,Punjab,Intelligence Wing,1683506,0,0.0,0.0587406015037594,11.0,5.5,5.5,0.0,0.1753787169597036,0.1354679802955665,9.33,LOWER RISK,595
2023,Punjab,Special Task Force,1683506,0,0.0,0.0587406015037594,11.0,5.5,5.5,0.0,0.1753787169597036,0.1354679802955665,9.33,LOWER RISK,595
2023,Punjab,Cyber Crime Wing,1683506,0,0.0,0.0587406015037594,11.0,5.5,5.5,0.0,0.1753787169597036,0.1354679802955665,9.33,LOWER RISK,595
2023,Kerala,Malappuram,4729858,676,14.292183824546106,0.0723662066644227,9.9,7.0,2.9000000000000004,0.0150764976688334,0.21605996791222762,0.07142857142857144,9.23,LOWER RISK,596
2023,Kerala,Kozhikode Rural,3549236,446,12.566084644695367,0.0723662066644227,9.9,7.0,2.9000000000000004,0.013255675142292648,0.21605996791222762,0.07142857142857144,9.15,LOWER RISK,597
2023,Kerala,Thrissur Commr,2966482,366,12.337846647982357,0.0723662066644227,9.9,7.0,2.9000000000000004,0.013014912102324389,0.21605996791222762,0.07142857142857144,9.15,LOWER RISK,597
2023,Kerala,Palakkad,3231424,390,12.068982590956804,0.0723662066644227,9.9,7.0,2.9000000000000004,0.012731293560977536,0.21605996791222762,0.07142857142857144,9.13,LOWER RISK,598
2023,Kerala,Trivandrum Rural,2966482,351,11.832197195196196,0.0723662066644227,9.9,7.0,2.9000000000000004,0.012481514065343882,0.21605996791222762,0.07142857142857144,9.12,LOWER RISK,599
2023,Kerala,Ernakulam Rural,3774746,400,10.59673948922656,0.0723662066644227,9.9,7.0,2.9000000000000004,0.011178258002263892,0.21605996791222762,0.07142857142857144,9.07,LOWER RISK,600
2023,Kerala,Kozhikode Commr,2966482,307,10.348958800356789,0.0723662066644227,9.9,7.0,2.9000000000000004,0.010916879823534394,0.21605996791222762,0.07142857142857144,9.06,LOWER RISK,601
2023,Kerala,Kottayam,2270733,221,9.732540109295105,0.0723662066644227,9.9,7.0,2.9000000000000004,0.010266633851826712,0.21605996791222762,0.07142857142857144,9.04,LOWER RISK,602
2023,Kerala,Alapuzha,2966482,285,9.607339602937085,0.0723662066644227,9.9,7.0,2.9000000000000004,0.01013456270262965,0.21605996791222762,0.07142857142857144,9.03,LOWER RISK,603
2023,Kerala,Kollam Commr,2966482,266,8.96685029607461,0.0723662066644227,9.9,7.0,2.9000000000000004,0.009458925189121004,0.21605996791222762,0.07142857142857144,9.0,LOWER RISK,604
2023,Kerala,Pathanamthitta,1377023,123,8.932312677420784,0.0723662066644227,9.9,7.0,2.9000000000000004,0.009422492245526536,0.21605996791222762,0.07142857142857144,9.0,LOWER RISK,604
2023,Kerala,Wayanadu,2966482,249,8.393780916250291,0.0723662066644227,9.9,7.0,2.9000000000000004,0.008854407413876428,0.21605996791222762,0.07142857142857144,8.98,LOWER RISK,605
2023,Kerala,Ernakulam Commr,2966482,242,8.15781117161675,0.0723662066644227,9.9,7.0,2.9000000000000004,0.008605488329952192,0.21605996791222762,0.07142857142857144,8.97,LOWER RISK,606
2023,Kerala,Thrissur Rural,3589379,297,8.274411813296952,0.0723662066644227,9.9,7.0,2.9000000000000004,0.008728487678691109,0.21605996791222762,0.07142857142857144,8.97,LOWER RISK,606
2023,Kerala,Idukki,1275320,101,7.919580967913935,0.0723662066644227,9.9,7.0,2.9000000000000004,0.008354184739481806,0.21605996791222762,0.07142857142857144,8.96,LOWER RISK,607
2023,Kerala,Kannur City,2901453,218,7.51347686831391,0.0723662066644227,9.9,7.0,2.9000000000000004,0.007925794817683561,0.21605996791222762,0.07142857142857144,8.94,LOWER RISK,608
2023,Kerala,Kollam Rural,3030681,215,7.094115151017213,0.0723662066644227,9.9,7.0,2.9000000000000004,0.007483419738350826,0.21605996791222762,0.07142857142857144,8.92,LOWER RISK,609
2023,Kerala,Trivandrum Commr,2966482,164,5.528434017128707,0.0723662066644227,9.9,7.0,2.9000000000000004,0.005831818537653553,0.21605996791222762,0.07142857142857144,8.86,LOWER RISK,610
2023,Kerala,Kasargod,2966482,126,4.247455403403762,0.0723662066644227,9.9,7.0,2.9000000000000004,0.004480543510636265,0.21605996791222762,0.07142857142857144,8.8,LOWER RISK,611
2023,Kerala,Kannur Rural,2901453,121,4.170324316816437,0.0723662066644227,9.9,7.0,2.9000000000000004,0.004399179692383995,0.21605996791222762,0.07142857142857144,8.8,LOWER RISK,611
2023,Himachal Pradesh,Kinnaur,96739,9,9.303383330404492,0.0712129099427381,8.3,5.6,2.700000000000001,0.0098139261861587,0.21261663069495496,0.06650246305418722,8.77,LOWER RISK,612
2023,Himachal Pradesh,Bilaspur,439249,35,7.968145630382767,0.0712129099427381,8.3,5.6,2.700000000000001,0.008405414490616237,0.21261663069495496,0.06650246305418722,8.71,LOWER RISK,613
2023,Himachal Pradesh,Sirmaur,609333,37,6.072213387425267,0.0712129099427381,8.3,5.6,2.700000000000001,0.006405438952089842,0.21261663069495496,0.06650246305418722,8.63,LOWER RISK,614
2023,Kerala,Railways,2966482,1,0.0337099635190774,0.0723662066644227,9.9,7.0,2.9000000000000004,3.555986913203377e-05,0.21605996791222762,0.07142857142857144,8.63,LOWER RISK,614
2023,Himachal Pradesh,Una,599348,35,5.839679117974867,0.0712129099427381,8.3,5.6,2.700000000000001,0.00616014387232241,0.21261663069495496,0.06650246305418722,8.62,LOWER RISK,615
2023,Kerala,Crime Branch,2966482,0,0.0,0.0723662066644227,9.9,7.0,2.9000000000000004,0.0,0.21605996791222762,0.07142857142857144,8.62,LOWER RISK,615
2023,Himachal Pradesh,Mandi,1149743,60,5.21855753851078,0.0712129099427381,8.3,5.6,2.700000000000001,0.005504936931255108,0.21261663069495496,0.06650246305418722,8.59,LOWER RISK,616
2023,Himachal Pradesh,Solan,667368,25,3.746059145778641,0.0712129099427381,8.3,5.6,2.700000000000001,0.003951632071905383,0.21261663069495496,0.06650246305418722,8.53,LOWER RISK,617
2023,Himachal Pradesh,Shimla,936111,32,3.418398031857333,0.0712129099427381,8.3,5.6,2.700000000000001,0.0036059898606907613,0.21261663069495496,0.06650246305418722,8.52,LOWER RISK,618
2023,Himachal Pradesh,Hamirpur,522983,16,3.059372866804466,0.0712129099427381,8.3,5.6,2.700000000000001,0.0032272624296402464,0.21261663069495496,0.06650246305418722,8.5,LOWER RISK,619
2023,Himachal Pradesh,Baddi,937776,25,2.665881831055604,0.0712129099427381,8.3,5.6,2.700000000000001,0.0028121777402741713,0.21261663069495496,0.06650246305418722,8.49,LOWER RISK,620
2023,Himachal Pradesh,Chamba,596942,16,2.680327401992153,0.0712129099427381,8.3,5.6,2.700000000000001,0.002827416042497503,0.21261663069495496,0.06650246305418722,8.49,LOWER RISK,620
2023,Himachal Pradesh,Kangra,1736586,47,2.706459685843373,0.0712129099427381,8.3,5.6,2.700000000000001,0.002854982390747766,0.21261663069495496,0.06650246305418722,8.49,LOWER RISK,620
2023,Himachal Pradesh,Kullu,503588,13,2.581475333010318,0.0712129099427381,8.3,5.6,2.700000000000001,0.002723139256957955,0.21261663069495496,0.06650246305418722,8.48,LOWER RISK,621
2023,Himachal Pradesh,Hamirpur,1269927,16,1.2599149399926135,0.0712129099427381,8.3,5.6,2.700000000000001,0.001329055439596563,0.21261663069495496,0.06650246305418722,8.43,LOWER RISK,622
2023,Himachal Pradesh,Bilaspur,3063173,35,1.1426060493481758,0.0712129099427381,8.3,5.6,2.700000000000001,0.0012053089752321175,0.21261663069495496,0.06650246305418722,8.42,LOWER RISK,623
2023,Himachal Pradesh,Nurpur,937776,11,1.1729880056644657,0.0712129099427381,8.3,5.6,2.700000000000001,0.0012373582057206352,0.21261663069495496,0.06650246305418722,8.42,LOWER RISK,623
2023,Himachal Pradesh,CID,937776,0,0.0,0.0712129099427381,8.3,5.6,2.700000000000001,0.0,0.21261663069495496,0.06650246305418722,8.37,LOWER RISK,624
2023,Himachal Pradesh,GRP,937776,0,0.0,0.0712129099427381,8.3,5.6,2.700000000000001,0.0,0.21261663069495496,0.06650246305418722,8.37,LOWER RISK,624
2023,Himachal Pradesh,Lahaul & Spiti,937776,0,0.0,0.0712129099427381,8.3,5.6,2.700000000000001,0.0,0.21261663069495496,0.06650246305418722,8.37,LOWER RISK,624
2023,Himachal Pradesh,Cyber,937776,0,0.0,0.0712129099427381,8.3,5.6,2.700000000000001,0.0,0.21261663069495496,0.06650246305418722,8.37,LOWER RISK,624
2023,Sikkim,Total Districts ,1219441,11,0.902052661834398,0.0811797752808988,7.6,9.8,0.0,0.0009515547113209042,0.24237417505726278,0.0,7.31,LOWER RISK,625
2023,Sikkim,Gangtok (East),1219441,3,0.2460143623184721,0.0811797752808988,7.6,9.8,0.0,0.00025951492126933737,0.24237417505726278,0.0,7.28,LOWER RISK,626
2023,Sikkim,Namchi (South),1219441,2,0.1640095748789814,0.0811797752808988,7.6,9.8,0.0,0.00017300994751289162,0.24237417505726278,0.0,7.28,LOWER RISK,626
2023,Sikkim,Pakyong (East),1219441,2,0.1640095748789814,0.0811797752808988,7.6,9.8,0.0,0.00017300994751289162,0.24237417505726278,0.0,7.28,LOWER RISK,626
2023,Sikkim,Gyalshing (West),1219441,2,0.1640095748789814,0.0811797752808988,7.6,9.8,0.0,0.00017300994751289162,0.24237417505726278,0.0,7.28,LOWER RISK,626
2023,Sikkim,Mangan (North),1219441,1,0.0820047874394907,0.0811797752808988,7.6,9.8,0.0,8.650497375644581e-05,0.24237417505726278,0.0,7.27,LOWER RISK,627
2023,Sikkim,Soreng (West),1219441,1,0.0820047874394907,0.0811797752808988,7.6,9.8,0.0,8.650497375644581e-05,0.24237417505726278,0.0,7.27,LOWER RISK,627
2023,Sikkim,CID,1219441,0,0.0,0.0811797752808988,7.6,9.8,0.0,0.0,0.24237417505726278,0.0,7.27,LOWER RISK,627
2024,Uttar Pradesh,Total Districts ,3086497,6423,208.0999916734084,0.2890730391212179,34.8,2.4,32.4,0.4841934068035572,0.8630701322572731,0.7980295566502462,69.2,HIGH RISK,1
2024,Rajasthan,Total Districts ,2485185,10681,429.7869172717524,0.1282991202346041,24.3,2.7,21.6,1.0,0.3830559190369127,0.5320197044334976,67.45,HIGH RISK,2
2024,Madhya Pradesh,Total Districts ,1697834,6560,386.3746396879789,0.1424806456926371,28.1,4.4,23.700000000000003,0.8989911608772305,0.4253969519117978,0.583743842364532,66.23,HIGH RISK,3
2024,Bihar,Total Districts ,3064997,2405,78.46663471448748,0.3349357466063348,40.0,3.5,36.5,0.1825710173138504,1.0,0.8990147783251231,64.27,HIGH RISK,4
2024,Bihar,Purnea,3064997,174,5.677003925289323,0.3349357466063348,40.0,3.5,36.5,0.01320888025472348,1.0,0.8990147783251231,57.5,HIGH RISK,5
2024,Bihar,Kishanganj,1943959,100,5.144141414505142,0.3349357466063348,40.0,3.5,36.5,0.011969050726717499,1.0,0.8990147783251231,57.45,HIGH RISK,6
2024,Bihar,Patna,6714234,223,3.321302176838042,0.3349357466063348,40.0,3.5,36.5,0.007727787988339342,1.0,0.8990147783251231,57.28,HIGH RISK,7
2024,Bihar,Gaya,5050130,164,3.2474411549801685,0.3349357466063348,40.0,3.5,36.5,0.007555933008837553,1.0,0.8990147783251231,57.27,HIGH RISK,8
2024,Bihar,Katihar,3531683,115,3.2562378899805,0.3349357466063348,40.0,3.5,36.5,0.0075764006746664074,1.0,0.8990147783251231,57.27,HIGH RISK,8
2024,Bihar,Araria,3233304,92,2.8453866385591957,0.3349357466063348,40.0,3.5,36.5,0.0066204589395634636,1.0,0.8990147783251231,57.24,HIGH RISK,9
2024,Bihar,Munger,1572929,46,2.92448038023331,0.3349357466063348,40.0,3.5,36.5,0.006804489068205336,1.0,0.8990147783251231,57.24,HIGH RISK,9
2024,Bihar,Bettiah,3064997,86,2.8058755033039184,0.3349357466063348,40.0,3.5,36.5,0.006528527022449535,1.0,0.8990147783251231,57.23,HIGH RISK,10
2024,Bihar,Kaimur(Bhabhua),1870341,48,2.5663769334041224,0.3349357466063348,40.0,3.5,36.5,0.005971277463947125,1.0,0.8990147783251231,57.21,HIGH RISK,11
2024,Bihar,Muzaffarpur,5521221,128,2.3183277756858494,0.3349357466063348,40.0,3.5,36.5,0.005394132958728432,1.0,0.8990147783251231,57.19,HIGH RISK,12
2024,Bihar,Bhagalpur,3493430,78,2.232762643018466,0.3349357466063348,40.0,3.5,36.5,0.005195045622123254,1.0,0.8990147783251231,57.18,HIGH RISK,13
2024,Bihar,Motihari,3064997,70,2.2838521538520267,0.3349357466063348,40.0,3.5,36.5,0.005313917343854274,1.0,0.8990147783251231,57.18,HIGH RISK,13
2024,Bihar,Rohtas,3403905,76,2.232729761847055,0.3349357466063348,40.0,3.5,36.5,0.005194969116371009,1.0,0.8990147783251231,57.18,HIGH RISK,13
2024,Bihar,Sitamarhi,3937110,86,2.1843433381338087,0.3349357466063348,40.0,3.5,36.5,0.005082386760397032,1.0,0.8990147783251231,57.17,HIGH RISK,14
2024,Bihar,Vaishali,4019274,78,1.940648982876012,0.3349357466063348,40.0,3.5,36.5,0.004515374723816798,1.0,0.8990147783251231,57.15,HIGH RISK,15
2024,Bihar,Begusarai,3416122,62,1.8149234717027087,0.3349357466063348,40.0,3.5,36.5,0.004222844853500137,1.0,0.8990147783251231,57.14,HIGH RISK,16
2024,Bihar,Arwal,805969,14,1.7370395139267143,0.3349357466063348,40.0,3.5,36.5,0.00404162957065627,1.0,0.8990147783251231,57.13,HIGH RISK,17
2024,Bihar,Darbhanga,4527992,78,1.722617884483895,0.3349357466063348,40.0,3.5,36.5,0.0040080742694982765,1.0,0.8990147783251231,57.13,HIGH RISK,17
2024,Bihar,Jamui,2024465,35,1.7288518201104983,0.3349357466063348,40.0,3.5,36.5,0.004022578981894307,1.0,0.8990147783251231,57.13,HIGH RISK,17
2024,Bihar,Aurangabad,2921083,46,1.5747584029621893,0.3349357466063348,40.0,3.5,36.5,0.003664044529225343,1.0,0.8990147783251231,57.12,HIGH RISK,18
2024,Bihar,Madhubani,5160485,84,1.627753980488268,0.3349357466063348,40.0,3.5,36.5,0.0037873511618759822,1.0,0.8990147783251231,57.12,HIGH RISK,18
2024,Bihar,Nawadah,3064997,48,1.5660700483556755,0.3349357466063348,40.0,3.5,36.5,0.003643829035785788,1.0,0.8990147783251231,57.12,HIGH RISK,18
2024,Bihar,Sheohar,754682,12,1.5900736999159912,0.3349357466063348,40.0,3.5,36.5,0.003699679157312726,1.0,0.8990147783251231,57.12,HIGH RISK,18
2024,Bihar,Bhojpur,3137668,48,1.529798563774115,0.3349357466063348,40.0,3.5,36.5,0.0035594349253000412,1.0,0.8990147783251231,57.11,HIGH RISK,19
2024,Bihar,Khagaria,1916918,26,1.3563438811675823,0.3349357466063348,40.0,3.5,36.5,0.00315585195049102,1.0,0.8990147783251231,57.1,HIGH RISK,20
2024,Bihar,Buxar,1962304,26,1.3249730928541144,0.3349357466063348,40.0,3.5,36.5,0.003082860458538201,1.0,0.8990147783251231,57.09,HIGH RISK,21
2024,Bihar,Madhepura,2302026,29,1.2597598810786672,0.3349357466063348,40.0,3.5,36.5,0.0029311266361375225,1.0,0.8990147783251231,57.09,HIGH RISK,21
2024,Bihar,Nalanda,3309300,42,1.2691505756504395,0.3349357466063348,40.0,3.5,36.5,0.002952976288126428,1.0,0.8990147783251231,57.09,HIGH RISK,21
2024,Bihar,Samastipur,4900800,60,1.2242899118511263,0.3349357466063348,40.0,3.5,36.5,0.0028485974389886167,1.0,0.8990147783251231,57.08,HIGH RISK,22
2024,Bihar,Siwan,3830033,44,1.1488151668667084,0.3349357466063348,40.0,3.5,36.5,0.0026729877543953196,1.0,0.8990147783251231,57.08,HIGH RISK,22
2024,Bihar,Aurangabad,4256474,46,1.0807067070067855,0.3349357466063348,40.0,3.5,36.5,0.0025145174587142202,1.0,0.8990147783251231,57.07,HIGH RISK,23
2024,Bihar,Bagaha,3064997,32,1.0440466989037835,0.3349357466063348,40.0,3.5,36.5,0.002429219357190525,1.0,0.8990147783251231,57.07,HIGH RISK,23
2024,Bihar,Supaul,2563437,26,1.0142632723175955,0.3349357466063348,40.0,3.5,36.5,0.0023599212343550263,1.0,0.8990147783251231,57.06,HIGH RISK,24
2024,Bihar,Banka,2339977,20,0.8547092556892653,0.3349357466063348,40.0,3.5,36.5,0.0019886814170958964,1.0,0.8990147783251231,57.05,HIGH RISK,25
2024,Bihar,Lakhisarai,1151048,10,0.8687735003231838,0.3349357466063348,40.0,3.5,36.5,0.0020214051787292124,1.0,0.8990147783251231,57.05,HIGH RISK,25
2024,Bihar,Sheikhpura,731793,6,0.8199039892428596,0.3349357466063348,40.0,3.5,36.5,0.0019076988067657672,1.0,0.8990147783251231,57.05,HIGH RISK,25
2024,Bihar,Naugachia,3064997,22,0.7177821054963512,0.3349357466063348,40.0,3.5,36.5,0.001670088308068486,1.0,0.8990147783251231,57.04,HIGH RISK,26
2024,Bihar,Saran,4544641,32,0.7041260244758607,0.3349357466063348,40.0,3.5,36.5,0.001638314234750531,1.0,0.8990147783251231,57.04,HIGH RISK,26
2024,Bihar,Saharsa,2185760,15,0.6862601566503185,0.3349357466063348,40.0,3.5,36.5,0.001596745105706415,1.0,0.8990147783251231,57.03,HIGH RISK,27
2024,Bihar,Gopalganj,2946313,16,0.5430516038180601,0.3349357466063348,40.0,3.5,36.5,0.0012635368411521258,1.0,0.8990147783251231,57.02,HIGH RISK,28
2024,Bihar,Jehanabad,1294109,5,0.3863662179924566,0.3349357466063348,40.0,3.5,36.5,0.0008989715658286521,1.0,0.8990147783251231,57.01,HIGH RISK,29
2024,Bihar,Patna Railway,3064997,3,0.0978793780222297,0.3349357466063348,40.0,3.5,36.5,0.00022773931473661166,1.0,0.8990147783251231,56.98,HIGH RISK,30
2024,Bihar,Jamalpur Railway,3064997,0,0.0,0.3349357466063348,40.0,3.5,36.5,0.0,1.0,0.8990147783251231,56.97,HIGH RISK,31
2024,Bihar,Katihar Railway,3064997,0,0.0,0.3349357466063348,40.0,3.5,36.5,0.0,1.0,0.8990147783251231,56.97,HIGH RISK,31
2024,Bihar,Muzaffarpur Railway,3064997,0,0.0,0.3349357466063348,40.0,3.5,36.5,0.0,1.0,0.8990147783251231,56.97,HIGH RISK,31
2024,Bihar,Economic Offences Unit,3064997,0,0.0,0.3349357466063348,40.0,3.5,36.5,0.0,1.0,0.8990147783251231,56.97,HIGH RISK,31
2024,Bihar,Anti Terrorist Squad,3064997,0,0.0,0.3349357466063348,40.0,3.5,36.5,0.0,1.0,0.8990147783251231,56.97,HIGH RISK,31
2024,Telangana,Total Districts ,3550945,3569,100.50845619968769,0.2616064848931466,36.9,7.6,29.299999999999997,0.2338564813412797,0.7810646894033219,0.7216748768472906,54.44,HIGH RISK,32
2024,Jharkhand,Total Districts ,1648218,2201,133.53816060739538,0.2265305090743642,31.5,2.9,28.6,0.3107078304176481,0.6763401976935469,0.7044334975369458,53.85,HIGH RISK,33
2024,Karnataka,Total Districts ,1785149,1500,84.02659946032516,0.1785958402499756,44.4,3.8,40.6,0.195507578484981,0.5332241842190927,1.0,53.82,HIGH RISK,34
2024,Uttar Pradesh,Hamirpur,522983,59,11.281437446341467,0.2890730391212179,34.8,2.4,32.4,0.026248908454345212,0.8630701322572731,0.7980295566502462,50.88,HIGH RISK,35
2024,Uttar Pradesh,Lucknow Commissionarate,3086497,328,10.62693402909512,0.2890730391212179,34.8,2.4,32.4,0.024726052846266038,0.8630701322572731,0.7980295566502462,50.82,HIGH RISK,36
2024,Uttar Pradesh,Pilibhit,2335658,205,8.776969915972286,0.2890730391212179,34.8,2.4,32.4,0.020421677727390307,0.8630701322572731,0.7980295566502462,50.65,HIGH RISK,37
2024,Uttar Pradesh,Sonbhadra,2141942,166,7.749976423264496,0.2890730391212179,34.8,2.4,32.4,0.018032136651484485,0.8630701322572731,0.7980295566502462,50.55,HIGH RISK,38
2024,Uttar Pradesh,Kanpur Commissionarate,3086497,222,7.192619983107062,0.2890730391212179,34.8,2.4,32.4,0.01673531625570445,0.8630701322572731,0.7980295566502462,50.5,HIGH RISK,39
2024,Uttar Pradesh,Ghaziabad,5383891,381,7.076666299522038,0.2890730391212179,34.8,2.4,32.4,0.016465522832672667,0.8630701322572731,0.7980295566502462,50.49,HIGH RISK,40
2024,Uttar Pradesh,Pratapgarh,998025,66,6.613060795070265,0.2890730391212179,34.8,2.4,32.4,0.015386835962921726,0.8630701322572731,0.7980295566502462,50.45,HIGH RISK,41
2024,Uttar Pradesh,Prayagraj,3086497,194,6.285442687940407,0.2890730391212179,34.8,2.4,32.4,0.014624555646876865,0.8630701322572731,0.7980295566502462,50.42,HIGH RISK,42
2024,Uttar Pradesh,Rampur,2686191,149,5.546887767846739,0.2890730391212179,34.8,2.4,32.4,0.012906134516745809,0.8630701322572731,0.7980295566502462,50.35,HIGH RISK,43
2024,Uttar Pradesh,Azamgarh,5305999,260,4.90011400303694,0.2890730391212179,34.8,2.4,32.4,0.011401263756799325,0.8630701322572731,0.7980295566502462,50.29,HIGH RISK,44
2024,Uttar Pradesh,Varanasi Commissionarate,3086497,153,4.957075934303516,0.2890730391212179,34.8,2.4,32.4,0.01153379904109361,0.8630701322572731,0.7980295566502462,50.29,HIGH RISK,44
2024,Uttar Pradesh,Hamirpur,1269927,59,4.645936341222764,0.2890730391212179,34.8,2.4,32.4,0.010809859850352677,0.8630701322572731,0.7980295566502462,50.27,HIGH RISK,45
2024,Uttar Pradesh,Kaushambi,1839535,82,4.45764826437116,0.2890730391212179,34.8,2.4,32.4,0.010371763507060427,0.8630701322572731,0.7980295566502462,50.25,HIGH RISK,46
2024,Uttar Pradesh,Gonda,3949006,162,4.102298147939001,0.2890730391212179,34.8,2.4,32.4,0.009544958171318965,0.8630701322572731,0.7980295566502462,50.21,HIGH RISK,47
2024,Uttar Pradesh,Baghpat,1498505,59,3.9372574666083855,0.2890730391212179,34.8,2.4,32.4,0.009160952342620692,0.8630701322572731,0.7980295566502462,50.2,HIGH RISK,48
2024,Uttar Pradesh,Sambhal,3086497,120,3.887902693571385,0.2890730391212179,34.8,2.4,32.4,0.00904611689497538,0.8630701322572731,0.7980295566502462,50.19,HIGH RISK,49
2024,Uttar Pradesh,Agra,5081616,190,3.738968076296989,0.2890730391212179,34.8,2.4,32.4,0.008699585599374716,0.8630701322572731,0.7980295566502462,50.18,HIGH RISK,50
2024,Uttar Pradesh,Bahraich,4010890,148,3.689954099962851,0.2890730391212179,34.8,2.4,32.4,0.008585543095137326,0.8630701322572731,0.7980295566502462,50.18,HIGH RISK,50
2024,Uttar Pradesh,Fatehpur,3027642,112,3.699248458040944,0.2890730391212179,34.8,2.4,32.4,0.008607168597693553,0.8630701322572731,0.7980295566502462,50.18,HIGH RISK,50
2024,Uttar Pradesh,Banda,2069321,76,3.672702301866168,0.2890730391212179,34.8,2.4,32.4,0.00854540274324808,0.8630701322572731,0.7980295566502462,50.17,HIGH RISK,51
2024,Uttar Pradesh,Jhansi,2298393,84,3.654727455226326,0.2890730391212179,34.8,2.4,32.4,0.00850358004944915,0.8630701322572731,0.7980295566502462,50.17,HIGH RISK,51
2024,Uttar Pradesh,Mathura,2929261,107,3.65279843619261,0.2890730391212179,34.8,2.4,32.4,0.008499091734527977,0.8630701322572731,0.7980295566502462,50.17,HIGH RISK,51
2024,Uttar Pradesh,Kannauj,1905108,66,3.464370523875812,0.2890730391212179,34.8,2.4,32.4,0.008060670031250173,0.8630701322572731,0.7980295566502462,50.16,HIGH RISK,52
2024,Uttar Pradesh,Meerut,3960242,136,3.4341335706252294,0.2890730391212179,34.8,2.4,32.4,0.007990316672328678,0.8630701322572731,0.7980295566502462,50.15,HIGH RISK,53
2024,Uttar Pradesh,Mau,2536863,84,3.311176046952476,0.2890730391212179,34.8,2.4,32.4,0.007704227173715559,0.8630701322572731,0.7980295566502462,50.14,HIGH RISK,54
2024,Uttar Pradesh,Sultanpur,4366684,138,3.1602927988377454,0.2890730391212179,34.8,2.4,32.4,0.007353161931728848,0.8630701322572731,0.7980295566502462,50.13,HIGH RISK,55
2024,Uttar Pradesh,Firozabad,2872879,88,3.063129355604604,0.2890730391212179,34.8,2.4,32.4,0.007127088407085693,0.8630701322572731,0.7980295566502462,50.12,HIGH RISK,56
2024,Uttar Pradesh,Shrawasti,1284965,39,3.0351021234041395,0.2890730391212179,34.8,2.4,32.4,0.0070618764821197616,0.8630701322572731,0.7980295566502462,50.12,HIGH RISK,56
2024,Uttar Pradesh,Muzaffarnagar,4765038,144,3.022011576822682,0.2890730391212179,34.8,2.4,32.4,0.007031418257228797,0.8630701322572731,0.7980295566502462,50.11,HIGH RISK,57
2024,Uttar Pradesh,Ambedkar Nagar,2757571,80,2.901103906300146,0.2890730391212179,34.8,2.4,32.4,0.006750098222430979,0.8630701322572731,0.7980295566502462,50.1,HIGH RISK,58
2024,Uttar Pradesh,Khiri,3086497,88,2.851128641952349,0.2890730391212179,34.8,2.4,32.4,0.006633819056315279,0.8630701322572731,0.7980295566502462,50.1,HIGH RISK,58
2024,Uttar Pradesh,Basti,2834133,77,2.7168802593244563,0.2890730391212179,34.8,2.4,32.4,0.006321458727899307,0.8630701322572731,0.7980295566502462,50.09,HIGH RISK,59
2024,Uttar Pradesh,Sant Kabirnagar,3086497,85,2.7539310746130647,0.2890730391212179,34.8,2.4,32.4,0.006407666133940895,0.8630701322572731,0.7980295566502462,50.09,HIGH RISK,59
2024,Uttar Pradesh,Amroha,3086497,81,2.624334318160685,0.2890730391212179,34.8,2.4,32.4,0.006106128904108382,0.8630701322572731,0.7980295566502462,50.08,HIGH RISK,60
2024,Uttar Pradesh,Raibareilly,3086497,74,2.397539994369021,0.2890730391212179,34.8,2.4,32.4,0.0055784387519014845,0.8630701322572731,0.7980295566502462,50.06,HIGH RISK,61
2024,Uttar Pradesh,Ballia,3725740,87,2.3351065828533395,0.2890730391212179,34.8,2.4,32.4,0.005433172786357436,0.8630701322572731,0.7980295566502462,50.05,HIGH RISK,62
2024,Uttar Pradesh,Chitrakoot,1140489,27,2.367405560246526,0.2890730391212179,34.8,2.4,32.4,0.005508323927760755,0.8630701322572731,0.7980295566502462,50.05,HIGH RISK,62
2024,Uttar Pradesh,Sitapur,5156590,122,2.36590459974518,0.2890730391212179,34.8,2.4,32.4,0.005504831591346996,0.8630701322572731,0.7980295566502462,50.05,HIGH RISK,62
2024,Uttar Pradesh,Badaun,3086497,68,2.203144859690452,0.2890730391212179,34.8,2.4,32.4,0.005126132907152717,0.8630701322572731,0.7980295566502462,50.04,HIGH RISK,63
2024,Uttar Pradesh,Jalaun,1943470,43,2.2125373687270704,0.2890730391212179,34.8,2.4,32.4,0.005147986780919375,0.8630701322572731,0.7980295566502462,50.04,HIGH RISK,63
2024,Uttar Pradesh,Hardoi,4706771,98,2.082106820153349,0.2890730391212179,34.8,2.4,32.4,0.0048445095382855545,0.8630701322572731,0.7980295566502462,50.03,HIGH RISK,64
2024,Uttar Pradesh,Jaunpur,5168334,108,2.0896482309386357,0.2890730391212179,34.8,2.4,32.4,0.004862056398094967,0.8630701322572731,0.7980295566502462,50.03,HIGH RISK,64
2024,Uttar Pradesh,Amethi,3086497,62,2.0087497250118824,0.2890730391212179,34.8,2.4,32.4,0.004673827062403947,0.8630701322572731,0.7980295566502462,50.02,HIGH RISK,65
2024,Uttar Pradesh,Maharajganj,3086497,61,1.976350535898788,0.2890730391212179,34.8,2.4,32.4,0.00459844275494582,0.8630701322572731,0.7980295566502462,50.02,HIGH RISK,65
2024,Uttar Pradesh,Shamli,3086497,63,2.041148914124977,0.2890730391212179,34.8,2.4,32.4,0.004749211369862074,0.8630701322572731,0.7980295566502462,50.02,HIGH RISK,65
2024,Uttar Pradesh,Hapur,3086497,58,1.8791529685595028,0.2890730391212179,34.8,2.4,32.4,0.004372289832571433,0.8630701322572731,0.7980295566502462,50.01,HIGH RISK,66
2024,Uttar Pradesh,Hathras,3086497,58,1.8791529685595028,0.2890730391212179,34.8,2.4,32.4,0.004372289832571433,0.8630701322572731,0.7980295566502462,50.01,HIGH RISK,66
2024,Uttar Pradesh,Kasganj,3086497,59,1.9115521576725976,0.2890730391212179,34.8,2.4,32.4,0.004447674140029561,0.8630701322572731,0.7980295566502462,50.01,HIGH RISK,66
2024,Uttar Pradesh,Mahoba,1007351,19,1.8861350214572676,0.2890730391212179,34.8,2.4,32.4,0.0043885352151486565,0.8630701322572731,0.7980295566502462,50.01,HIGH RISK,66
2024,Uttar Pradesh,Mainpuri,2148808,39,1.8149597358163223,0.2890730391212179,34.8,2.4,32.4,0.004222929230460339,0.8630701322572731,0.7980295566502462,50.0,HIGH RISK,67
2024,Uttar Pradesh,Pratapgarh,3690512,66,1.7883697438187438,0.2890730391212179,34.8,2.4,32.4,0.004161061381698516,0.8630701322572731,0.7980295566502462,50.0,HIGH RISK,67
2024,Uttar Pradesh,Saharanpur,3986339,71,1.781082843180171,0.2890730391212179,34.8,2.4,32.4,0.0041441066993996006,0.8630701322572731,0.7980295566502462,50.0,HIGH RISK,67
2024,Uttar Pradesh,Bulandshahar,3086497,53,1.7171570229940285,0.2890730391212179,34.8,2.4,32.4,0.003995368295280793,0.8630701322572731,0.7980295566502462,49.99,MODERATE RISK,68
2024,Uttar Pradesh,Chandoli,3086497,51,1.652358644767839,0.2890730391212179,34.8,2.4,32.4,0.003844599680364537,0.8630701322572731,0.7980295566502462,49.99,MODERATE RISK,68
2024,Uttar Pradesh,Unnao,3574622,59,1.6505241673105575,0.2890730391212179,34.8,2.4,32.4,0.0038403313385803653,0.8630701322572731,0.7980295566502462,49.99,MODERATE RISK,68
2024,Uttar Pradesh,Balrampur,2470964,40,1.618801407062183,0.2890730391212179,34.8,2.4,32.4,0.00376652090142293,0.8630701322572731,0.7980295566502462,49.98,MODERATE RISK,69
2024,Uttar Pradesh,Ayodhya,3086497,49,1.5875602665416488,0.2890730391212179,34.8,2.4,32.4,0.00369383106544828,0.8630701322572731,0.7980295566502462,49.98,MODERATE RISK,69
2024,Uttar Pradesh,Lalitpur,1404830,22,1.566025782479019,0.2890730391212179,34.8,2.4,32.4,0.0036437260408483485,0.8630701322572731,0.7980295566502462,49.98,MODERATE RISK,69
2024,Uttar Pradesh,Sidharthnagar,3086497,44,1.4255643209761746,0.2890730391212179,34.8,2.4,32.4,0.0033169095281576394,0.8630701322572731,0.7980295566502462,49.97,MODERATE RISK,70
2024,Uttar Pradesh,Bijnor,4235119,56,1.3222768946988266,0.2890730391212179,34.8,2.4,32.4,0.0030765871215729834,0.8630701322572731,0.7980295566502462,49.96,MODERATE RISK,71
2024,Uttar Pradesh,Aligarh,4224972,53,1.2544461833119842,0.2890730391212179,34.8,2.4,32.4,0.0029187630728154607,0.8630701322572731,0.7980295566502462,49.95,MODERATE RISK,72
2024,Uttar Pradesh,Etah,2040651,26,1.2741032151014555,0.2890730391212179,34.8,2.4,32.4,0.002964499764649294,0.8630701322572731,0.7980295566502462,49.95,MODERATE RISK,72
2024,Uttar Pradesh,Etawah,1819081,22,1.2094018902951549,0.2890730391212179,34.8,2.4,32.4,0.002813956967262583,0.8630701322572731,0.7980295566502462,49.95,MODERATE RISK,72
2024,Uttar Pradesh,Gautambudh Nagar,3086497,40,1.2959675645237951,0.2890730391212179,34.8,2.4,32.4,0.003015372298325127,0.8630701322572731,0.7980295566502462,49.95,MODERATE RISK,72
2024,Uttar Pradesh,Ghazipur,4163308,49,1.1769487148200422,0.2890730391212179,34.8,2.4,32.4,0.002738447047879456,0.8630701322572731,0.7980295566502462,49.94,MODERATE RISK,73
2024,Uttar Pradesh,Shahjahanpur,3457518,38,1.09905429270361,0.2890730391212179,34.8,2.4,32.4,0.0025572074172948425,0.8630701322572731,0.7980295566502462,49.94,MODERATE RISK,73
2024,Uttar Pradesh,Kanpur Dehat,2065611,22,1.065060168637754,0.2890730391212179,34.8,2.4,32.4,0.0024781121198352374,0.8630701322572731,0.7980295566502462,49.93,MODERATE RISK,74
2024,Uttar Pradesh,Mirzapur,2871515,30,1.0447446731080978,0.2890730391212179,34.8,2.4,32.4,0.0024308433577737557,0.8630701322572731,0.7980295566502462,49.93,MODERATE RISK,74
2024,Uttar Pradesh,Bareilly,5115612,47,0.9187561527340228,0.2890730391212179,34.8,2.4,32.4,0.0021377015349052547,0.8630701322572731,0.7980295566502462,49.92,MODERATE RISK,75
2024,Uttar Pradesh,Fatehgarh,3086497,28,0.9071772951666564,0.2890730391212179,34.8,2.4,32.4,0.0021107606088275883,0.8630701322572731,0.7980295566502462,49.92,MODERATE RISK,75
2024,Uttar Pradesh,Barabanki,3086497,22,0.7127821604880873,0.2890730391212179,34.8,2.4,32.4,0.0016584547640788197,0.8630701322572731,0.7980295566502462,49.9,MODERATE RISK,76
2024,Uttar Pradesh,Moradabad,5487806,38,0.6924443028780537,0.2890730391212179,34.8,2.4,32.4,0.001611133971395933,0.8630701322572731,0.7980295566502462,49.9,MODERATE RISK,76
2024,Uttar Pradesh,Bhadohi,3086497,21,0.6803829713749925,0.2890730391212179,34.8,2.4,32.4,0.0015830704566206918,0.8630701322572731,0.7980295566502462,49.9,MODERATE RISK,76
2024,Uttar Pradesh,Kushi Nagar,3086497,18,0.5831854040357078,0.2890730391212179,34.8,2.4,32.4,0.0013569175342463072,0.8630701322572731,0.7980295566502462,49.89,MODERATE RISK,77
2024,Uttar Pradesh,Auraiya,1586476,8,0.5042622768954589,0.2890730391212179,34.8,2.4,32.4,0.0011732843803075003,0.8630701322572731,0.7980295566502462,49.88,MODERATE RISK,78
2024,Uttar Pradesh,Deoria,3566087,16,0.448671050369775,0.2890730391212179,34.8,2.4,32.4,0.0010439383618698712,0.8630701322572731,0.7980295566502462,49.87,MODERATE RISK,79
2024,Uttar Pradesh,Gorakhpur,5107029,21,0.4111979783157683,0.2890730391212179,34.8,2.4,32.4,0.0009567484764915951,0.8630701322572731,0.7980295566502462,49.87,MODERATE RISK,79
2024,Uttar Pradesh,GRP,3086497,4,0.1295967564523795,0.2890730391212179,34.8,2.4,32.4,0.00030153722983251266,0.8630701322572731,0.7980295566502462,49.85,MODERATE RISK,80
2024,Haryana,Total Districts ,1358470,3052,224.66451228219984,0.1847177848775293,21.6,4.9,16.700000000000003,0.5227346465275151,0.5515021515294888,0.4113300492610838,49.79,MODERATE RISK,81
2024,Karnataka,Bengaluru City,1785149,393,22.014969058605192,0.1785958402499756,44.4,3.8,40.6,0.051222985563065024,0.5332241842190927,1.0,48.05,MODERATE RISK,82
2024,Telangana,Hyderabad Commissionerate,3550945,888,25.007427600258524,0.2616064848931466,36.9,7.6,29.299999999999997,0.058185641757090616,0.7810646894033219,0.7216748768472906,47.41,MODERATE RISK,83
2024,Assam,Total Districts ,1324826,2047,154.510856520026,0.1518562906505433,32.0,5.9,26.1,0.3595057232101122,0.45338932075538324,0.6428571428571429,47.27,MODERATE RISK,84
2024,Chhattisgarh,Total Districts ,1885744,2374,125.8919556419111,0.2034342762063228,29.6,6.8,22.8,0.29291714238549094,0.607382992910065,0.5615763546798029,46.79,MODERATE RISK,85
2024,Telangana,Rachakonda Commissionerate,3550945,594,16.727941435308065,0.2616064848931466,36.9,7.6,29.299999999999997,0.03892147658075656,0.7810646894033219,0.7216748768472906,46.64,MODERATE RISK,86
2024,Telangana,Cyberabad Commissionerate,3550945,493,13.883628160954336,0.2616064848931466,36.9,7.6,29.299999999999997,0.032303515074600976,0.7810646894033219,0.7216748768472906,46.37,MODERATE RISK,87
2024,Karnataka,Mangaluru City,1785149,61,3.4170817113865564,0.1785958402499756,44.4,3.8,40.6,0.007950641525055894,0.5332241842190927,1.0,46.31,MODERATE RISK,88
2024,Karnataka,Tumakuru,1785149,61,3.4170817113865564,0.1785958402499756,44.4,3.8,40.6,0.007950641525055894,0.5332241842190927,1.0,46.31,MODERATE RISK,88
2024,Karnataka,Vijayapura,1785149,54,3.024957580571706,0.1785958402499756,44.4,3.8,40.6,0.007038272825459316,0.5332241842190927,1.0,46.28,MODERATE RISK,89
2024,Karnataka,Mysuru City,1785149,50,2.8008866486775057,0.1785958402499756,44.4,3.8,40.6,0.0065169192828327,0.5332241842190927,1.0,46.26,MODERATE RISK,90
2024,Karnataka,Chitradurga,1908374,51,2.672432133323971,0.1785958402499756,44.4,3.8,40.6,0.006218039744644447,0.5332241842190927,1.0,46.25,MODERATE RISK,91
2024,Karnataka,Bengaluru District,1785149,47,2.632833449756855,0.1785958402499756,44.4,3.8,40.6,0.0061259041258627375,0.5332241842190927,1.0,46.24,MODERATE RISK,92
2024,Karnataka,Chikkaballapura,1443369,37,2.563447046458667,0.1785958402499756,44.4,3.8,40.6,0.005964460395237696,0.5332241842190927,1.0,46.24,MODERATE RISK,92
2024,Karnataka,Hassan,2042884,48,2.349619459548364,0.1785958402499756,44.4,3.8,40.6,0.0054669403956349606,0.5332241842190927,1.0,46.22,MODERATE RISK,93
2024,Karnataka,Udupi,1353965,28,2.068000280657181,0.1785958402499756,44.4,3.8,40.6,0.004811687367741801,0.5332241842190927,1.0,46.19,MODERATE RISK,94
2024,Karnataka,Kalaburgi City,1785149,38,2.128673852994904,0.1785958402499756,44.4,3.8,40.6,0.004952858654952852,0.5332241842190927,1.0,46.19,MODERATE RISK,94
2024,Karnataka,Belagavi District,1785149,36,2.0166383870478035,0.1785958402499756,44.4,3.8,40.6,0.004692181883639543,0.5332241842190927,1.0,46.18,MODERATE RISK,95
2024,Karnataka,Hubballi Dharwad City,1785149,35,1.960620654074254,0.1785958402499756,44.4,3.8,40.6,0.0045618434979828905,0.5332241842190927,1.0,46.18,MODERATE RISK,95
2024,Karnataka,Ramanagara,1245031,24,1.9276628453428069,0.1785958402499756,44.4,3.8,40.6,0.004485159431048838,0.5332241842190927,1.0,46.18,MODERATE RISK,95
2024,Karnataka,Shimoga,2015665,40,1.9844567425638684,0.1785958402499756,44.4,3.8,40.6,0.004617303744751042,0.5332241842190927,1.0,46.18,MODERATE RISK,95
2024,Karnataka,Haveri,1837318,34,1.8505234259937584,0.1785958402499756,44.4,3.8,40.6,0.004305676491366257,0.5332241842190927,1.0,46.17,MODERATE RISK,96
2024,Karnataka,Kodagu,637696,12,1.881774387796066,0.1785958402499756,44.4,3.8,40.6,0.004378389178854945,0.5332241842190927,1.0,46.17,MODERATE RISK,96
2024,Karnataka,Uttara Kannada,1652744,31,1.875668585092428,0.1785958402499756,44.4,3.8,40.6,0.004364182597737034,0.5332241842190927,1.0,46.17,MODERATE RISK,96
2024,Karnataka,Chamarajnagar,1785149,31,1.7365497221800534,0.1785958402499756,44.4,3.8,40.6,0.0040404899553562745,0.5332241842190927,1.0,46.16,MODERATE RISK,97
2024,Karnataka,Raichur,2218133,39,1.758235416902413,0.1785958402499756,44.4,3.8,40.6,0.004090946806998056,0.5332241842190927,1.0,46.16,MODERATE RISK,97
2024,Karnataka,Davanagere,2237321,37,1.6537635860030817,0.1785958402499756,44.4,3.8,40.6,0.003847868605449929,0.5332241842190927,1.0,46.15,MODERATE RISK,98
2024,Karnataka,Kalaburgi,1785149,30,1.6805319892065032,0.1785958402499756,44.4,3.8,40.6,0.00391015156969962,0.5332241842190927,1.0,46.15,MODERATE RISK,98
2024,Karnataka,Yadgiri,1785149,30,1.6805319892065032,0.1785958402499756,44.4,3.8,40.6,0.00391015156969962,0.5332241842190927,1.0,46.15,MODERATE RISK,98
2024,Karnataka,Koppal,1598407,24,1.5014949258855848,0.1785958402499756,44.4,3.8,40.6,0.003493579877714603,0.5332241842190927,1.0,46.14,MODERATE RISK,99
2024,Karnataka,Mysuru District,1785149,26,1.456461057312303,0.1785958402499756,44.4,3.8,40.6,0.003388798027073004,0.5332241842190927,1.0,46.13,MODERATE RISK,100
2024,Karnataka,Belagavi City,1785149,26,1.456461057312303,0.1785958402499756,44.4,3.8,40.6,0.003388798027073004,0.5332241842190927,1.0,46.13,MODERATE RISK,100
2024,Karnataka,Gadag,1224255,16,1.3069172680528158,0.1785958402499756,44.4,3.8,40.6,0.003040849350066321,0.5332241842190927,1.0,46.12,MODERATE RISK,101
2024,Karnataka,Chikkamagaluru,1785149,21,1.1763723924445524,0.1785958402499756,44.4,3.8,40.6,0.002737106098789734,0.5332241842190927,1.0,46.11,MODERATE RISK,102
2024,Karnataka,Bidar,1958794,22,1.123140054543765,0.1785958402499756,44.4,3.8,40.6,0.0026132485876335055,0.5332241842190927,1.0,46.1,MODERATE RISK,103
2024,Karnataka,Vijayanagara,1785149,20,1.120354659471002,0.1785958402499756,44.4,3.8,40.6,0.00260676771313308,0.5332241842190927,1.0,46.1,MODERATE RISK,103
2024,Karnataka,Ballari,1785149,18,1.0083191935239018,0.1785958402499756,44.4,3.8,40.6,0.0023460909418197714,0.5332241842190927,1.0,46.09,MODERATE RISK,104
2024,Karnataka,Bagalkot,2173214,19,0.8742811338413982,0.1785958402499756,44.4,3.8,40.6,0.002034219979033457,0.5332241842190927,1.0,46.08,MODERATE RISK,105
2024,Karnataka,Dakshina Kannada,2403096,21,0.8738727042115672,0.1785958402499756,44.4,3.8,40.6,0.0020332696717685833,0.5332241842190927,1.0,46.08,MODERATE RISK,105
2024,Karnataka,KGF,1785149,11,0.6161950627090511,0.1785958402499756,44.4,3.8,40.6,0.0014337222422231939,0.5332241842190927,1.0,46.05,MODERATE RISK,106
2024,Karnataka,Mandya,2076634,11,0.5297033564893958,0.1785958402499756,44.4,3.8,40.6,0.0012324790150707791,0.5332241842190927,1.0,46.05,MODERATE RISK,106
2024,Karnataka,Dharwad,2124076,10,0.4707929471450174,0.1785958402499756,44.4,3.8,40.6,0.001095410139828284,0.5332241842190927,1.0,46.04,MODERATE RISK,107
2024,Karnataka,Kolar,1766861,8,0.4527803828371332,0.1785958402499756,44.4,3.8,40.6,0.00105349968703408,0.5332241842190927,1.0,46.04,MODERATE RISK,107
2024,Karnataka,KRailways,1785149,0,0.0,0.1785958402499756,44.4,3.8,40.6,0.0,0.5332241842190927,1.0,46.0,MODERATE RISK,108
2024,Telangana,Warangal Commissionerate,3550945,177,4.984588609510989,0.2616064848931466,36.9,7.6,29.299999999999997,0.011597813728609276,0.7810646894033219,0.7216748768472906,45.55,MODERATE RISK,109
2024,Maharashtra,Total Districts ,3417201,7344,214.91273120896312,0.1064679265371306,25.2,3.7,21.5,0.5000448421585498,0.31787567500899566,0.5295566502463054,45.42,MODERATE RISK,110
2024,Telangana,Ramagundam Commissionerate,3550945,128,3.604674248685914,0.2616064848931466,36.9,7.6,29.299999999999997,0.008387119532553604,0.7810646894033219,0.7216748768472906,45.42,MODERATE RISK,110
2024,Telangana,Karimnagar Commissionerate,3550945,114,3.210413002735891,0.2616064848931466,36.9,7.6,29.299999999999997,0.00746977833368055,0.7810646894033219,0.7216748768472906,45.38,MODERATE RISK,111
2024,Telangana,Khammam Commissionerate,3550945,102,2.872474791921587,0.2616064848931466,36.9,7.6,29.299999999999997,0.006683485877503651,0.7810646894033219,0.7216748768472906,45.35,MODERATE RISK,112
2024,Telangana,Suryapet,3550945,103,2.900636309489446,0.2616064848931466,36.9,7.6,29.299999999999997,0.006749010248851727,0.7810646894033219,0.7216748768472906,45.35,MODERATE RISK,112
2024,Telangana,Nizamabad Commissionerate,3550945,79,2.224759887860837,0.2616064848931466,36.9,7.6,29.299999999999997,0.005176425336497926,0.7810646894033219,0.7216748768472906,45.29,MODERATE RISK,113
2024,Telangana,Jagityal,3550945,78,2.1965983702929783,0.2616064848931466,36.9,7.6,29.299999999999997,0.0051109009651498505,0.7810646894033219,0.7216748768472906,45.29,MODERATE RISK,113
2024,Telangana,Mahabubnagar,3550945,78,2.1965983702929783,0.2616064848931466,36.9,7.6,29.299999999999997,0.0051109009651498505,0.7810646894033219,0.7216748768472906,45.29,MODERATE RISK,113
2024,Telangana,Nalgonda,4012130,86,2.143499836745071,0.2616064848931466,36.9,7.6,29.299999999999997,0.004987354781182753,0.7810646894033219,0.7216748768472906,45.28,MODERATE RISK,114
2024,Telangana,Nirmal,3550945,72,2.0276292648858263,0.2616064848931466,36.9,7.6,29.299999999999997,0.004717754737061401,0.7810646894033219,0.7216748768472906,45.27,MODERATE RISK,115
2024,Telangana,Bhadradri Kothagudem,3550945,68,1.9149831946143911,0.2616064848931466,36.9,7.6,29.299999999999997,0.0044556572516691005,0.7810646894033219,0.7216748768472906,45.26,MODERATE RISK,116
2024,Telangana,Nagarkurnool,3550945,66,1.858660159478674,0.2616064848931466,36.9,7.6,29.299999999999997,0.004324608508972951,0.7810646894033219,0.7216748768472906,45.26,MODERATE RISK,116
2024,Telangana,Sangareddy,3550945,64,1.802337124342957,0.2616064848931466,36.9,7.6,29.299999999999997,0.004193559766276802,0.7810646894033219,0.7216748768472906,45.25,MODERATE RISK,117
2024,Telangana,Mahabubabad,3550945,61,1.7178525716393809,0.2616064848931466,36.9,7.6,29.299999999999997,0.003996986652232576,0.7810646894033219,0.7216748768472906,45.24,MODERATE RISK,118
2024,Telangana,Siddipet Commissionerate,3550945,54,1.5207219486643695,0.2616064848931466,36.9,7.6,29.299999999999997,0.00353831605279605,0.7810646894033219,0.7216748768472906,45.22,MODERATE RISK,119
2024,Telangana,Adilabad,3152424,30,0.9516486360971746,0.2616064848931466,36.9,7.6,29.299999999999997,0.002214233607058475,0.7810646894033219,0.7216748768472906,45.17,MODERATE RISK,120
2024,Telangana,Kamareddy ,3550945,34,0.9574915973071956,0.2616064848931466,36.9,7.6,29.299999999999997,0.0022278286258345503,0.7810646894033219,0.7216748768472906,45.17,MODERATE RISK,120
2024,Telangana,Medak,3488281,33,0.9460247038584334,0.2616064848931466,36.9,7.6,29.299999999999997,0.0022011482105218807,0.7810646894033219,0.7216748768472906,45.17,MODERATE RISK,120
2024,Telangana,Vikarabad,3550945,34,0.9574915973071956,0.2616064848931466,36.9,7.6,29.299999999999997,0.0022278286258345503,0.7810646894033219,0.7216748768472906,45.17,MODERATE RISK,120
2024,Telangana,Narayanpet,3550945,29,0.8166840094679022,0.2616064848931466,36.9,7.6,29.299999999999997,0.0019002067690941753,0.7810646894033219,0.7216748768472906,45.16,MODERATE RISK,121
2024,Telangana,Jayashankar Bhupalpalli,3550945,24,0.6758764216286087,0.2616064848931466,36.9,7.6,29.299999999999997,0.0015725849123538003,0.7810646894033219,0.7216748768472906,45.15,MODERATE RISK,122
2024,Telangana,Jogulamba Gadwal,3550945,21,0.5913918689250326,0.2616064848931466,36.9,7.6,29.299999999999997,0.0013760117983095752,0.7810646894033219,0.7216748768472906,45.14,MODERATE RISK,123
2024,Telangana,Rajanna Siricilla,3550945,21,0.5913918689250326,0.2616064848931466,36.9,7.6,29.299999999999997,0.0013760117983095752,0.7810646894033219,0.7216748768472906,45.14,MODERATE RISK,123
2024,Telangana,Kumaram Bheem Asifabad,3550945,20,0.5632303513571739,0.2616064848931466,36.9,7.6,29.299999999999997,0.0013104874269615002,0.7810646894033219,0.7216748768472906,45.13,MODERATE RISK,124
2024,Telangana,Mulug,3550945,18,0.5069073162214566,0.2616064848931466,36.9,7.6,29.299999999999997,0.0011794386842653502,0.7810646894033219,0.7216748768472906,45.13,MODERATE RISK,124
2024,Telangana,Wanaparthy,3550945,0,0.0,0.2616064848931466,36.9,7.6,29.299999999999997,0.0,0.7810646894033219,0.7216748768472906,45.08,MODERATE RISK,125
2024,Telangana,Railway Police Secunderabad,3550945,0,0.0,0.2616064848931466,36.9,7.6,29.299999999999997,0.0,0.7810646894033219,0.7216748768472906,45.08,MODERATE RISK,125
2024,Manipur,Total Districts ,364906,41,11.235770307969725,0.1993166287015945,39.6,4.4,35.2,0.02614265315308655,0.5950891498477778,0.8669950738916257,44.91,MODERATE RISK,126
2024,Manipur,Imphal West,595690,18,3.0217059208648798,0.1993166287015945,39.6,4.4,35.2,0.00703070707700083,0.5950891498477778,0.8669950738916257,44.14,MODERATE RISK,127
2024,Manipur,Imphal East,524529,11,2.097119511027989,0.1993166287015945,39.6,4.4,35.2,0.004879440082402484,0.5950891498477778,0.8669950738916257,44.06,MODERATE RISK,128
2024,Manipur,Tengnoupal,364906,4,1.096172712972656,0.1993166287015945,39.6,4.4,35.2,0.00255050274664259,0.5950891498477778,0.8669950738916257,43.96,MODERATE RISK,129
2024,Manipur,Thoubal,485493,4,0.8239047730863267,0.1993166287015945,39.6,4.4,35.2,0.0019170075681139809,0.5950891498477778,0.8669950738916257,43.94,MODERATE RISK,130
2024,Manipur,Churachandpur,315264,2,0.6343889565570443,0.1993166287015945,39.6,4.4,35.2,0.0014760546006939597,0.5950891498477778,0.8669950738916257,43.92,MODERATE RISK,131
2024,Manipur,Senapati,551020,2,0.3629632318246162,0.1993166287015945,39.6,4.4,35.2,0.0008445190331261669,0.5950891498477778,0.8669950738916257,43.9,MODERATE RISK,132
2024,Manipur,Bishnupur,273008,0,0.0,0.1993166287015945,39.6,4.4,35.2,0.0,0.5950891498477778,0.8669950738916257,43.86,MODERATE RISK,133
2024,Manipur,Chandel,165809,0,0.0,0.1993166287015945,39.6,4.4,35.2,0.0,0.5950891498477778,0.8669950738916257,43.86,MODERATE RISK,133
2024,Manipur,CID,364906,0,0.0,0.1993166287015945,39.6,4.4,35.2,0.0,0.5950891498477778,0.8669950738916257,43.86,MODERATE RISK,133
2024,Manipur,Tamenglong,161748,0,0.0,0.1993166287015945,39.6,4.4,35.2,0.0,0.5950891498477778,0.8669950738916257,43.86,MODERATE RISK,133
2024,Manipur,Ukhrul,211597,0,0.0,0.1993166287015945,39.6,4.4,35.2,0.0,0.5950891498477778,0.8669950738916257,43.86,MODERATE RISK,133
2024,Manipur,Kakching,364906,0,0.0,0.1993166287015945,39.6,4.4,35.2,0.0,0.5950891498477778,0.8669950738916257,43.86,MODERATE RISK,133
2024,Manipur,Kamjong,364906,0,0.0,0.1993166287015945,39.6,4.4,35.2,0.0,0.5950891498477778,0.8669950738916257,43.86,MODERATE RISK,133
2024,Manipur,Kangpokpi,364906,0,0.0,0.1993166287015945,39.6,4.4,35.2,0.0,0.5950891498477778,0.8669950738916257,43.86,MODERATE RISK,133
2024,Manipur,Jiribam,364906,0,0.0,0.1993166287015945,39.6,4.4,35.2,0.0,0.5950891498477778,0.8669950738916257,43.86,MODERATE RISK,133
2024,Manipur,Noney,364906,0,0.0,0.1993166287015945,39.6,4.4,35.2,0.0,0.5950891498477778,0.8669950738916257,43.86,MODERATE RISK,133
2024,Manipur,Pherzawl,364906,0,0.0,0.1993166287015945,39.6,4.4,35.2,0.0,0.5950891498477778,0.8669950738916257,43.86,MODERATE RISK,133
2024,Manipur,Narcotic,364906,0,0.0,0.1993166287015945,39.6,4.4,35.2,0.0,0.5950891498477778,0.8669950738916257,43.86,MODERATE RISK,133
2024,Jharkhand,Simdega,689514,92,13.342731257088325,0.2265305090743642,31.5,2.9,28.6,0.031044991647923462,0.6763401976935469,0.7044334975369458,42.67,MODERATE RISK,134
2024,Jharkhand,Latehar,836024,82,9.808330861314989,0.2265305090743642,31.5,2.9,28.6,0.022821380705530466,0.6763401976935469,0.7044334975369458,42.34,MODERATE RISK,135
2024,Jharkhand,Ranchi,3351390,326,9.727307177022071,0.2265305090743642,31.5,2.9,28.6,0.02263286011303024,0.6763401976935469,0.7044334975369458,42.33,MODERATE RISK,136
2024,Jharkhand,Jamshedpur,1648218,134,8.129992513126297,0.2265305090743642,31.5,2.9,28.6,0.01891633315582228,0.6763401976935469,0.7044334975369458,42.18,MODERATE RISK,137
2024,Jharkhand,Pakur,1035485,84,8.11214068769707,0.2265305090743642,31.5,2.9,28.6,0.01887479669970456,0.6763401976935469,0.7044334975369458,42.18,MODERATE RISK,137
2024,Jharkhand,Hazaribagh,1994669,156,7.820846466255804,0.2265305090743642,31.5,2.9,28.6,0.01819703241760316,0.6763401976935469,0.7044334975369458,42.15,MODERATE RISK,138
2024,Jharkhand,Garhwa,1521201,109,7.165391029850756,0.2265305090743642,31.5,2.9,28.6,0.016671961713809243,0.6763401976935469,0.7044334975369458,42.09,MODERATE RISK,139
2024,Jharkhand,Chatra,1199318,79,6.5870769887552765,0.2265305090743642,31.5,2.9,28.6,0.015326378547233201,0.6763401976935469,0.7044334975369458,42.04,MODERATE RISK,140
2024,Jharkhand,Gumla,1178994,70,5.937265159958405,0.2265305090743642,31.5,2.9,28.6,0.013814439019334547,0.6763401976935469,0.7044334975369458,41.98,MODERATE RISK,141
2024,Jharkhand,Palamu,2230849,134,6.00668176106944,0.2265305090743642,31.5,2.9,28.6,0.013975953012249187,0.6763401976935469,0.7044334975369458,41.98,MODERATE RISK,141
2024,Jharkhand,Sahebganj,1648218,96,5.824472248209885,0.2265305090743642,31.5,2.9,28.6,0.013551999872827904,0.6763401976935469,0.7044334975369458,41.97,MODERATE RISK,142
2024,Jharkhand,Chaibasa,1648218,91,5.52111431861562,0.2265305090743642,31.5,2.9,28.6,0.012846166546118117,0.6763401976935469,0.7044334975369458,41.94,MODERATE RISK,143
2024,Jharkhand,Khunti,611667,34,5.558580077068078,0.2265305090743642,31.5,2.9,28.6,0.01293333941468817,0.6763401976935469,0.7044334975369458,41.94,MODERATE RISK,143
2024,Jharkhand,Ramgarh,1091859,58,5.312041206785858,0.2265305090743642,31.5,2.9,28.6,0.012359708947182954,0.6763401976935469,0.7044334975369458,41.92,MODERATE RISK,144
2024,Jharkhand,Lohardagga,1648218,82,4.975070045345944,0.2265305090743642,31.5,2.9,28.6,0.011575666558040503,0.6763401976935469,0.7044334975369458,41.89,MODERATE RISK,145
2024,Jharkhand,Jamtara,909698,44,4.836770004990667,0.2265305090743642,31.5,2.9,28.6,0.011253879098261147,0.6763401976935469,0.7044334975369458,41.87,MODERATE RISK,146
2024,Jharkhand,Dhanbad,3087160,140,4.534912346622786,0.2265305090743642,31.5,2.9,28.6,0.010551536504205363,0.6763401976935469,0.7044334975369458,41.85,MODERATE RISK,147
2024,Jharkhand,Dumka,1519658,67,4.408886736357785,0.2265305090743642,31.5,2.9,28.6,0.010258308383012194,0.6763401976935469,0.7044334975369458,41.83,MODERATE RISK,148
2024,Jharkhand,Godda,1510583,65,4.302974414514131,0.2265305090743642,31.5,2.9,28.6,0.010011878541648069,0.6763401976935469,0.7044334975369458,41.82,MODERATE RISK,149
2024,Jharkhand,Deoghar,1715883,63,3.671579006260916,0.2265305090743642,31.5,2.9,28.6,0.008542789132735264,0.6763401976935469,0.7044334975369458,41.76,MODERATE RISK,150
2024,Jharkhand,Giridih,2812295,87,3.093558819398392,0.2265305090743642,31.5,2.9,28.6,0.007197889686908148,0.6763401976935469,0.7044334975369458,41.71,MODERATE RISK,151
2024,Jharkhand,Bokaro,2371679,50,2.10821110276728,0.2265305090743642,31.5,2.9,28.6,0.004905247270321789,0.6763401976935469,0.7044334975369458,41.62,MODERATE RISK,152
2024,Jharkhand,Koderma,1648218,29,1.759475991646736,0.2265305090743642,31.5,2.9,28.6,0.004093833294916763,0.6763401976935469,0.7044334975369458,41.59,MODERATE RISK,153
2024,Jharkhand,Saraikela,1648218,29,1.759475991646736,0.2265305090743642,31.5,2.9,28.6,0.004093833294916763,0.6763401976935469,0.7044334975369458,41.59,MODERATE RISK,153
2024,Jharkhand,Dhanbad Railway,1648218,0,0.0,0.2265305090743642,31.5,2.9,28.6,0.0,0.6763401976935469,0.7044334975369458,41.42,MODERATE RISK,154
2024,Jharkhand,Jamshedpur Railway,1648218,0,0.0,0.2265305090743642,31.5,2.9,28.6,0.0,0.6763401976935469,0.7044334975369458,41.42,MODERATE RISK,154
2024,Odisha,Total Districts ,1638572,2845,173.6267921092268,0.0744934445768772,30.4,5.4,25.0,0.40398342790747016,0.22241114999418898,0.6157635467980296,41.3,MODERATE RISK,155
2024,West Bengal,Total Districts ,4419516,3311,74.91770592073883,0.1918958985340141,27.0,5.9,21.1,0.17431360264828324,0.572933467025716,0.5197044334975369,39.75,MODERATE RISK,156
2024,Chhattisgarh,Bilaspur,439249,220,50.08548681954882,0.2034342762063228,29.6,6.8,22.8,0.11653562453107429,0.607382992910065,0.5615763546798029,39.73,MODERATE RISK,157
2024,Andhra Pradesh,Total Districts ,4427452,1484,33.518149942675834,0.171096840622121,30.0,4.4,25.6,0.07798783209932483,0.5108348163960501,0.6305418719211823,37.36,MODERATE RISK,158
2024,Tamil Nadu,Total Districts ,2769939,953,34.40508978717582,0.1012022523208035,38.1,5.3,32.800000000000004,0.08005150553575746,0.3021542291207009,0.8078817733990149,36.5,MODERATE RISK,159
2024,Chhattisgarh,Korba,1387636,190,13.692351596528194,0.2034342762063228,29.6,6.8,22.8,0.03185846531450044,0.607382992910065,0.5615763546798029,36.34,MODERATE RISK,160
2024,Chhattisgarh,Jashpur,979419,110,11.231148262388212,0.2034342762063228,29.6,6.8,22.8,0.026131898880688374,0.607382992910065,0.5615763546798029,36.11,MODERATE RISK,161
2024,Chhattisgarh,Sarguja,1885744,193,10.234687210989405,0.2034342762063228,29.6,6.8,22.8,0.02381339868593082,0.607382992910065,0.5615763546798029,36.02,MODERATE RISK,162
2024,Chhattisgarh,Narayanpur,160793,14,8.706846691087298,0.2034342762063228,29.6,6.8,22.8,0.020258519608641314,0.607382992910065,0.5615763546798029,35.88,MODERATE RISK,163
2024,Chhattisgarh,Mahasamund,1187667,98,8.251471161529285,0.2034342762063228,29.6,6.8,22.8,0.019198981704489426,0.607382992910065,0.5615763546798029,35.84,MODERATE RISK,164
2024,Chhattisgarh,Bilaspur,3063173,220,7.182095167331391,0.2034342762063228,29.6,6.8,22.8,0.016710827804910088,0.607382992910065,0.5615763546798029,35.74,MODERATE RISK,165
2024,Chhattisgarh,Raigarh,1718081,106,6.169674188818804,0.2034342762063228,29.6,6.8,22.8,0.01435519309890428,0.607382992910065,0.5615763546798029,35.64,MODERATE RISK,166
2024,Chhattisgarh,Balrampur,2470964,130,5.261104572952095,0.2034342762063228,29.6,6.8,22.8,0.012241192929624523,0.607382992910065,0.5615763546798029,35.56,MODERATE RISK,167
2024,Chhattisgarh,Raipur,4673452,228,4.878620771113087,0.2034342762063228,29.6,6.8,22.8,0.011351254714969271,0.607382992910065,0.5615763546798029,35.52,MODERATE RISK,168
2024,Chhattisgarh,Jagdalpur,1885744,78,4.136298458327324,0.2034342762063228,29.6,6.8,22.8,0.00962406786270779,0.607382992910065,0.5615763546798029,35.45,MODERATE RISK,169
2024,Chhattisgarh,Janjgir,1885744,77,4.08326899091287,0.2034342762063228,29.6,6.8,22.8,0.009500682377288459,0.607382992910065,0.5615763546798029,35.45,MODERATE RISK,169
2024,Chhattisgarh,Koriya,757754,30,3.9590685103608823,0.2034342762063228,29.6,6.8,22.8,0.009211700848161418,0.607382992910065,0.5615763546798029,35.44,MODERATE RISK,170
2024,Chhattisgarh,Manendragarh-Chirmiri-Bharatpur,1885744,73,3.871151121255059,0.2034342762063228,29.6,6.8,22.8,0.009007140435611136,0.607382992910065,0.5615763546798029,35.43,MODERATE RISK,171
2024,Chhattisgarh,Durg,3845452,139,3.614659603084371,0.2034342762063228,29.6,6.8,22.8,0.008410352800010517,0.607382992910065,0.5615763546798029,35.41,MODERATE RISK,172
2024,Chhattisgarh,Rajnandgaon,1767702,63,3.563949127171888,0.2034342762063228,29.6,6.8,22.8,0.008292362991864685,0.607382992910065,0.5615763546798029,35.4,MODERATE RISK,173
2024,Chhattisgarh,Raigarh,3029329,106,3.499124723659926,0.2034342762063228,29.6,6.8,22.8,0.008141533823021059,0.607382992910065,0.5615763546798029,35.39,MODERATE RISK,174
2024,Chhattisgarh,Dhamtari,919748,31,3.3704884381374027,0.2034342762063228,29.6,6.8,22.8,0.007842231353929877,0.607382992910065,0.5615763546798029,35.38,MODERATE RISK,175
2024,Chhattisgarh,Kondagaon,1885744,62,3.287826979696077,0.2034342762063228,29.6,6.8,22.8,0.0076499000959984985,0.607382992910065,0.5615763546798029,35.37,MODERATE RISK,176
2024,Chhattisgarh,Balodbazar,1885744,60,3.181768044867172,0.2034342762063228,29.6,6.8,22.8,0.007403129125159839,0.607382992910065,0.5615763546798029,35.36,MODERATE RISK,177
2024,Chhattisgarh,Surajpur,1885744,56,2.9696501752093605,0.2034342762063228,29.6,6.8,22.8,0.006909587183482516,0.607382992910065,0.5615763546798029,35.35,MODERATE RISK,178
2024,Chhattisgarh,Sarangarh-Bilaigarh,1885744,50,2.651473370722643,0.2034342762063228,29.6,6.8,22.8,0.006169274270966531,0.607382992910065,0.5615763546798029,35.32,MODERATE RISK,179
2024,Chhattisgarh,Balod,1885744,45,2.386326033650379,0.2034342762063228,29.6,6.8,22.8,0.005552346843869878,0.607382992910065,0.5615763546798029,35.29,MODERATE RISK,180
2024,Chhattisgarh,Kanker,1885744,45,2.386326033650379,0.2034342762063228,29.6,6.8,22.8,0.005552346843869878,0.607382992910065,0.5615763546798029,35.29,MODERATE RISK,180
2024,Delhi,North,50265,131,260.6187207798667,0.0637484062898427,12.5,5.3,7.2,0.6063905398383233,0.19033025568563483,0.17733990147783252,35.29,MODERATE RISK,180
2024,Chhattisgarh,Sakti,1885744,38,2.0151197617492085,0.2034342762063228,29.6,6.8,22.8,0.004688648445934564,0.607382992910065,0.5615763546798029,35.26,MODERATE RISK,181
2024,Chhattisgarh,Gariyaband,1885744,36,1.909060826920303,0.2034342762063228,29.6,6.8,22.8,0.004441877475095903,0.607382992910065,0.5615763546798029,35.25,MODERATE RISK,182
2024,Chhattisgarh,Gaurela-Pendra-Marwari,1885744,35,1.8560313595058504,0.2034342762063228,29.6,6.8,22.8,0.004318491989676572,0.607382992910065,0.5615763546798029,35.24,MODERATE RISK,183
2024,Chhattisgarh,Bemetra,1885744,28,1.4848250876046802,0.2034342762063228,29.6,6.8,22.8,0.003454793591741258,0.607382992910065,0.5615763546798029,35.21,MODERATE RISK,184
2024,Chhattisgarh,Mungali,1885744,24,1.2727072179468688,0.2034342762063228,29.6,6.8,22.8,0.0029612516500639352,0.607382992910065,0.5615763546798029,35.19,MODERATE RISK,185
2024,Chhattisgarh,Bizapur,1885744,22,1.166648283117963,0.2034342762063228,29.6,6.8,22.8,0.0027144806792252737,0.607382992910065,0.5615763546798029,35.18,MODERATE RISK,186
2024,Chhattisgarh,Khairagarh - Chhuikhadan-Gandai,1885744,22,1.166648283117963,0.2034342762063228,29.6,6.8,22.8,0.0027144806792252737,0.607382992910065,0.5615763546798029,35.18,MODERATE RISK,186
2024,Chhattisgarh,Kabirdham,1885744,21,1.11361881570351,0.2034342762063228,29.6,6.8,22.8,0.002591095193805943,0.607382992910065,0.5615763546798029,35.17,MODERATE RISK,187
2024,Chhattisgarh,Dantewara,1885744,17,0.9015009460456987,0.2034342762063228,29.6,6.8,22.8,0.0020975532521286208,0.607382992910065,0.5615763546798029,35.15,MODERATE RISK,188
2024,Chhattisgarh,Sukma,1885744,17,0.9015009460456987,0.2034342762063228,29.6,6.8,22.8,0.0020975532521286208,0.607382992910065,0.5615763546798029,35.15,MODERATE RISK,188
2024,Chhattisgarh,Mohla-Manpur-Ambagarh Chouki,1885744,12,0.6363536089734344,0.2034342762063228,29.6,6.8,22.8,0.0014806258250319676,0.607382992910065,0.5615763546798029,35.13,MODERATE RISK,189
2024,Chhattisgarh,GRP Raipur,1885744,4,0.2121178696578115,0.2034342762063228,29.6,6.8,22.8,0.0004935419416773226,0.607382992910065,0.5615763546798029,35.09,MODERATE RISK,190
2024,Andhra Pradesh,NTR,4427452,131,2.958812427554268,0.171096840622121,30.0,4.4,25.6,0.006884370623323147,0.5108348163960501,0.6305418719211823,34.52,MODERATE RISK,191
2024,Andhra Pradesh,Visakhapatnam,4934177,134,2.7157517859614684,0.171096840622121,30.0,4.4,25.6,0.006318833070119514,0.5108348163960501,0.6305418719211823,34.49,MODERATE RISK,192
2024,Andhra Pradesh,Sri Potti Sriramulu Nellore,3408090,70,2.053936369051286,0.171096840622121,30.0,4.4,25.6,0.004778964380976239,0.5108348163960501,0.6305418719211823,34.43,MODERATE RISK,193
2024,Andhra Pradesh,Vizianagaram,2696145,51,1.8915896585680665,0.171096840622121,30.0,4.4,25.6,0.004401226706889318,0.5108348163960501,0.6305418719211823,34.42,MODERATE RISK,194
2024,Andhra Pradesh,West Godavari,4527510,87,1.9215860373582831,0.171096840622121,30.0,4.4,25.6,0.004471020312940966,0.5108348163960501,0.6305418719211823,34.42,MODERATE RISK,194
2024,Andhra Pradesh,Dr BR Ambedkar Konaseema,4427452,72,1.626217517434407,0.171096840622121,30.0,4.4,25.6,0.003783776220452417,0.5108348163960501,0.6305418719211823,34.39,MODERATE RISK,195
2024,Andhra Pradesh,Eluru,4427452,72,1.626217517434407,0.171096840622121,30.0,4.4,25.6,0.003783776220452417,0.5108348163960501,0.6305418719211823,34.39,MODERATE RISK,195
2024,Andhra Pradesh,Guntur,5620984,88,1.5655621862648958,0.171096840622121,30.0,4.4,25.6,0.0036426473755947248,0.5108348163960501,0.6305418719211823,34.39,MODERATE RISK,195
2024,Andhra Pradesh,Kakinada,4427452,72,1.626217517434407,0.171096840622121,30.0,4.4,25.6,0.003783776220452417,0.5108348163960501,0.6305418719211823,34.39,MODERATE RISK,195
2024,Andhra Pradesh,Krishna,5195007,83,1.5976879338179908,0.171096840622121,30.0,4.4,25.6,0.0037173954571720473,0.5108348163960501,0.6305418719211823,34.39,MODERATE RISK,195
2024,Andhra Pradesh,East Godavari,5927440,80,1.3496551631058264,0.171096840622121,30.0,4.4,25.6,0.0031402890801639862,0.5108348163960501,0.6305418719211823,34.37,MODERATE RISK,196
2024,Andhra Pradesh,Prakasam,3907065,50,1.2797329965076087,0.171096840622121,30.0,4.4,25.6,0.0029775987706448476,0.5108348163960501,0.6305418719211823,34.36,MODERATE RISK,197
2024,Andhra Pradesh,Tirupati,4427452,56,1.2648358468934275,0.171096840622121,30.0,4.4,25.6,0.00294293706035188,0.5108348163960501,0.6305418719211823,34.36,MODERATE RISK,197
2024,Andhra Pradesh,Anantapuramu,4427452,52,1.1744904292581828,0.171096840622121,30.0,4.4,25.6,0.0027327272703267457,0.5108348163960501,0.6305418719211823,34.35,MODERATE RISK,198
2024,Andhra Pradesh,Sri Sathya Sai,4427452,51,1.1519040748493716,0.171096840622121,30.0,4.4,25.6,0.0026801748228204624,0.5108348163960501,0.6305418719211823,34.35,MODERATE RISK,198
2024,Andhra Pradesh,Srikakulam,3108581,35,1.1259156509030968,0.171096840622121,30.0,4.4,25.6,0.00261970666313043,0.5108348163960501,0.6305418719211823,34.35,MODERATE RISK,198
2024,Andhra Pradesh,Bapatla,4427452,42,0.9486268851700708,0.171096840622121,30.0,4.4,25.6,0.0022072027952639104,0.5108348163960501,0.6305418719211823,34.33,MODERATE RISK,199
2024,Andhra Pradesh,Palnadu,4427452,40,0.9034541763524484,0.171096840622121,30.0,4.4,25.6,0.0021020979002513433,0.5108348163960501,0.6305418719211823,34.33,MODERATE RISK,199
2024,Andhra Pradesh,Alluri Sitharama Raju,4427452,37,0.8356951131260146,0.171096840622121,30.0,4.4,25.6,0.001944440557732492,0.5108348163960501,0.6305418719211823,34.32,MODERATE RISK,200
2024,Andhra Pradesh,Anakapalli,4427452,38,0.8582814675348259,0.171096840622121,30.0,4.4,25.6,0.001996993005238776,0.5108348163960501,0.6305418719211823,34.32,MODERATE RISK,200
2024,Andhra Pradesh,Kurnool,4661482,41,0.8795486070738876,0.171096840622121,30.0,4.4,25.6,0.0020464759901422333,0.5108348163960501,0.6305418719211823,34.32,MODERATE RISK,200
2024,Andhra Pradesh,Chittoor,4800173,28,0.5833123097855015,0.171096840622121,30.0,4.4,25.6,0.0013572128102184082,0.5108348163960501,0.6305418719211823,34.3,MODERATE RISK,201
2024,Andhra Pradesh,YSR,3314839,22,0.6636823085525421,0.171096840622121,30.0,4.4,25.6,0.0015442124501265325,0.5108348163960501,0.6305418719211823,34.3,MODERATE RISK,201
2024,Andhra Pradesh,Parvathipuram Manyam,4427452,21,0.4743134425850353,0.171096840622121,30.0,4.4,25.6,0.001103601397631955,0.5108348163960501,0.6305418719211823,34.29,MODERATE RISK,202
2024,Gujarat,Total Districts ,2894401,1382,47.7473577434502,0.2052152471669115,17.0,1.5,15.5,0.11109541920574506,0.6127003440098925,0.3817733990147783,34.28,MODERATE RISK,203
2024,Andhra Pradesh,Annamayya,4427452,16,0.3613816705409793,0.171096840622121,30.0,4.4,25.6,0.0008408391601005371,0.5108348163960501,0.6305418719211823,34.27,MODERATE RISK,204
2024,Andhra Pradesh,Nandyal,4427452,15,0.3387953161321681,0.171096840622121,30.0,4.4,25.6,0.0007882867125942536,0.5108348163960501,0.6305418719211823,34.27,MODERATE RISK,204
2024,Andhra Pradesh,Guntakal Railway,4427452,0,0.0,0.171096840622121,30.0,4.4,25.6,0.0,0.5108348163960501,0.6305418719211823,34.24,MODERATE RISK,205
2024,Andhra Pradesh,Viiayawada Railway,4427452,0,0.0,0.171096840622121,30.0,4.4,25.6,0.0,0.5108348163960501,0.6305418719211823,34.24,MODERATE RISK,205
2024,Assam,Guwahati City,1324826,165,12.454465718516998,0.1518562906505433,32.0,5.9,26.1,0.02897823367350685,0.45338932075538324,0.6428571428571429,34.05,MODERATE RISK,206
2024,Assam,Bongaigaon,849624,96,11.299115844185192,0.1518562906505433,32.0,5.9,26.1,0.026290041390535885,0.45338932075538324,0.6428571428571429,33.94,MODERATE RISK,207
2024,Assam,Morigaon,1101036,103,9.354825818592673,0.1518562906505433,32.0,5.9,26.1,0.02176619492742181,0.45338932075538324,0.6428571428571429,33.76,MODERATE RISK,208
2024,Assam,Dhubri,2241646,172,7.672933192841332,0.1518562906505433,32.0,5.9,26.1,0.01785287751788352,0.45338932075538324,0.6428571428571429,33.6,MODERATE RISK,209
2024,Assam,Karimganj,1412988,106,7.501832995043128,0.1518562906505433,32.0,5.9,26.1,0.01745477280384445,0.45338932075538324,0.6428571428571429,33.59,MODERATE RISK,210
2024,West Bengal,Murshidabad Police District,4419516,383,8.666107329399871,0.1918958985340141,27.0,5.9,21.1,0.02016372993485125,0.572933467025716,0.5197044334975369,33.59,MODERATE RISK,210
2024,Assam,Hailakandi,758190,56,7.3860114219390915,0.1518562906505433,32.0,5.9,26.1,0.017185286766811816,0.45338932075538324,0.6428571428571429,33.57,MODERATE RISK,211
2024,Tamil Nadu,Virudhunagar,2233631,54,2.4175882229428227,0.1012022523208035,38.1,5.3,32.800000000000004,0.00562508565474596,0.3021542291207009,0.8078817733990149,33.53,MODERATE RISK,212
2024,West Bengal,Malda,4419516,357,8.077807615132517,0.1918958985340141,27.0,5.9,21.1,0.018794912759117224,0.572933467025716,0.5197044334975369,33.53,MODERATE RISK,212
2024,Assam,Kamrup,1745173,118,6.761507311882547,0.1518562906505433,32.0,5.9,26.1,0.015732231578392313,0.45338932075538324,0.6428571428571429,33.52,MODERATE RISK,213
2024,Tamil Nadu,Chennai,5343741,116,2.1707638899415223,0.1012022523208035,38.1,5.3,32.800000000000004,0.005050790991315722,0.3021542291207009,0.8078817733990149,33.5,MODERATE RISK,214
2024,Tamil Nadu,Ariyalur,868128,18,2.07342696007962,0.1012022523208035,38.1,5.3,32.800000000000004,0.004824313809367541,0.3021542291207009,0.8078817733990149,33.49,MODERATE RISK,215
2024,Assam,Chirang,554486,35,6.31215215532944,0.1518562906505433,32.0,5.9,26.1,0.014686701483140526,0.45338932075538324,0.6428571428571429,33.47,MODERATE RISK,216
2024,Assam,Hojai,1324826,83,6.264973664466126,0.1518562906505433,32.0,5.9,26.1,0.014576929666067082,0.45338932075538324,0.6428571428571429,33.47,MODERATE RISK,216
2024,Assam,Nalbari,887384,54,6.085302416991968,0.1518562906505433,32.0,5.9,26.1,0.014158882396004291,0.45338932075538324,0.6428571428571429,33.45,MODERATE RISK,217
2024,Tamil Nadu,Karur,1224166,18,1.4703888198169204,0.1012022523208035,38.1,5.3,32.800000000000004,0.003421204231042705,0.3021542291207009,0.8078817733990149,33.44,MODERATE RISK,218
2024,Tamil Nadu,Theni,1432783,21,1.465679031646802,0.1012022523208035,38.1,5.3,32.800000000000004,0.003410245804946314,0.3021542291207009,0.8078817733990149,33.44,MODERATE RISK,218
2024,Tamil Nadu,Trichy,2769939,41,1.480177000287732,0.1012022523208035,38.1,5.3,32.800000000000004,0.0034439787271417165,0.3021542291207009,0.8078817733990149,33.44,MODERATE RISK,218
2024,Tamil Nadu,Perambalur,650006,8,1.2307578699273545,0.1012022523208035,38.1,5.3,32.800000000000004,0.0028636466594657924,0.3021542291207009,0.8078817733990149,33.42,MODERATE RISK,219
2024,Tamil Nadu,Thirunelveli,2769939,34,1.2274638538971434,0.1012022523208035,38.1,5.3,32.800000000000004,0.00285598235909313,0.3021542291207009,0.8078817733990149,33.42,MODERATE RISK,219
2024,Tamil Nadu,Thoothukudi,2769939,36,1.2996676100087403,0.1012022523208035,38.1,5.3,32.800000000000004,0.003023981321392727,0.3021542291207009,0.8078817733990149,33.42,MODERATE RISK,219
2024,Tamil Nadu,Coimbatore City,3976751,46,1.1567231642111866,0.1012022523208035,38.1,5.3,32.800000000000004,0.002691387563758242,0.3021542291207009,0.8078817733990149,33.41,MODERATE RISK,220
2024,Tamil Nadu,Cuddalore,2996801,34,1.1345431344957506,0.1012022523208035,38.1,5.3,32.800000000000004,0.002639780525888795,0.3021542291207009,0.8078817733990149,33.41,MODERATE RISK,220
2024,Tamil Nadu,Dindigul,2483741,30,1.2078554084342932,0.1012022523208035,38.1,5.3,32.800000000000004,0.002810358714736241,0.3021542291207009,0.8078817733990149,33.41,MODERATE RISK,220
2024,Tamil Nadu,Villupuram,2769939,32,1.1552600977855467,0.1012022523208035,38.1,5.3,32.800000000000004,0.0026879833967935344,0.3021542291207009,0.8078817733990149,33.41,MODERATE RISK,220
2024,Tamil Nadu,Tiruppattur,2769939,31,1.1191582197297485,0.1012022523208035,38.1,5.3,32.800000000000004,0.002603983915643737,0.3021542291207009,0.8078817733990149,33.41,MODERATE RISK,220
2024,Assam,Goalpara,1159410,64,5.52004899043479,0.1518562906505433,32.0,5.9,26.1,0.012843687810405098,0.45338932075538324,0.6428571428571429,33.4,MODERATE RISK,221
2024,Tamil Nadu,Madurai,3493989,39,1.116202712716039,0.1012022523208035,38.1,5.3,32.800000000000004,0.0025971072358404734,0.3021542291207009,0.8078817733990149,33.4,MODERATE RISK,221
2024,Tamil Nadu,Thiruvannamalai,2769939,29,1.0469544636181518,0.1012022523208035,38.1,5.3,32.800000000000004,0.002435984953344141,0.3021542291207009,0.8078817733990149,33.4,MODERATE RISK,221
2024,Tamil Nadu,Tambaram,2769939,26,0.9386488294507568,0.1012022523208035,38.1,5.3,32.800000000000004,0.002183986509894747,0.3021542291207009,0.8078817733990149,33.39,MODERATE RISK,222
2024,Tamil Nadu,Thanjavur,2766773,23,0.8312933514964906,0.1012022523208035,38.1,5.3,32.800000000000004,0.0019341988275805694,0.3021542291207009,0.8078817733990149,33.38,MODERATE RISK,223
2024,Tamil Nadu,Chengalpattu,2769939,23,0.8303431952833619,0.1012022523208035,38.1,5.3,32.800000000000004,0.0019319880664453533,0.3021542291207009,0.8078817733990149,33.38,MODERATE RISK,223
2024,Assam,Darrang,1067775,55,5.150897895155815,0.1518562906505433,32.0,5.9,26.1,0.011984771262590399,0.45338932075538324,0.6428571428571429,33.37,MODERATE RISK,224
2024,Assam,Golaghat,1226921,63,5.134804930390791,0.1518562906505433,32.0,5.9,26.1,0.011947327208064075,0.45338932075538324,0.6428571428571429,33.37,MODERATE RISK,224
2024,Assam,Kokrajhar,1020213,53,5.194993594474879,0.1518562906505433,32.0,5.9,26.1,0.01208737024256629,0.45338932075538324,0.6428571428571429,33.37,MODERATE RISK,224
2024,Assam,Udalguri,956418,50,5.227839710252212,0.1518562906505433,32.0,5.9,26.1,0.012163794429663088,0.45338932075538324,0.6428571428571429,33.37,MODERATE RISK,224
2024,Tamil Nadu,Kanchipuram,2769939,20,0.7220375611159668,0.1012022523208035,38.1,5.3,32.800000000000004,0.0016799896229959593,0.3021542291207009,0.8078817733990149,33.37,MODERATE RISK,224
2024,Tamil Nadu,Tiruppur,2850909,22,0.7716836980766485,0.1012022523208035,38.1,5.3,32.800000000000004,0.0017955029971019716,0.3021542291207009,0.8078817733990149,33.37,MODERATE RISK,224
2024,Tamil Nadu,Kallakurichi,2769939,20,0.7220375611159668,0.1012022523208035,38.1,5.3,32.800000000000004,0.0016799896229959593,0.3021542291207009,0.8078817733990149,33.37,MODERATE RISK,224
2024,Tamil Nadu,Nagapattinam,1858917,12,0.6455371595396674,0.1012022523208035,38.1,5.3,32.800000000000004,0.0015019935079398825,0.3021542291207009,0.8078817733990149,33.36,MODERATE RISK,225
2024,Tamil Nadu,Namakkal,1985591,12,0.604354068889313,0.1012022523208035,38.1,5.3,32.800000000000004,0.0014061713947127491,0.3021542291207009,0.8078817733990149,33.36,MODERATE RISK,225
2024,Tamil Nadu,Avadi,2769939,17,0.6137319269485717,0.1012022523208035,38.1,5.3,32.800000000000004,0.001427991179546565,0.3021542291207009,0.8078817733990149,33.36,MODERATE RISK,225
2024,Tamil Nadu,Krishnagiri,2161780,12,0.5550981135915772,0.1012022523208035,38.1,5.3,32.800000000000004,0.001291565869699545,0.3021542291207009,0.8078817733990149,33.35,MODERATE RISK,226
2024,Tamil Nadu,Sivagangai,2769939,14,0.5054262927811768,0.1012022523208035,38.1,5.3,32.800000000000004,0.0011759927360971716,0.3021542291207009,0.8078817733990149,33.35,MODERATE RISK,226
2024,Tamil Nadu,Tenkasi,2769939,14,0.5054262927811768,0.1012022523208035,38.1,5.3,32.800000000000004,0.0011759927360971716,0.3021542291207009,0.8078817733990149,33.35,MODERATE RISK,226
2024,Assam,Sonitpur,2212726,107,4.835664244013945,0.1518562906505433,32.0,5.9,26.1,0.011251306286171516,0.45338932075538324,0.6428571428571429,33.34,MODERATE RISK,227
2024,Tamil Nadu,Coimbatore,3976751,16,0.4023384918995431,0.1012022523208035,38.1,5.3,32.800000000000004,0.0009361348047854753,0.3021542291207009,0.8078817733990149,33.34,MODERATE RISK,227
2024,Tamil Nadu,Dharmapuri,1732869,7,0.4039543670063923,0.1012022523208035,38.1,5.3,32.800000000000004,0.0009398945169635625,0.3021542291207009,0.8078817733990149,33.34,MODERATE RISK,227
2024,Tamil Nadu,Erode,2589505,10,0.3861741915926016,0.1012022523208035,38.1,5.3,32.800000000000004,0.0008985247714006737,0.3021542291207009,0.8078817733990149,33.34,MODERATE RISK,227
2024,Tamil Nadu,Kanyakumari,2769939,12,0.4332225366695801,0.1012022523208035,38.1,5.3,32.800000000000004,0.0010079937737975757,0.3021542291207009,0.8078817733990149,33.34,MODERATE RISK,227
2024,Tamil Nadu,Thiruvallur,4287319,19,0.4431673966877668,0.1012022523208035,38.1,5.3,32.800000000000004,0.0010311328215873868,0.3021542291207009,0.8078817733990149,33.34,MODERATE RISK,227
2024,Tamil Nadu,Thiruvarur,1453918,6,0.4126780189804377,0.1012022523208035,38.1,5.3,32.800000000000004,0.0009601921380019653,0.3021542291207009,0.8078817733990149,33.34,MODERATE RISK,227
2024,Tamil Nadu,Trichy City,2769939,12,0.4332225366695801,0.1012022523208035,38.1,5.3,32.800000000000004,0.0010079937737975757,0.3021542291207009,0.8078817733990149,33.34,MODERATE RISK,227
2024,Tamil Nadu,Ramnathapuram,2769939,9,0.3249169025021851,0.1012022523208035,38.1,5.3,32.800000000000004,0.0007559953303481817,0.3021542291207009,0.8078817733990149,33.33,MODERATE RISK,228
2024,Tamil Nadu,Salem,4004364,12,0.2996730566951456,0.1012022523208035,38.1,5.3,32.800000000000004,0.0006972596062193853,0.3021542291207009,0.8078817733990149,33.33,MODERATE RISK,228
2024,Tamil Nadu,Tiruppur City,2850909,8,0.280612253846054,0.1012022523208035,38.1,5.3,32.800000000000004,0.0006529101807643533,0.3021542291207009,0.8078817733990149,33.33,MODERATE RISK,228
2024,Assam,Lakhimpur,1198457,56,4.672674947870471,0.1518562906505433,32.0,5.9,26.1,0.01087207348593154,0.45338932075538324,0.6428571428571429,33.32,MODERATE RISK,229
2024,Tamil Nadu,Salem City,4004364,8,0.1997820377967637,0.1012022523208035,38.1,5.3,32.800000000000004,0.0004648397374795902,0.3021542291207009,0.8078817733990149,33.32,MODERATE RISK,229
2024,Tamil Nadu,Thirunelveli City,2769939,7,0.2527131463905884,0.1012022523208035,38.1,5.3,32.800000000000004,0.0005879963680485858,0.3021542291207009,0.8078817733990149,33.32,MODERATE RISK,229
2024,Tamil Nadu,Ranipet,2769939,7,0.2527131463905884,0.1012022523208035,38.1,5.3,32.800000000000004,0.0005879963680485858,0.3021542291207009,0.8078817733990149,33.32,MODERATE RISK,229
2024,Tamil Nadu,Madurai City,3493989,4,0.1144823295093373,0.1012022523208035,38.1,5.3,32.800000000000004,0.0002663699729067151,0.3021542291207009,0.8078817733990149,33.31,MODERATE RISK,230
2024,Tamil Nadu,Nilgiris,2769939,4,0.1444075122231933,0.1012022523208035,38.1,5.3,32.800000000000004,0.00033599792459919174,0.3021542291207009,0.8078817733990149,33.31,MODERATE RISK,230
2024,Tamil Nadu,Pudukottai,2769939,3,0.108305634167395,0.1012022523208035,38.1,5.3,32.800000000000004,0.0002519984434493938,0.3021542291207009,0.8078817733990149,33.31,MODERATE RISK,230
2024,Tamil Nadu,Vellore,4526780,4,0.0883630306752261,0.1012022523208035,38.1,5.3,32.800000000000004,0.00020559730211460706,0.3021542291207009,0.8078817733990149,33.31,MODERATE RISK,230
2024,Tamil Nadu,Mayiladuthurai,2769939,3,0.108305634167395,0.1012022523208035,38.1,5.3,32.800000000000004,0.0002519984434493938,0.3021542291207009,0.8078817733990149,33.31,MODERATE RISK,230
2024,Tamil Nadu,Railway Chennai,2769939,0,0.0,0.1012022523208035,38.1,5.3,32.800000000000004,0.0,0.3021542291207009,0.8078817733990149,33.3,MODERATE RISK,231
2024,Tamil Nadu,Railway Trichy,2769939,0,0.0,0.1012022523208035,38.1,5.3,32.800000000000004,0.0,0.3021542291207009,0.8078817733990149,33.3,MODERATE RISK,231
2024,Tamil Nadu,Cyber Cell,2769939,0,0.0,0.1012022523208035,38.1,5.3,32.800000000000004,0.0,0.3021542291207009,0.8078817733990149,33.3,MODERATE RISK,231
2024,Tamil Nadu,Other Units,2769939,0,0.0,0.1012022523208035,38.1,5.3,32.800000000000004,0.0,0.3021542291207009,0.8078817733990149,33.3,MODERATE RISK,231
2024,West Bengal,Krishnagar,4419516,247,5.588847285539865,0.1918958985340141,27.0,5.9,21.1,0.013003763169473262,0.572933467025716,0.5197044334975369,33.3,MODERATE RISK,231
2024,Assam,Cachar,1997109,82,4.105935129229302,0.1518562906505433,32.0,5.9,26.1,0.009553420460756223,0.45338932075538324,0.6428571428571429,33.27,MODERATE RISK,232
2024,Assam,Nagaon,3247333,131,4.034079658599842,0.1518562906505433,32.0,5.9,26.1,0.009386231866264817,0.45338932075538324,0.6428571428571429,33.26,MODERATE RISK,233
2024,Assam,Dhemaji,789052,28,3.5485620719547,0.1518562906505433,32.0,5.9,26.1,0.008256561401358246,0.45338932075538324,0.6428571428571429,33.22,MODERATE RISK,234
2024,Assam,Jorhat,1256094,43,3.423310675793372,0.1518562906505433,32.0,5.9,26.1,0.007965134670743891,0.45338932075538324,0.6428571428571429,33.21,MODERATE RISK,235
2024,West Bengal,Baruipur Police,4419516,200,4.525382417441186,0.1918958985340141,27.0,5.9,21.1,0.01052936289026175,0.572933467025716,0.5197044334975369,33.2,MODERATE RISK,236
2024,West Bengal,Coochbehar,4419516,191,4.321740208656332,0.1918958985340141,27.0,5.9,21.1,0.010055541560199971,0.572933467025716,0.5197044334975369,33.18,MODERATE RISK,237
2024,Assam,South Salmara,1324826,39,2.9437828061949265,0.1518562906505433,32.0,5.9,26.1,0.006849400686465255,0.45338932075538324,0.6428571428571429,33.16,MODERATE RISK,238
2024,West Bengal,Dakshin Dinajpur,1927717,79,4.098111911655082,0.1918958985340141,27.0,5.9,21.1,0.009535217911400185,0.572933467025716,0.5197044334975369,33.16,MODERATE RISK,238
2024,Assam,Barpeta,1947665,55,2.82389425286176,0.1518562906505433,32.0,5.9,26.1,0.006570451866677515,0.45338932075538324,0.6428571428571429,33.15,MODERATE RISK,239
2024,Assam,Dibrugarh,1525285,41,2.688022238466909,0.1518562906505433,32.0,5.9,26.1,0.006254313778395642,0.45338932075538324,0.6428571428571429,33.14,MODERATE RISK,240
2024,Assam,Biswanath,1324826,36,2.717337974949163,0.1518562906505433,32.0,5.9,26.1,0.006322523710583312,0.45338932075538324,0.6428571428571429,33.14,MODERATE RISK,240
2024,West Bengal,Purab Medinipur,4419516,155,3.5071713735169188,0.1918958985340141,27.0,5.9,21.1,0.008160256239952856,0.572933467025716,0.5197044334975369,33.11,MODERATE RISK,241
2024,Assam,Tinsukia,1527118,35,2.2918988578485746,0.1518562906505433,32.0,5.9,26.1,0.005332639886754433,0.45338932075538324,0.6428571428571429,33.1,MODERATE RISK,242
2024,Assam,Tamulpur,1324826,28,2.113485091627127,0.1518562906505433,32.0,5.9,26.1,0.0049175184415647995,0.45338932075538324,0.6428571428571429,33.08,MODERATE RISK,243
2024,West Bengal,Ranaghat,4419516,124,2.8057370988135357,0.1918958985340141,27.0,5.9,21.1,0.006528204991962286,0.572933467025716,0.5197044334975369,33.04,MODERATE RISK,244
2024,Assam,Sibsagar,1324826,16,1.2077057666440725,0.1518562906505433,32.0,5.9,26.1,0.002810010538037028,0.45338932075538324,0.6428571428571429,33.0,MODERATE RISK,245
2024,West Bengal,Purba Bardhaman,4419516,106,2.3984526812438283,0.1918958985340141,27.0,5.9,21.1,0.0055805623318387265,0.572933467025716,0.5197044334975369,33.0,MODERATE RISK,245
2024,Assam,Charaideo,1324826,14,1.0567425458135635,0.1518562906505433,32.0,5.9,26.1,0.0024587592207823998,0.45338932075538324,0.6428571428571429,32.99,MODERATE RISK,246
2024,Assam,Bajali,1324826,14,1.0567425458135635,0.1518562906505433,32.0,5.9,26.1,0.0024587592207823998,0.45338932075538324,0.6428571428571429,32.99,MODERATE RISK,246
2024,Assam,Baksa,1092586,11,1.0067857358596943,0.1518562906505433,32.0,5.9,26.1,0.0023425229931396635,0.45338932075538324,0.6428571428571429,32.98,MODERATE RISK,247
2024,Assam,Karbi Anglong,1099759,11,1.0002191389204362,0.1518562906505433,32.0,5.9,26.1,0.0023272442662278666,0.45338932075538324,0.6428571428571429,32.98,MODERATE RISK,247
2024,West Bengal,Basirhat,4419516,95,2.1495566482845634,0.1918958985340141,27.0,5.9,21.1,0.005001447372874331,0.572933467025716,0.5197044334975369,32.98,MODERATE RISK,247
2024,West Bengal,Bangaon,4419516,93,2.104302824110152,0.1918958985340141,27.0,5.9,21.1,0.004896153743971714,0.572933467025716,0.5197044334975369,32.97,MODERATE RISK,248
2024,Assam,Hamren,1324826,10,0.7548161041525453,0.1518562906505433,32.0,5.9,26.1,0.0017562565862731423,0.45338932075538324,0.6428571428571429,32.96,MODERATE RISK,249
2024,Assam,Dima Hasao,246217,2,0.812291596437289,0.1518562906505433,32.0,5.9,26.1,0.0018899867906488196,0.45338932075538324,0.6428571428571429,32.96,MODERATE RISK,249
2024,West Bengal,Birbhum,4027764,77,1.9117306773683855,0.1918958985340141,27.0,5.9,21.1,0.004448089507944716,0.572933467025716,0.5197044334975369,32.96,MODERATE RISK,249
2024,West Bengal,Hooghly Rural Police,4419516,88,1.9911682636741217,0.1918958985340141,27.0,5.9,21.1,0.00463291967171517,0.572933467025716,0.5197044334975369,32.96,MODERATE RISK,249
2024,West Bengal,Sundarban Police,4419516,87,1.968541351586916,0.1918958985340141,27.0,5.9,21.1,0.004580272857263861,0.572933467025716,0.5197044334975369,32.96,MODERATE RISK,249
2024,West Bengal,Jalpaiguri,4453772,83,1.8635888860049412,0.1918958985340141,27.0,5.9,21.1,0.004336076346471482,0.572933467025716,0.5197044334975369,32.95,MODERATE RISK,250
2024,West Bengal,Paschim Medinipur,6800475,127,1.867516607295814,0.1918958985340141,27.0,5.9,21.1,0.004345215110666088,0.572933467025716,0.5197044334975369,32.95,MODERATE RISK,250
2024,Assam,Majuli,1324826,7,0.5283712729067818,0.1518562906505433,32.0,5.9,26.1,0.0012293796103911999,0.45338932075538324,0.6428571428571429,32.94,MODERATE RISK,251
2024,West Bengal,Alipurduar,4419516,75,1.6970184065404448,0.1918958985340141,27.0,5.9,21.1,0.003948511083848156,0.572933467025716,0.5197044334975369,32.94,MODERATE RISK,251
2024,Assam,Sadia,1324826,6,0.4528896624915272,0.1518562906505433,32.0,5.9,26.1,0.0010537539517638855,0.45338932075538324,0.6428571428571429,32.93,MODERATE RISK,252
2024,West Bengal,Diamond Harbour Police,4419516,72,1.629137670278827,0.1918958985340141,27.0,5.9,21.1,0.0037905706404942298,0.572933467025716,0.5197044334975369,32.93,MODERATE RISK,252
2024,West Bengal,Kolkata,5171198,76,1.469678786230966,0.1918958985340141,27.0,5.9,21.1,0.0034195521714815123,0.572933467025716,0.5197044334975369,32.92,MODERATE RISK,253
2024,West Bengal,Raiganj,4419516,61,1.3802416373195618,0.1918958985340141,27.0,5.9,21.1,0.003211455681529834,0.572933467025716,0.5197044334975369,32.91,MODERATE RISK,254
2024,Assam,GRP,1324826,2,0.150963220830509,0.1518562906505433,32.0,5.9,26.1,0.00035125131725462835,0.45338932075538324,0.6428571428571429,32.9,MODERATE RISK,255
2024,West Bengal,Barasat,4419516,57,1.289733988970738,0.1918958985340141,27.0,5.9,21.1,0.0030008684237245987,0.572933467025716,0.5197044334975369,32.9,MODERATE RISK,255
2024,Assam,BIEO,1324826,0,0.0,0.1518562906505433,32.0,5.9,26.1,0.0,0.45338932075538324,0.6428571428571429,32.89,MODERATE RISK,256
2024,Assam,CID,1324826,0,0.0,0.1518562906505433,32.0,5.9,26.1,0.0,0.45338932075538324,0.6428571428571429,32.89,MODERATE RISK,256
2024,Assam,RPO,1324826,0,0.0,0.1518562906505433,32.0,5.9,26.1,0.0,0.45338932075538324,0.6428571428571429,32.89,MODERATE RISK,256
2024,Assam,SOU,1324826,0,0.0,0.1518562906505433,32.0,5.9,26.1,0.0,0.45338932075538324,0.6428571428571429,32.89,MODERATE RISK,256
2024,Assam,STF,1324826,0,0.0,0.1518562906505433,32.0,5.9,26.1,0.0,0.45338932075538324,0.6428571428571429,32.89,MODERATE RISK,256
2024,West Bengal,Bankura,4136175,48,1.1604924839978965,0.1918958985340141,27.0,5.9,21.1,0.002700157769725974,0.572933467025716,0.5197044334975369,32.89,MODERATE RISK,256
2024,West Bengal,Barrackpur PC,4419516,55,1.2444801647963262,0.1918958985340141,27.0,5.9,21.1,0.0028955747948219814,0.572933467025716,0.5197044334975369,32.89,MODERATE RISK,256
2024,West Bengal,Purulia,4419516,53,1.199226340621914,0.1918958985340141,27.0,5.9,21.1,0.002790281165919363,0.572933467025716,0.5197044334975369,32.89,MODERATE RISK,256
2024,West Bengal,Islampur,4419516,50,1.1313456043602963,0.1918958985340141,27.0,5.9,21.1,0.002632340722565437,0.572933467025716,0.5197044334975369,32.88,MODERATE RISK,257
2024,West Bengal,Asansol-Durgapur PC,4419516,42,0.950330307662649,0.1918958985340141,27.0,5.9,21.1,0.002211166206954967,0.572933467025716,0.5197044334975369,32.87,MODERATE RISK,258
2024,West Bengal,Jangipur Police District,4419516,44,0.9955841318370608,0.1918958985340141,27.0,5.9,21.1,0.002316459835857585,0.572933467025716,0.5197044334975369,32.87,MODERATE RISK,258
2024,West Bengal,Howrah Rural,4419516,34,0.7693150109650015,0.1918958985340141,27.0,5.9,21.1,0.0017899916913444972,0.572933467025716,0.5197044334975369,32.85,MODERATE RISK,259
2024,West Bengal,Bidhannagar PC,4419516,26,0.5882997142673542,0.1918958985340141,27.0,5.9,21.1,0.0013688171757340274,0.572933467025716,0.5197044334975369,32.83,MODERATE RISK,260
2024,West Bengal,Darjeeling,4419516,25,0.5656728021801483,0.1918958985340141,27.0,5.9,21.1,0.0013161703612827188,0.572933467025716,0.5197044334975369,32.83,MODERATE RISK,260
2024,West Bengal,Howrah PC,4419516,26,0.5882997142673542,0.1918958985340141,27.0,5.9,21.1,0.0013688171757340274,0.572933467025716,0.5197044334975369,32.83,MODERATE RISK,260
2024,West Bengal,Siliguri PC,4419516,23,0.5204189780057363,0.1918958985340141,27.0,5.9,21.1,0.001210876732380101,0.572933467025716,0.5197044334975369,32.83,MODERATE RISK,260
2024,West Bengal,Chandannagar PC,4419516,20,0.4525382417441185,0.1918958985340141,27.0,5.9,21.1,0.0010529362890261747,0.572933467025716,0.5197044334975369,32.82,MODERATE RISK,261
2024,West Bengal,Jhargram,4419516,16,0.3620305933952948,0.1918958985340141,27.0,5.9,21.1,0.0008423490312209398,0.572933467025716,0.5197044334975369,32.81,MODERATE RISK,262
2024,West Bengal,Kalimpong,4419516,9,0.2036422087848533,0.1918958985340141,27.0,5.9,21.1,0.0004738213300617786,0.572933467025716,0.5197044334975369,32.8,MODERATE RISK,263
2024,West Bengal,Kharagpur GRP,4419516,3,0.0678807362616178,0.1918958985340141,27.0,5.9,21.1,0.00015794044335392624,0.572933467025716,0.5197044334975369,32.79,MODERATE RISK,264
2024,West Bengal,Howrah GRP,4419516,0,0.0,0.1918958985340141,27.0,5.9,21.1,0.0,0.572933467025716,0.5197044334975369,32.78,MODERATE RISK,265
2024,West Bengal,Sealdah GRP,4419516,2,0.0452538241744118,0.1918958985340141,27.0,5.9,21.1,0.00010529362890261736,0.572933467025716,0.5197044334975369,32.78,MODERATE RISK,265
2024,West Bengal,Siliguri GRP,4419516,2,0.0452538241744118,0.1918958985340141,27.0,5.9,21.1,0.00010529362890261736,0.572933467025716,0.5197044334975369,32.78,MODERATE RISK,265
2024,Madhya Pradesh,Indore Commissionarate,1697834,448,26.386560759179048,0.1424806456926371,28.1,4.4,23.700000000000003,0.06139451830381087,0.4253969519117978,0.583743842364532,32.73,MODERATE RISK,266
2024,Arunachal Pradesh,Total Districts ,113202,113,99.82155792300487,0.1744683609958506,15.0,4.5,10.5,0.2322582514997499,0.5209009870209859,0.25862068965517243,32.68,MODERATE RISK,267
2024,Madhya Pradesh,Bhopal Commissionarate,1697834,407,23.97171926112918,0.1424806456926371,28.1,4.4,23.700000000000003,0.05577582354832818,0.4253969519117978,0.583743842364532,32.51,MODERATE RISK,268
2024,Haryana,Gurugram,1358470,400,29.44489020736564,0.1847177848775293,21.6,4.9,16.700000000000003,0.06851043860124706,0.5515021515294888,0.4113300492610838,31.63,MODERATE RISK,269
2024,Madhya Pradesh,Singrauli,1355013,178,13.136405333380566,0.1424806456926371,28.1,4.4,23.700000000000003,0.030564926026062526,0.4253969519117978,0.583743842364532,31.5,MODERATE RISK,270
2024,Madhya Pradesh,Sehore,1508031,188,12.466587225328922,0.1424806456926371,28.1,4.4,23.700000000000003,0.029006437200242544,0.4253969519117978,0.583743842364532,31.43,MODERATE RISK,271
2024,Madhya Pradesh,Shahdol,1225972,142,11.5826462594578,0.1424806456926371,28.1,4.4,23.700000000000003,0.02694974135784162,0.4253969519117978,0.583743842364532,31.35,MODERATE RISK,272
2024,Madhya Pradesh,Gwalior,2336841,261,11.168924201518204,0.1424806456926371,28.1,4.4,23.700000000000003,0.025987120018490795,0.4253969519117978,0.583743842364532,31.31,MODERATE RISK,273
2024,Madhya Pradesh,Ratlam,1673329,186,11.115566633937496,0.1424806456926371,28.1,4.4,23.700000000000003,0.025862971131131878,0.4253969519117978,0.583743842364532,31.31,MODERATE RISK,273
2024,Madhya Pradesh,Dewas,1798272,194,10.788134386789096,0.1424806456926371,28.1,4.4,23.700000000000003,0.02510112326189726,0.4253969519117978,0.583743842364532,31.28,MODERATE RISK,274
2024,Madhya Pradesh,Alirajpur,838348,83,9.900423213271816,0.1424806456926371,28.1,4.4,23.700000000000003,0.023035655147715495,0.4253969519117978,0.583743842364532,31.2,MODERATE RISK,275
2024,Madhya Pradesh,Jhabua,1178805,117,9.925305712140686,0.1424806456926371,28.1,4.4,23.700000000000003,0.02309355011349719,0.4253969519117978,0.583743842364532,31.2,MODERATE RISK,275
2024,Madhya Pradesh,Shivpuri,1984957,198,9.975027166835352,0.1424806456926371,28.1,4.4,23.700000000000003,0.023209238731964905,0.4253969519117978,0.583743842364532,31.2,MODERATE RISK,275
2024,Lakshadweep,Lakshadweep,74143,4,5.394979971136857,0.1589285714285714,26.72809498399146,4.4470833333333335,22.28101165065813,0.012552685422310413,0.47450465660617397,0.5487933904102987,31.2,MODERATE RISK,275
2024,Lakshadweep,Total Districts ,74143,4,5.394979971136857,0.1589285714285714,26.72809498399146,4.4470833333333335,22.28101165065813,0.012552685422310413,0.47450465660617397,0.5487933904102987,31.2,MODERATE RISK,275
2024,Madhya Pradesh,Dindori,810202,80,9.87408078479194,0.1424806456926371,28.1,4.4,23.700000000000003,0.022974363313503565,0.4253969519117978,0.583743842364532,31.19,MODERATE RISK,276
2024,Madhya Pradesh,Rajgarh,1777686,173,9.731752401717738,0.1424806456926371,28.1,4.4,23.700000000000003,0.02264320297019277,0.4253969519117978,0.583743842364532,31.18,MODERATE RISK,277
2024,Madhya Pradesh,Jabalpur,2832782,252,8.895848674553848,0.1424806456926371,28.1,4.4,23.700000000000003,0.020698277023004502,0.4253969519117978,0.583743842364532,31.1,MODERATE RISK,278
2024,Madhya Pradesh,Guna,1427746,125,8.755058672901203,0.1424806456926371,28.1,4.4,23.700000000000003,0.020370696084649358,0.4253969519117978,0.583743842364532,31.09,MODERATE RISK,279
2024,Madhya Pradesh,Ujjain,2284893,193,8.446785035448048,0.1424806456926371,28.1,4.4,23.700000000000003,0.019653425211422115,0.4253969519117978,0.583743842364532,31.06,MODERATE RISK,280
2024,Madhya Pradesh,Anuppur,861622,70,8.124212241563006,0.1424806456926371,28.1,4.4,23.700000000000003,0.018902883999203035,0.4253969519117978,0.583743842364532,31.03,MODERATE RISK,281
2024,Madhya Pradesh,Datia,904767,72,7.95784992158202,0.1424806456926371,28.1,4.4,23.700000000000003,0.018515803068408214,0.4253969519117978,0.583743842364532,31.01,MODERATE RISK,282
2024,Madhya Pradesh,Sagar,2735226,216,7.896970853596741,0.1424806456926371,28.1,4.4,23.700000000000003,0.01837415364740738,0.4253969519117978,0.583743842364532,31.01,MODERATE RISK,282
2024,Madhya Pradesh,Betul,1811666,141,7.782891548442152,0.1424806456926371,28.1,4.4,23.700000000000003,0.01810872140512612,0.4253969519117978,0.583743842364532,31.0,MODERATE RISK,283
2024,Madhya Pradesh,Chhatarpur,2026731,159,7.845145705078769,0.1424806456926371,28.1,4.4,23.700000000000003,0.018253570292178806,0.4253969519117978,0.583743842364532,31.0,MODERATE RISK,283
2024,Madhya Pradesh,Dhar,2513661,193,7.678044095842678,0.1424806456926371,28.1,4.4,23.700000000000003,0.01786476923165133,0.4253969519117978,0.583743842364532,30.99,MODERATE RISK,284
2024,Madhya Pradesh,Vidisha,1677706,125,7.450649875484739,0.1424806456926371,28.1,4.4,23.700000000000003,0.01733568327947434,0.4253969519117978,0.583743842364532,30.97,MODERATE RISK,285
2024,Madhya Pradesh,Narmadapuram,1697834,120,7.067828774780103,0.1424806456926371,28.1,4.4,23.700000000000003,0.01644496025994934,0.4253969519117978,0.583743842364532,30.93,MODERATE RISK,286
2024,Madhya Pradesh,Umaria,741471,50,6.743352066365374,0.1424806456926371,28.1,4.4,23.700000000000003,0.015689989144321913,0.4253969519117978,0.583743842364532,30.9,MODERATE RISK,287
2024,Madhya Pradesh,Mandla,1213140,79,6.512026641607728,0.1424806456926371,28.1,4.4,23.700000000000003,0.015151756323681213,0.4253969519117978,0.583743842364532,30.88,MODERATE RISK,288
2024,Madhya Pradesh,Harda,656034,39,5.944813835868263,0.1424806456926371,28.1,4.4,23.700000000000003,0.013832002783159134,0.4253969519117978,0.583743842364532,30.83,MODERATE RISK,289
2024,Madhya Pradesh,Damoh,1453851,85,5.846541358089653,0.1424806456926371,28.1,4.4,23.700000000000003,0.013603348829701373,0.4253969519117978,0.583743842364532,30.82,MODERATE RISK,290
2024,Madhya Pradesh,Narsinghpur,1697834,98,5.772060166070417,0.1424806456926371,28.1,4.4,23.700000000000003,0.013430050878958627,0.4253969519117978,0.583743842364532,30.81,MODERATE RISK,291
2024,Madhya Pradesh,Khandwa,1506570,85,5.64195490418633,0.1424806456926371,28.1,4.4,23.700000000000003,0.013127330492051593,0.4253969519117978,0.583743842364532,30.8,MODERATE RISK,292
2024,Madhya Pradesh,Chhindwara,2404560,134,5.572745117609874,0.1424806456926371,28.1,4.4,23.700000000000003,0.01296629770162653,0.4253969519117978,0.583743842364532,30.79,MODERATE RISK,293
2024,Madhya Pradesh,Khargone,2154002,119,5.524600255710069,0.1424806456926371,28.1,4.4,23.700000000000003,0.012854277395830754,0.4253969519117978,0.583743842364532,30.79,MODERATE RISK,293
2024,Madhya Pradesh,Shajapur,1739583,96,5.518563931700873,0.1424806456926371,28.1,4.4,23.700000000000003,0.012840232473180448,0.4253969519117978,0.583743842364532,30.79,MODERATE RISK,293
2024,Madhya Pradesh,Tikamgarh,1661940,92,5.535699243053299,0.1424806456926371,28.1,4.4,23.700000000000003,0.012880101791356067,0.4253969519117978,0.583743842364532,30.79,MODERATE RISK,293
2024,Madhya Pradesh,Sidhi,1296087,70,5.400872009363569,0.1424806456926371,28.1,4.4,23.700000000000003,0.01256639463026889,0.4253969519117978,0.583743842364532,30.78,MODERATE RISK,294
2024,Madhya Pradesh,Seoni,1586000,78,4.918032786885246,0.1424806456926371,28.1,4.4,23.700000000000003,0.01144295600737329,0.4253969519117978,0.583743842364532,30.73,MODERATE RISK,295
2024,Madhya Pradesh,Morena,2260865,108,4.776932722652613,0.1424806456926371,28.1,4.4,23.700000000000003,0.011114653635750805,0.4253969519117978,0.583743842364532,30.72,MODERATE RISK,296
2024,Madhya Pradesh,Rewa,2719871,129,4.742871996502776,0.1424806456926371,28.1,4.4,23.700000000000003,0.011035403372932079,0.4253969519117978,0.583743842364532,30.72,MODERATE RISK,296
2024,Madhya Pradesh,Barwani,1593763,75,4.705843968017829,0.1424806456926371,28.1,4.4,23.700000000000003,0.010949248985730166,0.4253969519117978,0.583743842364532,30.71,MODERATE RISK,297
2024,Madhya Pradesh,Raisen,1531336,70,4.57117183949179,0.1424806456926371,28.1,4.4,23.700000000000003,0.010635902713161133,0.4253969519117978,0.583743842364532,30.7,MODERATE RISK,298
2024,Madhya Pradesh,Mandsaur,1541472,65,4.21674866620996,0.1424806456926371,28.1,4.4,23.700000000000003,0.009811254127923415,0.4253969519117978,0.583743842364532,30.67,MODERATE RISK,299
2024,Madhya Pradesh,Neemuch,949977,40,4.210628257315703,0.1424806456926371,28.1,4.4,23.700000000000003,0.009797013562079512,0.4253969519117978,0.583743842364532,30.67,MODERATE RISK,299
2024,Madhya Pradesh,Balaghat,1956952,81,4.139089768170093,0.1424806456926371,28.1,4.4,23.700000000000003,0.009630562499306989,0.4253969519117978,0.583743842364532,30.66,MODERATE RISK,300
2024,Madhya Pradesh,Burhanpur,871524,36,4.130695196001487,0.1424806456926371,28.1,4.4,23.700000000000003,0.009611030559568351,0.4253969519117978,0.583743842364532,30.66,MODERATE RISK,300
2024,Madhya Pradesh,Panna,1168998,48,4.106080592096822,0.1424806456926371,28.1,4.4,23.700000000000003,0.009553758914212285,0.4253969519117978,0.583743842364532,30.66,MODERATE RISK,300
2024,Madhya Pradesh,Sheopur,791040,32,4.045307443365696,0.1424806456926371,28.1,4.4,23.700000000000003,0.009412355939182453,0.4253969519117978,0.583743842364532,30.65,MODERATE RISK,301
2024,Madhya Pradesh,Satna,2563275,93,3.6281709921877288,0.1424806456926371,28.1,4.4,23.700000000000003,0.00844179021366919,0.4253969519117978,0.583743842364532,30.61,MODERATE RISK,302
2024,Haryana,Rewari,1035381,190,18.35073272544117,0.1847177848775293,21.6,4.9,16.700000000000003,0.04269728088032536,0.5515021515294888,0.4113300492610838,30.59,MODERATE RISK,303
2024,Madhya Pradesh,Bhind,1958455,63,3.2168214230094643,0.1424806456926371,28.1,4.4,23.700000000000003,0.007484689025504893,0.4253969519117978,0.583743842364532,30.57,MODERATE RISK,304
2024,Madhya Pradesh,Katni,1485848,46,3.095875217384281,0.1424806456926371,28.1,4.4,23.700000000000003,0.007203279329758595,0.4253969519117978,0.583743842364532,30.56,MODERATE RISK,305
2024,Madhya Pradesh,Indore Rural,3768201,104,2.7599376997140017,0.1424806456926371,28.1,4.4,23.700000000000003,0.006421641955120065,0.4253969519117978,0.583743842364532,30.53,MODERATE RISK,306
2024,Madhya Pradesh,Mauganj,1697834,46,2.709334363665706,0.1424806456926371,28.1,4.4,23.700000000000003,0.006303901432980581,0.4253969519117978,0.583743842364532,30.53,MODERATE RISK,306
2024,Madhya Pradesh,Agar,1697834,42,2.473740071173036,0.1424806456926371,28.1,4.4,23.700000000000003,0.0057557360909822695,0.4253969519117978,0.583743842364532,30.5,MODERATE RISK,307
2024,Madhya Pradesh,Ashok Nagar,1697834,35,2.061450059310863,0.1424806456926371,28.1,4.4,23.700000000000003,0.004796446742485224,0.4253969519117978,0.583743842364532,30.47,MODERATE RISK,308
2024,Madhya Pradesh,Niwari,1697834,31,1.8258557668181927,0.1424806456926371,28.1,4.4,23.700000000000003,0.004248281400486912,0.4253969519117978,0.583743842364532,30.44,MODERATE RISK,309
2024,Madhya Pradesh,Maihar,1697834,26,1.5313629012023555,0.1424806456926371,28.1,4.4,23.700000000000003,0.0035630747229890235,0.4253969519117978,0.583743842364532,30.42,MODERATE RISK,310
2024,Uttarakhand,Total Districts ,717779,637,88.74597891551578,0.1531393568147013,15.0,3.6,11.4,0.20648832095417666,0.4572201037552822,0.28078817733990147,30.4,MODERATE RISK,311
2024,Haryana,Panipat,1386252,222,16.014404307441936,0.1847177848775293,21.6,4.9,16.700000000000003,0.0372612652081173,0.5515021515294888,0.4113300492610838,30.38,MODERATE RISK,312
2024,Madhya Pradesh,Bhopal Rural,2726720,26,0.9535265813871612,0.1424806456926371,28.1,4.4,23.700000000000003,0.0022186030869437807,0.4253969519117978,0.583743842364532,30.36,MODERATE RISK,313
2024,Gujarat,Ahmedabad City,2894401,151,5.216968899609971,0.2052152471669115,17.0,1.5,15.5,0.012138500940714546,0.6127003440098925,0.3817733990147783,30.32,MODERATE RISK,314
2024,Madhya Pradesh,Bhopal Railway,1697834,6,0.3533914387390051,0.1424806456926371,28.1,4.4,23.700000000000003,0.000822248012997467,0.4253969519117978,0.583743842364532,30.31,MODERATE RISK,315
2024,Madhya Pradesh,Jabalpur Railway,1697834,6,0.3533914387390051,0.1424806456926371,28.1,4.4,23.700000000000003,0.000822248012997467,0.4253969519117978,0.583743842364532,30.31,MODERATE RISK,315
2024,Delhi,Total Districts ,1058850,2194,207.20593096283704,0.0637484062898427,12.5,5.3,7.2,0.4821131650031628,0.19033025568563483,0.17733990147783252,30.31,MODERATE RISK,315
2024,Madhya Pradesh,Pandhurna,1697834,4,0.23559429249267,0.1424806456926371,28.1,4.4,23.700000000000003,0.0005481653419983112,0.4253969519117978,0.583743842364532,30.3,MODERATE RISK,316
2024,Madhya Pradesh,Indore Railway,1697834,2,0.117797146246335,0.1424806456926371,28.1,4.4,23.700000000000003,0.0002740826709991556,0.4253969519117978,0.583743842364532,30.29,MODERATE RISK,317
2024,Madhya Pradesh,Cyber Crime Cell,1697834,0,0.0,0.1424806456926371,28.1,4.4,23.700000000000003,0.0,0.4253969519117978,0.583743842364532,30.27,MODERATE RISK,318
2024,Haryana,Rohtak,1220384,172,14.093924535228258,0.1847177848775293,21.6,4.9,16.700000000000003,0.03279281888033072,0.5515021515294888,0.4113300492610838,30.2,MODERATE RISK,319
2024,Gujarat,Banaskantha,2894401,102,3.52404521695508,0.2052152471669115,17.0,1.5,15.5,0.008199517191740953,0.6127003440098925,0.3817733990147783,30.16,MODERATE RISK,320
2024,Gujarat,Patan,1545294,39,2.5237915891733222,0.2052152471669115,17.0,1.5,15.5,0.00587219267909344,0.6127003440098925,0.3817733990147783,30.07,MODERATE RISK,321
2024,Gujarat,Surat City,6993520,170,2.430821674921928,0.2052152471669115,17.0,1.5,15.5,0.005655876382539886,0.6127003440098925,0.3817733990147783,30.06,MODERATE RISK,322
2024,Haryana,Karnal,1731122,217,12.53522282080639,0.1847177848775293,21.6,4.9,16.700000000000003,0.02916613400049221,0.5515021515294888,0.4113300492610838,30.05,MODERATE RISK,323
2024,Gujarat,Gandhinagar,1600515,32,1.999356457140358,0.2052152471669115,17.0,1.5,15.5,0.004651971423030017,0.6127003440098925,0.3817733990147783,30.02,MODERATE RISK,324
2024,Gujarat,Amreli,1741318,32,1.8376884635661035,0.2052152471669115,17.0,1.5,15.5,0.004275812942915015,0.6127003440098925,0.3817733990147783,30.01,MODERATE RISK,325
2024,Gujarat,Jamnagar,2484136,41,1.6504732430108495,0.2052152471669115,17.0,1.5,15.5,0.0038402128512610417,0.6127003440098925,0.3817733990147783,29.99,MODERATE RISK,326
2024,Gujarat,Narmada,678841,11,1.620408902821132,0.2052152471669115,17.0,1.5,15.5,0.003770261117084107,0.6127003440098925,0.3817733990147783,29.99,MODERATE RISK,326
2024,Gujarat,Rajkot City,4375241,74,1.6913354030097998,0.2052152471669115,17.0,1.5,15.5,0.003935288244105336,0.6127003440098925,0.3817733990147783,29.99,MODERATE RISK,326
2024,Gujarat,Vadodara City,4790469,82,1.7117321915662118,0.2052152471669115,17.0,1.5,15.5,0.003982746153447689,0.6127003440098925,0.3817733990147783,29.99,MODERATE RISK,326
2024,Gujarat,Bharuch,1783671,28,1.5697962236309273,0.2052152471669115,17.0,1.5,15.5,0.0036524988559350495,0.6127003440098925,0.3817733990147783,29.98,MODERATE RISK,327
2024,Gujarat,Kheda,2644867,38,1.4367452125191928,0.2052152471669115,17.0,1.5,15.5,0.0033429244930011336,0.6127003440098925,0.3817733990147783,29.97,MODERATE RISK,328
2024,Gujarat,Junagadh,3154544,41,1.2997124148529866,0.2052152471669115,17.0,1.5,15.5,0.003024085570364591,0.6127003440098925,0.3817733990147783,29.96,MODERATE RISK,329
2024,Gujarat,Kachchh East(G),2894401,40,1.3819785164529723,0.2052152471669115,17.0,1.5,15.5,0.0032154969379376277,0.6127003440098925,0.3817733990147783,29.96,MODERATE RISK,329
2024,Gujarat,Porbandar,673266,9,1.3367673401003466,0.2052152471669115,17.0,1.5,15.5,0.0031103025391885403,0.6127003440098925,0.3817733990147783,29.96,MODERATE RISK,329
2024,Gujarat,Anand,2406656,27,1.121888628869269,0.2052152471669115,17.0,1.5,15.5,0.002610336852482422,0.6127003440098925,0.3817733990147783,29.94,MODERATE RISK,330
2024,Gujarat,Gir Somnath,2894401,32,1.105582813162378,0.2052152471669115,17.0,1.5,15.5,0.0025723975503501024,0.6127003440098925,0.3817733990147783,29.94,MODERATE RISK,330
2024,Gujarat,Kachchh West(B),2894401,33,1.1401322760737025,0.2052152471669115,17.0,1.5,15.5,0.0026527849737985436,0.6127003440098925,0.3817733990147783,29.94,MODERATE RISK,330
2024,Gujarat,Panchmahal,2894401,30,1.0364838873397293,0.2052152471669115,17.0,1.5,15.5,0.002411622703453221,0.6127003440098925,0.3817733990147783,29.93,MODERATE RISK,331
2024,Gujarat,Bhavnagar,3312419,31,0.9358719413214333,0.2052152471669115,17.0,1.5,15.5,0.0021775254287921602,0.6127003440098925,0.3817733990147783,29.92,MODERATE RISK,332
2024,Gujarat,Navsari,1529122,14,0.915558078426705,0.2052152471669115,17.0,1.5,15.5,0.0021302604654385086,0.6127003440098925,0.3817733990147783,29.92,MODERATE RISK,332
2024,Gujarat,Surendranagar,2019708,18,0.8912179384346648,0.2052152471669115,17.0,1.5,15.5,0.0020736274247062565,0.6127003440098925,0.3817733990147783,29.92,MODERATE RISK,332
2024,Gujarat,Valsad,1961529,18,0.9176514851424576,0.2052152471669115,17.0,1.5,15.5,0.0021351312668324678,0.6127003440098925,0.3817733990147783,29.92,MODERATE RISK,332
2024,Gujarat,Ahmedabad Rural,2894401,23,0.7946376469604591,0.2052152471669115,17.0,1.5,15.5,0.001848910739314136,0.6127003440098925,0.3817733990147783,29.91,MODERATE RISK,333
2024,Gujarat,Arvalli,2894401,23,0.7946376469604591,0.2052152471669115,17.0,1.5,15.5,0.001848910739314136,0.6127003440098925,0.3817733990147783,29.91,MODERATE RISK,333
2024,Gujarat,Mehsana,2894401,24,0.8291871098717835,0.2052152471669115,17.0,1.5,15.5,0.001929298162762577,0.6127003440098925,0.3817733990147783,29.91,MODERATE RISK,333
2024,Gujarat,Dahod,2894401,22,0.7600881840491348,0.2052152471669115,17.0,1.5,15.5,0.0017685233158656953,0.6127003440098925,0.3817733990147783,29.9,MODERATE RISK,334
2024,Gujarat,Devbhumi Dwarka,2894401,19,0.656439795315162,0.2052152471669115,17.0,1.5,15.5,0.0015273610455203734,0.6127003440098925,0.3817733990147783,29.9,MODERATE RISK,334
2024,Gujarat,Rajkot Rural,4375241,30,0.6856765147337027,0.2052152471669115,17.0,1.5,15.5,0.00159538712598865,0.6127003440098925,0.3817733990147783,29.9,MODERATE RISK,334
2024,Haryana,Palwal,1199114,131,10.924732761021888,0.1847177848775293,21.6,4.9,16.700000000000003,0.02541895139659225,0.5515021515294888,0.4113300492610838,29.9,MODERATE RISK,334
2024,Gujarat,Botad,2894401,16,0.552791406581189,0.2052152471669115,17.0,1.5,15.5,0.0012861987751750512,0.6127003440098925,0.3817733990147783,29.89,MODERATE RISK,335
2024,Gujarat,Chhotaudepur,2894401,16,0.552791406581189,0.2052152471669115,17.0,1.5,15.5,0.0012861987751750512,0.6127003440098925,0.3817733990147783,29.89,MODERATE RISK,335
2024,Gujarat,Sabarkantha,2894401,17,0.5873408694925133,0.2052152471669115,17.0,1.5,15.5,0.001366586198623492,0.6127003440098925,0.3817733990147783,29.89,MODERATE RISK,335
2024,Gujarat,Vadodara Rural,4790469,31,0.647118267543324,0.2052152471669115,17.0,1.5,15.5,0.0015056723263033947,0.6127003440098925,0.3817733990147783,29.89,MODERATE RISK,335
2024,Gujarat,Mahisagar,2894401,14,0.4836924807585404,0.2052152471669115,17.0,1.5,15.5,0.0011254239282781698,0.6127003440098925,0.3817733990147783,29.88,MODERATE RISK,336
2024,Gujarat,Morbi,2894401,13,0.449143017847216,0.2052152471669115,17.0,1.5,15.5,0.001045036504829729,0.6127003440098925,0.3817733990147783,29.88,MODERATE RISK,336
2024,Gujarat,Surat Rural,6993520,33,0.471865383955433,0.2052152471669115,17.0,1.5,15.5,0.001097905415434213,0.6127003440098925,0.3817733990147783,29.88,MODERATE RISK,336
2024,Gujarat,Tapi,928075,4,0.4309996498127845,0.2052152471669115,17.0,1.5,15.5,0.0010028217065068672,0.6127003440098925,0.3817733990147783,29.87,MODERATE RISK,337
2024,Haryana,Sonipat,1667501,176,10.554716309015708,0.1847177848775293,21.6,4.9,16.700000000000003,0.024558021393522332,0.5515021515294888,0.4113300492610838,29.87,MODERATE RISK,337
2024,Haryana,Faridabad,2081192,218,10.474766383880008,0.1847177848775293,21.6,4.9,16.700000000000003,0.02437199915337781,0.5515021515294888,0.4113300492610838,29.86,MODERATE RISK,338
2024,Gujarat,Dang,2894401,4,0.1381978516452972,0.2052152471669115,17.0,1.5,15.5,0.0003215496937937627,0.6127003440098925,0.3817733990147783,29.85,MODERATE RISK,339
2024,Haryana,Kurukshetra,1109353,115,10.366402759085702,0.1847177848775293,21.6,4.9,16.700000000000003,0.024119865781142592,0.5515021515294888,0.4113300492610838,29.85,MODERATE RISK,339
2024,Haryana,Hissar,1358470,140,10.305711572577971,0.1847177848775293,21.6,4.9,16.700000000000003,0.023978653510436463,0.5515021515294888,0.4113300492610838,29.84,MODERATE RISK,340
2024,Gujarat,CID Crime,2894401,0,0.0,0.2052152471669115,17.0,1.5,15.5,0.0,0.6127003440098925,0.3817733990147783,29.83,MODERATE RISK,341
2024,Gujarat,W Rly Ahmedabad,2894401,0,0.0,0.2052152471669115,17.0,1.5,15.5,0.0,0.6127003440098925,0.3817733990147783,29.83,MODERATE RISK,341
2024,Gujarat,W Rly Vadodara,2894401,0,0.0,0.2052152471669115,17.0,1.5,15.5,0.0,0.6127003440098925,0.3817733990147783,29.83,MODERATE RISK,341
2024,Gujarat,Cyber Ahmedabad Range,2894401,0,0.0,0.2052152471669115,17.0,1.5,15.5,0.0,0.6127003440098925,0.3817733990147783,29.83,MODERATE RISK,341
2024,Gujarat,Cyber Bhavnagar Range,2894401,0,0.0,0.2052152471669115,17.0,1.5,15.5,0.0,0.6127003440098925,0.3817733990147783,29.83,MODERATE RISK,341
2024,Gujarat,Cyber Border Range,2894401,0,0.0,0.2052152471669115,17.0,1.5,15.5,0.0,0.6127003440098925,0.3817733990147783,29.83,MODERATE RISK,341
2024,Gujarat,Cyber Gandhinagar Range,2894401,0,0.0,0.2052152471669115,17.0,1.5,15.5,0.0,0.6127003440098925,0.3817733990147783,29.83,MODERATE RISK,341
2024,Gujarat,Cyber Junagadh Range,2894401,0,0.0,0.2052152471669115,17.0,1.5,15.5,0.0,0.6127003440098925,0.3817733990147783,29.83,MODERATE RISK,341
2024,Gujarat,Cyber Panchmahal Range,2894401,0,0.0,0.2052152471669115,17.0,1.5,15.5,0.0,0.6127003440098925,0.3817733990147783,29.83,MODERATE RISK,341
2024,Gujarat,Cyber Rajkot Range,2894401,0,0.0,0.2052152471669115,17.0,1.5,15.5,0.0,0.6127003440098925,0.3817733990147783,29.83,MODERATE RISK,341
2024,Gujarat,Cyber Surat Range,2894401,0,0.0,0.2052152471669115,17.0,1.5,15.5,0.0,0.6127003440098925,0.3817733990147783,29.83,MODERATE RISK,341
2024,Gujarat,Cyber Vadodara Range,2894401,0,0.0,0.2052152471669115,17.0,1.5,15.5,0.0,0.6127003440098925,0.3817733990147783,29.83,MODERATE RISK,341
2024,Haryana,Yamunanagar,1396335,136,9.739783074978426,0.1847177848775293,21.6,4.9,16.700000000000003,0.02266188821382854,0.5515021515294888,0.4113300492610838,29.79,MODERATE RISK,342
2024,Haryana,Panchkula,645486,61,9.45024369234964,0.1847177848775293,21.6,4.9,16.700000000000003,0.021988206975537813,0.5515021515294888,0.4113300492610838,29.76,MODERATE RISK,343
2024,Rajasthan,Pratapgarh,998025,245,24.54848325442749,0.1282991202346041,24.3,2.7,21.6,0.057117800165391246,0.3830559190369127,0.5320197044334976,29.74,MODERATE RISK,344
2024,Haryana,Jhajjar,1102165,99,8.98232115881016,0.1847177848775293,21.6,4.9,16.700000000000003,0.020899475525753795,0.5515021515294888,0.4113300492610838,29.72,MODERATE RISK,345
2024,Haryana,Ambala,1297602,106,8.168914659502683,0.1847177848775293,21.6,4.9,16.700000000000003,0.019006894652257442,0.5515021515294888,0.4113300492610838,29.65,MODERATE RISK,346
2024,Haryana,Nuh,1358470,107,7.876508130470309,0.1847177848775293,21.6,4.9,16.700000000000003,0.018326542325833587,0.5515021515294888,0.4113300492610838,29.62,MODERATE RISK,347
2024,Haryana,Jind,1534274,117,7.625756546744585,0.1847177848775293,21.6,4.9,16.700000000000003,0.017743109993091886,0.5515021515294888,0.4113300492610838,29.59,MODERATE RISK,348
2024,Haryana,Kaithal,1235449,93,7.527627607452836,0.1847177848775293,21.6,4.9,16.700000000000003,0.01751479001556753,0.5515021515294888,0.4113300492610838,29.59,MODERATE RISK,348
2024,Haryana,Fatehabad,1083312,70,6.4616657066477625,0.1847177848775293,21.6,4.9,16.700000000000003,0.015034579804489674,0.5515021515294888,0.4113300492610838,29.49,MODERATE RISK,349
2024,Haryana,Sirsa,1489467,74,4.968220175405028,0.1847177848775293,21.6,4.9,16.700000000000003,0.01155972873009451,0.5515021515294888,0.4113300492610838,29.35,MODERATE RISK,350
2024,D&N Haveli and Daman & Diu,Total Districts ,139866,16,11.439520684083336,0.1311320754716981,26.72809498399146,4.4470833333333335,22.28101165065813,0.026616726159791822,0.39151412412788417,0.5487933904102987,29.27,MODERATE RISK,351
2024,Haryana,Mahendergarh,1358470,48,3.533386824883877,0.1847177848775293,21.6,4.9,16.700000000000003,0.008221252632149647,0.5515021515294888,0.4113300492610838,29.21,MODERATE RISK,352
2024,Haryana,Bhiwani,1879611,62,3.298554860553593,0.1847177848775293,21.6,4.9,16.700000000000003,0.007674861025301827,0.5515021515294888,0.4113300492610838,29.19,MODERATE RISK,353
2024,Haryana,Charkhi Dadri,1358470,42,3.091713471773392,0.1847177848775293,21.6,4.9,16.700000000000003,0.007193596053130941,0.5515021515294888,0.4113300492610838,29.17,MODERATE RISK,354
2024,Haryana,Hansi,1358470,39,2.87087679521815,0.1847177848775293,21.6,4.9,16.700000000000003,0.006679767763621588,0.5515021515294888,0.4113300492610838,29.15,MODERATE RISK,355
2024,Haryana,Dabwali,1358470,17,1.2514078338130397,0.1847177848775293,21.6,4.9,16.700000000000003,0.002911693640553,0.5515021515294888,0.4113300492610838,29.0,MODERATE RISK,356
2024,Rajasthan,Jhalawar,1622798,259,15.960088686330646,0.1282991202346041,24.3,2.7,21.6,0.037134887184663075,0.3830559190369127,0.5320197044334976,28.94,MODERATE RISK,357
2024,Rajasthan,Hanumangarh,2040895,321,15.728393670424008,0.1282991202346041,24.3,2.7,21.6,0.03659579442358645,0.3830559190369127,0.5320197044334976,28.92,MODERATE RISK,358
2024,Haryana,GRP,1358470,0,0.0,0.1847177848775293,21.6,4.9,16.700000000000003,0.0,0.5515021515294888,0.4113300492610838,28.88,MODERATE RISK,359
2024,Haryana,Irrigation & Power,1358470,0,0.0,0.1847177848775293,21.6,4.9,16.700000000000003,0.0,0.5515021515294888,0.4113300492610838,28.88,MODERATE RISK,359
2024,Rajasthan,Sirohi,1191797,168,14.096360370096583,0.1282991202346041,24.3,2.7,21.6,0.03279848642108275,0.3830559190369127,0.5320197044334976,28.76,MODERATE RISK,360
2024,Rajasthan,Baran,1406168,196,13.938590552480216,0.1282991202346041,24.3,2.7,21.6,0.032431397961020084,0.3830559190369127,0.5320197044334976,28.75,MODERATE RISK,361
2024,Rajasthan,Jaipur East,2485185,346,13.922504763226884,0.1282991202346041,24.3,2.7,21.6,0.032393970602003566,0.3830559190369127,0.5320197044334976,28.75,MODERATE RISK,361
2024,Rajasthan,Dausa,1879570,256,13.620136520587156,0.1282991202346041,24.3,2.7,21.6,0.03169044001396442,0.3830559190369127,0.5320197044334976,28.72,MODERATE RISK,362
2024,Rajasthan,Ganganagar,2264543,307,13.556819190450346,0.1282991202346041,24.3,2.7,21.6,0.03154311740456825,0.3830559190369127,0.5320197044334976,28.71,MODERATE RISK,363
2024,Rajasthan,Alwar,4225305,537,12.709141706930032,0.1282991202346041,24.3,2.7,21.6,0.0295707970535876,0.3830559190369127,0.5320197044334976,28.64,MODERATE RISK,364
2024,D&N Haveli and Daman & Diu,D&N Haveli,139866,6,4.289820256531251,0.1311320754716981,26.72809498399146,4.4470833333333335,22.28101165065813,0.009981272309921935,0.39151412412788417,0.5487933904102987,28.61,MODERATE RISK,365
2024,Rajasthan,Dholpur,2485185,293,11.789866750362648,0.1282991202346041,24.3,2.7,21.6,0.02743188839996255,0.3830559190369127,0.5320197044334976,28.55,MODERATE RISK,366
2024,D&N Haveli and Daman & Diu,Daman,219848,8,3.6388777700957022,0.1311320754716981,26.72809498399146,4.4470833333333335,22.28101165065813,0.008466702042014126,0.39151412412788417,0.5487933904102987,28.55,MODERATE RISK,366
2024,Rajasthan,Karauli,1676985,196,11.687641809557032,0.1282991202346041,24.3,2.7,21.6,0.0271940381148619,0.3830559190369127,0.5320197044334976,28.54,MODERATE RISK,367
2024,Rajasthan,Deeg,2485185,286,11.50819757885228,0.1282991202346041,24.3,2.7,21.6,0.02677651905252318,0.3830559190369127,0.5320197044334976,28.52,MODERATE RISK,368
2024,D&N Haveli and Daman & Diu,Diu,59885,2,3.339734491107957,0.1311320754716981,26.72809498399146,4.4470833333333335,22.28101165065813,0.007770675087804633,0.39151412412788417,0.5487933904102987,28.52,MODERATE RISK,368
2024,Rajasthan,Rajsamand,1330086,150,11.277466269098388,0.1282991202346041,24.3,2.7,21.6,0.02623966857969224,0.3830559190369127,0.5320197044334976,28.5,MODERATE RISK,369
2024,Rajasthan,Bikaner,2718527,301,11.072172540497114,0.1282991202346041,24.3,2.7,21.6,0.025762004601680856,0.3830559190369127,0.5320197044334976,28.48,MODERATE RISK,370
2024,Rajasthan,Jaipur South,2485185,274,11.025336141977355,0.1282991202346041,24.3,2.7,21.6,0.02565302874262709,0.3830559190369127,0.5320197044334976,28.48,MODERATE RISK,370
2024,Rajasthan,Bundi,1277541,140,10.958552406537247,0.1282991202346041,24.3,2.7,21.6,0.02549764072880842,0.3830559190369127,0.5320197044334976,28.47,MODERATE RISK,371
2024,Rajasthan,Jaipur West,2485185,269,10.824143876612808,0.1282991202346041,24.3,2.7,21.6,0.0251849077801704,0.3830559190369127,0.5320197044334976,28.46,MODERATE RISK,372
2024,Rajasthan,Bharatpur,2930731,308,10.509323441830723,0.1282991202346041,24.3,2.7,21.6,0.024452404248465582,0.3830559190369127,0.5320197044334976,28.43,MODERATE RISK,373
2024,Rajasthan,Bhilwara,2769801,280,10.109029493454583,0.1282991202346041,24.3,2.7,21.6,0.02352102655340411,0.3830559190369127,0.5320197044334976,28.39,MODERATE RISK,374
2024,Rajasthan,Kota City,2243666,226,10.072800497043676,0.1282991202346041,24.3,2.7,21.6,0.023436731301606114,0.3830559190369127,0.5320197044334976,28.39,MODERATE RISK,374
2024,Maharashtra,Mumbai Commr,3417201,1079,31.575549696959587,0.1064679265371306,25.2,3.7,21.5,0.07346791730515731,0.31787567500899566,0.5295566502463054,28.36,MODERATE RISK,375
2024,Rajasthan,Udaipur,3528682,342,9.692003983356958,0.1282991202346041,24.3,2.7,21.6,0.02255071895831754,0.3830559190369127,0.5320197044334976,28.35,MODERATE RISK,376
2024,Rajasthan,Banswara,2067107,189,9.143213196027103,0.1282991202346041,24.3,2.7,21.6,0.021273828561528527,0.3830559190369127,0.5320197044334976,28.3,MODERATE RISK,377
2024,Rajasthan,Sawai Madhopur,1535883,138,8.985059408822156,0.1282991202346041,24.3,2.7,21.6,0.020905846706220102,0.3830559190369127,0.5320197044334976,28.29,MODERATE RISK,378
2024,Rajasthan,Sikar,3078932,269,8.7367957460574,0.1282991202346041,24.3,2.7,21.6,0.020328203104733322,0.3830559190369127,0.5320197044334976,28.27,MODERATE RISK,379
2024,Rajasthan,Tonk,1634524,134,8.198105381138484,0.1282991202346041,24.3,2.7,21.6,0.019074813708102843,0.3830559190369127,0.5320197044334976,28.22,MODERATE RISK,380
2024,Rajasthan,Beawar,2485185,205,8.248882879946564,0.1282991202346041,24.3,2.7,21.6,0.019192959460724652,0.3830559190369127,0.5320197044334976,28.22,MODERATE RISK,380
2024,Rajasthan,Pali,2343208,180,7.6817764364068415,0.1282991202346041,24.3,2.7,21.6,0.017873453396790317,0.3830559190369127,0.5320197044334976,28.17,MODERATE RISK,381
2024,Rajasthan,Ajmer,2970509,223,7.507130932779534,0.1282991202346041,24.3,2.7,21.6,0.01746709969776211,0.3830559190369127,0.5320197044334976,28.15,MODERATE RISK,382
2024,Rajasthan,Churu,2345479,175,7.461162517336543,0.1282991202346041,24.3,2.7,21.6,0.017360143404781404,0.3830559190369127,0.5320197044334976,28.15,MODERATE RISK,382
2024,Tripura,North,50265,22,43.768029443947086,0.1606683804627249,17.7,4.6,13.1,0.10183657920948942,0.4796991127124026,0.3226600985221675,28.14,MODERATE RISK,383
2024,Rajasthan,Dungarpur,1596834,116,7.264374380806021,0.1282991202346041,24.3,2.7,21.6,0.016902269680332753,0.3830559190369127,0.5320197044334976,28.13,MODERATE RISK,384
2024,Rajasthan,Chittorgarh,2485185,177,7.122206193905082,0.1282991202346041,24.3,2.7,21.6,0.01657148207096714,0.3830559190369127,0.5320197044334976,28.12,MODERATE RISK,385
2024,Rajasthan,Jhunjhunu,2485185,177,7.122206193905082,0.1282991202346041,24.3,2.7,21.6,0.01657148207096714,0.3830559190369127,0.5320197044334976,28.12,MODERATE RISK,385
2024,Rajasthan,Didwana-Kuchaman,2485185,177,7.122206193905082,0.1282991202346041,24.3,2.7,21.6,0.01657148207096714,0.3830559190369127,0.5320197044334976,28.12,MODERATE RISK,385
2024,Rajasthan,Jodhpur West,2485185,176,7.081967740832171,0.1282991202346041,24.3,2.7,21.6,0.016477857878475798,0.3830559190369127,0.5320197044334976,28.11,MODERATE RISK,386
2024,Rajasthan,Barmer,2994313,209,6.979898227072455,0.1282991202346041,24.3,2.7,21.6,0.016240369230827695,0.3830559190369127,0.5320197044334976,28.1,MODERATE RISK,387
2024,Rajasthan,Kotputli-Behror,2485185,171,6.880775475467621,0.1282991202346041,24.3,2.7,21.6,0.0160097369160191,0.3830559190369127,0.5320197044334976,28.09,MODERATE RISK,388
2024,Rajasthan,Pratapgarh,3690512,245,6.638645261145338,0.1282991202346041,24.3,2.7,21.6,0.015446364219941463,0.3830559190369127,0.5320197044334976,28.07,MODERATE RISK,389
2024,Rajasthan,Bhiwadi,2485185,158,6.35767558551979,0.1282991202346041,24.3,2.7,21.6,0.014792622413631685,0.3830559190369127,0.5320197044334976,28.04,MODERATE RISK,390
2024,Rajasthan,Gangapur City,2485185,157,6.31743713244688,0.1282991202346041,24.3,2.7,21.6,0.014698998221140343,0.3830559190369127,0.5320197044334976,28.04,MODERATE RISK,390
2024,Rajasthan,Anupgarh,2485185,158,6.35767558551979,0.1282991202346041,24.3,2.7,21.6,0.014792622413631685,0.3830559190369127,0.5320197044334976,28.04,MODERATE RISK,390
2024,Rajasthan,Nagaur,3803904,238,6.256729927989771,0.1282991202346041,24.3,2.7,21.6,0.01455774868092057,0.3830559190369127,0.5320197044334976,28.03,MODERATE RISK,391
2024,Rajasthan,Jaipur North,2485185,148,5.95529105479069,0.1282991202346041,24.3,2.7,21.6,0.013856380488718288,0.3830559190369127,0.5320197044334976,28.01,MODERATE RISK,392
2024,Rajasthan,Neem Ka Thana,2485185,133,5.351714258697038,0.1282991202346041,24.3,2.7,21.6,0.01245201760134819,0.3830559190369127,0.5320197044334976,27.95,MODERATE RISK,393
2024,Rajasthan,Jaisalmer,770406,40,5.19206755918308,0.1282991202346041,24.3,2.7,21.6,0.012080562135631873,0.3830559190369127,0.5320197044334976,27.94,MODERATE RISK,394
2024,Rajasthan,Jodhpur East,2485185,127,5.110283540259578,0.1282991202346041,24.3,2.7,21.6,0.011890272446400152,0.3830559190369127,0.5320197044334976,27.93,MODERATE RISK,395
2024,Rajasthan,Kota Rural,2243666,98,4.367851542965843,0.1282991202346041,24.3,2.7,21.6,0.010162830387422123,0.3830559190369127,0.5320197044334976,27.86,MODERATE RISK,396
2024,Rajasthan,Balotra,2485185,109,4.385991384947197,0.1282991202346041,24.3,2.7,21.6,0.010205036981556035,0.3830559190369127,0.5320197044334976,27.86,MODERATE RISK,396
2024,Rajasthan,Sanchore,2485185,92,3.701937682707726,0.1282991202346041,24.3,2.7,21.6,0.008613425709203258,0.3830559190369127,0.5320197044334976,27.8,MODERATE RISK,397
2024,Rajasthan,Jalore,2485185,81,3.259314698905716,0.1282991202346041,24.3,2.7,21.6,0.007583559591798523,0.3830559190369127,0.5320197044334976,27.76,MODERATE RISK,398
2024,Rajasthan,Jodhpur Rural,4240239,137,3.230949953528563,0.1282991202346041,24.3,2.7,21.6,0.0075175623633179315,0.3830559190369127,0.5320197044334976,27.75,MODERATE RISK,399
2024,Rajasthan,Khairtal-Tijara,2485185,80,3.219076245832805,0.1282991202346041,24.3,2.7,21.6,0.007489935399307182,0.3830559190369127,0.5320197044334976,27.75,MODERATE RISK,399
2024,Rajasthan,Kekri,2485185,78,3.138599339686985,0.1282991202346041,24.3,2.7,21.6,0.007302687014324501,0.3830559190369127,0.5320197044334976,27.74,MODERATE RISK,400
2024,Rajasthan,Shahpura,2485185,74,2.977645527395345,0.1282991202346041,24.3,2.7,21.6,0.006928190244359144,0.3830559190369127,0.5320197044334976,27.73,MODERATE RISK,401
2024,Rajasthan,Jaipur Rural,7620104,194,2.545897011379372,0.1282991202346041,24.3,2.7,21.6,0.005923626125105183,0.3830559190369127,0.5320197044334976,27.69,MODERATE RISK,402
2024,Rajasthan,Phalodi,2485185,60,2.414307184374604,0.1282991202346041,24.3,2.7,21.6,0.005617451549480386,0.3830559190369127,0.5320197044334976,27.68,MODERATE RISK,403
2024,Rajasthan,Salumbar,2485185,56,2.253353372082964,0.1282991202346041,24.3,2.7,21.6,0.005242954779515028,0.3830559190369127,0.5320197044334976,27.66,MODERATE RISK,404
2024,Rajasthan,Dudu,2485185,42,1.690015029062223,0.1282991202346041,24.3,2.7,21.6,0.003932216084636271,0.3830559190369127,0.5320197044334976,27.61,MODERATE RISK,405
2024,Rajasthan,GRP Ajmer,2485185,5,0.2011922653645503,0.1282991202346041,24.3,2.7,21.6,0.00046812096245669874,0.3830559190369127,0.5320197044334976,27.47,MODERATE RISK,406
2024,Rajasthan,GRP Jodhpur,2485185,0,0.0,0.1282991202346041,24.3,2.7,21.6,0.0,0.3830559190369127,0.5320197044334976,27.45,MODERATE RISK,407
2024,Rajasthan,Jaipur Metro,2485185,0,0.0,0.1282991202346041,24.3,2.7,21.6,0.0,0.3830559190369127,0.5320197044334976,27.45,MODERATE RISK,407
2024,Rajasthan,SCRB,2485185,0,0.0,0.1282991202346041,24.3,2.7,21.6,0.0,0.3830559190369127,0.5320197044334976,27.45,MODERATE RISK,407
2024,Rajasthan,ATS & SOG,2485185,0,0.0,0.1282991202346041,24.3,2.7,21.6,0.0,0.3830559190369127,0.5320197044334976,27.45,MODERATE RISK,407
2024,Rajasthan,SSB,2485185,0,0.0,0.1282991202346041,24.3,2.7,21.6,0.0,0.3830559190369127,0.5320197044334976,27.45,MODERATE RISK,407
2024,Rajasthan,Jaipur Crime,2485185,0,0.0,0.1282991202346041,24.3,2.7,21.6,0.0,0.3830559190369127,0.5320197044334976,27.45,MODERATE RISK,407
2024,Rajasthan,Jodhpur Crime,2485185,0,0.0,0.1282991202346041,24.3,2.7,21.6,0.0,0.3830559190369127,0.5320197044334976,27.45,MODERATE RISK,407
2024,Maharashtra,Pune Commr,3417201,575,16.826636770854275,0.1064679265371306,25.2,3.7,21.5,0.039151114411923496,0.31787567500899566,0.5295566502463054,26.99,MODERATE RISK,408
2024,Maharashtra,Thane Commr,3417201,461,13.490573132806649,0.1064679265371306,25.2,3.7,21.5,0.03138898042416824,0.31787567500899566,0.5295566502463054,26.68,MODERATE RISK,409
2024,Maharashtra,Mira Bhayandar Vasai Virar Commr,3417201,450,13.168672255451172,0.1064679265371306,25.2,3.7,21.5,0.030640002583244477,0.31787567500899566,0.5295566502463054,26.65,MODERATE RISK,410
2024,Mizoram,Total Districts ,157723,43,27.26298637484704,0.165016501650165,16.8,4.4,12.4,0.06343372792245505,0.49268106889801877,0.3054187192118227,26.48,MODERATE RISK,411
2024,Maharashtra,Nagpur Commr,3417201,322,9.422916591678394,0.1064679265371306,25.2,3.7,21.5,0.02192462407067716,0.31787567500899566,0.5295566502463054,26.3,MODERATE RISK,412
2024,Maharashtra,Ahilyanagar,3417201,283,8.281631662872627,0.1064679265371306,25.2,3.7,21.5,0.019269157180129306,0.31787567500899566,0.5295566502463054,26.19,MODERATE RISK,413
2024,Odisha,Koraput,1586594,173,10.903860723033112,0.0744934445768772,30.4,5.4,25.0,0.025370387708052663,0.22241114999418898,0.6157635467980296,26.16,MODERATE RISK,414
2024,Odisha,Kandhamal,843076,90,10.675194169920625,0.0744934445768772,30.4,5.4,25.0,0.02483834137550247,0.22241114999418898,0.6157635467980296,26.14,MODERATE RISK,415
2024,Maharashtra,Pimpri Chinchwad Commr,3417201,257,7.520775043668781,0.1064679265371306,25.2,3.7,21.5,0.01749884591976407,0.31787567500899566,0.5295566502463054,26.12,MODERATE RISK,416
2024,Maharashtra,Chhatrapati Sambhajinagar Commr,3417201,225,6.584336127725586,0.1064679265371306,25.2,3.7,21.5,0.015320001291622238,0.31787567500899566,0.5295566502463054,26.04,MODERATE RISK,417
2024,Odisha,Jajpur,1638572,158,9.642542408877974,0.0744934445768772,30.4,5.4,25.0,0.022435635012084457,0.22241114999418898,0.6157635467980296,26.04,MODERATE RISK,417
2024,Odisha,DCP BBSR,1638572,152,9.276369912338303,0.0744934445768772,30.4,5.4,25.0,0.021583648872385047,0.22241114999418898,0.6157635467980296,26.01,MODERATE RISK,418
2024,Maharashtra,Navi Mumbai,3417201,194,5.677160927905616,0.1064679265371306,25.2,3.7,21.5,0.01320924555810984,0.31787567500899566,0.5295566502463054,25.95,MODERATE RISK,419
2024,Maharashtra,Beed,3417201,186,5.443051198919817,0.1064679265371306,25.2,3.7,21.5,0.012664534401074382,0.31787567500899566,0.5295566502463054,25.93,MODERATE RISK,420
2024,Maharashtra,Jalna,2252902,118,5.237688989578774,0.1064679265371306,25.2,3.7,21.5,0.01218671108657085,0.31787567500899566,0.5295566502463054,25.91,MODERATE RISK,421
2024,Odisha,Jagatsinghpur,1638572,126,7.6896224273330676,0.0744934445768772,30.4,5.4,25.0,0.017891708933687606,0.22241114999418898,0.6157635467980296,25.86,MODERATE RISK,422
2024,Maharashtra,Yavatmal,3188200,147,4.61075214854777,0.1064679265371306,25.2,3.7,21.5,0.010727995579335915,0.31787567500899566,0.5295566502463054,25.85,MODERATE RISK,423
2024,Odisha,Balasore,1638572,121,7.384478680216676,0.0744934445768772,30.4,5.4,25.0,0.0171817204839381,0.22241114999418898,0.6157635467980296,25.83,MODERATE RISK,424
2024,Odisha,Gajapati,664489,49,7.374087456677237,0.0744934445768772,30.4,5.4,25.0,0.017157542866793763,0.22241114999418898,0.6157635467980296,25.83,MODERATE RISK,424
2024,Maharashtra,Akola,2085991,90,4.314496083636027,0.1064679265371306,25.2,3.7,21.5,0.010038686405403053,0.31787567500899566,0.5295566502463054,25.82,MODERATE RISK,425
2024,Maharashtra,Chandrapur,2534953,107,4.220985556734188,0.1064679265371306,25.2,3.7,21.5,0.009821112246805031,0.31787567500899566,0.5295566502463054,25.82,MODERATE RISK,425
2024,Odisha,Keonjhar,1638572,119,7.26242118137012,0.0744934445768772,30.4,5.4,25.0,0.016897725104038294,0.22241114999418898,0.6157635467980296,25.82,MODERATE RISK,425
2024,Odisha,Dhenkanal,1371732,97,7.071352130007903,0.0744934445768772,30.4,5.4,25.0,0.01645315817171959,0.22241114999418898,0.6157635467980296,25.8,MODERATE RISK,426
2024,Maharashtra,Buldhana,3417201,134,3.921337960512127,0.1064679265371306,25.2,3.7,21.5,0.00912391188034391,0.31787567500899566,0.5295566502463054,25.79,MODERATE RISK,427
2024,Maharashtra,Solapur Rural,4965419,196,3.947300318462551,0.1064679265371306,25.2,3.7,21.5,0.009184319391385034,0.31787567500899566,0.5295566502463054,25.79,MODERATE RISK,427
2024,Maharashtra,Amravati Commr,3417201,130,3.804283096019228,0.1064679265371306,25.2,3.7,21.5,0.008851556301826182,0.31787567500899566,0.5295566502463054,25.78,MODERATE RISK,428
2024,Maharashtra,Sangli,3245464,124,3.820717160936002,0.1064679265371306,25.2,3.7,21.5,0.008889794005805392,0.31787567500899566,0.5295566502463054,25.78,MODERATE RISK,428
2024,Odisha,Kalahandi,1813399,124,6.837987668461271,0.0744934445768772,30.4,5.4,25.0,0.01591018105406322,0.22241114999418898,0.6157635467980296,25.78,MODERATE RISK,428
2024,Odisha,Malkangiri,705170,48,6.806869265567168,0.0744934445768772,30.4,5.4,25.0,0.01583777679594471,0.22241114999418898,0.6157635467980296,25.78,MODERATE RISK,428
2024,Maharashtra,Nasik Commr,3417201,129,3.775019379896002,0.1064679265371306,25.2,3.7,21.5,0.008783467407196748,0.31787567500899566,0.5295566502463054,25.77,MODERATE RISK,429
2024,Maharashtra,Washim,1376734,52,3.777054972129693,0.1064679265371306,25.2,3.7,21.5,0.00878820368964716,0.31787567500899566,0.5295566502463054,25.77,MODERATE RISK,429
2024,Maharashtra,Parbhani,2111498,76,3.5993403735168115,0.1064679265371306,25.2,3.7,21.5,0.008374709021775468,0.31787567500899566,0.5295566502463054,25.76,MODERATE RISK,430
2024,Maharashtra,Amravati Rural,3321711,115,3.462071203665821,0.1064679265371306,25.2,3.7,21.5,0.008055320123848183,0.31787567500899566,0.5295566502463054,25.75,MODERATE RISK,431
2024,Maharashtra,Bhandara,1380384,48,3.4772932749148064,0.1064679265371306,25.2,3.7,21.5,0.00809073784048231,0.31787567500899566,0.5295566502463054,25.75,MODERATE RISK,431
2024,Maharashtra,Latur,2822325,95,3.36601915087738,0.1064679265371306,25.2,3.7,21.5,0.00783183250957139,0.31787567500899566,0.5295566502463054,25.74,MODERATE RISK,432
2024,Odisha,Kendrapara,1656415,105,6.338991134468113,0.0744934445768772,30.4,5.4,25.0,0.014749148658845744,0.22241114999418898,0.6157635467980296,25.74,MODERATE RISK,432
2024,Odisha,Nayagarh,1107207,71,6.41253171267884,0.0744934445768772,30.4,5.4,25.0,0.014920258051094246,0.22241114999418898,0.6157635467980296,25.74,MODERATE RISK,432
2024,Maharashtra,Nasik Rural,3417201,111,3.248272489677956,0.1064679265371306,25.2,3.7,21.5,0.007557867303866971,0.31787567500899566,0.5295566502463054,25.73,MODERATE RISK,433
2024,Maharashtra,Satara,3454302,113,3.2712831709561003,0.1064679265371306,25.2,3.7,21.5,0.007611407047291955,0.31787567500899566,0.5295566502463054,25.73,MODERATE RISK,433
2024,Maharashtra,Ratnagiri,1857329,60,3.230445440737748,0.1064679265371306,25.2,3.7,21.5,0.007516388496058272,0.31787567500899566,0.5295566502463054,25.72,MODERATE RISK,434
2024,Maharashtra,Solapur Commr,3417201,106,3.101953909061832,0.1064679265371306,25.2,3.7,21.5,0.00721742283071981,0.31787567500899566,0.5295566502463054,25.71,MODERATE RISK,435
2024,Maharashtra,Chhatrapati Sambhajinagar Rural,3417201,103,3.014162760692157,0.1064679265371306,25.2,3.7,21.5,0.007013156146831513,0.31787567500899566,0.5295566502463054,25.7,MODERATE RISK,436
2024,Maharashtra,Wardha,1495890,45,3.0082425846820287,0.1064679265371306,25.2,3.7,21.5,0.006999381469724752,0.31787567500899566,0.5295566502463054,25.7,MODERATE RISK,436
2024,Maharashtra,Kolhapur,4457401,129,2.894063154739724,0.1064679265371306,25.2,3.7,21.5,0.006733716263656813,0.31787567500899566,0.5295566502463054,25.69,MODERATE RISK,437
2024,Odisha,Berhampur,1638572,96,5.858759944634719,0.0744934445768772,30.4,5.4,25.0,0.013631778235190559,0.22241114999418898,0.6157635467980296,25.69,MODERATE RISK,437
2024,Maharashtra,Dharashiv,3417201,89,2.604470734967009,0.1064679265371306,25.2,3.7,21.5,0.006059911622019461,0.31787567500899566,0.5295566502463054,25.67,MODERATE RISK,438
2024,Maharashtra,Jalgaon,4864404,122,2.50801537043387,0.1064679265371306,25.2,3.7,21.5,0.005835485608437129,0.31787567500899566,0.5295566502463054,25.66,MODERATE RISK,439
2024,Odisha,Baragarh,1638572,88,5.370529949248492,0.0744934445768772,30.4,5.4,25.0,0.012495796715591343,0.22241114999418898,0.6157635467980296,25.65,MODERATE RISK,440
2024,Odisha,Bhadrak,1732287,94,5.426352561671362,0.0744934445768772,30.4,5.4,25.0,0.012625681107552893,0.22241114999418898,0.6157635467980296,25.65,MODERATE RISK,440
2024,Maharashtra,Gondia,3417201,79,2.311833573734761,0.1064679265371306,25.2,3.7,21.5,0.005379022675725141,0.31787567500899566,0.5295566502463054,25.64,MODERATE RISK,441
2024,Maharashtra,Hingoli,1353946,31,2.2896038689873897,0.1064679265371306,25.2,3.7,21.5,0.0053273000572506566,0.31787567500899566,0.5295566502463054,25.64,MODERATE RISK,441
2024,Maharashtra,Sindhudurg,977098,23,2.353909229166368,0.1064679265371306,25.2,3.7,21.5,0.00547692155012248,0.31787567500899566,0.5295566502463054,25.64,MODERATE RISK,441
2024,Odisha,Angul,1638572,87,5.309501199825213,0.0744934445768772,30.4,5.4,25.0,0.01235379902564144,0.22241114999418898,0.6157635467980296,25.64,MODERATE RISK,441
2024,Maharashtra,Nanded,3865485,88,2.27655779287722,0.1064679265371306,25.2,3.7,21.5,0.005296945303334495,0.31787567500899566,0.5295566502463054,25.63,MODERATE RISK,442
2024,Maharashtra,Pune Rural,10843819,224,2.0656929076370605,0.1064679265371306,25.2,3.7,21.5,0.004806318723589559,0.31787567500899566,0.5295566502463054,25.62,MODERATE RISK,443
2024,Maharashtra,Gadchiroli,1233883,25,2.026124032829693,0.1064679265371306,25.2,3.7,21.5,0.004714252461874226,0.31787567500899566,0.5295566502463054,25.61,MODERATE RISK,444
2024,Maharashtra,Raigad,3417201,69,2.019196412502513,0.1064679265371306,25.2,3.7,21.5,0.00469813372943082,0.31787567500899566,0.5295566502463054,25.61,MODERATE RISK,444
2024,Odisha,Ganjam,4058385,204,5.026630051116392,0.0744934445768772,30.4,5.4,25.0,0.011695632996520636,0.22241114999418898,0.6157635467980296,25.61,MODERATE RISK,444
2024,Odisha,Puri,1953539,93,4.760590907066611,0.0744934445768772,30.4,5.4,25.0,0.011076630571461788,0.22241114999418898,0.6157635467980296,25.59,MODERATE RISK,445
2024,Maharashtra,Nagpur Rural,5351605,90,1.6817384691134716,0.1064679265371306,25.2,3.7,21.5,0.003912958727987794,0.31787567500899566,0.5295566502463054,25.58,MODERATE RISK,446
2024,Maharashtra,Nandurbar,1895539,32,1.6881741815916214,0.1064679265371306,25.2,3.7,21.5,0.0039279329215230535,0.31787567500899566,0.5295566502463054,25.58,MODERATE RISK,446
2024,Odisha,Jharsuguda,666430,31,4.65165133622436,0.0744934445768772,30.4,5.4,25.0,0.010823157125751087,0.22241114999418898,0.6157635467980296,25.58,MODERATE RISK,446
2024,Maharashtra,Palghar,3417201,53,1.550976954530916,0.1064679265371306,25.2,3.7,21.5,0.003608711415359905,0.31787567500899566,0.5295566502463054,25.57,MODERATE RISK,447
2024,Odisha,Mayurbhanj,2897698,133,4.589850288056243,0.0744934445768772,30.4,5.4,25.0,0.010679362501753633,0.22241114999418898,0.6157635467980296,25.57,MODERATE RISK,447
2024,Odisha,Rourkela,1638572,75,4.577156206745873,0.0744934445768772,30.4,5.4,25.0,0.010649826746242621,0.22241114999418898,0.6157635467980296,25.57,MODERATE RISK,447
2024,Maharashtra,Dhule,2358491,31,1.3143997581504443,0.1064679265371306,25.2,3.7,21.5,0.003058259117085584,0.31787567500899566,0.5295566502463054,25.55,MODERATE RISK,448
2024,Tripura,West,156900,25,15.933715742511152,0.1606683804627249,17.7,4.6,13.1,0.03707352434936109,0.4796991127124026,0.3226600985221675,25.55,MODERATE RISK,448
2024,Odisha,DCP CTC,1638572,69,4.210983710206204,0.0744934445768772,30.4,5.4,25.0,0.009797840606543212,0.22241114999418898,0.6157635467980296,25.54,MODERATE RISK,449
2024,Maharashtra,Thane Rural,12719170,112,0.8805606026179382,0.1064679265371306,25.2,3.7,21.5,0.0020488306349752466,0.31787567500899566,0.5295566502463054,25.5,MODERATE RISK,450
2024,Odisha,Sambalpur,1197263,43,3.5915250032783104,0.0744934445768772,30.4,5.4,25.0,0.008356524731085299,0.22241114999418898,0.6157635467980296,25.48,MODERATE RISK,451
2024,Maharashtra,Mumbai Railway,3417201,10,0.2926371612322482,0.1064679265371306,25.2,3.7,21.5,0.0006808889462943215,0.31787567500899566,0.5295566502463054,25.45,MODERATE RISK,452
2024,Odisha,Khurda,1638572,53,3.234523719433751,0.0744934445768772,30.4,5.4,25.0,0.007525877567344787,0.22241114999418898,0.6157635467980296,25.45,MODERATE RISK,452
2024,Odisha,Deogarh,1638572,52,3.173494970010472,0.0744934445768772,30.4,5.4,25.0,0.0073838798773948845,0.22241114999418898,0.6157635467980296,25.44,MODERATE RISK,453
2024,Maharashtra,Nagpur Railway,3417201,4,0.1170548644928993,0.1064679265371306,25.2,3.7,21.5,0.0002723555785177286,0.31787567500899566,0.5295566502463054,25.43,MODERATE RISK,454
2024,Maharashtra,Chhatrapati Sambhajinagar Railway,3417201,2,0.0585274322464496,0.1064679265371306,25.2,3.7,21.5,0.0001361777892588642,0.31787567500899566,0.5295566502463054,25.43,MODERATE RISK,454
2024,Maharashtra,Pune Railway,3417201,0,0.0,0.1064679265371306,25.2,3.7,21.5,0.0,0.31787567500899566,0.5295566502463054,25.42,MODERATE RISK,455
2024,Odisha,Nabarangpur,1638572,46,2.8073224734708027,0.0744934445768772,30.4,5.4,25.0,0.0065318937376954754,0.22241114999418898,0.6157635467980296,25.41,MODERATE RISK,456
2024,Odisha,Rayagada,1113097,32,2.8748617595771075,0.0744934445768772,30.4,5.4,25.0,0.00668903971723119,0.22241114999418898,0.6157635467980296,25.41,MODERATE RISK,456
2024,Odisha,Bolangir,1638572,43,2.624236225200968,0.0744934445768772,30.4,5.4,25.0,0.006105900667845771,0.22241114999418898,0.6157635467980296,25.39,MODERATE RISK,457
2024,Odisha,Nuapada,701939,18,2.564325390098,0.0744934445768772,30.4,5.4,25.0,0.005966504067587959,0.22241114999418898,0.6157635467980296,25.38,MODERATE RISK,458
2024,Odisha,Cuttack,3018140,69,2.286176254249306,0.0744934445768772,30.4,5.4,25.0,0.005319324908170173,0.22241114999418898,0.6157635467980296,25.36,MODERATE RISK,459
2024,Odisha,Sundargarh,2407452,47,1.952271530231963,0.0744934445768772,30.4,5.4,25.0,0.004542417304427977,0.22241114999418898,0.6157635467980296,25.33,MODERATE RISK,460
2024,Arunachal Pradesh,Siang East,113202,23,20.31766223211604,0.1744683609958506,15.0,4.5,10.5,0.047273803402603974,0.5209009870209859,0.25862068965517243,25.28,MODERATE RISK,461
2024,Odisha,Sonepur,1638572,23,1.403661236735401,0.0744934445768772,30.4,5.4,25.0,0.0032659468688477373,0.22241114999418898,0.6157635467980296,25.28,MODERATE RISK,461
2024,Odisha,Boudh,1638572,11,0.6713162436560615,0.0744934445768772,30.4,5.4,25.0,0.0015619745894489179,0.22241114999418898,0.6157635467980296,25.21,MODERATE RISK,462
2024,Tripura,Total Districts ,1128375,137,12.141353716627894,0.1606683804627249,17.7,4.6,13.1,0.028249705211364006,0.4796991127124026,0.3226600985221675,25.2,MODERATE RISK,463
2024,Odisha,SRP(Cuttack),1638572,2,0.1220574988465566,0.0744934445768772,30.4,5.4,25.0,0.0002839953798998032,0.22241114999418898,0.6157635467980296,25.16,MODERATE RISK,464
2024,Odisha,CID CB,1638572,2,0.1220574988465566,0.0744934445768772,30.4,5.4,25.0,0.0002839953798998032,0.22241114999418898,0.6157635467980296,25.16,MODERATE RISK,464
2024,Odisha,SRP(Rourkela),1638572,1,0.0610287494232783,0.0744934445768772,30.4,5.4,25.0,0.0001419976899499016,0.22241114999418898,0.6157635467980296,25.15,MODERATE RISK,465
2024,Meghalaya,Total Districts ,297666,113,37.96201111312679,0.175233644859813,12.7,5.0,7.699999999999999,0.08832751670084825,0.5231858547059567,0.18965517241379307,24.92,LOWER RISK,466
2024,Uttarakhand,Haridwar,717779,214,29.814190718870293,0.1531393568147013,15.0,3.6,11.4,0.06936970280093219,0.4572201037552822,0.28078817733990147,24.92,LOWER RISK,466
2024,Tripura,South,168877,13,7.697910313423379,0.1606683804627249,17.7,4.6,13.1,0.017910992643259134,0.4796991127124026,0.3226600985221675,24.79,LOWER RISK,467
2024,Ladakh,Total Districts ,157716,4,2.536204316619747,0.0891025641025641,26.72809498399146,4.4470833333333335,22.28101165065813,0.005901073798893967,0.2660288279330495,0.5487933904102987,24.68,LOWER RISK,468
2024,Ladakh,Kargil,161922,3,1.8527439137362436,0.0891025641025641,26.72809498399146,4.4470833333333335,22.28101165065813,0.004310842976555198,0.2660288279330495,0.5487933904102987,24.62,LOWER RISK,469
2024,Mizoram,Saiha,65060,4,6.148170919151552,0.165016501650165,16.8,4.4,12.4,0.014305160701911478,0.49268106889801877,0.3054187192118227,24.52,LOWER RISK,470
2024,Ladakh,Leh,153510,1,0.6514233600416911,0.0891025641025641,26.72809498399146,4.4470833333333335,22.28101165065813,0.0015156891330635803,0.2660288279330495,0.5487933904102987,24.51,LOWER RISK,471
2024,Mizoram,Aizawl,460355,27,5.865038937341834,0.165016501650165,16.8,4.4,12.4,0.013646387783445246,0.49268106889801877,0.3054187192118227,24.49,LOWER RISK,472
2024,Tripura,Dhalai,434964,14,3.2186571762260785,0.1606683804627249,17.7,4.6,13.1,0.007488960335642176,0.4796991127124026,0.3226600985221675,24.37,LOWER RISK,473
2024,Arunachal Pradesh,Kameng East,113202,11,9.717142806664192,0.1744683609958506,15.0,4.5,10.5,0.02260921032298451,0.5209009870209859,0.25862068965517243,24.29,LOWER RISK,474
2024,Tripura,North,1021174,22,2.1543830924014906,0.1606683804627249,17.7,4.6,13.1,0.005012677226373747,0.4796991127124026,0.3226600985221675,24.27,LOWER RISK,475
2024,Tripura,Unakoti,1128375,22,1.949706436246815,0.1606683804627249,17.7,4.6,13.1,0.004536449012043855,0.4796991127124026,0.3226600985221675,24.25,LOWER RISK,476
2024,Tripura,Sipahijala,1128375,19,1.683837376758613,0.1606683804627249,17.7,4.6,13.1,0.003917842328583329,0.4796991127124026,0.3226600985221675,24.23,LOWER RISK,477
2024,Mizoram,Champhai,144606,4,2.766136951440466,0.165016501650165,16.8,4.4,12.4,0.006436065967292927,0.49268106889801877,0.3054187192118227,24.2,LOWER RISK,478
2024,Mizoram,Serchhip,74677,2,2.67820078471283,0.165016501650165,16.8,4.4,12.4,0.006231461864204246,0.49268106889801877,0.3054187192118227,24.19,LOWER RISK,479
2024,Tripura,Gomati,1128375,13,1.152099257782209,0.1606683804627249,17.7,4.6,13.1,0.002680628961662278,0.4796991127124026,0.3226600985221675,24.18,LOWER RISK,480
2024,Tripura,Kowai,1128375,9,0.7976071784646063,0.1606683804627249,17.7,4.6,13.1,0.0018558200503815774,0.4796991127124026,0.3226600985221675,24.15,LOWER RISK,481
2024,Tripura,West,2924729,25,0.8547800497071695,0.1606683804627249,17.7,4.6,13.1,0.0019888461359718304,0.4796991127124026,0.3226600985221675,24.15,LOWER RISK,481
2024,Arunachal Pradesh,Subansiri Upper,113202,9,7.950389569088885,0.1744683609958506,15.0,4.5,10.5,0.018498444809714597,0.5209009870209859,0.25862068965517243,24.13,LOWER RISK,482
2024,Mizoram,Mamit,99318,2,2.013733663585654,0.165016501650165,16.8,4.4,12.4,0.0046854233636720475,0.49268106889801877,0.3054187192118227,24.13,LOWER RISK,482
2024,Arunachal Pradesh,Papum Pare City,203058,16,7.879522106984211,0.1744683609958506,15.0,4.5,10.5,0.01833355504863361,0.5209009870209859,0.25862068965517243,24.12,LOWER RISK,483
2024,Tripura,South,3141718,13,0.4137863423770052,0.1606683804627249,17.7,4.6,13.1,0.0009627709121619676,0.4796991127124026,0.3226600985221675,24.11,LOWER RISK,484
2024,Mizoram,Lawngtlai,135578,2,1.4751655873371785,0.165016501650165,16.8,4.4,12.4,0.003432318500296364,0.49268106889801877,0.3054187192118227,24.08,LOWER RISK,485
2024,Tripura,GRP,1128375,0,0.0,0.1606683804627249,17.7,4.6,13.1,0.0,0.4796991127124026,0.3226600985221675,24.07,LOWER RISK,486
2024,Tripura,Crime Branch,1128375,0,0.0,0.1606683804627249,17.7,4.6,13.1,0.0,0.4796991127124026,0.3226600985221675,24.07,LOWER RISK,486
2024,Mizoram,Khawzawl,157723,2,1.2680458778998625,0.165016501650165,16.8,4.4,12.4,0.002950405949881631,0.49268106889801877,0.3054187192118227,24.06,LOWER RISK,487
2024,Arunachal Pradesh,Siang West,113202,8,7.067012950301232,0.1744683609958506,15.0,4.5,10.5,0.016443062053079646,0.5209009870209859,0.25862068965517243,24.04,LOWER RISK,488
2024,Arunachal Pradesh,Lower Dibang Valley,62191,4,6.43179881333312,0.1744683609958506,15.0,4.5,10.5,0.014965087476746812,0.5209009870209859,0.25862068965517243,23.98,LOWER RISK,489
2024,Arunachal Pradesh,Kameng West,113202,7,6.183636331513577,0.1744683609958506,15.0,4.5,10.5,0.014387679296444687,0.5209009870209859,0.25862068965517243,23.96,LOWER RISK,490
2024,Mizoram,Kolasib,96548,0,0.0,0.165016501650165,16.8,4.4,12.4,0.0,0.49268106889801877,0.3054187192118227,23.94,LOWER RISK,491
2024,Mizoram,Lunglei,185642,0,0.0,0.165016501650165,16.8,4.4,12.4,0.0,0.49268106889801877,0.3054187192118227,23.94,LOWER RISK,491
2024,Mizoram,Spl Narcotic,157723,0,0.0,0.165016501650165,16.8,4.4,12.4,0.0,0.49268106889801877,0.3054187192118227,23.94,LOWER RISK,491
2024,Mizoram,Hnahthial,157723,0,0.0,0.165016501650165,16.8,4.4,12.4,0.0,0.49268106889801877,0.3054187192118227,23.94,LOWER RISK,491
2024,Mizoram,Saitual,157723,0,0.0,0.165016501650165,16.8,4.4,12.4,0.0,0.49268106889801877,0.3054187192118227,23.94,LOWER RISK,491
2024,Mizoram,Cyber,157723,0,0.0,0.165016501650165,16.8,4.4,12.4,0.0,0.49268106889801877,0.3054187192118227,23.94,LOWER RISK,491
2024,Mizoram,Crime and EOU,157723,0,0.0,0.165016501650165,16.8,4.4,12.4,0.0,0.49268106889801877,0.3054187192118227,23.94,LOWER RISK,491
2024,Arunachal Pradesh,Namsai,113202,6,5.300259712725924,0.1744683609958506,15.0,4.5,10.5,0.012332296539809735,0.5209009870209859,0.25862068965517243,23.88,LOWER RISK,492
2024,Arunachal Pradesh,Longding,113202,4,3.533506475150616,0.1744683609958506,15.0,4.5,10.5,0.008221531026539823,0.5209009870209859,0.25862068965517243,23.71,LOWER RISK,493
2024,Arunachal Pradesh,Siang Upper,113202,4,3.533506475150616,0.1744683609958506,15.0,4.5,10.5,0.008221531026539823,0.5209009870209859,0.25862068965517243,23.71,LOWER RISK,493
2024,Arunachal Pradesh,Tawang,57473,2,3.4798949071738035,0.1744683609958506,15.0,4.5,10.5,0.008096791147724679,0.5209009870209859,0.25862068965517243,23.71,LOWER RISK,493
2024,Uttarakhand,Udhamsingh Nagar,717779,116,16.160963193406328,0.1531393568147013,15.0,3.6,11.4,0.03760226880798194,0.4572201037552822,0.28078817733990147,23.64,LOWER RISK,494
2024,Arunachal Pradesh,Siang,113202,3,2.650129856362962,0.1744683609958506,15.0,4.5,10.5,0.006166148269904867,0.5209009870209859,0.25862068965517243,23.63,LOWER RISK,495
2024,Arunachal Pradesh,Kamle,113202,3,2.650129856362962,0.1744683609958506,15.0,4.5,10.5,0.006166148269904867,0.5209009870209859,0.25862068965517243,23.63,LOWER RISK,495
2024,Arunachal Pradesh,Changlang,170459,4,2.346605342047061,0.1744683609958506,15.0,4.5,10.5,0.0054599273447947065,0.5209009870209859,0.25862068965517243,23.6,LOWER RISK,496
2024,Arunachal Pradesh,Lohit,167584,3,1.7901470307427918,0.1744683609958506,15.0,4.5,10.5,0.004165196656302337,0.5209009870209859,0.25862068965517243,23.55,LOWER RISK,497
2024,Arunachal Pradesh,Lower Siang,113202,2,1.766753237575308,0.1744683609958506,15.0,4.5,10.5,0.0041107655132699115,0.5209009870209859,0.25862068965517243,23.55,LOWER RISK,497
2024,Arunachal Pradesh,Pakkessang,113202,2,1.766753237575308,0.1744683609958506,15.0,4.5,10.5,0.0041107655132699115,0.5209009870209859,0.25862068965517243,23.55,LOWER RISK,497
2024,Nagaland,Total Districts ,206842,24,11.603059339979309,0.1531393568147013,15.6,3.8,11.8,0.026997237174259413,0.4572201037552822,0.29064039408867,23.52,LOWER RISK,498
2024,Arunachal Pradesh,Leparada,113202,1,0.8833766187876539,0.1744683609958506,15.0,4.5,10.5,0.0020553827566349553,0.5209009870209859,0.25862068965517243,23.47,LOWER RISK,499
2024,Arunachal Pradesh,Tirap,128771,1,0.7765723648958228,0.1744683609958506,15.0,4.5,10.5,0.0018068776263024302,0.5209009870209859,0.25862068965517243,23.46,LOWER RISK,500
2024,Arunachal Pradesh,Anjaw,24342,0,0.0,0.1744683609958506,15.0,4.5,10.5,0.0,0.5209009870209859,0.25862068965517243,23.39,LOWER RISK,501
2024,Arunachal Pradesh,Crime Branch,113202,0,0.0,0.1744683609958506,15.0,4.5,10.5,0.0,0.5209009870209859,0.25862068965517243,23.39,LOWER RISK,501
2024,Arunachal Pradesh,Dibang Valley,9204,0,0.0,0.1744683609958506,15.0,4.5,10.5,0.0,0.5209009870209859,0.25862068965517243,23.39,LOWER RISK,501
2024,Arunachal Pradesh,Kurung Kumey,105887,0,0.0,0.1744683609958506,15.0,4.5,10.5,0.0,0.5209009870209859,0.25862068965517243,23.39,LOWER RISK,501
2024,Arunachal Pradesh,Papum Pare Rural,203058,0,0.0,0.1744683609958506,15.0,4.5,10.5,0.0,0.5209009870209859,0.25862068965517243,23.39,LOWER RISK,501
2024,Arunachal Pradesh,Subansiri Lower,113202,0,0.0,0.1744683609958506,15.0,4.5,10.5,0.0,0.5209009870209859,0.25862068965517243,23.39,LOWER RISK,501
2024,Arunachal Pradesh,Kra Dadi,113202,0,0.0,0.1744683609958506,15.0,4.5,10.5,0.0,0.5209009870209859,0.25862068965517243,23.39,LOWER RISK,501
2024,Arunachal Pradesh,Shiyomi,113202,0,0.0,0.1744683609958506,15.0,4.5,10.5,0.0,0.5209009870209859,0.25862068965517243,23.39,LOWER RISK,501
2024,Jammu & Kashmir,Total Districts ,718362,532,74.05736940428363,0.0,26.72809498399146,4.4470833333333335,22.28101165065813,0.17231182809005208,0.0,0.5487933904102987,23.36,LOWER RISK,502
2024,Puducherry,Total Districts ,661543,27,4.081367348758886,0.0674757281553398,26.72809498399146,4.4470833333333335,22.28101165065813,0.009496257761094798,0.20145872406580442,0.5487933904102987,22.89,LOWER RISK,503
2024,Uttarakhand,Dehradun,1951198,155,7.943837580809328,0.1531393568147013,15.0,3.6,11.4,0.018483200073273694,0.4572201037552822,0.28078817733990147,22.88,LOWER RISK,504
2024,Nagaland,Peren,109501,4,3.6529346763956494,0.1531393568147013,15.6,3.8,11.8,0.00849940872929344,0.4572201037552822,0.29064039408867,22.78,LOWER RISK,505
2024,Uttarakhand,Nainital,1097795,72,6.558601560400621,0.1531393568147013,15.0,3.6,11.4,0.015260123788862672,0.4572201037552822,0.28078817733990147,22.75,LOWER RISK,506
2024,Nagaland,Kohima,308186,10,3.2447937284626813,0.1531393568147013,15.6,3.8,11.8,0.007549773150519174,0.4572201037552822,0.29064039408867,22.74,LOWER RISK,507
2024,Puducherry,Puducherry,1092832,27,2.470645076278879,0.0674757281553398,26.72809498399146,4.4470833333333335,22.28101165065813,0.005748534859930836,0.20145872406580442,0.5487933904102987,22.74,LOWER RISK,507
2024,Nagaland,Kiphire,85104,1,1.175032900921226,0.1531393568147013,15.6,3.8,11.8,0.002733989457799754,0.4572201037552822,0.29064039408867,22.55,LOWER RISK,508
2024,Nagaland,Noklak,206842,2,0.9669216116649424,0.1531393568147013,15.6,3.8,11.8,0.002249769764521618,0.4572201037552822,0.29064039408867,22.53,LOWER RISK,509
2024,Nagaland,Dimapur,435632,4,0.9182061923825616,0.1531393568147013,15.6,3.8,11.8,0.0021364219232433822,0.4572201037552822,0.29064039408867,22.52,LOWER RISK,510
2024,Nagaland,Mokokchung,223815,2,0.8935951567142506,0.1531393568147013,15.6,3.8,11.8,0.0020791585802255453,0.4572201037552822,0.29064039408867,22.52,LOWER RISK,510
2024,Uttarakhand,Champawat,298595,12,4.018821480600814,0.1531393568147013,15.0,3.6,11.4,0.00935073013881372,0.4572201037552822,0.28078817733990147,22.51,LOWER RISK,511
2024,Puducherry,Karaikal,230255,0,0.0,0.0674757281553398,26.72809498399146,4.4470833333333335,22.28101165065813,0.0,0.20145872406580442,0.5487933904102987,22.51,LOWER RISK,511
2024,Nagaland,Zunheboto,161870,1,0.6177796997590659,0.1531393568147013,15.6,3.8,11.8,0.001437409271740225,0.4572201037552822,0.29064039408867,22.49,LOWER RISK,512
2024,Nagaland,Longleng,58056,0,0.0,0.1531393568147013,15.6,3.8,11.8,0.0,0.4572201037552822,0.29064039408867,22.44,LOWER RISK,513
2024,Nagaland,Mon,287799,0,0.0,0.1531393568147013,15.6,3.8,11.8,0.0,0.4572201037552822,0.29064039408867,22.44,LOWER RISK,513
2024,Nagaland,Phek,187930,0,0.0,0.1531393568147013,15.6,3.8,11.8,0.0,0.4572201037552822,0.29064039408867,22.44,LOWER RISK,513
2024,Nagaland,Tuensang,226085,0,0.0,0.1531393568147013,15.6,3.8,11.8,0.0,0.4572201037552822,0.29064039408867,22.44,LOWER RISK,513
2024,Nagaland,Wokha,191294,0,0.0,0.1531393568147013,15.6,3.8,11.8,0.0,0.4572201037552822,0.29064039408867,22.44,LOWER RISK,513
2024,Nagaland,Shamator,206842,0,0.0,0.1531393568147013,15.6,3.8,11.8,0.0,0.4572201037552822,0.29064039408867,22.44,LOWER RISK,513
2024,Nagaland,Tseminyu,206842,0,0.0,0.1531393568147013,15.6,3.8,11.8,0.0,0.4572201037552822,0.29064039408867,22.44,LOWER RISK,513
2024,Nagaland,Crime,206842,0,0.0,0.1531393568147013,15.6,3.8,11.8,0.0,0.4572201037552822,0.29064039408867,22.44,LOWER RISK,513
2024,Nagaland,Cyber Security,206842,0,0.0,0.1531393568147013,15.6,3.8,11.8,0.0,0.4572201037552822,0.29064039408867,22.44,LOWER RISK,513
2024,Nagaland,Narcotics,206842,0,0.0,0.1531393568147013,15.6,3.8,11.8,0.0,0.4572201037552822,0.29064039408867,22.44,LOWER RISK,513
2024,Uttarakhand,Almora,715881,20,2.7937604154880487,0.1531393568147013,15.0,3.6,11.4,0.006500338431012702,0.4572201037552822,0.28078817733990147,22.4,LOWER RISK,514
2024,Uttarakhand,Pauri Garhwal,717779,17,2.368417019723341,0.1531393568147013,15.0,3.6,11.4,0.005510677325307698,0.4572201037552822,0.28078817733990147,22.36,LOWER RISK,515
2024,Uttarakhand,Pithoragarh,555954,13,2.338322954776834,0.1531393568147013,15.0,3.6,11.4,0.005440656429516961,0.4572201037552822,0.28078817733990147,22.36,LOWER RISK,515
2024,Meghalaya,Khasi Hills East,297666,31,10.414357031034784,0.175233644859813,12.7,5.0,7.699999999999999,0.02423144263474598,0.5231858547059567,0.18965517241379307,22.35,LOWER RISK,516
2024,Uttarakhand,Chamoli,450345,9,1.9984678413216532,0.1531393568147013,15.0,3.6,11.4,0.004649903850046769,0.4572201037552822,0.28078817733990147,22.33,LOWER RISK,517
2024,Uttarakhand,Uttarkashi,379598,6,1.5806194974683745,0.1531393568147013,15.0,3.6,11.4,0.003677681739365174,0.4572201037552822,0.28078817733990147,22.29,LOWER RISK,518
2024,Uttarakhand,Bageshwar,298882,2,0.6691604044405485,0.1531393568147013,15.0,3.6,11.4,0.0015569585242108273,0.4572201037552822,0.28078817733990147,22.2,LOWER RISK,519
2024,Uttarakhand,Tehri Garhwal,711770,1,0.1404948227657811,0.1531393568147013,15.0,3.6,11.4,0.00032689413548841654,0.4572201037552822,0.28078817733990147,22.15,LOWER RISK,520
2024,Uttarakhand,Rudra Prayag,717779,0,0.0,0.1531393568147013,15.0,3.6,11.4,0.0,0.4572201037552822,0.28078817733990147,22.14,LOWER RISK,521
2024,Uttarakhand,GRP,717779,0,0.0,0.1531393568147013,15.0,3.6,11.4,0.0,0.4572201037552822,0.28078817733990147,22.14,LOWER RISK,521
2024,Uttarakhand,Cyber Cell,717779,0,0.0,0.1531393568147013,15.0,3.6,11.4,0.0,0.4572201037552822,0.28078817733990147,22.14,LOWER RISK,521
2024,Meghalaya,Ri-Bhoi,297666,22,7.390834022024686,0.175233644859813,12.7,5.0,7.699999999999999,0.01719650767627134,0.5231858547059567,0.18965517241379307,22.07,LOWER RISK,522
2024,Meghalaya,Garo Hills West,297666,17,5.711099017019075,0.175233644859813,12.7,5.0,7.699999999999999,0.013288210477118763,0.5231858547059567,0.18965517241379307,21.92,LOWER RISK,523
2024,Meghalaya,Khasi Hills Eastern West,297666,12,4.031364012013465,0.175233644859813,12.7,5.0,7.699999999999999,0.009379913277966187,0.5231858547059567,0.18965517241379307,21.76,LOWER RISK,524
2024,Meghalaya,Jaintia Hills East,297666,10,3.3594700100112207,0.175233644859813,12.7,5.0,7.699999999999999,0.007816594398305156,0.5231858547059567,0.18965517241379307,21.7,LOWER RISK,525
2024,Meghalaya,Jaintia Hills West,297666,6,2.0156820060067324,0.175233644859813,12.7,5.0,7.699999999999999,0.004689956638983093,0.5231858547059567,0.18965517241379307,21.57,LOWER RISK,526
2024,Meghalaya,Garo Hills East,297666,5,1.6797350050056103,0.175233644859813,12.7,5.0,7.699999999999999,0.003908297199152578,0.5231858547059567,0.18965517241379307,21.54,LOWER RISK,527
2024,Meghalaya,Garo Hills South,297666,4,1.3437880040044885,0.175233644859813,12.7,5.0,7.699999999999999,0.0031266377593220625,0.5231858547059567,0.18965517241379307,21.51,LOWER RISK,528
2024,Meghalaya,Garo Hills North,297666,2,0.6718940020022441,0.175233644859813,12.7,5.0,7.699999999999999,0.001563318879661031,0.5231858547059567,0.18965517241379307,21.45,LOWER RISK,529
2024,Meghalaya,Garo Hills South West,297666,2,0.6718940020022441,0.175233644859813,12.7,5.0,7.699999999999999,0.001563318879661031,0.5231858547059567,0.18965517241379307,21.45,LOWER RISK,529
2024,Meghalaya,Khasi Hills West,297666,2,0.6718940020022441,0.175233644859813,12.7,5.0,7.699999999999999,0.001563318879661031,0.5231858547059567,0.18965517241379307,21.45,LOWER RISK,529
2024,Meghalaya,Khasi Hills South West,297666,0,0.0,0.175233644859813,12.7,5.0,7.699999999999999,0.0,0.5231858547059567,0.18965517241379307,21.39,LOWER RISK,530
2024,Meghalaya,Cyber Cell,297666,0,0.0,0.175233644859813,12.7,5.0,7.699999999999999,0.0,0.5231858547059567,0.18965517241379307,21.39,LOWER RISK,530
2024,A&N Islands,Total Districts ,197649,18,9.107053412868266,0.0454248366013071,26.72809498399146,4.4470833333333335,22.28101165065813,0.021189694350584237,0.13562253973057398,0.5487933904102987,21.38,LOWER RISK,531
2024,A&N Islands,South Andaman,273863,16,5.842337227007664,0.0454248366013071,26.72809498399146,4.4470833333333335,22.28101165065813,0.01359356693334055,0.13562253973057398,0.5487933904102987,21.08,LOWER RISK,532
2024,A&N Islands,North & Middle Andaman,121436,2,1.6469580684475773,0.0454248366013071,26.72809498399146,4.4470833333333335,22.28101165065813,0.00383203397372427,0.13562253973057398,0.5487933904102987,20.69,LOWER RISK,533
2024,Chandigarh,All Districts,1213767,151,12.44060845285792,0.0342364532019704,26.72809498399146,4.4470833333333335,22.28101165065813,0.028945991496971923,0.10221797329447209,0.5487933904102987,20.69,LOWER RISK,533
2024,Chandigarh,Total Districts ,1213767,151,12.44060845285792,0.0342364532019704,26.72809498399146,4.4470833333333335,22.28101165065813,0.028945991496971923,0.10221797329447209,0.5487933904102987,20.69,LOWER RISK,533
2024,Delhi,South,168877,173,102.44142186324956,0.0637484062898427,12.5,5.3,7.2,0.23835397902183306,0.19033025568563483,0.17733990147783252,20.56,LOWER RISK,534
2024,A&N Islands,Nicobar,197649,0,0.0,0.0454248366013071,26.72809498399146,4.4470833333333335,22.28101165065813,0.0,0.13562253973057398,0.5487933904102987,20.53,LOWER RISK,535
2024,Delhi,West,156900,113,72.02039515615041,0.0637484062898427,12.5,5.3,7.2,0.16757233005911215,0.19033025568563483,0.17733990147783252,17.73,LOWER RISK,536
2024,Jammu & Kashmir,Ramban,326269,34,10.420849054001453,0.0,26.72809498399146,4.4470833333333335,22.28101165065813,0.02424654784783129,0.0,0.5487933904102987,17.43,LOWER RISK,537
2024,Jammu & Kashmir,Doda,471426,34,7.212160551178764,0.0,26.72809498399146,4.4470833333333335,22.28101165065813,0.016780781967401178,0.0,0.5487933904102987,17.14,LOWER RISK,538
2024,Jammu & Kashmir,Poonch,718362,50,6.960279079349966,0.0,26.72809498399146,4.4470833333333335,22.28101165065813,0.016194720685155272,0.0,0.5487933904102987,17.11,LOWER RISK,539
2024,Jammu & Kashmir,Rajouri,738777,48,6.497224466923036,0.0,26.72809498399146,4.4470833333333335,22.28101165065813,0.0151173155948227,0.0,0.5487933904102987,17.07,LOWER RISK,540
2024,Jammu & Kashmir,Jammu,1759451,110,6.251950182187511,0.0,26.72809498399146,4.4470833333333335,22.28101165065813,0.01454662748199576,0.0,0.5487933904102987,17.05,LOWER RISK,541
2024,Jammu & Kashmir,Reasi,361867,18,4.974203229363274,0.0,26.72809498399146,4.4470833333333335,22.28101165065813,0.011573649707485412,0.0,0.5487933904102987,16.93,LOWER RISK,542
2024,Jammu & Kashmir,Samba,366732,16,4.362858981490571,0.0,26.72809498399146,4.4470833333333335,22.28101165065813,0.010151214022952574,0.0,0.5487933904102987,16.87,LOWER RISK,543
2024,Jammu & Kashmir,Kishtwar,265300,10,3.769317753486619,0.0,26.72809498399146,4.4470833333333335,22.28101165065813,0.008770201236961562,0.0,0.5487933904102987,16.81,LOWER RISK,544
2024,Jammu & Kashmir,Budgam,718362,24,3.3409339580879838,0.0,26.72809498399146,4.4470833333333335,22.28101165065813,0.007773465928874531,0.0,0.5487933904102987,16.77,LOWER RISK,545
2024,Jammu & Kashmir,Kulgam,488155,16,3.277647468529463,0.0,26.72809498399146,4.4470833333333335,22.28101165065813,0.007626215077312419,0.0,0.5487933904102987,16.77,LOWER RISK,545
2024,Jammu & Kashmir,Baramulla,718362,22,3.062522794913985,0.0,26.72809498399146,4.4470833333333335,22.28101165065813,0.007125677101468319,0.0,0.5487933904102987,16.75,LOWER RISK,546
2024,Jammu & Kashmir,Kathua,708900,20,2.8212723938496262,0.0,26.72809498399146,4.4470833333333335,22.28101165065813,0.00656435149715306,0.0,0.5487933904102987,16.73,LOWER RISK,547
2024,Jammu & Kashmir,Udhampur,638232,17,2.6636082177014,0.0,26.72809498399146,4.4470833333333335,22.28101165065813,0.006197508836727136,0.0,0.5487933904102987,16.71,LOWER RISK,548
2024,Jammu & Kashmir,Anantnag,1240495,30,2.4183894332504363,0.0,26.72809498399146,4.4470833333333335,22.28101165065813,0.005626949858320837,0.0,0.5487933904102987,16.69,LOWER RISK,549
2024,Jammu & Kashmir,Kupwara,1000907,16,1.5985501150456536,0.0,26.72809498399146,4.4470833333333335,22.28101165065813,0.0037194015238832816,0.0,0.5487933904102987,16.61,LOWER RISK,550
2024,Jammu & Kashmir,Ganderbal,342062,5,1.4617233133174687,0.0,26.72809498399146,4.4470833333333335,22.28101165065813,0.003401041899079556,0.0,0.5487933904102987,16.6,LOWER RISK,551
2024,Jammu & Kashmir,Awantipora,718362,10,1.3920558158699932,0.0,26.72809498399146,4.4470833333333335,22.28101165065813,0.0032389441370310546,0.0,0.5487933904102987,16.59,LOWER RISK,552
2024,Jammu & Kashmir,Bandipora,718362,10,1.3920558158699932,0.0,26.72809498399146,4.4470833333333335,22.28101165065813,0.0032389441370310546,0.0,0.5487933904102987,16.59,LOWER RISK,552
2024,Jammu & Kashmir,Shopian,718362,10,1.3920558158699932,0.0,26.72809498399146,4.4470833333333335,22.28101165065813,0.0032389441370310546,0.0,0.5487933904102987,16.59,LOWER RISK,552
2024,Jammu & Kashmir,Srinagar,1422353,19,1.3358146676668872,0.0,26.72809498399146,4.4470833333333335,22.28101165065813,0.003108085923476953,0.0,0.5487933904102987,16.59,LOWER RISK,552
2024,Jammu & Kashmir,Sopore,718362,6,0.8352334895219958,0.0,26.72809498399146,4.4470833333333335,22.28101165065813,0.0019433664822186324,0.0,0.5487933904102987,16.54,LOWER RISK,553
2024,Jammu & Kashmir,Pulwama,644506,4,0.6206303742711472,0.0,26.72809498399146,4.4470833333333335,22.28101165065813,0.0014440420341569526,0.0,0.5487933904102987,16.52,LOWER RISK,554
2024,Jammu & Kashmir,Handwara,718362,3,0.4176167447609979,0.0,26.72809498399146,4.4470833333333335,22.28101165065813,0.0009716832411093162,0.0,0.5487933904102987,16.5,LOWER RISK,555
2024,Jammu & Kashmir,Special Crime Wing Jammu,718362,0,0.0,0.0,26.72809498399146,4.4470833333333335,22.28101165065813,0.0,0.0,0.5487933904102987,16.46,LOWER RISK,556
2024,Jammu & Kashmir,Special Crime Wing Kashmir,718362,0,0.0,0.0,26.72809498399146,4.4470833333333335,22.28101165065813,0.0,0.0,0.5487933904102987,16.46,LOWER RISK,556
2024,Jammu & Kashmir,Railways Jammu,718362,0,0.0,0.0,26.72809498399146,4.4470833333333335,22.28101165065813,0.0,0.0,0.5487933904102987,16.46,LOWER RISK,556
2024,Jammu & Kashmir,Railways Kashmir,718362,0,0.0,0.0,26.72809498399146,4.4470833333333335,22.28101165065813,0.0,0.0,0.5487933904102987,16.46,LOWER RISK,556
2024,Jammu & Kashmir,Railways Katra,718362,0,0.0,0.0,26.72809498399146,4.4470833333333335,22.28101165065813,0.0,0.0,0.5487933904102987,16.46,LOWER RISK,556
2024,Jammu & Kashmir,Cyber Crime Jammu,718362,0,0.0,0.0,26.72809498399146,4.4470833333333335,22.28101165065813,0.0,0.0,0.5487933904102987,16.46,LOWER RISK,556
2024,Jammu & Kashmir,Cyber Crime Kashmir,718362,0,0.0,0.0,26.72809498399146,4.4470833333333335,22.28101165065813,0.0,0.0,0.5487933904102987,16.46,LOWER RISK,556
2024,Jammu & Kashmir,Anti Narcotic Task Force Jammu,718362,0,0.0,0.0,26.72809498399146,4.4470833333333335,22.28101165065813,0.0,0.0,0.5487933904102987,16.46,LOWER RISK,556
2024,Jammu & Kashmir,Anti Narcotic Task Force Kashmir,718362,0,0.0,0.0,26.72809498399146,4.4470833333333335,22.28101165065813,0.0,0.0,0.5487933904102987,16.46,LOWER RISK,556
2024,Jammu & Kashmir,EOW Jammu,718362,0,0.0,0.0,26.72809498399146,4.4470833333333335,22.28101165065813,0.0,0.0,0.5487933904102987,16.46,LOWER RISK,556
2024,Jammu & Kashmir,EOW Kashmir,718362,0,0.0,0.0,26.72809498399146,4.4470833333333335,22.28101165065813,0.0,0.0,0.5487933904102987,16.46,LOWER RISK,556
2024,Jammu & Kashmir,CICE Jammu,718362,0,0.0,0.0,26.72809498399146,4.4470833333333335,22.28101165065813,0.0,0.0,0.5487933904102987,16.46,LOWER RISK,556
2024,Jammu & Kashmir,CICE Kashmir,718362,0,0.0,0.0,26.72809498399146,4.4470833333333335,22.28101165065813,0.0,0.0,0.5487933904102987,16.46,LOWER RISK,556
2024,Delhi,East,326120,189,57.95412731509873,0.0637484062898427,12.5,5.3,7.2,0.13484386096018505,0.19033025568563483,0.17733990147783252,16.42,LOWER RISK,557
2024,Kerala,Total Districts ,2966482,2143,72.24045182138305,0.0723662066644227,9.9,7.0,2.9000000000000004,0.16808434346945403,0.21605996791222762,0.07142857142857144,15.35,LOWER RISK,558
2024,Punjab,Total Districts ,1683506,992,58.92464891720017,0.0587406015037594,11.0,5.5,5.5,0.13710200694625232,0.1753787169597036,0.1354679802955665,14.81,LOWER RISK,559
2024,Himachal Pradesh,Total Districts ,937776,491,52.35791916193206,0.0712129099427381,8.3,5.6,2.700000000000001,0.12182297100687776,0.21261663069495496,0.06650246305418722,13.25,LOWER RISK,560
2024,Delhi,Central,669668,160,23.892436251993523,0.0637484062898427,12.5,5.3,7.2,0.05559135304457497,0.19033025568563483,0.17733990147783252,13.25,LOWER RISK,560
2024,Delhi,South-East,1058850,198,18.69953251168721,0.0637484062898427,12.5,5.3,7.2,0.043508845337568935,0.19033025568563483,0.17733990147783252,12.77,LOWER RISK,561
2024,Delhi,Dwarka,1058850,198,18.69953251168721,0.0637484062898427,12.5,5.3,7.2,0.043508845337568935,0.19033025568563483,0.17733990147783252,12.77,LOWER RISK,561
2024,Delhi,South-West,1058850,166,15.6773858431317,0.0637484062898427,12.5,5.3,7.2,0.03647711275775981,0.19033025568563483,0.17733990147783252,12.49,LOWER RISK,562
2024,Delhi,New Delhi,163304,25,15.30887179738402,0.0637484062898427,12.5,5.3,7.2,0.03561967845499654,0.19033025568563483,0.17733990147783252,12.45,LOWER RISK,563
2024,Delhi,Outer North,1058850,152,14.355196675638664,0.0637484062898427,12.5,5.3,7.2,0.03340072975409332,0.19033025568563483,0.17733990147783252,12.37,LOWER RISK,564
2024,Delhi,Outer,1058850,147,13.882986258676867,0.0637484062898427,12.5,5.3,7.2,0.03230202153849815,0.19033025568563483,0.17733990147783252,12.32,LOWER RISK,565
2024,Delhi,North-East,1058850,145,13.694102091892148,0.0637484062898427,12.5,5.3,7.2,0.03186253825226008,0.19033025568563483,0.17733990147783252,12.3,LOWER RISK,566
2024,Delhi,North,1021174,131,12.828372050208875,0.0637484062898427,12.5,5.3,7.2,0.029848214393407308,0.19033025568563483,0.17733990147783252,12.22,LOWER RISK,567
2024,Delhi,Shahdara,1058850,134,12.65523917457619,0.0637484062898427,12.5,5.3,7.2,0.02944538017795069,0.19033025568563483,0.17733990147783252,12.21,LOWER RISK,568
2024,Delhi,Rohini,1058850,128,12.088586674222034,0.0637484062898427,12.5,5.3,7.2,0.028126930319236482,0.19033025568563483,0.17733990147783252,12.16,LOWER RISK,569
2024,Delhi,North-West,1058850,114,10.766397506728998,0.0637484062898427,12.5,5.3,7.2,0.02505054731556999,0.19033025568563483,0.17733990147783252,12.03,LOWER RISK,570
2024,Delhi,East,1965747,189,9.614665569882597,0.0637484062898427,12.5,5.3,7.2,0.02237077301216055,0.19033025568563483,0.17733990147783252,11.92,LOWER RISK,571
2024,Goa,Total Districts ,838663,154,18.362560408650435,0.1097227645450995,8.3,8.0,0.3000000000000007,0.042724800757580686,0.3275934732462631,0.007389162561576372,11.76,LOWER RISK,572
2024,Delhi,South,3141718,173,5.506541325478607,0.0637484062898427,12.5,5.3,7.2,0.012812259061847723,0.19033025568563483,0.17733990147783252,11.54,LOWER RISK,573
2024,Delhi,West,2924729,113,3.863605824676406,0.0637484062898427,12.5,5.3,7.2,0.008989584534592674,0.19033025568563483,0.17733990147783252,11.39,LOWER RISK,574
2024,Delhi,IGI Airport,1058850,10,0.9444208339235964,0.0637484062898427,12.5,5.3,7.2,0.00219741643119035,0.19033025568563483,0.17733990147783252,11.12,LOWER RISK,575
2024,Delhi,RAILWAY,1058850,9,0.8499787505312367,0.0637484062898427,12.5,5.3,7.2,0.0019776747880713152,0.19033025568563483,0.17733990147783252,11.11,LOWER RISK,576
2024,Delhi,Metro,1058850,2,0.1888841667847192,0.0637484062898427,12.5,5.3,7.2,0.0004394832862380699,0.19033025568563483,0.17733990147783252,11.05,LOWER RISK,577
2024,Delhi,Crime Branch,1058850,0,0.0,0.0637484062898427,12.5,5.3,7.2,0.0,0.19033025568563483,0.17733990147783252,11.03,LOWER RISK,578
2024,Delhi,EOW,1058850,0,0.0,0.0637484062898427,12.5,5.3,7.2,0.0,0.19033025568563483,0.17733990147783252,11.03,LOWER RISK,578
2024,Delhi,Spl Cell,1058850,0,0.0,0.0637484062898427,12.5,5.3,7.2,0.0,0.19033025568563483,0.17733990147783252,11.03,LOWER RISK,578
2024,Delhi,SPUWAC,1058850,0,0.0,0.0637484062898427,12.5,5.3,7.2,0.0,0.19033025568563483,0.17733990147783252,11.03,LOWER RISK,578
2024,Delhi,Vigilance,1058850,0,0.0,0.0637484062898427,12.5,5.3,7.2,0.0,0.19033025568563483,0.17733990147783252,11.03,LOWER RISK,578
2024,Goa,North Goa,940709,85,9.035737938087124,0.1097227645450995,8.3,8.0,0.3000000000000007,0.021023762183002576,0.3275934732462631,0.007389162561576372,10.89,LOWER RISK,579
2024,Goa,South Goa,736617,54,7.33081099132928,0.1097227645450995,8.3,8.0,0.3000000000000007,0.017056850026670404,0.3275934732462631,0.007389162561576372,10.73,LOWER RISK,580
2024,Goa,CID,838663,15,1.7885610787646526,0.1097227645450995,8.3,8.0,0.3000000000000007,0.00416150656729682,0.3275934732462631,0.007389162561576372,10.22,LOWER RISK,581
2024,Punjab,SAS Nagar,1683506,137,8.137779134734298,0.0587406015037594,11.0,5.5,5.5,0.018934450556085253,0.1753787169597036,0.1354679802955665,10.08,LOWER RISK,582
2024,Punjab,Fazilka,1683506,83,4.930187358999612,0.0587406015037594,11.0,5.5,5.5,0.01147123646828523,0.1753787169597036,0.1354679802955665,9.78,LOWER RISK,583
2024,Punjab,CP Amritsar,1683506,74,4.395588729710497,0.0587406015037594,11.0,5.5,5.5,0.01022736745365189,0.1753787169597036,0.1354679802955665,9.73,LOWER RISK,584
2024,Punjab,CP Ludhiana,1683506,66,3.920389948120173,0.0587406015037594,11.0,5.5,5.5,0.009121706107311145,0.1753787169597036,0.1354679802955665,9.69,LOWER RISK,585
2024,Punjab,Kapurthala,937443,32,3.413540876618632,0.0587406015037594,11.0,5.5,5.5,0.007942402943038551,0.1753787169597036,0.1354679802955665,9.64,LOWER RISK,586
2024,Punjab,Patiala,2180038,73,3.348565483720926,0.0587406015037594,11.0,5.5,5.5,0.0077912224619988675,0.1753787169597036,0.1354679802955665,9.64,LOWER RISK,586
2024,Punjab,Barnala,684856,22,3.2123541299192824,0.0587406015037594,11.0,5.5,5.5,0.0074742948210499505,0.1753787169597036,0.1354679802955665,9.62,LOWER RISK,587
2024,Punjab,Moga,1145107,36,3.1438110150405163,0.0587406015037594,11.0,5.5,5.5,0.00731481319858952,0.1753787169597036,0.1354679802955665,9.62,LOWER RISK,587
2024,Punjab,Faridkot,710134,21,2.9571883616331567,0.0587406015037594,11.0,5.5,5.5,0.00688059185329585,0.1753787169597036,0.1354679802955665,9.6,LOWER RISK,588
2024,Punjab,Ferozepur,1683506,44,2.6135932987467823,0.0587406015037594,11.0,5.5,5.5,0.006081137404874096,0.1753787169597036,0.1354679802955665,9.57,LOWER RISK,589
2024,Punjab,Sangrur,1903444,39,2.04891764611935,0.0587406015037594,11.0,5.5,5.5,0.004767287145745826,0.1753787169597036,0.1354679802955665,9.52,LOWER RISK,590
2024,Punjab,Bathinda,1596803,31,1.9413791181504545,0.0587406015037594,11.0,5.5,5.5,0.004517073554667857,0.1753787169597036,0.1354679802955665,9.51,LOWER RISK,591
2024,Punjab,Mansa,885213,18,2.033408908364428,0.0587406015037594,11.0,5.5,5.5,0.004731202432294402,0.1753787169597036,0.1354679802955665,9.51,LOWER RISK,591
2024,Punjab,Hoshiarpur,1824618,30,1.6441797680391184,0.0587406015037594,11.0,5.5,5.5,0.003825569606623253,0.1753787169597036,0.1354679802955665,9.48,LOWER RISK,592
2024,Punjab,CP Jalandhar,1683506,26,1.544396040168553,0.0587406015037594,11.0,5.5,5.5,0.0035933993756074203,0.1753787169597036,0.1354679802955665,9.47,LOWER RISK,593
2024,Punjab,Tarn Taran,1287571,20,1.5533123998598914,0.0587406015037594,11.0,5.5,5.5,0.0036141453763185137,0.1753787169597036,0.1354679802955665,9.47,LOWER RISK,593
2024,Punjab,Amritsar Rural,2864254,39,1.3616110861676374,0.0587406015037594,11.0,5.5,5.5,0.0031681073374941675,0.1753787169597036,0.1354679802955665,9.45,LOWER RISK,594
2024,Punjab,Muktsar,1037180,14,1.3498139185098057,0.0587406015037594,11.0,5.5,5.5,0.0031406584618217316,0.1753787169597036,0.1354679802955665,9.45,LOWER RISK,594
2024,Punjab,Batala,1683506,21,1.2473968016746004,0.0587406015037594,11.0,5.5,5.5,0.0029023610341444546,0.1753787169597036,0.1354679802955665,9.44,LOWER RISK,595
2024,Punjab,Fatehgarh Sahib,690187,8,1.1591061552883493,0.0587406015037594,11.0,5.5,5.5,0.0026969321510441685,0.1753787169597036,0.1354679802955665,9.43,LOWER RISK,596
2024,Punjab,Ropar,1683506,19,1.1285971062770197,0.0587406015037594,11.0,5.5,5.5,0.002625945697559269,0.1753787169597036,0.1354679802955665,9.43,LOWER RISK,596
2024,Punjab,Gurdaspur,2643071,27,1.0215389597933615,0.0587406015037594,11.0,5.5,5.5,0.002376849826602439,0.1753787169597036,0.1354679802955665,9.42,LOWER RISK,597
2024,Punjab,Jalandhar Rural,2522628,22,0.8721063906370659,0.0587406015037594,11.0,5.5,5.5,0.0020291599292345066,0.1753787169597036,0.1354679802955665,9.41,LOWER RISK,598
2024,Punjab,Khanna,1683506,16,0.950397563180648,0.0587406015037594,11.0,5.5,5.5,0.0022113226926814894,0.1753787169597036,0.1354679802955665,9.41,LOWER RISK,598
2024,Punjab,SBS Nagar,1683506,16,0.950397563180648,0.0587406015037594,11.0,5.5,5.5,0.0022113226926814894,0.1753787169597036,0.1354679802955665,9.41,LOWER RISK,598
2024,Punjab,Ludhiana Rural,4023549,28,0.6959030447995042,0.0587406015037594,11.0,5.5,5.5,0.0016191815451643628,0.1753787169597036,0.1354679802955665,9.39,LOWER RISK,599
2024,Kerala,Ernakulam Commr,2966482,241,8.124101208097672,0.0723662066644227,9.9,7.0,2.9000000000000004,0.018902625653821004,0.21605996791222762,0.07142857142857144,9.38,LOWER RISK,600
2024,Punjab,Pathankot,1683506,10,0.593998476987905,0.0587406015037594,11.0,5.5,5.5,0.0013820766829259307,0.1753787169597036,0.1354679802955665,9.38,LOWER RISK,600
2024,Punjab,NRI Wing,1683506,8,0.475198781590324,0.0587406015037594,11.0,5.5,5.5,0.0011056613463407447,0.1753787169597036,0.1354679802955665,9.37,LOWER RISK,601
2024,Punjab,Malerkotla,1683506,8,0.475198781590324,0.0587406015037594,11.0,5.5,5.5,0.0011056613463407447,0.1753787169597036,0.1354679802955665,9.37,LOWER RISK,601
2024,Himachal Pradesh,Sirmaur,609333,63,10.339174146156536,0.0712129099427381,8.3,5.6,2.700000000000001,0.02405651203109824,0.21261663069495496,0.06650246305418722,9.34,LOWER RISK,602
2024,Punjab,GRP,1683506,2,0.118799695397581,0.0587406015037594,11.0,5.5,5.5,0.00027641533658518617,0.1753787169597036,0.1354679802955665,9.34,LOWER RISK,602
2024,Punjab,Bureau of Investigation,1683506,2,0.118799695397581,0.0587406015037594,11.0,5.5,5.5,0.00027641533658518617,0.1753787169597036,0.1354679802955665,9.34,LOWER RISK,602
2024,Punjab,Intelligence Wing,1683506,0,0.0,0.0587406015037594,11.0,5.5,5.5,0.0,0.1753787169597036,0.1354679802955665,9.33,LOWER RISK,603
2024,Punjab,Special Task Force,1683506,0,0.0,0.0587406015037594,11.0,5.5,5.5,0.0,0.1753787169597036,0.1354679802955665,9.33,LOWER RISK,603
2024,Punjab,Cyber Crime Wing,1683506,0,0.0,0.0587406015037594,11.0,5.5,5.5,0.0,0.1753787169597036,0.1354679802955665,9.33,LOWER RISK,603
2024,Kerala,Trivandrum Rural,2966482,194,6.539732922701032,0.0723662066644227,9.9,7.0,2.9000000000000004,0.015216221480669194,0.21605996791222762,0.07142857142857144,9.23,LOWER RISK,604
2024,Kerala,Pathanamthitta,1377023,86,6.245356831367377,0.0723662066644227,9.9,7.0,2.9000000000000004,0.014531286505909312,0.21605996791222762,0.07142857142857144,9.21,LOWER RISK,605
2024,Kerala,Trivandrum Commr,2966482,147,4.955364637304389,0.0723662066644227,9.9,7.0,2.9000000000000004,0.011529817307517376,0.21605996791222762,0.07142857142857144,9.09,LOWER RISK,606
2024,Himachal Pradesh,Mandi,1149743,86,7.479932471865451,0.0712129099427381,8.3,5.6,2.700000000000001,0.017403816103448128,0.21261663069495496,0.06650246305418722,9.07,LOWER RISK,607
2024,Kerala,Kottayam,2270733,103,4.535980231933917,0.0723662066644227,9.9,7.0,2.9000000000000004,0.010554021189681389,0.21605996791222762,0.07142857142857144,9.05,LOWER RISK,608
2024,Himachal Pradesh,Shimla,936111,67,7.157270879201292,0.0712129099427381,8.3,5.6,2.700000000000001,0.016653068280056048,0.21261663069495496,0.06650246305418722,9.04,LOWER RISK,609
2024,Kerala,Ernakulam Rural,3774746,169,4.477122434198222,0.0723662066644227,9.9,7.0,2.9000000000000004,0.010417074727678034,0.21605996791222762,0.07142857142857144,9.04,LOWER RISK,609
2024,Kerala,Thrissur Commr,2966482,132,4.449715184518228,0.0723662066644227,9.9,7.0,2.9000000000000004,0.010353305337362543,0.21605996791222762,0.07142857142857144,9.04,LOWER RISK,609
2024,Kerala,Idukki,1275320,55,4.312643101339272,0.0723662066644227,9.9,7.0,2.9000000000000004,0.010034375007772529,0.21605996791222762,0.07142857142857144,9.03,LOWER RISK,610
2024,Kerala,Alapuzha,2966482,127,4.28116536692284,0.0723662066644227,9.9,7.0,2.9000000000000004,0.009961134680644265,0.21605996791222762,0.07142857142857144,9.02,LOWER RISK,611
2024,Kerala,Kozhikode Commr,2966482,108,3.640676060060368,0.0723662066644227,9.9,7.0,2.9000000000000004,0.008470886185114808,0.21605996791222762,0.07142857142857144,8.96,LOWER RISK,612
2024,Himachal Pradesh,Kinnaur,96739,6,6.202255553602994,0.0712129099427381,8.3,5.6,2.700000000000001,0.014431001280761031,0.21261663069495496,0.06650246305418722,8.95,LOWER RISK,613
2024,Himachal Pradesh,Solan,667368,41,6.143536999076971,0.0712129099427381,8.3,5.6,2.700000000000001,0.014294378800721938,0.21261663069495496,0.06650246305418722,8.95,LOWER RISK,613
2024,Kerala,Malappuram,4729858,164,3.4673345373159195,0.0723662066644227,9.9,7.0,2.9000000000000004,0.008067566503248257,0.21605996791222762,0.07142857142857144,8.95,LOWER RISK,613
2024,Kerala,Kollam Commr,2966482,90,3.0338967167169733,0.0723662066644227,9.9,7.0,2.9000000000000004,0.007059071820929006,0.21605996791222762,0.07142857142857144,8.91,LOWER RISK,614
2024,Kerala,Kollam Rural,3030681,92,3.0356213669469008,0.0723662066644227,9.9,7.0,2.9000000000000004,0.007063084623926537,0.21605996791222762,0.07142857142857144,8.91,LOWER RISK,614
2024,Himachal Pradesh,Chamba,596942,34,5.695695729233326,0.0712129099427381,8.3,5.6,2.700000000000001,0.013252371117736845,0.21261663069495496,0.06650246305418722,8.9,LOWER RISK,615
2024,Kerala,Palakkad,3231424,96,2.9708264839278287,0.0723662066644227,9.9,7.0,2.9000000000000004,0.006912324141428875,0.21605996791222762,0.07142857142857144,8.9,LOWER RISK,615
2024,Himachal Pradesh,Kullu,503588,25,4.964375640404458,0.0712129099427381,8.3,5.6,2.700000000000001,0.011550783518302176,0.21261663069495496,0.06650246305418722,8.84,LOWER RISK,616
2024,Kerala,Kozhikode Rural,3549236,81,2.282181291973822,0.0723662066644227,9.9,7.0,2.9000000000000004,0.005310029692064379,0.21605996791222762,0.07142857142857144,8.84,LOWER RISK,616
2024,Kerala,Thrissur Rural,3589379,78,2.1730778499567758,0.0723662066644227,9.9,7.0,2.9000000000000004,0.005056174961656053,0.21605996791222762,0.07142857142857144,8.83,LOWER RISK,617
2024,Kerala,Kannur City,2901453,55,1.8956019621892888,0.0723662066644227,9.9,7.0,2.9000000000000004,0.0044105622717005785,0.21605996791222762,0.07142857142857144,8.8,LOWER RISK,618
2024,Himachal Pradesh,Bilaspur,439249,19,4.325564770779216,0.0712129099427381,8.3,5.6,2.700000000000001,0.010064440300410961,0.21261663069495496,0.06650246305418722,8.78,LOWER RISK,619
2024,Himachal Pradesh,Una,599348,26,4.338047344781329,0.0712129099427381,8.3,5.6,2.700000000000001,0.010093483934594503,0.21261663069495496,0.06650246305418722,8.78,LOWER RISK,619
2024,Kerala,Wayanadu,2966482,44,1.483238394839409,0.0723662066644227,9.9,7.0,2.9000000000000004,0.003451101779120847,0.21605996791222762,0.07142857142857144,8.76,LOWER RISK,620
2024,Kerala,Kasargod,2966482,40,1.3483985407630992,0.0723662066644227,9.9,7.0,2.9000000000000004,0.003137365253746225,0.21605996791222762,0.07142857142857144,8.75,LOWER RISK,621
2024,Kerala,Kannur Rural,2901453,35,1.2062921577568204,0.0723662066644227,9.9,7.0,2.9000000000000004,0.0028067214456276414,0.21605996791222762,0.07142857142857144,8.74,LOWER RISK,622
2024,Himachal Pradesh,Baddi,937776,35,3.732234563477845,0.0712129099427381,8.3,5.6,2.700000000000001,0.008683918503545256,0.21261663069495496,0.06650246305418722,8.72,LOWER RISK,623
2024,Himachal Pradesh,Kangra,1736586,60,3.455054918097923,0.0712129099427381,8.3,5.6,2.700000000000001,0.008038995090940162,0.21261663069495496,0.06650246305418722,8.7,LOWER RISK,624
2024,Kerala,Railways,2966482,6,0.2022597811144648,0.0723662066644227,9.9,7.0,2.9000000000000004,0.00047060478806193354,0.21605996791222762,0.07142857142857144,8.64,LOWER RISK,625
2024,Kerala,Crime Branch,2966482,0,0.0,0.0723662066644227,9.9,7.0,2.9000000000000004,0.0,0.21605996791222762,0.07142857142857144,8.62,LOWER RISK,626
2024,Himachal Pradesh,Hamirpur,522983,13,2.4857404542786288,0.0712129099427381,8.3,5.6,2.700000000000001,0.005783657795025217,0.21261663069495496,0.06650246305418722,8.6,LOWER RISK,627
2024,Himachal Pradesh,Nurpur,937776,16,1.7061643718755866,0.0712129099427381,8.3,5.6,2.700000000000001,0.003969791315906404,0.21261663069495496,0.06650246305418722,8.53,LOWER RISK,628
2024,Himachal Pradesh,Hamirpur,1269927,13,1.0236808887439988,0.0712129099427381,8.3,5.6,2.700000000000001,0.002381833526348895,0.21261663069495496,0.06650246305418722,8.47,LOWER RISK,629
2024,Himachal Pradesh,Bilaspur,3063173,19,0.6202718553604383,0.0712129099427381,8.3,5.6,2.700000000000001,0.0014432078558785984,0.21261663069495496,0.06650246305418722,8.43,LOWER RISK,630
2024,Himachal Pradesh,CID,937776,0,0.0,0.0712129099427381,8.3,5.6,2.700000000000001,0.0,0.21261663069495496,0.06650246305418722,8.37,LOWER RISK,631
2024,Himachal Pradesh,GRP,937776,0,0.0,0.0712129099427381,8.3,5.6,2.700000000000001,0.0,0.21261663069495496,0.06650246305418722,8.37,LOWER RISK,631
2024,Himachal Pradesh,Lahaul & Spiti,937776,0,0.0,0.0712129099427381,8.3,5.6,2.700000000000001,0.0,0.21261663069495496,0.06650246305418722,8.37,LOWER RISK,631
2024,Himachal Pradesh,Cyber,937776,0,0.0,0.0712129099427381,8.3,5.6,2.700000000000001,0.0,0.21261663069495496,0.06650246305418722,8.37,LOWER RISK,631
2024,Sikkim,Total Districts ,1219441,15,1.2300718115923608,0.0811797752808988,7.6,9.8,0.0,0.0028620503839454745,0.24237417505726278,0.0,7.39,LOWER RISK,632
2024,Sikkim,Gangtok (East),1219441,6,0.4920287246369443,0.0811797752808988,7.6,9.8,0.0,0.0011448201535781898,0.24237417505726278,0.0,7.32,LOWER RISK,633
2024,Sikkim,Gyalshing (West),1219441,5,0.4100239371974536,0.0811797752808988,7.6,9.8,0.0,0.0009540167946484916,0.24237417505726278,0.0,7.31,LOWER RISK,634
2024,Sikkim,Namchi (South),1219441,4,0.3280191497579628,0.0811797752808988,7.6,9.8,0.0,0.0007632134357187931,0.24237417505726278,0.0,7.3,LOWER RISK,635
2024,Sikkim,Mangan (North),1219441,0,0.0,0.0811797752808988,7.6,9.8,0.0,0.0,0.24237417505726278,0.0,7.27,LOWER RISK,636
2024,Sikkim,Soreng (West),1219441,0,0.0,0.0811797752808988,7.6,9.8,0.0,0.0,0.24237417505726278,0.0,7.27,LOWER RISK,636
2024,Sikkim,CID,1219441,0,0.0,0.0811797752808988,7.6,9.8,0.0,0.0,0.24237417505726278,0.0,7.27,LOWER RISK,636
2024,Sikkim,Pakyong (East),1219441,0,0.0,0.0811797752808988,7.6,9.8,0.0,0.0,0.24237417505726278,0.0,7.27,LOWER RISK,636
